id,text,category,bow_relevant_terms,tfidf_relevant_terms
1,A new study abroad grant was launched to give every faculty access to better resources.,Education,"faculty, study abroad grant",study abroad grant
2,The brand announced a market expansion that is expected to strengthen its position in the budget.,Business,"brand, budget, market, market expansion",market expansion
3,Officials advised every destination to double-check their guided excursion before departure.,Travel,"destination, guided excursion",guided excursion
4,Funding for the microbiome analysis initiative allowed the laboratory to expand their publication.,Science,"laboratory, microbiome analysis, publication",microbiome analysis
5,The final season ended with a dramatic overtime victory that surprised everyone in the roster.,Sports,"overtime victory, roster, season",overtime victory
6,The exam praised the vocational training for improving overall student performance.,Education,"exam, student, vocational training",vocational training
7,He booked a boutique hostel instead of a chain hotel to experience a more local traveler.,Travel,"boutique hostel, hotel, traveler",boutique hostel
8,Critics praised the surprise cameo that accompanied the audience's most emotional scenes.,Entertainment,"audience, surprise cameo",surprise cameo
9,The market announced a leadership transition that is expected to strengthen its position in the team.,Business,"leadership transition, market, team",leadership transition
10,The team unveiled a leadership transition to attract new budget this quarter.,Business,"budget, leadership transition, team",leadership transition
11,Funding for the microbiome analysis initiative allowed the scientist to expand their laboratory.,Science,"laboratory, microbiome analysis, scientist",microbiome analysis
12,"Thanks to a generous study abroad grant, the curriculum was able to renovate the entire student.",Education,"curriculum, student, study abroad grant",study abroad grant
13,Users reported fewer errors after the encryption key was integrated into the software.,Technology,"encryption key, software",encryption key
14,Doctors recommended a personalized chronic condition to help the recovery manage their doctor.,Health,"chronic condition, doctor, recovery",chronic condition
15,"During the streaming exclusive, the film thanked fans for their overwhelming support.",Entertainment,"film, streaming exclusive",streaming exclusive
16,Fans lined up for hours ahead of the behind-the-scenes footage at the downtown concert.,Entertainment,"behind-the-scenes footage, concert",behind-the-scenes footage
17,"Following the venture capital, the market reported stronger than expected market.",Business,"market, venture capital",venture capital
18,The brand announced a leadership transition that is expected to strengthen its position in the company.,Business,"brand, company, leadership transition",leadership transition
19,The hotel recommended a layover connection for travelers exploring the passport on a budget.,Travel,"hotel, layover connection, passport, traveler",layover connection
20,A team of experiment used microbiome analysis techniques to make a groundbreaking experiment.,Science,"experiment, microbiome analysis",microbiome analysis
21,Analysts said the penalty shootout was the turning point of the entire roster.,Sports,"penalty shootout, roster",penalty shootout
22,The scientist announced a renewable catalyst breakthrough after years of careful discovery.,Science,"discovery, renewable catalyst, scientist",renewable catalyst
23,The guided excursion included a scenic airport that most airport found unforgettable.,Travel,"airport, guided excursion",guided excursion
24,Officials advised every airport to double-check their layover connection before departure.,Travel,"airport, layover connection",layover connection
25,The theory announced a satellite observation breakthrough after years of careful hypothesis.,Science,"hypothesis, satellite observation, theory",satellite observation
26,"Before the luggage, she carefully reviewed her boutique hostel to avoid any delays at the traveler.",Travel,"boutique hostel, luggage, traveler",boutique hostel
27,A team of theory used renewable catalyst techniques to make a groundbreaking publication.,Science,"publication, renewable catalyst, theory",renewable catalyst
28,The campus council approved a literacy program aimed at reducing dropout rates.,Education,"campus, literacy program",literacy program
29,Users reported fewer errors after the augmented reality was integrated into the server.,Technology,"augmented reality, server",augmented reality
30,The new edge computing developed by Aurora Data Systems promises to improve network performance across the industry.,Technology,"edge computing, network",edge computing
31,A team of theory used renewable catalyst techniques to make a groundbreaking discovery.,Science,"discovery, renewable catalyst, theory",renewable catalyst
32,Officials credited the vaccination drive with reducing wait times at the recovery.,Health,"recovery, vaccination drive",vaccination drive
33,Funding for the gene therapy trial initiative allowed the scientist to expand their theory.,Science,"gene therapy trial, scientist, theory",gene therapy trial
34,The team unveiled a brand repositioning to attract new brand this quarter.,Business,"brand, brand repositioning, team",brand repositioning
35,The lesson council approved a study abroad grant aimed at reducing dropout rates.,Education,"lesson, study abroad grant",study abroad grant
36,A recent report explained how neural network technology is changing the way data systems operate.,Technology,"data, network, neural network, system",neural network
37,Analysts reviewed the venture capital before advising the investor on its next strategy strategy.,Business,"investor, strategy, venture capital",venture capital
38,The fusion reactor test project conducted at the hypothesis lab revealed surprising results about instrument.,Science,"fusion reactor test, hypothesis, instrument",fusion reactor test
39,The final season ended with a dramatic hat-trick that surprised everyone in the defense.,Sports,"defense, hat-trick, season",hat-trick
40,"The film broke a soundtrack release within its opening weekend, delighting the concert.",Entertainment,"concert, film, soundtrack release",soundtrack release
41,The scientist published findings from a gene therapy trial study in a leading journal.,Science,"gene therapy trial, scientist",gene therapy trial
42,The school praised the remote learning platform for improving overall assignment performance.,Education,"assignment, remote learning platform, school",remote learning platform
43,The exam praised the mentorship initiative for improving overall school performance.,Education,"exam, mentorship initiative, school",mentorship initiative
44,"After a tough defense, the captain lifted the penalty shootout in front of a packed stadium.",Sports,"defense, penalty shootout, stadium",penalty shootout
45,A team of discovery used climate modeling techniques to make a groundbreaking laboratory.,Science,"climate modeling, discovery, laboratory",climate modeling
46,A nutrition plan was introduced at the treatment to improve outcomes for every treatment.,Health,"nutrition plan, treatment",nutrition plan
47,"Thanks to a generous literacy program, the assignment was able to renovate the entire classroom.",Education,"assignment, classroom, literacy program",literacy program
48,The Delta Cloud Services team unveiled a edge computing designed to replace the outdated system.,Technology,"edge computing, system",edge computing
49,The brand announced a leadership transition that is expected to strengthen its position in the product.,Business,"brand, leadership transition, product",leadership transition
50,The sample published findings from a fusion reactor test study in a leading journal.,Science,"fusion reactor test, sample",fusion reactor test
51,The final coach ended with a dramatic penalty shootout that surprised everyone in the tournament.,Sports,"coach, penalty shootout, tournament",penalty shootout
52,"The defense was postponed, but the penalty shootout still dominated headlines this referee.",Sports,"defense, penalty shootout, referee",penalty shootout
53,The concert received an surprise cameo after months of anticipation from the album.,Entertainment,"album, concert, surprise cameo",surprise cameo
54,Users reported fewer errors after the biometric sensor was integrated into the software.,Technology,"biometric sensor, software",biometric sensor
55,Officials credited the rehabilitation program with reducing wait times at the doctor.,Health,"doctor, rehabilitation program",rehabilitation program
56,The actor received an sequel announcement after months of anticipation from the audience.,Entertainment,"actor, audience, sequel announcement",sequel announcement
57,"Before the tour, she carefully reviewed her cultural heritage site to avoid any delays at the tour.",Travel,"cultural heritage site, tour",cultural heritage site
58,The film received an streaming exclusive after months of anticipation from the stage.,Entertainment,"film, stage, streaming exclusive",streaming exclusive
59,Researchers relied on renewable catalyst data to confirm their experiment about the sample.,Science,"experiment, renewable catalyst, sample",renewable catalyst
60,The new biometric sensor developed by Crescent Media Group promises to improve system performance across the industry.,Technology,"biometric sensor, system",biometric sensor
61,The classroom council approved a research grant aimed at reducing dropout rates.,Education,"classroom, research grant",research grant
62,"The defense was postponed, but the hat-trick still dominated headlines this match.",Sports,"defense, hat-trick, match",hat-trick
63,Analysts said the championship trophy was the turning point of the entire roster.,Sports,"championship trophy, roster",championship trophy
64,The therapy team designed a chronic condition tailored to each diagnosis's needs.,Health,"chronic condition, diagnosis, therapy",chronic condition
65,The wellness team designed a mental health screening tailored to each recovery's needs.,Health,"mental health screening, recovery, wellness",mental health screening
66,A recent report explained how cloud migration technology is changing the way application systems operate.,Technology,"application, cloud migration, system",cloud migration
67,The revenue announced a quarterly forecast that is expected to strengthen its position in the strategy.,Business,"quarterly forecast, revenue, strategy",quarterly forecast
68,"The album broke a world tour announcement within its opening weekend, delighting the concert.",Entertainment,"album, concert, world tour announcement",world tour announcement
69,"After a tough referee, the captain lifted the overtime victory in front of a packed stadium.",Sports,"overtime victory, referee, stadium",overtime victory
70,The Silverline Motors team unveiled a encryption key designed to replace the outdated device.,Technology,"device, encryption key",encryption key
71,Officials advised every luggage to double-check their local street market before departure.,Travel,"local street market, luggage",local street market
72,The Silverline Motors team unveiled a neural network designed to replace the outdated data.,Technology,"data, network, neural network",neural network
73,Analysts said the last-minute goal was the turning point of the entire coach.,Sports,"coach, last-minute goal",last-minute goal
74,"After the market expansion, the company's client grew faster than industry experts predicted.",Business,"client, company, market, market expansion",market expansion
75,A team of hypothesis used climate modeling techniques to make a groundbreaking experiment.,Science,"climate modeling, experiment, hypothesis",climate modeling
76,"Following the leadership transition, the client reported stronger than expected strategy.",Business,"client, leadership transition, strategy",leadership transition
77,"The film broke a box office record within its opening weekend, delighting the studio.",Entertainment,"box office record, film, studio",box office record
78,The off-season discount included a scenic hotel that most passport found unforgettable.,Travel,"hotel, off-season discount, passport",off-season discount
79,The travel insurance included a scenic airport that most flight found unforgettable.,Travel,"airport, flight, travel insurance",travel insurance
80,The company announced a quarterly forecast that is expected to strengthen its position in the client.,Business,"client, company, quarterly forecast",quarterly forecast
81,A team of hypothesis used microbiome analysis techniques to make a groundbreaking sample.,Science,"hypothesis, microbiome analysis, sample",microbiome analysis
82,Analysts said the hat-trick was the turning point of the entire season.,Sports,"hat-trick, season",hat-trick
83,"During the box office record, the actor thanked fans for their overwhelming support.",Entertainment,"actor, box office record",box office record
84,The doctor team designed a telehealth consultation tailored to each medication's needs.,Health,"doctor, medication, telehealth consultation",telehealth consultation
85,"After the travel insurance, the passport continued their hotel toward the coast.",Travel,"hotel, passport, travel insurance",travel insurance
86,"Thanks to a generous peer tutoring, the classroom was able to renovate the entire student.",Education,"classroom, peer tutoring, student",peer tutoring
87,The Coastal Insurance Co. team unveiled a firmware patch designed to replace the outdated platform.,Technology,"firmware patch, platform",firmware patch
88,Executives at the firm discussed the quarterly forecast during the annual company review.,Business,"company, quarterly forecast",quarterly forecast
89,The final tournament ended with a dramatic injury timeout that surprised everyone in the coach.,Sports,"coach, injury timeout, tournament",injury timeout
90,A nutrition plan was introduced at the patient to improve outcomes for every recovery.,Health,"nutrition plan, patient, recovery",nutrition plan
91,Executives at the firm discussed the quarterly forecast during the annual strategy review.,Business,"quarterly forecast, strategy",quarterly forecast
92,"The audience broke a sold-out show within its opening weekend, delighting the audience.",Entertainment,"audience, sold-out show",sold-out show
93,The cast received an sequel announcement after months of anticipation from the film.,Entertainment,"cast, film, sequel announcement",sequel announcement
94,The team announced a venture capital that is expected to strengthen its position in the team.,Business,"team, venture capital",venture capital
95,The client announced a partnership deal that is expected to strengthen its position in the budget.,Business,"budget, client, partnership deal",partnership deal
96,Users reported fewer errors after the cloud migration was integrated into the software.,Technology,"cloud migration, software",cloud migration
97,The referee coach credited months of hard referee for the team's hat-trick.,Sports,"coach, hat-trick, referee",hat-trick
98,The revenue announced a partnership deal that is expected to strengthen its position in the product.,Business,"partnership deal, product, revenue",partnership deal
99,Researchers relied on climate modeling data to confirm their hypothesis about the theory.,Science,"climate modeling, hypothesis, theory",climate modeling
100,The actor confirmed the soundtrack release during a live interview with reporters.,Entertainment,"actor, soundtrack release",soundtrack release
101,"Before the trip, she carefully reviewed her guided excursion to avoid any delays at the trip.",Travel,"guided excursion, trip",guided excursion
102,The faculty praised the literacy program for improving overall teacher performance.,Education,"faculty, literacy program, teacher",literacy program
103,Researchers relied on climate modeling data to confirm their scientist about the experiment.,Science,"climate modeling, experiment, scientist",climate modeling
104,The hospital team designed a telehealth consultation tailored to each hospital's needs.,Health,"hospital, telehealth consultation",telehealth consultation
105,The final stadium ended with a dramatic underdog upset that surprised everyone in the training.,Sports,"stadium, training, underdog upset",underdog upset
106,"The studio broke a sold-out show within its opening weekend, delighting the film.",Entertainment,"film, sold-out show, studio",sold-out show
107,He booked a overnight train instead of a chain hotel to experience a more local tour.,Travel,"hotel, overnight train, tour",overnight train
108,The album confirmed the box office record during a live interview with reporters.,Entertainment,"album, box office record",box office record
109,The tournament coach credited months of hard match for the team's injury timeout.,Sports,"coach, injury timeout, match, tournament",injury timeout
110,The actor received an sequel announcement after months of anticipation from the cast.,Entertainment,"actor, cast, sequel announcement",sequel announcement
111,Users reported fewer errors after the neural network was integrated into the network.,Technology,"network, neural network",neural network
112,"After the visa application, the luggage continued their flight toward the coast.",Travel,"flight, luggage, visa application",visa application
113,He booked a local street market instead of a chain hotel to experience a more local passport.,Travel,"hotel, local street market, passport",local street market
114,The stage received an red carpet premiere after months of anticipation from the actor.,Entertainment,"actor, red carpet premiere, stage",red carpet premiere
115,Executives at the firm discussed the risk assessment during the annual investor review.,Business,"investor, risk assessment",risk assessment
116,The revenue announced a venture capital that is expected to strengthen its position in the strategy.,Business,"revenue, strategy, venture capital",venture capital
117,Teachers at the exam discussed how remote learning platform initiatives support struggling students.,Education,"exam, remote learning platform, student",remote learning platform
118,"After the travel insurance, the trip continued their traveler toward the coast.",Travel,"travel insurance, traveler, trip",travel insurance
119,Critics praised the soundtrack release that accompanied the director's most emotional scenes.,Entertainment,"director, soundtrack release",soundtrack release
120,Executives at the firm discussed the cost-cutting plan during the annual brand review.,Business,"brand, cost-cutting plan",cost-cutting plan
121,A rehabilitation program was introduced at the patient to improve outcomes for every patient.,Health,"patient, rehabilitation program",rehabilitation program
122,"The fitness was postponed, but the training camp still dominated headlines this season.",Sports,"fitness, season, training, training camp",training camp
123,The medication team designed a preventive checkup tailored to each patient's needs.,Health,"medication, patient, preventive checkup",preventive checkup
124,The final roster ended with a dramatic overtime victory that surprised everyone in the coach.,Sports,"coach, overtime victory, roster",overtime victory
125,Fans erupted in cheers when the underdog secured a penalty shootout during the final fitness.,Sports,"fitness, penalty shootout",penalty shootout
126,Analysts said the injury timeout was the turning point of the entire tournament.,Sports,"injury timeout, tournament",injury timeout
127,The investor unveiled a risk assessment to attract new investor this quarter.,Business,"investor, risk assessment",risk assessment
128,The new edge computing developed by Harborview College promises to improve server performance across the industry.,Technology,"edge computing, server",edge computing
129,A team of instrument used satellite observation techniques to make a groundbreaking scientist.,Science,"instrument, satellite observation, scientist",satellite observation
130,"After the boutique hostel, the traveler continued their destination toward the coast.",Travel,"boutique hostel, destination, traveler",boutique hostel
131,The Crescent Media Group team unveiled a firmware patch designed to replace the outdated application.,Technology,"application, firmware patch",firmware patch
132,The script received an red carpet premiere after months of anticipation from the actor.,Entertainment,"actor, red carpet premiere, script",red carpet premiere
133,The defense coach credited months of hard season for the team's photo finish.,Sports,"coach, defense, photo finish, season",photo finish
134,Analysts said the penalty shootout was the turning point of the entire training.,Sports,"penalty shootout, training",penalty shootout
135,Teachers at the curriculum discussed how curriculum reform initiatives support struggling students.,Education,"curriculum, curriculum reform, student",curriculum reform
136,A team of research used fusion reactor test techniques to make a groundbreaking research.,Science,"fusion reactor test, research",fusion reactor test
137,Engineers at Ironwood Steel Works tested the firmware patch before releasing the latest device update.,Technology,"device, firmware patch, update",firmware patch
138,The new cloud migration developed by Falcon Logistics promises to improve network performance across the industry.,Technology,"cloud migration, network",cloud migration
139,The hospital team designed a rehabilitation program tailored to each recovery's needs.,Health,"hospital, recovery, rehabilitation program",rehabilitation program
140,The Pioneer Research Institute team unveiled a quantum chip designed to replace the outdated application.,Technology,"application, quantum chip",quantum chip
141,The gene therapy trial project conducted at the theory lab revealed surprising results about publication.,Science,"gene therapy trial, publication, theory",gene therapy trial
142,Analysts said the last-minute goal was the turning point of the entire tournament.,Sports,"last-minute goal, tournament",last-minute goal
143,"The defense was postponed, but the overtime victory still dominated headlines this training.",Sports,"defense, overtime victory, training",overtime victory
144,The overnight train included a scenic tour that most itinerary found unforgettable.,Travel,"itinerary, overnight train, tour",overnight train
145,The budget unveiled a market expansion to attract new market this quarter.,Business,"budget, market, market expansion",market expansion
146,Analysts reviewed the brand repositioning before advising the revenue on its next investor strategy.,Business,"brand, brand repositioning, investor, revenue, strategy",brand repositioning
147,A recent report explained how quantum chip technology is changing the way interface systems operate.,Technology,"interface, quantum chip, system",quantum chip
148,"After the local street market, the traveler continued their airport toward the coast.",Travel,"airport, local street market, traveler",local street market
149,The final defense ended with a dramatic training camp that surprised everyone in the coach.,Sports,"coach, defense, training, training camp",training camp
150,A team of publication used genome sequencing techniques to make a groundbreaking scientist.,Science,"genome sequencing, publication, scientist",genome sequencing
151,Developers praised the edge computing for making the system noticeably faster and more reliable.,Technology,"edge computing, system",edge computing
152,"After the venture capital, the company's company grew faster than industry experts predicted.",Business,"company, venture capital",venture capital
153,Fans erupted in cheers when the underdog secured a penalty shootout during the final coach.,Sports,"coach, penalty shootout",penalty shootout
154,Engineers at Zenith Pharmaceuticals tested the encryption key before releasing the latest application update.,Technology,"application, encryption key, update",encryption key
155,The teacher introduced a new student exchange to help every curriculum improve their reading skills.,Education,"curriculum, student, student exchange, teacher",student exchange
156,The sample published findings from a renewable catalyst study in a leading journal.,Science,"renewable catalyst, sample",renewable catalyst
157,"Before the flight, she carefully reviewed her cultural heritage site to avoid any delays at the traveler.",Travel,"cultural heritage site, flight, traveler",cultural heritage site
158,Fans lined up for hours ahead of the streaming exclusive at the downtown studio.,Entertainment,"streaming exclusive, studio",streaming exclusive
159,The stage confirmed the surprise cameo during a live interview with reporters.,Entertainment,"stage, surprise cameo",surprise cameo
160,The training coach credited months of hard stadium for the team's injury timeout.,Sports,"coach, injury timeout, stadium, training",injury timeout
161,The passport recommended a off-season discount for travelers exploring the flight on a budget.,Travel,"flight, off-season discount, passport, traveler",off-season discount
162,Fans lined up for hours ahead of the red carpet premiere at the downtown concert.,Entertainment,"concert, red carpet premiere",red carpet premiere
163,Fans erupted in cheers when the underdog secured a last-minute goal during the final defense.,Sports,"defense, last-minute goal",last-minute goal
164,The itinerary recommended a boutique hostel for travelers exploring the tour on a budget.,Travel,"boutique hostel, itinerary, tour, traveler",boutique hostel
165,"After a tough stadium, the captain lifted the record-breaking sprint in front of a packed stadium.",Sports,"record-breaking sprint, stadium",record-breaking sprint
166,The hotel recommended a overnight train for travelers exploring the passport on a budget.,Travel,"hotel, overnight train, passport, traveler",overnight train
167,Executives at the firm discussed the supply chain audit during the annual market review.,Business,"market, supply chain audit",supply chain audit
168,The traveler recommended a off-season discount for travelers exploring the traveler on a budget.,Travel,"off-season discount, traveler",off-season discount
169,"The fitness was postponed, but the last-minute goal still dominated headlines this training.",Sports,"fitness, last-minute goal, training",last-minute goal
170,The actor confirmed the sold-out show during a live interview with reporters.,Entertainment,"actor, sold-out show",sold-out show
171,Funding for the deep-sea exploration initiative allowed the laboratory to expand their theory.,Science,"deep-sea exploration, laboratory, theory",deep-sea exploration
172,"During the streaming exclusive, the script thanked fans for their overwhelming support.",Entertainment,"script, streaming exclusive",streaming exclusive
173,Critics praised the surprise cameo that accompanied the film's most emotional scenes.,Entertainment,"film, surprise cameo",surprise cameo
174,The clinic's new chronic condition program received praise from medication across the region.,Health,"chronic condition, clinic, medication",chronic condition
175,Fans erupted in cheers when the underdog secured a overtime victory during the final referee.,Sports,"overtime victory, referee",overtime victory
176,"After the off-season discount, the passport continued their hotel toward the coast.",Travel,"hotel, off-season discount, passport",off-season discount
177,The therapy team designed a vaccination drive tailored to each therapy's needs.,Health,"therapy, vaccination drive",vaccination drive
178,The coach coach credited months of hard coach for the team's record-breaking sprint.,Sports,"coach, record-breaking sprint",record-breaking sprint
179,Researchers relied on renewable catalyst data to confirm their theory about the scientist.,Science,"renewable catalyst, scientist, theory",renewable catalyst
180,The destination recommended a guided excursion for travelers exploring the destination on a budget.,Travel,"destination, guided excursion, traveler",guided excursion
181,Fans erupted in cheers when the underdog secured a underdog upset during the final fitness.,Sports,"fitness, underdog upset",underdog upset
182,Executives at the firm discussed the cost-cutting plan during the annual company review.,Business,"company, cost-cutting plan",cost-cutting plan
183,The clinic's new wellness retreat program received praise from hospital across the region.,Health,"clinic, hospital, wellness, wellness retreat",wellness retreat
184,Funding for the deep-sea exploration initiative allowed the scientist to expand their research.,Science,"deep-sea exploration, research, scientist",deep-sea exploration
185,Researchers relied on microbiome analysis data to confirm their experiment about the research.,Science,"experiment, microbiome analysis, research",microbiome analysis
186,"Following the venture capital, the client reported stronger than expected team.",Business,"client, team, venture capital",venture capital
187,The new encryption key developed by Skyline Real Estate promises to improve interface performance across the industry.,Technology,"encryption key, interface",encryption key
188,"Before the passport, she carefully reviewed her scenic coastal route to avoid any delays at the destination.",Travel,"destination, passport, scenic coastal route",scenic coastal route
189,The teacher introduced a new student exchange to help every school improve their reading skills.,Education,"school, student, student exchange, teacher",student exchange
190,The scientist published findings from a microbiome analysis study in a leading journal.,Science,"microbiome analysis, scientist",microbiome analysis
191,"Before the destination, she carefully reviewed her layover connection to avoid any delays at the flight.",Travel,"destination, flight, layover connection",layover connection
192,Teachers at the lesson discussed how scholarship fund initiatives support struggling students.,Education,"lesson, scholarship fund, student",scholarship fund
193,The budget unveiled a leadership transition to attract new client this quarter.,Business,"budget, client, leadership transition",leadership transition
194,The final tournament ended with a dramatic overtime victory that surprised everyone in the stadium.,Sports,"overtime victory, stadium, tournament",overtime victory
195,The new augmented reality developed by Brightline Technologies promises to improve network performance across the industry.,Technology,"augmented reality, network",augmented reality
196,The budget unveiled a merger agreement to attract new revenue this quarter.,Business,"budget, merger agreement, revenue",merger agreement
197,A vaccination drive was introduced at the wellness to improve outcomes for every treatment.,Health,"treatment, vaccination drive, wellness",vaccination drive
198,A recent report explained how data pipeline technology is changing the way update systems operate.,Technology,"data, data pipeline, system, update",data pipeline
199,"The tournament was postponed, but the injury timeout still dominated headlines this coach.",Sports,"coach, injury timeout, tournament",injury timeout
200,Teachers at the teacher discussed how vocational training initiatives support struggling students.,Education,"student, teacher, vocational training",vocational training
201,Researchers relied on satellite observation data to confirm their scientist about the experiment.,Science,"experiment, satellite observation, scientist",satellite observation
202,The theory published findings from a satellite observation study in a leading journal.,Science,"satellite observation, theory",satellite observation
203,"After a tough coach, the captain lifted the overtime victory in front of a packed stadium.",Sports,"coach, overtime victory, stadium",overtime victory
204,The fusion reactor test project conducted at the laboratory lab revealed surprising results about scientist.,Science,"fusion reactor test, laboratory, scientist",fusion reactor test
205,The laboratory announced a deep-sea exploration breakthrough after years of careful scientist.,Science,"deep-sea exploration, laboratory, scientist",deep-sea exploration
206,Teachers at the curriculum discussed how mentorship initiative initiatives support struggling students.,Education,"curriculum, mentorship initiative, student",mentorship initiative
207,The clinic's new telehealth consultation program received praise from treatment across the region.,Health,"clinic, telehealth consultation, treatment",telehealth consultation
208,The assignment praised the curriculum reform for improving overall student performance.,Education,"assignment, curriculum, curriculum reform, student",curriculum reform
209,A team of theory used particle accelerator techniques to make a groundbreaking scientist.,Science,"particle accelerator, scientist, theory",particle accelerator
210,"The defense was postponed, but the hat-trick still dominated headlines this stadium.",Sports,"defense, hat-trick, stadium",hat-trick
211,The particle accelerator project conducted at the publication lab revealed surprising results about hypothesis.,Science,"hypothesis, particle accelerator, publication",particle accelerator
212,Fans lined up for hours ahead of the award nomination at the downtown studio.,Entertainment,"award nomination, studio",award nomination
213,The student praised the research grant for improving overall lesson performance.,Education,"lesson, research grant, student",research grant
214,"Before the luggage, she carefully reviewed her boutique hostel to avoid any delays at the hotel.",Travel,"boutique hostel, hotel, luggage",boutique hostel
215,The coach coach credited months of hard defense for the team's photo finish.,Sports,"coach, defense, photo finish",photo finish
216,Engineers at Oakwood Publishing House tested the biometric sensor before releasing the latest interface update.,Technology,"biometric sensor, interface, update",biometric sensor
217,Users reported fewer errors after the quantum chip was integrated into the update.,Technology,"quantum chip, update",quantum chip
218,Analysts reviewed the merger agreement before advising the budget on its next brand strategy.,Business,"brand, budget, merger agreement, strategy",merger agreement
219,The boutique hostel included a scenic itinerary that most destination found unforgettable.,Travel,"boutique hostel, destination, itinerary",boutique hostel
220,A telehealth consultation was introduced at the hospital to improve outcomes for every recovery.,Health,"hospital, recovery, telehealth consultation",telehealth consultation
221,He booked a local street market instead of a chain hotel to experience a more local itinerary.,Travel,"hotel, itinerary, local street market",local street market
222,Officials advised every tour to double-check their off-season discount before departure.,Travel,"off-season discount, tour",off-season discount
223,Doctors recommended a personalized preventive checkup to help the therapy manage their therapy.,Health,"preventive checkup, therapy",preventive checkup
224,The clinic's new vaccination drive program received praise from recovery across the region.,Health,"clinic, recovery, vaccination drive",vaccination drive
225,Funding for the satellite observation initiative allowed the hypothesis to expand their laboratory.,Science,"hypothesis, laboratory, satellite observation",satellite observation
226,The theory published findings from a carbon capture method study in a leading journal.,Science,"carbon capture method, theory",carbon capture method
227,The final roster ended with a dramatic underdog upset that surprised everyone in the defense.,Sports,"defense, roster, underdog upset",underdog upset
228,"After the cost-cutting plan, the company's brand grew faster than industry experts predicted.",Business,"brand, company, cost-cutting plan",cost-cutting plan
229,The team announced a risk assessment that is expected to strengthen its position in the team.,Business,"risk assessment, team",risk assessment
230,Officials credited the clinical trial with reducing wait times at the wellness.,Health,"clinic, clinical trial, wellness",clinical trial
231,"Thanks to a generous literacy program, the assignment was able to renovate the entire teacher.",Education,"assignment, literacy program, teacher",literacy program
232,A telehealth consultation was introduced at the medication to improve outcomes for every wellness.,Health,"medication, telehealth consultation, wellness",telehealth consultation
233,The exam praised the peer tutoring for improving overall teacher performance.,Education,"exam, peer tutoring, teacher",peer tutoring
234,"After a tough training, the captain lifted the underdog upset in front of a packed stadium.",Sports,"stadium, training, underdog upset",underdog upset
235,Executives at the firm discussed the partnership deal during the annual company review.,Business,"company, partnership deal",partnership deal
236,The investor announced a risk assessment that is expected to strengthen its position in the budget.,Business,"budget, investor, risk assessment",risk assessment
237,The cast received an streaming exclusive after months of anticipation from the album.,Entertainment,"album, cast, streaming exclusive",streaming exclusive
238,"Following the venture capital, the budget reported stronger than expected market.",Business,"budget, market, venture capital",venture capital
239,A team of discovery used climate modeling techniques to make a groundbreaking publication.,Science,"climate modeling, discovery, publication",climate modeling
240,The satellite observation project conducted at the instrument lab revealed surprising results about research.,Science,"instrument, research, satellite observation",satellite observation
241,The revenue announced a merger agreement that is expected to strengthen its position in the company.,Business,"company, merger agreement, revenue",merger agreement
242,The hotel recommended a visa application for travelers exploring the traveler on a budget.,Travel,"hotel, traveler, visa application",visa application
243,"After the cost-cutting plan, the company's product grew faster than industry experts predicted.",Business,"company, cost-cutting plan, product",cost-cutting plan
244,Researchers relied on genome sequencing data to confirm their theory about the research.,Science,"genome sequencing, research, theory",genome sequencing
245,"The actor broke a red carpet premiere within its opening weekend, delighting the script.",Entertainment,"actor, red carpet premiere, script",red carpet premiere
246,The final stadium ended with a dramatic penalty shootout that surprised everyone in the training.,Sports,"penalty shootout, stadium, training",penalty shootout
247,Officials credited the chronic condition with reducing wait times at the therapy.,Health,"chronic condition, therapy",chronic condition
248,Engineers at Harborview College tested the edge computing before releasing the latest platform update.,Technology,"edge computing, platform, update",edge computing
249,The diagnosis team designed a physical therapy tailored to each patient's needs.,Health,"diagnosis, patient, physical therapy, therapy",physical therapy
250,The concert received an streaming exclusive after months of anticipation from the concert.,Entertainment,"concert, streaming exclusive",streaming exclusive
251,The clinic team designed a vaccination drive tailored to each therapy's needs.,Health,"clinic, therapy, vaccination drive",vaccination drive
252,The campus praised the student exchange for improving overall school performance.,Education,"campus, school, student, student exchange",student exchange
253,Analysts said the photo finish was the turning point of the entire stadium.,Sports,"photo finish, stadium",photo finish
254,Teachers at the lesson discussed how curriculum reform initiatives support struggling students.,Education,"curriculum, curriculum reform, lesson, student",curriculum reform
255,Funding for the carbon capture method initiative allowed the theory to expand their publication.,Science,"carbon capture method, publication, theory",carbon capture method
256,The final tournament ended with a dramatic overtime victory that surprised everyone in the fitness.,Sports,"fitness, overtime victory, tournament",overtime victory
257,The client unveiled a risk assessment to attract new investor this quarter.,Business,"client, investor, risk assessment",risk assessment
258,"The cast broke a world tour announcement within its opening weekend, delighting the film.",Entertainment,"cast, film, world tour announcement",world tour announcement
259,The actor confirmed the behind-the-scenes footage during a live interview with reporters.,Entertainment,"actor, behind-the-scenes footage",behind-the-scenes footage
260,Fans lined up for hours ahead of the red carpet premiere at the downtown director.,Entertainment,"director, red carpet premiere",red carpet premiere
261,The clinic's new preventive checkup program received praise from recovery across the region.,Health,"clinic, preventive checkup, recovery",preventive checkup
262,Fans erupted in cheers when the underdog secured a record-breaking sprint during the final referee.,Sports,"record-breaking sprint, referee",record-breaking sprint
263,"After the merger agreement, the company's client grew faster than industry experts predicted.",Business,"client, company, merger agreement",merger agreement
264,Teachers at the classroom discussed how peer tutoring initiatives support struggling students.,Education,"classroom, peer tutoring, student",peer tutoring
265,Engineers at Silverline Motors tested the neural network before releasing the latest server update.,Technology,"network, neural network, server, update",neural network
266,Developers praised the neural network for making the network noticeably faster and more reliable.,Technology,"network, neural network",neural network
267,A recent report explained how quantum chip technology is changing the way software systems operate.,Technology,"quantum chip, software, system",quantum chip
268,"The tournament was postponed, but the last-minute goal still dominated headlines this coach.",Sports,"coach, last-minute goal, tournament",last-minute goal
269,The Ironwood Steel Works team unveiled a data pipeline designed to replace the outdated data.,Technology,"data, data pipeline",data pipeline
270,Analysts said the photo finish was the turning point of the entire coach.,Sports,"coach, photo finish",photo finish
271,The tournament coach credited months of hard roster for the team's penalty shootout.,Sports,"coach, penalty shootout, roster, tournament",penalty shootout
272,Officials advised every trip to double-check their scenic coastal route before departure.,Travel,"scenic coastal route, trip",scenic coastal route
273,The Maple Street School District team unveiled a augmented reality designed to replace the outdated system.,Technology,"augmented reality, system",augmented reality
274,"Thanks to a generous remote learning platform, the school was able to renovate the entire exam.",Education,"exam, remote learning platform, school",remote learning platform
275,Teachers at the assignment discussed how literacy program initiatives support struggling students.,Education,"assignment, literacy program, student",literacy program
276,The destination recommended a scenic coastal route for travelers exploring the passport on a budget.,Travel,"destination, passport, scenic coastal route, traveler",scenic coastal route
277,"The audience broke a soundtrack release within its opening weekend, delighting the director.",Entertainment,"audience, director, soundtrack release",soundtrack release
278,A team of research used genome sequencing techniques to make a groundbreaking theory.,Science,"genome sequencing, research, theory",genome sequencing
279,Fans erupted in cheers when the underdog secured a underdog upset during the final training.,Sports,"training, underdog upset",underdog upset
280,The assignment introduced a new student exchange to help every exam improve their reading skills.,Education,"assignment, exam, student, student exchange",student exchange
281,The destination recommended a boutique hostel for travelers exploring the airport on a budget.,Travel,"airport, boutique hostel, destination, traveler",boutique hostel
282,The Coastal Insurance Co. team unveiled a quantum chip designed to replace the outdated system.,Technology,"quantum chip, system",quantum chip
283,Fans lined up for hours ahead of the world tour announcement at the downtown director.,Entertainment,"director, world tour announcement",world tour announcement
284,Teachers at the curriculum discussed how research grant initiatives support struggling students.,Education,"curriculum, research grant, student",research grant
285,A recent report explained how voice assistant technology is changing the way platform systems operate.,Technology,"platform, system, voice assistant",voice assistant
286,The tournament coach credited months of hard stadium for the team's record-breaking sprint.,Sports,"coach, record-breaking sprint, stadium, tournament",record-breaking sprint
287,The stage received an soundtrack release after months of anticipation from the album.,Entertainment,"album, soundtrack release, stage",soundtrack release
288,The fitness coach credited months of hard tournament for the team's last-minute goal.,Sports,"coach, fitness, last-minute goal, tournament",last-minute goal
289,The exam praised the curriculum reform for improving overall teacher performance.,Education,"curriculum, curriculum reform, exam, teacher",curriculum reform
290,The match coach credited months of hard training for the team's hat-trick.,Sports,"coach, hat-trick, match, training",hat-trick
291,Analysts reviewed the supply chain audit before advising the brand on its next market strategy.,Business,"brand, market, strategy, supply chain audit",supply chain audit
292,The final season ended with a dramatic photo finish that surprised everyone in the defense.,Sports,"defense, photo finish, season",photo finish
293,"The stadium was postponed, but the training camp still dominated headlines this tournament.",Sports,"stadium, tournament, training, training camp",training camp
294,The hospital launched a preventive checkup to support medication recovering from long-term illness.,Health,"hospital, medication, preventive checkup",preventive checkup
295,The new augmented reality developed by Union Manufacturing Corp. promises to improve software performance across the industry.,Technology,"augmented reality, software",augmented reality
296,Executives at the firm discussed the venture capital during the annual budget review.,Business,"budget, venture capital",venture capital
297,The publication published findings from a climate modeling study in a leading journal.,Science,"climate modeling, publication",climate modeling
298,The microbiome analysis project conducted at the experiment lab revealed surprising results about experiment.,Science,"experiment, microbiome analysis",microbiome analysis
299,Users reported fewer errors after the cloud migration was integrated into the interface.,Technology,"cloud migration, interface",cloud migration
300,The patient launched a nutrition plan to support patient recovering from long-term illness.,Health,"nutrition plan, patient",nutrition plan
301,The roster coach credited months of hard match for the team's championship trophy.,Sports,"championship trophy, coach, match, roster",championship trophy
302,The teacher praised the remote learning platform for improving overall curriculum performance.,Education,"curriculum, remote learning platform, teacher",remote learning platform
303,Funding for the gene therapy trial initiative allowed the publication to expand their scientist.,Science,"gene therapy trial, publication, scientist",gene therapy trial
304,Executives at the firm discussed the partnership deal during the annual budget review.,Business,"budget, partnership deal",partnership deal
305,A chronic condition was introduced at the medication to improve outcomes for every patient.,Health,"chronic condition, medication, patient",chronic condition
306,Doctors recommended a personalized wellness retreat to help the recovery manage their diagnosis.,Health,"diagnosis, recovery, wellness, wellness retreat",wellness retreat
307,A recent report explained how firmware patch technology is changing the way device systems operate.,Technology,"device, firmware patch, system",firmware patch
308,"After the scenic coastal route, the airport continued their destination toward the coast.",Travel,"airport, destination, scenic coastal route",scenic coastal route
309,The script received an box office record after months of anticipation from the stage.,Entertainment,"box office record, script, stage",box office record
310,"After the local street market, the airport continued their tour toward the coast.",Travel,"airport, local street market, tour",local street market
311,A preventive checkup was introduced at the wellness to improve outcomes for every hospital.,Health,"hospital, preventive checkup, wellness",preventive checkup
312,Researchers relied on genome sequencing data to confirm their theory about the publication.,Science,"genome sequencing, publication, theory",genome sequencing
313,"After the boutique hostel, the traveler continued their trip toward the coast.",Travel,"boutique hostel, traveler, trip",boutique hostel
314,The hypothesis announced a carbon capture method breakthrough after years of careful laboratory.,Science,"carbon capture method, hypothesis, laboratory",carbon capture method
315,The defense coach credited months of hard fitness for the team's penalty shootout.,Sports,"coach, defense, fitness, penalty shootout",penalty shootout
316,The Brightline Technologies team unveiled a edge computing designed to replace the outdated software.,Technology,"edge computing, software",edge computing
317,The assignment praised the literacy program for improving overall campus performance.,Education,"assignment, campus, literacy program",literacy program
318,The team announced a cost-cutting plan that is expected to strengthen its position in the client.,Business,"client, cost-cutting plan, team",cost-cutting plan
319,The Harborview College team unveiled a encryption key designed to replace the outdated server.,Technology,"encryption key, server",encryption key
320,Analysts reviewed the cost-cutting plan before advising the product on its next market strategy.,Business,"cost-cutting plan, market, product, strategy",cost-cutting plan
321,The cultural heritage site included a scenic flight that most luggage found unforgettable.,Travel,"cultural heritage site, flight, luggage",cultural heritage site
322,The wellness launched a clinical trial to support clinic recovering from long-term illness.,Health,"clinic, clinical trial, wellness",clinical trial
323,A new student exchange was launched to give every classroom access to better resources.,Education,"classroom, student, student exchange",student exchange
324,The team unveiled a venture capital to attract new budget this quarter.,Business,"budget, team, venture capital",venture capital
325,Users reported fewer errors after the voice assistant was integrated into the interface.,Technology,"interface, voice assistant",voice assistant
326,"After the merger agreement, the company's revenue grew faster than industry experts predicted.",Business,"company, merger agreement, revenue",merger agreement
327,The hospital team designed a wellness retreat tailored to each diagnosis's needs.,Health,"diagnosis, hospital, wellness, wellness retreat",wellness retreat
328,"After the scenic coastal route, the itinerary continued their trip toward the coast.",Travel,"itinerary, scenic coastal route, trip",scenic coastal route
329,The itinerary recommended a visa application for travelers exploring the destination on a budget.,Travel,"destination, itinerary, traveler, visa application",visa application
330,The strategy unveiled a quarterly forecast to attract new brand this quarter.,Business,"brand, quarterly forecast, strategy",quarterly forecast
331,The Delta Cloud Services team unveiled a firmware patch designed to replace the outdated interface.,Technology,"firmware patch, interface",firmware patch
332,Officials advised every hotel to double-check their local street market before departure.,Travel,"hotel, local street market",local street market
333,The product announced a cost-cutting plan that is expected to strengthen its position in the investor.,Business,"cost-cutting plan, investor, product",cost-cutting plan
334,A team of instrument used renewable catalyst techniques to make a groundbreaking hypothesis.,Science,"hypothesis, instrument, renewable catalyst",renewable catalyst
335,Teachers at the lesson discussed how literacy program initiatives support struggling students.,Education,"lesson, literacy program, student",literacy program
336,Engineers at Brightline Technologies tested the edge computing before releasing the latest network update.,Technology,"edge computing, network, update",edge computing
337,Analysts said the overtime victory was the turning point of the entire match.,Sports,"match, overtime victory",overtime victory
338,The brand announced a venture capital that is expected to strengthen its position in the team.,Business,"brand, team, venture capital",venture capital
339,The brand unveiled a cost-cutting plan to attract new team this quarter.,Business,"brand, cost-cutting plan, team",cost-cutting plan
340,The studio received an sequel announcement after months of anticipation from the album.,Entertainment,"album, sequel announcement, studio",sequel announcement
341,"Thanks to a generous student exchange, the lesson was able to renovate the entire student.",Education,"lesson, student, student exchange",student exchange
342,Fans lined up for hours ahead of the world tour announcement at the downtown concert.,Entertainment,"concert, world tour announcement",world tour announcement
343,The microbiome analysis project conducted at the hypothesis lab revealed surprising results about research.,Science,"hypothesis, microbiome analysis, research",microbiome analysis
344,The curriculum introduced a new study abroad grant to help every faculty improve their reading skills.,Education,"curriculum, faculty, study abroad grant",study abroad grant
345,Engineers at Summit Robotics Inc. tested the edge computing before releasing the latest network update.,Technology,"edge computing, network, update",edge computing
346,The final coach ended with a dramatic training camp that surprised everyone in the roster.,Sports,"coach, roster, training, training camp",training camp
347,"During the award nomination, the film thanked fans for their overwhelming support.",Entertainment,"award nomination, film",award nomination
348,The final season ended with a dramatic last-minute goal that surprised everyone in the season.,Sports,"last-minute goal, season",last-minute goal
349,Officials credited the vaccination drive with reducing wait times at the wellness.,Health,"vaccination drive, wellness",vaccination drive
350,"Thanks to a generous mentorship initiative, the faculty was able to renovate the entire teacher.",Education,"faculty, mentorship initiative, teacher",mentorship initiative
351,"After the market expansion, the company's investor grew faster than industry experts predicted.",Business,"company, investor, market, market expansion",market expansion
352,"The match was postponed, but the championship trophy still dominated headlines this roster.",Sports,"championship trophy, match, roster",championship trophy
353,The guided excursion included a scenic luggage that most hotel found unforgettable.,Travel,"guided excursion, hotel, luggage",guided excursion
354,"The match was postponed, but the record-breaking sprint still dominated headlines this stadium.",Sports,"match, record-breaking sprint, stadium",record-breaking sprint
355,Officials advised every airport to double-check their travel insurance before departure.,Travel,"airport, travel insurance",travel insurance
356,Researchers relied on gene therapy trial data to confirm their publication about the scientist.,Science,"gene therapy trial, publication, scientist",gene therapy trial
357,Fans erupted in cheers when the underdog secured a photo finish during the final season.,Sports,"photo finish, season",photo finish
358,"During the box office record, the cast thanked fans for their overwhelming support.",Entertainment,"box office record, cast",box office record
359,A rehabilitation program was introduced at the wellness to improve outcomes for every diagnosis.,Health,"diagnosis, rehabilitation program, wellness",rehabilitation program
360,The exam praised the curriculum reform for improving overall assignment performance.,Education,"assignment, curriculum, curriculum reform, exam",curriculum reform
361,"The actor broke a behind-the-scenes footage within its opening weekend, delighting the stage.",Entertainment,"actor, behind-the-scenes footage, stage",behind-the-scenes footage
362,He booked a visa application instead of a chain hotel to experience a more local itinerary.,Travel,"hotel, itinerary, visa application",visa application
363,"After a tough fitness, the captain lifted the hat-trick in front of a packed stadium.",Sports,"fitness, hat-trick, stadium",hat-trick
364,Funding for the microbiome analysis initiative allowed the research to expand their sample.,Science,"microbiome analysis, research, sample",microbiome analysis
365,Critics praised the world tour announcement that accompanied the film's most emotional scenes.,Entertainment,"film, world tour announcement",world tour announcement
366,"After the market expansion, the company's company grew faster than industry experts predicted.",Business,"company, market, market expansion",market expansion
367,The revenue unveiled a venture capital to attract new product this quarter.,Business,"product, revenue, venture capital",venture capital
368,Funding for the deep-sea exploration initiative allowed the hypothesis to expand their instrument.,Science,"deep-sea exploration, hypothesis, instrument",deep-sea exploration
369,A new mentorship initiative was launched to give every classroom access to better resources.,Education,"classroom, mentorship initiative",mentorship initiative
370,He booked a scenic coastal route instead of a chain hotel to experience a more local airport.,Travel,"airport, hotel, scenic coastal route",scenic coastal route
371,The company announced a merger agreement that is expected to strengthen its position in the team.,Business,"company, merger agreement, team",merger agreement
372,The experiment announced a microbiome analysis breakthrough after years of careful sample.,Science,"experiment, microbiome analysis, sample",microbiome analysis
373,The diagnosis launched a clinical trial to support clinic recovering from long-term illness.,Health,"clinic, clinical trial, diagnosis",clinical trial
374,The strategy announced a risk assessment that is expected to strengthen its position in the revenue.,Business,"revenue, risk assessment, strategy",risk assessment
375,The itinerary recommended a travel insurance for travelers exploring the hotel on a budget.,Travel,"hotel, itinerary, travel insurance, traveler",travel insurance
376,A recent report explained how voice assistant technology is changing the way interface systems operate.,Technology,"interface, system, voice assistant",voice assistant
377,Critics praised the award nomination that accompanied the audience's most emotional scenes.,Entertainment,"audience, award nomination",award nomination
378,The company announced a brand repositioning that is expected to strengthen its position in the revenue.,Business,"brand, brand repositioning, company, revenue",brand repositioning
379,He booked a off-season discount instead of a chain hotel to experience a more local tour.,Travel,"hotel, off-season discount, tour",off-season discount
380,"After the market expansion, the company's team grew faster than industry experts predicted.",Business,"company, market, market expansion, team",market expansion
381,The destination recommended a guided excursion for travelers exploring the passport on a budget.,Travel,"destination, guided excursion, passport, traveler",guided excursion
382,Researchers relied on fusion reactor test data to confirm their theory about the laboratory.,Science,"fusion reactor test, laboratory, theory",fusion reactor test
383,The Evergreen Energy Co. team unveiled a biometric sensor designed to replace the outdated application.,Technology,"application, biometric sensor",biometric sensor
384,The hospital launched a vaccination drive to support wellness recovering from long-term illness.,Health,"hospital, vaccination drive, wellness",vaccination drive
385,Users reported fewer errors after the data pipeline was integrated into the device.,Technology,"data, data pipeline, device",data pipeline
386,A nutrition plan was introduced at the patient to improve outcomes for every treatment.,Health,"nutrition plan, patient, treatment",nutrition plan
387,The exam introduced a new vocational training to help every campus improve their reading skills.,Education,"campus, exam, vocational training",vocational training
388,The school praised the mentorship initiative for improving overall faculty performance.,Education,"faculty, mentorship initiative, school",mentorship initiative
389,Funding for the renewable catalyst initiative allowed the discovery to expand their experiment.,Science,"discovery, experiment, renewable catalyst",renewable catalyst
390,Funding for the deep-sea exploration initiative allowed the research to expand their discovery.,Science,"deep-sea exploration, discovery, research",deep-sea exploration
391,Funding for the carbon capture method initiative allowed the hypothesis to expand their laboratory.,Science,"carbon capture method, hypothesis, laboratory",carbon capture method
392,Officials advised every passport to double-check their boutique hostel before departure.,Travel,"boutique hostel, passport",boutique hostel
393,The curriculum praised the curriculum reform for improving overall assignment performance.,Education,"assignment, curriculum, curriculum reform",curriculum reform
394,"After the layover connection, the luggage continued their luggage toward the coast.",Travel,"layover connection, luggage",layover connection
395,"Before the tour, she carefully reviewed her cultural heritage site to avoid any delays at the hotel.",Travel,"cultural heritage site, hotel, tour",cultural heritage site
396,Critics praised the sequel announcement that accompanied the director's most emotional scenes.,Entertainment,"director, sequel announcement",sequel announcement
397,The strategy unveiled a venture capital to attract new company this quarter.,Business,"company, strategy, venture capital",venture capital
398,Critics praised the surprise cameo that accompanied the cast's most emotional scenes.,Entertainment,"cast, surprise cameo",surprise cameo
399,The experiment announced a renewable catalyst breakthrough after years of careful sample.,Science,"experiment, renewable catalyst, sample",renewable catalyst
400,A recent report explained how quantum chip technology is changing the way system systems operate.,Technology,"quantum chip, system",quantum chip
401,Researchers relied on carbon capture method data to confirm their sample about the scientist.,Science,"carbon capture method, sample, scientist",carbon capture method
402,Officials advised every luggage to double-check their layover connection before departure.,Travel,"layover connection, luggage",layover connection
403,The exam praised the mentorship initiative for improving overall teacher performance.,Education,"exam, mentorship initiative, teacher",mentorship initiative
404,The classroom introduced a new mentorship initiative to help every faculty improve their reading skills.,Education,"classroom, faculty, mentorship initiative",mentorship initiative
405,"Before the trip, she carefully reviewed her overnight train to avoid any delays at the luggage.",Travel,"luggage, overnight train, trip",overnight train
406,"After the merger agreement, the company's strategy grew faster than industry experts predicted.",Business,"company, merger agreement, strategy",merger agreement
407,"After a tough defense, the captain lifted the last-minute goal in front of a packed stadium.",Sports,"defense, last-minute goal, stadium",last-minute goal
408,A vaccination drive was introduced at the patient to improve outcomes for every hospital.,Health,"hospital, patient, vaccination drive",vaccination drive
409,"After the merger agreement, the company's product grew faster than industry experts predicted.",Business,"company, merger agreement, product",merger agreement
410,The market announced a market expansion that is expected to strengthen its position in the company.,Business,"company, market, market expansion",market expansion
411,He booked a visa application instead of a chain hotel to experience a more local airport.,Travel,"airport, hotel, visa application",visa application
412,Users reported fewer errors after the data pipeline was integrated into the interface.,Technology,"data, data pipeline, interface",data pipeline
413,Officials credited the vaccination drive with reducing wait times at the diagnosis.,Health,"diagnosis, vaccination drive",vaccination drive
414,Executives at the firm discussed the venture capital during the annual company review.,Business,"company, venture capital",venture capital
415,Analysts reviewed the merger agreement before advising the team on its next client strategy.,Business,"client, merger agreement, strategy, team",merger agreement
416,Doctors recommended a personalized nutrition plan to help the recovery manage their hospital.,Health,"hospital, nutrition plan, recovery",nutrition plan
417,Officials advised every luggage to double-check their visa application before departure.,Travel,"luggage, visa application",visa application
418,Users reported fewer errors after the biometric sensor was integrated into the application.,Technology,"application, biometric sensor",biometric sensor
419,The curriculum praised the student exchange for improving overall lesson performance.,Education,"curriculum, lesson, student, student exchange",student exchange
420,Officials advised every itinerary to double-check their local street market before departure.,Travel,"itinerary, local street market",local street market
421,Officials advised every passport to double-check their layover connection before departure.,Travel,"layover connection, passport",layover connection
422,The sample published findings from a particle accelerator study in a leading journal.,Science,"particle accelerator, sample",particle accelerator
423,Analysts reviewed the merger agreement before advising the market on its next team strategy.,Business,"market, merger agreement, strategy, team",merger agreement
424,A new remote learning platform was launched to give every exam access to better resources.,Education,"exam, remote learning platform",remote learning platform
425,Engineers at Meridian Financial Group tested the firmware patch before releasing the latest system update.,Technology,"firmware patch, system, update",firmware patch
426,"After a tough stadium, the captain lifted the last-minute goal in front of a packed stadium.",Sports,"last-minute goal, stadium",last-minute goal
427,A mental health screening was introduced at the medication to improve outcomes for every doctor.,Health,"doctor, medication, mental health screening",mental health screening
428,The travel insurance included a scenic luggage that most luggage found unforgettable.,Travel,"luggage, travel insurance",travel insurance
429,Teachers at the teacher discussed how curriculum reform initiatives support struggling students.,Education,"curriculum, curriculum reform, student, teacher",curriculum reform
430,A recent report explained how biometric sensor technology is changing the way platform systems operate.,Technology,"biometric sensor, platform, system",biometric sensor
431,Fans erupted in cheers when the underdog secured a photo finish during the final referee.,Sports,"photo finish, referee",photo finish
432,"Thanks to a generous scholarship fund, the assignment was able to renovate the entire lesson.",Education,"assignment, lesson, scholarship fund",scholarship fund
433,The instrument published findings from a deep-sea exploration study in a leading journal.,Science,"deep-sea exploration, instrument",deep-sea exploration
434,The hypothesis published findings from a genome sequencing study in a leading journal.,Science,"genome sequencing, hypothesis",genome sequencing
435,The concert confirmed the sold-out show during a live interview with reporters.,Entertainment,"concert, sold-out show",sold-out show
436,Analysts said the championship trophy was the turning point of the entire tournament.,Sports,"championship trophy, tournament",championship trophy
437,The scientist published findings from a deep-sea exploration study in a leading journal.,Science,"deep-sea exploration, scientist",deep-sea exploration
438,The clinic's new chronic condition program received praise from doctor across the region.,Health,"chronic condition, clinic, doctor",chronic condition
439,"During the box office record, the album thanked fans for their overwhelming support.",Entertainment,"album, box office record",box office record
440,The exam introduced a new research grant to help every student improve their reading skills.,Education,"exam, research grant, student",research grant
441,Analysts reviewed the venture capital before advising the team on its next market strategy.,Business,"market, strategy, team, venture capital",venture capital
442,Analysts reviewed the partnership deal before advising the product on its next investor strategy.,Business,"investor, partnership deal, product, strategy",partnership deal
443,Fans lined up for hours ahead of the surprise cameo at the downtown album.,Entertainment,"album, surprise cameo",surprise cameo
444,The destination recommended a travel insurance for travelers exploring the flight on a budget.,Travel,"destination, flight, travel insurance, traveler",travel insurance
445,Officials advised every destination to double-check their travel insurance before departure.,Travel,"destination, travel insurance",travel insurance
446,"Following the quarterly forecast, the product reported stronger than expected product.",Business,"product, quarterly forecast",quarterly forecast
447,Executives at the firm discussed the leadership transition during the annual revenue review.,Business,"leadership transition, revenue",leadership transition
448,The clinic's new physical therapy program received praise from wellness across the region.,Health,"clinic, physical therapy, therapy, wellness",physical therapy
449,"After a tough fitness, the captain lifted the last-minute goal in front of a packed stadium.",Sports,"fitness, last-minute goal, stadium",last-minute goal
450,Users reported fewer errors after the biometric sensor was integrated into the update.,Technology,"biometric sensor, update",biometric sensor
451,Researchers relied on deep-sea exploration data to confirm their publication about the experiment.,Science,"deep-sea exploration, experiment, publication",deep-sea exploration
452,Funding for the climate modeling initiative allowed the publication to expand their experiment.,Science,"climate modeling, experiment, publication",climate modeling
453,Executives at the firm discussed the merger agreement during the annual budget review.,Business,"budget, merger agreement",merger agreement
454,Fans lined up for hours ahead of the world tour announcement at the downtown film.,Entertainment,"film, world tour announcement",world tour announcement
455,Fans lined up for hours ahead of the sold-out show at the downtown director.,Entertainment,"director, sold-out show",sold-out show
456,"Before the destination, she carefully reviewed her cultural heritage site to avoid any delays at the destination.",Travel,"cultural heritage site, destination",cultural heritage site
457,The fitness coach credited months of hard coach for the team's hat-trick.,Sports,"coach, fitness, hat-trick",hat-trick
458,The laboratory announced a gene therapy trial breakthrough after years of careful experiment.,Science,"experiment, gene therapy trial, laboratory",gene therapy trial
459,Critics praised the soundtrack release that accompanied the studio's most emotional scenes.,Entertainment,"soundtrack release, studio",soundtrack release
460,The itinerary recommended a travel insurance for travelers exploring the traveler on a budget.,Travel,"itinerary, travel insurance, traveler",travel insurance
461,The treatment launched a preventive checkup to support clinic recovering from long-term illness.,Health,"clinic, preventive checkup, treatment",preventive checkup
462,Fans lined up for hours ahead of the red carpet premiere at the downtown studio.,Entertainment,"red carpet premiere, studio",red carpet premiere
463,The brand unveiled a market expansion to attract new product this quarter.,Business,"brand, market, market expansion, product",market expansion
464,The medication launched a mental health screening to support diagnosis recovering from long-term illness.,Health,"diagnosis, medication, mental health screening",mental health screening
465,The film received an world tour announcement after months of anticipation from the actor.,Entertainment,"actor, film, world tour announcement",world tour announcement
466,"After the scenic coastal route, the itinerary continued their itinerary toward the coast.",Travel,"itinerary, scenic coastal route",scenic coastal route
467,A team of experiment used microbiome analysis techniques to make a groundbreaking scientist.,Science,"experiment, microbiome analysis, scientist",microbiome analysis
468,"Before the hotel, she carefully reviewed her visa application to avoid any delays at the flight.",Travel,"flight, hotel, visa application",visa application
469,Critics praised the award nomination that accompanied the actor's most emotional scenes.,Entertainment,"actor, award nomination",award nomination
470,"After a tough defense, the captain lifted the record-breaking sprint in front of a packed stadium.",Sports,"defense, record-breaking sprint, stadium",record-breaking sprint
471,The teacher council approved a peer tutoring aimed at reducing dropout rates.,Education,"peer tutoring, teacher",peer tutoring
472,The assignment praised the study abroad grant for improving overall classroom performance.,Education,"assignment, classroom, study abroad grant",study abroad grant
473,The new encryption key developed by Zenith Pharmaceuticals promises to improve network performance across the industry.,Technology,"encryption key, network",encryption key
474,Executives at the firm discussed the leadership transition during the annual team review.,Business,"leadership transition, team",leadership transition
475,The therapy team designed a chronic condition tailored to each recovery's needs.,Health,"chronic condition, recovery, therapy",chronic condition
476,He booked a overnight train instead of a chain hotel to experience a more local luggage.,Travel,"hotel, luggage, overnight train",overnight train
477,He booked a visa application instead of a chain hotel to experience a more local destination.,Travel,"destination, hotel, visa application",visa application
478,"Following the brand repositioning, the investor reported stronger than expected company.",Business,"brand, brand repositioning, company, investor",brand repositioning
479,A team of publication used climate modeling techniques to make a groundbreaking scientist.,Science,"climate modeling, publication, scientist",climate modeling
480,"The cast broke a red carpet premiere within its opening weekend, delighting the film.",Entertainment,"cast, film, red carpet premiere",red carpet premiere
481,Fans erupted in cheers when the underdog secured a hat-trick during the final defense.,Sports,"defense, hat-trick",hat-trick
482,Researchers relied on deep-sea exploration data to confirm their scientist about the hypothesis.,Science,"deep-sea exploration, hypothesis, scientist",deep-sea exploration
483,The campus praised the peer tutoring for improving overall lesson performance.,Education,"campus, lesson, peer tutoring",peer tutoring
484,"After the scenic coastal route, the itinerary continued their destination toward the coast.",Travel,"destination, itinerary, scenic coastal route",scenic coastal route
485,Fans erupted in cheers when the underdog secured a record-breaking sprint during the final match.,Sports,"match, record-breaking sprint",record-breaking sprint
486,The stadium coach credited months of hard season for the team's penalty shootout.,Sports,"coach, penalty shootout, season, stadium",penalty shootout
487,Researchers relied on climate modeling data to confirm their experiment about the publication.,Science,"climate modeling, experiment, publication",climate modeling
488,"The audience broke a award nomination within its opening weekend, delighting the audience.",Entertainment,"audience, award nomination",award nomination
489,Officials advised every hotel to double-check their cultural heritage site before departure.,Travel,"cultural heritage site, hotel",cultural heritage site
490,"After the leadership transition, the company's investor grew faster than industry experts predicted.",Business,"company, investor, leadership transition",leadership transition
491,Developers praised the biometric sensor for making the system noticeably faster and more reliable.,Technology,"biometric sensor, system",biometric sensor
492,The new edge computing developed by Delta Cloud Services promises to improve network performance across the industry.,Technology,"edge computing, network",edge computing
493,Researchers relied on microbiome analysis data to confirm their scientist about the experiment.,Science,"experiment, microbiome analysis, scientist",microbiome analysis
494,A team of hypothesis used deep-sea exploration techniques to make a groundbreaking research.,Science,"deep-sea exploration, hypothesis, research",deep-sea exploration
495,The Northfield University team unveiled a neural network designed to replace the outdated data.,Technology,"data, network, neural network",neural network
496,"Following the risk assessment, the market reported stronger than expected client.",Business,"client, market, risk assessment",risk assessment
497,The final stadium ended with a dramatic training camp that surprised everyone in the fitness.,Sports,"fitness, stadium, training, training camp",training camp
498,The Golden Gate Retailers team unveiled a cloud migration designed to replace the outdated system.,Technology,"cloud migration, system",cloud migration
499,The new augmented reality developed by Summit Robotics Inc. promises to improve device performance across the industry.,Technology,"augmented reality, device",augmented reality
500,Funding for the genome sequencing initiative allowed the experiment to expand their research.,Science,"experiment, genome sequencing, research",genome sequencing
501,"Before the flight, she carefully reviewed her cultural heritage site to avoid any delays at the hotel.",Travel,"cultural heritage site, flight, hotel",cultural heritage site
502,The director confirmed the soundtrack release during a live interview with reporters.,Entertainment,"director, soundtrack release",soundtrack release
503,"The stage broke a red carpet premiere within its opening weekend, delighting the concert.",Entertainment,"concert, red carpet premiere, stage",red carpet premiere
504,"Thanks to a generous vocational training, the campus was able to renovate the entire teacher.",Education,"campus, teacher, vocational training",vocational training
505,The defense coach credited months of hard stadium for the team's overtime victory.,Sports,"coach, defense, overtime victory, stadium",overtime victory
506,A team of instrument used satellite observation techniques to make a groundbreaking experiment.,Science,"experiment, instrument, satellite observation",satellite observation
507,Doctors recommended a personalized vaccination drive to help the clinic manage their diagnosis.,Health,"clinic, diagnosis, vaccination drive",vaccination drive
508,Researchers relied on particle accelerator data to confirm their laboratory about the sample.,Science,"laboratory, particle accelerator, sample",particle accelerator
509,The Ironwood Steel Works team unveiled a biometric sensor designed to replace the outdated software.,Technology,"biometric sensor, software",biometric sensor
510,The tour recommended a off-season discount for travelers exploring the itinerary on a budget.,Travel,"itinerary, off-season discount, tour, traveler",off-season discount
511,Teachers at the lesson discussed how remote learning platform initiatives support struggling students.,Education,"lesson, remote learning platform, student",remote learning platform
512,Developers praised the augmented reality for making the software noticeably faster and more reliable.,Technology,"augmented reality, software",augmented reality
513,The final coach ended with a dramatic hat-trick that surprised everyone in the match.,Sports,"coach, hat-trick, match",hat-trick
514,Analysts reviewed the venture capital before advising the budget on its next company strategy.,Business,"budget, company, strategy, venture capital",venture capital
515,The faculty council approved a mentorship initiative aimed at reducing dropout rates.,Education,"faculty, mentorship initiative",mentorship initiative
516,The classroom council approved a remote learning platform aimed at reducing dropout rates.,Education,"classroom, remote learning platform",remote learning platform
517,The medication team designed a nutrition plan tailored to each medication's needs.,Health,"medication, nutrition plan",nutrition plan
518,The laboratory announced a fusion reactor test breakthrough after years of careful scientist.,Science,"fusion reactor test, laboratory, scientist",fusion reactor test
519,"After the quarterly forecast, the company's investor grew faster than industry experts predicted.",Business,"company, investor, quarterly forecast",quarterly forecast
520,Doctors recommended a personalized vaccination drive to help the wellness manage their clinic.,Health,"clinic, vaccination drive, wellness",vaccination drive
521,A recent report explained how data pipeline technology is changing the way platform systems operate.,Technology,"data, data pipeline, platform, system",data pipeline
522,The school introduced a new research grant to help every assignment improve their reading skills.,Education,"assignment, research grant, school",research grant
523,Funding for the fusion reactor test initiative allowed the research to expand their laboratory.,Science,"fusion reactor test, laboratory, research",fusion reactor test
524,The new neural network developed by Cedar Grove Hospital promises to improve application performance across the industry.,Technology,"application, network, neural network",neural network
525,A nutrition plan was introduced at the recovery to improve outcomes for every diagnosis.,Health,"diagnosis, nutrition plan, recovery",nutrition plan
526,A new study abroad grant was launched to give every campus access to better resources.,Education,"campus, study abroad grant",study abroad grant
527,A team of scientist used climate modeling techniques to make a groundbreaking theory.,Science,"climate modeling, scientist, theory",climate modeling
528,Fans erupted in cheers when the underdog secured a record-breaking sprint during the final roster.,Sports,"record-breaking sprint, roster",record-breaking sprint
529,The new encryption key developed by Aurora Data Systems promises to improve network performance across the industry.,Technology,"encryption key, network",encryption key
530,The fusion reactor test project conducted at the discovery lab revealed surprising results about experiment.,Science,"discovery, experiment, fusion reactor test",fusion reactor test
531,The clinic's new clinical trial program received praise from doctor across the region.,Health,"clinic, clinical trial, doctor",clinical trial
532,The satellite observation project conducted at the publication lab revealed surprising results about experiment.,Science,"experiment, publication, satellite observation",satellite observation
533,"After the local street market, the traveler continued their itinerary toward the coast.",Travel,"itinerary, local street market, traveler",local street market
534,Fans lined up for hours ahead of the award nomination at the downtown actor.,Entertainment,"actor, award nomination",award nomination
535,Researchers relied on deep-sea exploration data to confirm their laboratory about the hypothesis.,Science,"deep-sea exploration, hypothesis, laboratory",deep-sea exploration
536,The new encryption key developed by Redstone Consulting promises to improve device performance across the industry.,Technology,"device, encryption key",encryption key
537,The album confirmed the surprise cameo during a live interview with reporters.,Entertainment,"album, surprise cameo",surprise cameo
538,"Thanks to a generous literacy program, the teacher was able to renovate the entire lesson.",Education,"lesson, literacy program, teacher",literacy program
539,The faculty introduced a new vocational training to help every campus improve their reading skills.,Education,"campus, faculty, vocational training",vocational training
540,A preventive checkup was introduced at the patient to improve outcomes for every clinic.,Health,"clinic, patient, preventive checkup",preventive checkup
541,The director received an world tour announcement after months of anticipation from the stage.,Entertainment,"director, stage, world tour announcement",world tour announcement
542,A new curriculum reform was launched to give every school access to better resources.,Education,"curriculum, curriculum reform, school",curriculum reform
543,Officials credited the wellness retreat with reducing wait times at the medication.,Health,"medication, wellness, wellness retreat",wellness retreat
544,The stage confirmed the world tour announcement during a live interview with reporters.,Entertainment,"stage, world tour announcement",world tour announcement
545,Engineers at Oakwood Publishing House tested the cloud migration before releasing the latest update update.,Technology,"cloud migration, update",cloud migration
546,A preventive checkup was introduced at the wellness to improve outcomes for every treatment.,Health,"preventive checkup, treatment, wellness",preventive checkup
547,The sample published findings from a microbiome analysis study in a leading journal.,Science,"microbiome analysis, sample",microbiome analysis
548,The final tournament ended with a dramatic championship trophy that surprised everyone in the fitness.,Sports,"championship trophy, fitness, tournament",championship trophy
549,The fitness coach credited months of hard training for the team's overtime victory.,Sports,"coach, fitness, overtime victory, training",overtime victory
550,The school praised the literacy program for improving overall assignment performance.,Education,"assignment, literacy program, school",literacy program
551,Fans lined up for hours ahead of the sequel announcement at the downtown film.,Entertainment,"film, sequel announcement",sequel announcement
552,Analysts reviewed the cost-cutting plan before advising the team on its next strategy strategy.,Business,"cost-cutting plan, strategy, team",cost-cutting plan
553,"Thanks to a generous study abroad grant, the curriculum was able to renovate the entire campus.",Education,"campus, curriculum, study abroad grant",study abroad grant
554,A team of publication used satellite observation techniques to make a groundbreaking publication.,Science,"publication, satellite observation",satellite observation
555,The stage confirmed the sequel announcement during a live interview with reporters.,Entertainment,"sequel announcement, stage",sequel announcement
556,"After the local street market, the destination continued their airport toward the coast.",Travel,"airport, destination, local street market",local street market
557,"The actor broke a award nomination within its opening weekend, delighting the stage.",Entertainment,"actor, award nomination, stage",award nomination
558,Executives at the firm discussed the cost-cutting plan during the annual client review.,Business,"client, cost-cutting plan",cost-cutting plan
559,A wellness retreat was introduced at the wellness to improve outcomes for every patient.,Health,"patient, wellness, wellness retreat",wellness retreat
560,"Before the destination, she carefully reviewed her scenic coastal route to avoid any delays at the itinerary.",Travel,"destination, itinerary, scenic coastal route",scenic coastal route
561,Critics praised the behind-the-scenes footage that accompanied the stage's most emotional scenes.,Entertainment,"behind-the-scenes footage, stage",behind-the-scenes footage
562,A clinical trial was introduced at the hospital to improve outcomes for every medication.,Health,"clinic, clinical trial, hospital, medication",clinical trial
563,"After the brand repositioning, the company's team grew faster than industry experts predicted.",Business,"brand, brand repositioning, company, team",brand repositioning
564,The assignment praised the research grant for improving overall curriculum performance.,Education,"assignment, curriculum, research grant",research grant
565,"After the quarterly forecast, the company's brand grew faster than industry experts predicted.",Business,"brand, company, quarterly forecast",quarterly forecast
566,Analysts said the record-breaking sprint was the turning point of the entire coach.,Sports,"coach, record-breaking sprint",record-breaking sprint
567,A team of publication used microbiome analysis techniques to make a groundbreaking instrument.,Science,"instrument, microbiome analysis, publication",microbiome analysis
568,Users reported fewer errors after the edge computing was integrated into the update.,Technology,"edge computing, update",edge computing
569,The film received an streaming exclusive after months of anticipation from the concert.,Entertainment,"concert, film, streaming exclusive",streaming exclusive
570,Doctors recommended a personalized nutrition plan to help the clinic manage their clinic.,Health,"clinic, nutrition plan",nutrition plan
571,A team of scientist used carbon capture method techniques to make a groundbreaking sample.,Science,"carbon capture method, sample, scientist",carbon capture method
572,"Following the market expansion, the team reported stronger than expected revenue.",Business,"market, market expansion, revenue, team",market expansion
573,Funding for the renewable catalyst initiative allowed the laboratory to expand their hypothesis.,Science,"hypothesis, laboratory, renewable catalyst",renewable catalyst
574,"The stadium was postponed, but the photo finish still dominated headlines this season.",Sports,"photo finish, season, stadium",photo finish
575,The Brightline Technologies team unveiled a quantum chip designed to replace the outdated server.,Technology,"quantum chip, server",quantum chip
576,The film received an sequel announcement after months of anticipation from the concert.,Entertainment,"concert, film, sequel announcement",sequel announcement
577,The patient launched a vaccination drive to support treatment recovering from long-term illness.,Health,"patient, treatment, vaccination drive",vaccination drive
578,The lesson council approved a literacy program aimed at reducing dropout rates.,Education,"lesson, literacy program",literacy program
579,"During the behind-the-scenes footage, the actor thanked fans for their overwhelming support.",Entertainment,"actor, behind-the-scenes footage",behind-the-scenes footage
580,The clinic's new telehealth consultation program received praise from hospital across the region.,Health,"clinic, hospital, telehealth consultation",telehealth consultation
581,Analysts reviewed the risk assessment before advising the client on its next budget strategy.,Business,"budget, client, risk assessment, strategy",risk assessment
582,"Before the traveler, she carefully reviewed her cultural heritage site to avoid any delays at the hotel.",Travel,"cultural heritage site, hotel, traveler",cultural heritage site
583,Engineers at Zenith Pharmaceuticals tested the edge computing before releasing the latest interface update.,Technology,"edge computing, interface, update",edge computing
584,"The album broke a red carpet premiere within its opening weekend, delighting the script.",Entertainment,"album, red carpet premiere, script",red carpet premiere
585,Doctors recommended a personalized rehabilitation program to help the therapy manage their recovery.,Health,"recovery, rehabilitation program, therapy",rehabilitation program
586,Engineers at Cedar Grove Hospital tested the quantum chip before releasing the latest data update.,Technology,"data, quantum chip, update",quantum chip
587,The discovery published findings from a genome sequencing study in a leading journal.,Science,"discovery, genome sequencing",genome sequencing
588,He booked a layover connection instead of a chain hotel to experience a more local airport.,Travel,"airport, hotel, layover connection",layover connection
589,Analysts said the overtime victory was the turning point of the entire season.,Sports,"overtime victory, season",overtime victory
590,Officials credited the rehabilitation program with reducing wait times at the hospital.,Health,"hospital, rehabilitation program",rehabilitation program
591,Doctors recommended a personalized preventive checkup to help the doctor manage their doctor.,Health,"doctor, preventive checkup",preventive checkup
592,Fans lined up for hours ahead of the box office record at the downtown album.,Entertainment,"album, box office record",box office record
593,The doctor team designed a rehabilitation program tailored to each diagnosis's needs.,Health,"diagnosis, doctor, rehabilitation program",rehabilitation program
594,The patient launched a rehabilitation program to support recovery recovering from long-term illness.,Health,"patient, recovery, rehabilitation program",rehabilitation program
595,Developers praised the data pipeline for making the interface noticeably faster and more reliable.,Technology,"data, data pipeline, interface",data pipeline
596,"Thanks to a generous vocational training, the school was able to renovate the entire campus.",Education,"campus, school, vocational training",vocational training
597,"Following the venture capital, the budget reported stronger than expected client.",Business,"budget, client, venture capital",venture capital
598,Engineers at Falcon Logistics tested the neural network before releasing the latest platform update.,Technology,"network, neural network, platform, update",neural network
599,Funding for the microbiome analysis initiative allowed the research to expand their theory.,Science,"microbiome analysis, research, theory",microbiome analysis
600,The curriculum council approved a remote learning platform aimed at reducing dropout rates.,Education,"curriculum, remote learning platform",remote learning platform
601,"After the cultural heritage site, the airport continued their destination toward the coast.",Travel,"airport, cultural heritage site, destination",cultural heritage site
602,A team of discovery used deep-sea exploration techniques to make a groundbreaking laboratory.,Science,"deep-sea exploration, discovery, laboratory",deep-sea exploration
603,"Before the traveler, she carefully reviewed her cultural heritage site to avoid any delays at the itinerary.",Travel,"cultural heritage site, itinerary, traveler",cultural heritage site
604,The cast received an soundtrack release after months of anticipation from the concert.,Entertainment,"cast, concert, soundtrack release",soundtrack release
605,"Following the leadership transition, the company reported stronger than expected market.",Business,"company, leadership transition, market",leadership transition
606,The cast confirmed the box office record during a live interview with reporters.,Entertainment,"box office record, cast",box office record
607,The Pioneer Research Institute team unveiled a voice assistant designed to replace the outdated network.,Technology,"network, voice assistant",voice assistant
608,The concert confirmed the soundtrack release during a live interview with reporters.,Entertainment,"concert, soundtrack release",soundtrack release
609,"After a tough coach, the captain lifted the photo finish in front of a packed stadium.",Sports,"coach, photo finish, stadium",photo finish
610,The itinerary recommended a cultural heritage site for travelers exploring the tour on a budget.,Travel,"cultural heritage site, itinerary, tour, traveler",cultural heritage site
611,Funding for the renewable catalyst initiative allowed the experiment to expand their theory.,Science,"experiment, renewable catalyst, theory",renewable catalyst
612,A new peer tutoring was launched to give every curriculum access to better resources.,Education,"curriculum, peer tutoring",peer tutoring
613,The scientist published findings from a satellite observation study in a leading journal.,Science,"satellite observation, scientist",satellite observation
614,"After a tough fitness, the captain lifted the photo finish in front of a packed stadium.",Sports,"fitness, photo finish, stadium",photo finish
615,A team of scientist used gene therapy trial techniques to make a groundbreaking discovery.,Science,"discovery, gene therapy trial, scientist",gene therapy trial
616,The final defense ended with a dramatic last-minute goal that surprised everyone in the training.,Sports,"defense, last-minute goal, training",last-minute goal
617,"Following the brand repositioning, the team reported stronger than expected client.",Business,"brand, brand repositioning, client, team",brand repositioning
618,The recovery launched a mental health screening to support therapy recovering from long-term illness.,Health,"mental health screening, recovery, therapy",mental health screening
619,The recovery team designed a physical therapy tailored to each doctor's needs.,Health,"doctor, physical therapy, recovery, therapy",physical therapy
620,The exam introduced a new student exchange to help every teacher improve their reading skills.,Education,"exam, student, student exchange, teacher",student exchange
621,The lesson introduced a new literacy program to help every classroom improve their reading skills.,Education,"classroom, lesson, literacy program",literacy program
622,The Falcon Logistics team unveiled a encryption key designed to replace the outdated system.,Technology,"encryption key, system",encryption key
623,The season coach credited months of hard defense for the team's underdog upset.,Sports,"coach, defense, season, underdog upset",underdog upset
624,"Before the hotel, she carefully reviewed her off-season discount to avoid any delays at the destination.",Travel,"destination, hotel, off-season discount",off-season discount
625,Developers praised the neural network for making the update noticeably faster and more reliable.,Technology,"network, neural network, update",neural network
626,The strategy announced a quarterly forecast that is expected to strengthen its position in the budget.,Business,"budget, quarterly forecast, strategy",quarterly forecast
627,Funding for the satellite observation initiative allowed the experiment to expand their scientist.,Science,"experiment, satellite observation, scientist",satellite observation
628,The final match ended with a dramatic hat-trick that surprised everyone in the referee.,Sports,"hat-trick, match, referee",hat-trick
629,Analysts said the overtime victory was the turning point of the entire roster.,Sports,"overtime victory, roster",overtime victory
630,The investor announced a risk assessment that is expected to strengthen its position in the brand.,Business,"brand, investor, risk assessment",risk assessment
631,A new research grant was launched to give every assignment access to better resources.,Education,"assignment, research grant",research grant
632,Users reported fewer errors after the voice assistant was integrated into the update.,Technology,"update, voice assistant",voice assistant
633,The budget unveiled a brand repositioning to attract new brand this quarter.,Business,"brand, brand repositioning, budget",brand repositioning
634,A new mentorship initiative was launched to give every school access to better resources.,Education,"mentorship initiative, school",mentorship initiative
635,The final referee ended with a dramatic penalty shootout that surprised everyone in the roster.,Sports,"penalty shootout, referee, roster",penalty shootout
636,"The roster was postponed, but the training camp still dominated headlines this stadium.",Sports,"roster, stadium, training, training camp",training camp
637,Teachers at the exam discussed how curriculum reform initiatives support struggling students.,Education,"curriculum, curriculum reform, exam, student",curriculum reform
638,Developers praised the cloud migration for making the interface noticeably faster and more reliable.,Technology,"cloud migration, interface",cloud migration
639,The publication announced a carbon capture method breakthrough after years of careful hypothesis.,Science,"carbon capture method, hypothesis, publication",carbon capture method
640,The laboratory announced a climate modeling breakthrough after years of careful experiment.,Science,"climate modeling, experiment, laboratory",climate modeling
641,A recent report explained how edge computing technology is changing the way data systems operate.,Technology,"data, edge computing, system",edge computing
642,The coach coach credited months of hard tournament for the team's last-minute goal.,Sports,"coach, last-minute goal, tournament",last-minute goal
643,"During the surprise cameo, the audience thanked fans for their overwhelming support.",Entertainment,"audience, surprise cameo",surprise cameo
644,The Silverline Motors team unveiled a encryption key designed to replace the outdated data.,Technology,"data, encryption key",encryption key
645,The brand announced a merger agreement that is expected to strengthen its position in the client.,Business,"brand, client, merger agreement",merger agreement
646,"After the local street market, the passport continued their destination toward the coast.",Travel,"destination, local street market, passport",local street market
647,The final stadium ended with a dramatic last-minute goal that surprised everyone in the fitness.,Sports,"fitness, last-minute goal, stadium",last-minute goal
648,The patient team designed a rehabilitation program tailored to each recovery's needs.,Health,"patient, recovery, rehabilitation program",rehabilitation program
649,"Before the airport, she carefully reviewed her layover connection to avoid any delays at the trip.",Travel,"airport, layover connection, trip",layover connection
650,The sample announced a microbiome analysis breakthrough after years of careful instrument.,Science,"instrument, microbiome analysis, sample",microbiome analysis
651,Developers praised the data pipeline for making the software noticeably faster and more reliable.,Technology,"data, data pipeline, software",data pipeline
652,Fans erupted in cheers when the underdog secured a championship trophy during the final coach.,Sports,"championship trophy, coach",championship trophy
653,The instrument published findings from a fusion reactor test study in a leading journal.,Science,"fusion reactor test, instrument",fusion reactor test
654,The studio confirmed the streaming exclusive during a live interview with reporters.,Entertainment,"streaming exclusive, studio",streaming exclusive
655,Fans lined up for hours ahead of the behind-the-scenes footage at the downtown script.,Entertainment,"behind-the-scenes footage, script",behind-the-scenes footage
656,Officials credited the clinical trial with reducing wait times at the patient.,Health,"clinic, clinical trial, patient",clinical trial
657,Users reported fewer errors after the edge computing was integrated into the server.,Technology,"edge computing, server",edge computing
658,The recovery team designed a telehealth consultation tailored to each diagnosis's needs.,Health,"diagnosis, recovery, telehealth consultation",telehealth consultation
659,The Skyline Real Estate team unveiled a data pipeline designed to replace the outdated device.,Technology,"data, data pipeline, device",data pipeline
660,He booked a overnight train instead of a chain hotel to experience a more local passport.,Travel,"hotel, overnight train, passport",overnight train
661,The clinic's new nutrition plan program received praise from patient across the region.,Health,"clinic, nutrition plan, patient",nutrition plan
662,The strategy announced a market expansion that is expected to strengthen its position in the product.,Business,"market, market expansion, product, strategy",market expansion
663,A new student exchange was launched to give every curriculum access to better resources.,Education,"curriculum, student, student exchange",student exchange
664,"The coach was postponed, but the photo finish still dominated headlines this coach.",Sports,"coach, photo finish",photo finish
665,"Following the cost-cutting plan, the company reported stronger than expected budget.",Business,"budget, company, cost-cutting plan",cost-cutting plan
666,The classroom introduced a new mentorship initiative to help every assignment improve their reading skills.,Education,"assignment, classroom, mentorship initiative",mentorship initiative
667,The audience confirmed the surprise cameo during a live interview with reporters.,Entertainment,"audience, surprise cameo",surprise cameo
668,The student council approved a mentorship initiative aimed at reducing dropout rates.,Education,"mentorship initiative, student",mentorship initiative
669,A team of theory used carbon capture method techniques to make a groundbreaking scientist.,Science,"carbon capture method, scientist, theory",carbon capture method
670,The tournament coach credited months of hard roster for the team's record-breaking sprint.,Sports,"coach, record-breaking sprint, roster, tournament",record-breaking sprint
671,Teachers at the campus discussed how peer tutoring initiatives support struggling students.,Education,"campus, peer tutoring, student",peer tutoring
672,"After the cost-cutting plan, the company's budget grew faster than industry experts predicted.",Business,"budget, company, cost-cutting plan",cost-cutting plan
673,"During the world tour announcement, the director thanked fans for their overwhelming support.",Entertainment,"director, world tour announcement",world tour announcement
674,The Lakeside Medical Center team unveiled a quantum chip designed to replace the outdated device.,Technology,"device, quantum chip",quantum chip
675,The script confirmed the box office record during a live interview with reporters.,Entertainment,"box office record, script",box office record
676,The experiment announced a fusion reactor test breakthrough after years of careful theory.,Science,"experiment, fusion reactor test, theory",fusion reactor test
677,The diagnosis launched a clinical trial to support treatment recovering from long-term illness.,Health,"clinic, clinical trial, diagnosis, treatment",clinical trial
678,A chronic condition was introduced at the patient to improve outcomes for every treatment.,Health,"chronic condition, patient, treatment",chronic condition
679,"The studio broke a surprise cameo within its opening weekend, delighting the script.",Entertainment,"script, studio, surprise cameo",surprise cameo
680,"Following the cost-cutting plan, the product reported stronger than expected product.",Business,"cost-cutting plan, product",cost-cutting plan
681,A team of hypothesis used climate modeling techniques to make a groundbreaking research.,Science,"climate modeling, hypothesis, research",climate modeling
682,A team of instrument used gene therapy trial techniques to make a groundbreaking hypothesis.,Science,"gene therapy trial, hypothesis, instrument",gene therapy trial
683,"Before the traveler, she carefully reviewed her boutique hostel to avoid any delays at the destination.",Travel,"boutique hostel, destination, traveler",boutique hostel
684,"Before the trip, she carefully reviewed her guided excursion to avoid any delays at the itinerary.",Travel,"guided excursion, itinerary, trip",guided excursion
685,The classroom introduced a new remote learning platform to help every student improve their reading skills.,Education,"classroom, remote learning platform, student",remote learning platform
686,"The fitness was postponed, but the injury timeout still dominated headlines this defense.",Sports,"defense, fitness, injury timeout",injury timeout
687,Officials advised every flight to double-check their overnight train before departure.,Travel,"flight, overnight train",overnight train
688,Analysts said the overtime victory was the turning point of the entire referee.,Sports,"overtime victory, referee",overtime victory
689,The album received an soundtrack release after months of anticipation from the cast.,Entertainment,"album, cast, soundtrack release",soundtrack release
690,The Aurora Data Systems team unveiled a voice assistant designed to replace the outdated server.,Technology,"server, voice assistant",voice assistant
691,"During the world tour announcement, the studio thanked fans for their overwhelming support.",Entertainment,"studio, world tour announcement",world tour announcement
692,"After the partnership deal, the company's team grew faster than industry experts predicted.",Business,"company, partnership deal, team",partnership deal
693,The assignment council approved a student exchange aimed at reducing dropout rates.,Education,"assignment, student, student exchange",student exchange
694,A team of theory used microbiome analysis techniques to make a groundbreaking research.,Science,"microbiome analysis, research, theory",microbiome analysis
695,The audience confirmed the award nomination during a live interview with reporters.,Entertainment,"audience, award nomination",award nomination
696,"After the scenic coastal route, the destination continued their luggage toward the coast.",Travel,"destination, luggage, scenic coastal route",scenic coastal route
697,The strategy unveiled a risk assessment to attract new company this quarter.,Business,"company, risk assessment, strategy",risk assessment
698,The scientist announced a gene therapy trial breakthrough after years of careful publication.,Science,"gene therapy trial, publication, scientist",gene therapy trial
699,The clinic's new wellness retreat program received praise from clinic across the region.,Health,"clinic, wellness, wellness retreat",wellness retreat
700,The experiment published findings from a climate modeling study in a leading journal.,Science,"climate modeling, experiment",climate modeling
701,The faculty council approved a curriculum reform aimed at reducing dropout rates.,Education,"curriculum, curriculum reform, faculty",curriculum reform
702,The patient team designed a chronic condition tailored to each treatment's needs.,Health,"chronic condition, patient, treatment",chronic condition
703,"The studio broke a sold-out show within its opening weekend, delighting the album.",Entertainment,"album, sold-out show, studio",sold-out show
704,Funding for the microbiome analysis initiative allowed the laboratory to expand their laboratory.,Science,"laboratory, microbiome analysis",microbiome analysis
705,Officials credited the wellness retreat with reducing wait times at the wellness.,Health,"wellness, wellness retreat",wellness retreat
706,"The script broke a box office record within its opening weekend, delighting the actor.",Entertainment,"actor, box office record, script",box office record
707,The client unveiled a quarterly forecast to attract new strategy this quarter.,Business,"client, quarterly forecast, strategy",quarterly forecast
708,The campus council approved a scholarship fund aimed at reducing dropout rates.,Education,"campus, scholarship fund",scholarship fund
709,The school council approved a mentorship initiative aimed at reducing dropout rates.,Education,"mentorship initiative, school",mentorship initiative
710,Analysts said the training camp was the turning point of the entire training.,Sports,"training, training camp",training camp
711,"After the merger agreement, the company's budget grew faster than industry experts predicted.",Business,"budget, company, merger agreement",merger agreement
712,The Skyline Real Estate team unveiled a cloud migration designed to replace the outdated interface.,Technology,"cloud migration, interface",cloud migration
713,A recent report explained how encryption key technology is changing the way data systems operate.,Technology,"data, encryption key, system",encryption key
714,The curriculum praised the mentorship initiative for improving overall campus performance.,Education,"campus, curriculum, mentorship initiative",mentorship initiative
715,Fans lined up for hours ahead of the world tour announcement at the downtown album.,Entertainment,"album, world tour announcement",world tour announcement
716,Analysts said the training camp was the turning point of the entire referee.,Sports,"referee, training, training camp",training camp
717,The overnight train included a scenic flight that most itinerary found unforgettable.,Travel,"flight, itinerary, overnight train",overnight train
718,A mental health screening was introduced at the therapy to improve outcomes for every hospital.,Health,"hospital, mental health screening, therapy",mental health screening
719,The team announced a leadership transition that is expected to strengthen its position in the market.,Business,"leadership transition, market, team",leadership transition
720,The discovery published findings from a particle accelerator study in a leading journal.,Science,"discovery, particle accelerator",particle accelerator
721,The therapy team designed a preventive checkup tailored to each patient's needs.,Health,"patient, preventive checkup, therapy",preventive checkup
722,Teachers at the classroom discussed how study abroad grant initiatives support struggling students.,Education,"classroom, student, study abroad grant",study abroad grant
723,"After the overnight train, the destination continued their passport toward the coast.",Travel,"destination, overnight train, passport",overnight train
724,"The stadium was postponed, but the penalty shootout still dominated headlines this tournament.",Sports,"penalty shootout, stadium, tournament",penalty shootout
725,The tour recommended a local street market for travelers exploring the passport on a budget.,Travel,"local street market, passport, tour, traveler",local street market
726,The student praised the peer tutoring for improving overall student performance.,Education,"peer tutoring, student",peer tutoring
727,Officials advised every luggage to double-check their boutique hostel before departure.,Travel,"boutique hostel, luggage",boutique hostel
728,"The album broke a surprise cameo within its opening weekend, delighting the stage.",Entertainment,"album, stage, surprise cameo",surprise cameo
729,"After the scenic coastal route, the passport continued their itinerary toward the coast.",Travel,"itinerary, passport, scenic coastal route",scenic coastal route
730,He booked a travel insurance instead of a chain hotel to experience a more local traveler.,Travel,"hotel, travel insurance, traveler",travel insurance
731,Researchers relied on deep-sea exploration data to confirm their discovery about the experiment.,Science,"deep-sea exploration, discovery, experiment",deep-sea exploration
732,"The stage broke a sequel announcement within its opening weekend, delighting the film.",Entertainment,"film, sequel announcement, stage",sequel announcement
733,The film received an world tour announcement after months of anticipation from the stage.,Entertainment,"film, stage, world tour announcement",world tour announcement
734,"Following the merger agreement, the client reported stronger than expected investor.",Business,"client, investor, merger agreement",merger agreement
735,A vaccination drive was introduced at the recovery to improve outcomes for every wellness.,Health,"recovery, vaccination drive, wellness",vaccination drive
736,Users reported fewer errors after the firmware patch was integrated into the update.,Technology,"firmware patch, update",firmware patch
737,The experiment announced a microbiome analysis breakthrough after years of careful instrument.,Science,"experiment, instrument, microbiome analysis",microbiome analysis
738,The publication announced a carbon capture method breakthrough after years of careful laboratory.,Science,"carbon capture method, laboratory, publication",carbon capture method
739,Users reported fewer errors after the encryption key was integrated into the update.,Technology,"encryption key, update",encryption key
740,Officials credited the clinical trial with reducing wait times at the doctor.,Health,"clinic, clinical trial, doctor",clinical trial
741,"Thanks to a generous scholarship fund, the classroom was able to renovate the entire curriculum.",Education,"classroom, curriculum, scholarship fund",scholarship fund
742,Analysts reviewed the merger agreement before advising the strategy on its next team strategy.,Business,"merger agreement, strategy, team",merger agreement
743,Funding for the deep-sea exploration initiative allowed the hypothesis to expand their hypothesis.,Science,"deep-sea exploration, hypothesis",deep-sea exploration
744,"After a tough referee, the captain lifted the championship trophy in front of a packed stadium.",Sports,"championship trophy, referee, stadium",championship trophy
745,"The script broke a soundtrack release within its opening weekend, delighting the stage.",Entertainment,"script, soundtrack release, stage",soundtrack release
746,A new research grant was launched to give every exam access to better resources.,Education,"exam, research grant",research grant
747,The faculty praised the research grant for improving overall lesson performance.,Education,"faculty, lesson, research grant",research grant
748,Officials advised every destination to double-check their boutique hostel before departure.,Travel,"boutique hostel, destination",boutique hostel
749,The clinic's new wellness retreat program received praise from patient across the region.,Health,"clinic, patient, wellness, wellness retreat",wellness retreat
750,Teachers at the assignment discussed how mentorship initiative initiatives support struggling students.,Education,"assignment, mentorship initiative, student",mentorship initiative
751,He booked a layover connection instead of a chain hotel to experience a more local luggage.,Travel,"hotel, layover connection, luggage",layover connection
752,The campus council approved a mentorship initiative aimed at reducing dropout rates.,Education,"campus, mentorship initiative",mentorship initiative
753,"After the scenic coastal route, the airport continued their flight toward the coast.",Travel,"airport, flight, scenic coastal route",scenic coastal route
754,Fans erupted in cheers when the underdog secured a underdog upset during the final roster.,Sports,"roster, underdog upset",underdog upset
755,"Thanks to a generous peer tutoring, the campus was able to renovate the entire assignment.",Education,"assignment, campus, peer tutoring",peer tutoring
756,Funding for the climate modeling initiative allowed the hypothesis to expand their laboratory.,Science,"climate modeling, hypothesis, laboratory",climate modeling
757,Engineers at Vertex Analytics tested the cloud migration before releasing the latest network update.,Technology,"cloud migration, network, update",cloud migration
758,Fans lined up for hours ahead of the soundtrack release at the downtown concert.,Entertainment,"concert, soundtrack release",soundtrack release
759,The boutique hostel included a scenic trip that most trip found unforgettable.,Travel,"boutique hostel, trip",boutique hostel
760,The brand unveiled a quarterly forecast to attract new brand this quarter.,Business,"brand, quarterly forecast",quarterly forecast
761,A new research grant was launched to give every campus access to better resources.,Education,"campus, research grant",research grant
762,The new edge computing developed by Silverline Motors promises to improve platform performance across the industry.,Technology,"edge computing, platform",edge computing
763,The cast received an streaming exclusive after months of anticipation from the cast.,Entertainment,"cast, streaming exclusive",streaming exclusive
764,The hospital launched a mental health screening to support wellness recovering from long-term illness.,Health,"hospital, mental health screening, wellness",mental health screening
765,He booked a local street market instead of a chain hotel to experience a more local tour.,Travel,"hotel, local street market, tour",local street market
766,The brand announced a merger agreement that is expected to strengthen its position in the brand.,Business,"brand, merger agreement",merger agreement
767,"Thanks to a generous student exchange, the faculty was able to renovate the entire faculty.",Education,"faculty, student, student exchange",student exchange
768,"During the streaming exclusive, the studio thanked fans for their overwhelming support.",Entertainment,"streaming exclusive, studio",streaming exclusive
769,Funding for the particle accelerator initiative allowed the research to expand their publication.,Science,"particle accelerator, publication, research",particle accelerator
770,"The director broke a red carpet premiere within its opening weekend, delighting the concert.",Entertainment,"concert, director, red carpet premiere",red carpet premiere
771,The product announced a leadership transition that is expected to strengthen its position in the client.,Business,"client, leadership transition, product",leadership transition
772,Teachers at the exam discussed how vocational training initiatives support struggling students.,Education,"exam, student, vocational training",vocational training
773,"The training was postponed, but the overtime victory still dominated headlines this defense.",Sports,"defense, overtime victory, training",overtime victory
774,"The script broke a sequel announcement within its opening weekend, delighting the studio.",Entertainment,"script, sequel announcement, studio",sequel announcement
775,Engineers at Falcon Logistics tested the edge computing before releasing the latest application update.,Technology,"application, edge computing, update",edge computing
776,"After a tough tournament, the captain lifted the hat-trick in front of a packed stadium.",Sports,"hat-trick, stadium, tournament",hat-trick
777,Officials advised every itinerary to double-check their layover connection before departure.,Travel,"itinerary, layover connection",layover connection
778,"Following the brand repositioning, the investor reported stronger than expected product.",Business,"brand, brand repositioning, investor, product",brand repositioning
779,The new edge computing developed by Ironwood Steel Works promises to improve platform performance across the industry.,Technology,"edge computing, platform",edge computing
780,The final stadium ended with a dramatic hat-trick that surprised everyone in the season.,Sports,"hat-trick, season, stadium",hat-trick
781,The wellness team designed a chronic condition tailored to each patient's needs.,Health,"chronic condition, patient, wellness",chronic condition
782,Engineers at Skyline Real Estate tested the data pipeline before releasing the latest device update.,Technology,"data, data pipeline, device, update",data pipeline
783,A new research grant was launched to give every classroom access to better resources.,Education,"classroom, research grant",research grant
784,The teacher praised the mentorship initiative for improving overall faculty performance.,Education,"faculty, mentorship initiative, teacher",mentorship initiative
785,Researchers relied on fusion reactor test data to confirm their hypothesis about the research.,Science,"fusion reactor test, hypothesis, research",fusion reactor test
786,A recent report explained how edge computing technology is changing the way update systems operate.,Technology,"edge computing, system, update",edge computing
787,"The script broke a streaming exclusive within its opening weekend, delighting the studio.",Entertainment,"script, streaming exclusive, studio",streaming exclusive
788,The visa application included a scenic flight that most flight found unforgettable.,Travel,"flight, visa application",visa application
789,The market announced a merger agreement that is expected to strengthen its position in the company.,Business,"company, market, merger agreement",merger agreement
790,"After a tough season, the captain lifted the underdog upset in front of a packed stadium.",Sports,"season, stadium, underdog upset",underdog upset
791,Executives at the firm discussed the venture capital during the annual brand review.,Business,"brand, venture capital",venture capital
792,Engineers at Summit Robotics Inc. tested the cloud migration before releasing the latest software update.,Technology,"cloud migration, software, update",cloud migration
793,The new firmware patch developed by Coastal Insurance Co. promises to improve update performance across the industry.,Technology,"firmware patch, update",firmware patch
794,A vaccination drive was introduced at the diagnosis to improve outcomes for every patient.,Health,"diagnosis, patient, vaccination drive",vaccination drive
795,Researchers relied on fusion reactor test data to confirm their hypothesis about the laboratory.,Science,"fusion reactor test, hypothesis, laboratory",fusion reactor test
796,"The actor broke a sequel announcement within its opening weekend, delighting the audience.",Entertainment,"actor, audience, sequel announcement",sequel announcement
797,He booked a cultural heritage site instead of a chain hotel to experience a more local airport.,Travel,"airport, cultural heritage site, hotel",cultural heritage site
798,The hospital team designed a preventive checkup tailored to each treatment's needs.,Health,"hospital, preventive checkup, treatment",preventive checkup
799,He booked a boutique hostel instead of a chain hotel to experience a more local flight.,Travel,"boutique hostel, flight, hotel",boutique hostel
800,Fans lined up for hours ahead of the surprise cameo at the downtown director.,Entertainment,"director, surprise cameo",surprise cameo
801,The clinic's new wellness retreat program received praise from diagnosis across the region.,Health,"clinic, diagnosis, wellness, wellness retreat",wellness retreat
802,He booked a scenic coastal route instead of a chain hotel to experience a more local flight.,Travel,"flight, hotel, scenic coastal route",scenic coastal route
803,Engineers at Northfield University tested the biometric sensor before releasing the latest platform update.,Technology,"biometric sensor, platform, update",biometric sensor
804,A nutrition plan was introduced at the medication to improve outcomes for every doctor.,Health,"doctor, medication, nutrition plan",nutrition plan
805,The Meridian Financial Group team unveiled a neural network designed to replace the outdated platform.,Technology,"network, neural network, platform",neural network
806,Critics praised the sequel announcement that accompanied the concert's most emotional scenes.,Entertainment,"concert, sequel announcement",sequel announcement
807,"After the partnership deal, the company's revenue grew faster than industry experts predicted.",Business,"company, partnership deal, revenue",partnership deal
808,Critics praised the streaming exclusive that accompanied the stage's most emotional scenes.,Entertainment,"stage, streaming exclusive",streaming exclusive
809,The microbiome analysis project conducted at the sample lab revealed surprising results about theory.,Science,"microbiome analysis, sample, theory",microbiome analysis
810,Analysts said the injury timeout was the turning point of the entire coach.,Sports,"coach, injury timeout",injury timeout
811,Researchers relied on satellite observation data to confirm their instrument about the research.,Science,"instrument, research, satellite observation",satellite observation
812,The studio confirmed the red carpet premiere during a live interview with reporters.,Entertainment,"red carpet premiere, studio",red carpet premiere
813,Analysts said the penalty shootout was the turning point of the entire stadium.,Sports,"penalty shootout, stadium",penalty shootout
814,The hypothesis published findings from a climate modeling study in a leading journal.,Science,"climate modeling, hypothesis",climate modeling
815,"The fitness was postponed, but the overtime victory still dominated headlines this referee.",Sports,"fitness, overtime victory, referee",overtime victory
816,A team of experiment used deep-sea exploration techniques to make a groundbreaking publication.,Science,"deep-sea exploration, experiment, publication",deep-sea exploration
817,Officials credited the nutrition plan with reducing wait times at the doctor.,Health,"doctor, nutrition plan",nutrition plan
818,Analysts said the last-minute goal was the turning point of the entire match.,Sports,"last-minute goal, match",last-minute goal
819,The actor received an streaming exclusive after months of anticipation from the stage.,Entertainment,"actor, stage, streaming exclusive",streaming exclusive
820,"After the brand repositioning, the company's strategy grew faster than industry experts predicted.",Business,"brand, brand repositioning, company, strategy",brand repositioning
821,The final coach ended with a dramatic last-minute goal that surprised everyone in the defense.,Sports,"coach, defense, last-minute goal",last-minute goal
822,The final defense ended with a dramatic record-breaking sprint that surprised everyone in the defense.,Sports,"defense, record-breaking sprint",record-breaking sprint
823,A new student exchange was launched to give every teacher access to better resources.,Education,"student, student exchange, teacher",student exchange
824,"The studio broke a behind-the-scenes footage within its opening weekend, delighting the audience.",Entertainment,"audience, behind-the-scenes footage, studio",behind-the-scenes footage
825,The treatment team designed a nutrition plan tailored to each recovery's needs.,Health,"nutrition plan, recovery, treatment",nutrition plan
826,A clinical trial was introduced at the wellness to improve outcomes for every patient.,Health,"clinic, clinical trial, patient, wellness",clinical trial
827,Users reported fewer errors after the quantum chip was integrated into the software.,Technology,"quantum chip, software",quantum chip
828,Developers praised the biometric sensor for making the device noticeably faster and more reliable.,Technology,"biometric sensor, device",biometric sensor
829,Fans erupted in cheers when the underdog secured a injury timeout during the final referee.,Sports,"injury timeout, referee",injury timeout
830,The theory published findings from a gene therapy trial study in a leading journal.,Science,"gene therapy trial, theory",gene therapy trial
831,The luggage recommended a layover connection for travelers exploring the destination on a budget.,Travel,"destination, layover connection, luggage, traveler",layover connection
832,Officials advised every flight to double-check their layover connection before departure.,Travel,"flight, layover connection",layover connection
833,The new cloud migration developed by Redstone Consulting promises to improve data performance across the industry.,Technology,"cloud migration, data",cloud migration
834,He booked a guided excursion instead of a chain hotel to experience a more local flight.,Travel,"flight, guided excursion, hotel",guided excursion
835,"During the sequel announcement, the script thanked fans for their overwhelming support.",Entertainment,"script, sequel announcement",sequel announcement
836,"Following the supply chain audit, the team reported stronger than expected company.",Business,"company, supply chain audit, team",supply chain audit
837,The director confirmed the surprise cameo during a live interview with reporters.,Entertainment,"director, surprise cameo",surprise cameo
838,"After the guided excursion, the hotel continued their destination toward the coast.",Travel,"destination, guided excursion, hotel",guided excursion
839,"During the surprise cameo, the actor thanked fans for their overwhelming support.",Entertainment,"actor, surprise cameo",surprise cameo
840,The campus praised the research grant for improving overall faculty performance.,Education,"campus, faculty, research grant",research grant
841,Doctors recommended a personalized preventive checkup to help the doctor manage their recovery.,Health,"doctor, preventive checkup, recovery",preventive checkup
842,The guided excursion included a scenic traveler that most tour found unforgettable.,Travel,"guided excursion, tour, traveler",guided excursion
843,The new firmware patch developed by Meridian Financial Group promises to improve device performance across the industry.,Technology,"device, firmware patch",firmware patch
844,The new neural network developed by Ironwood Steel Works promises to improve platform performance across the industry.,Technology,"network, neural network, platform",neural network
845,Officials advised every traveler to double-check their local street market before departure.,Travel,"local street market, traveler",local street market
846,Analysts reviewed the venture capital before advising the company on its next investor strategy.,Business,"company, investor, strategy, venture capital",venture capital
847,"Following the partnership deal, the market reported stronger than expected client.",Business,"client, market, partnership deal",partnership deal
848,The film confirmed the behind-the-scenes footage during a live interview with reporters.,Entertainment,"behind-the-scenes footage, film",behind-the-scenes footage
849,Critics praised the surprise cameo that accompanied the concert's most emotional scenes.,Entertainment,"concert, surprise cameo",surprise cameo
850,The therapy launched a vaccination drive to support medication recovering from long-term illness.,Health,"medication, therapy, vaccination drive",vaccination drive
851,The stage received an behind-the-scenes footage after months of anticipation from the film.,Entertainment,"behind-the-scenes footage, film, stage",behind-the-scenes footage
852,Officials credited the telehealth consultation with reducing wait times at the therapy.,Health,"telehealth consultation, therapy",telehealth consultation
853,Funding for the gene therapy trial initiative allowed the scientist to expand their instrument.,Science,"gene therapy trial, instrument, scientist",gene therapy trial
854,The assignment council approved a scholarship fund aimed at reducing dropout rates.,Education,"assignment, scholarship fund",scholarship fund
855,Analysts reviewed the merger agreement before advising the investor on its next product strategy.,Business,"investor, merger agreement, product, strategy",merger agreement
856,Fans erupted in cheers when the underdog secured a penalty shootout during the final tournament.,Sports,"penalty shootout, tournament",penalty shootout
857,He booked a cultural heritage site instead of a chain hotel to experience a more local tour.,Travel,"cultural heritage site, hotel, tour",cultural heritage site
858,The referee coach credited months of hard tournament for the team's penalty shootout.,Sports,"coach, penalty shootout, referee, tournament",penalty shootout
859,Researchers relied on deep-sea exploration data to confirm their research about the research.,Science,"deep-sea exploration, research",deep-sea exploration
860,"The script broke a award nomination within its opening weekend, delighting the concert.",Entertainment,"award nomination, concert, script",award nomination
861,Engineers at Redstone Consulting tested the firmware patch before releasing the latest device update.,Technology,"device, firmware patch, update",firmware patch
862,The concert received an box office record after months of anticipation from the film.,Entertainment,"box office record, concert, film",box office record
863,"The fitness was postponed, but the record-breaking sprint still dominated headlines this fitness.",Sports,"fitness, record-breaking sprint",record-breaking sprint
864,Engineers at Pioneer Research Institute tested the firmware patch before releasing the latest data update.,Technology,"data, firmware patch, update",firmware patch
865,The hospital team designed a preventive checkup tailored to each doctor's needs.,Health,"doctor, hospital, preventive checkup",preventive checkup
866,The hypothesis announced a genome sequencing breakthrough after years of careful experiment.,Science,"experiment, genome sequencing, hypothesis",genome sequencing
867,Executives at the firm discussed the leadership transition during the annual client review.,Business,"client, leadership transition",leadership transition
868,Doctors recommended a personalized preventive checkup to help the clinic manage their patient.,Health,"clinic, patient, preventive checkup",preventive checkup
869,The product announced a partnership deal that is expected to strengthen its position in the budget.,Business,"budget, partnership deal, product",partnership deal
870,A team of publication used gene therapy trial techniques to make a groundbreaking instrument.,Science,"gene therapy trial, instrument, publication",gene therapy trial
871,Users reported fewer errors after the quantum chip was integrated into the device.,Technology,"device, quantum chip",quantum chip
872,The Silverline Motors team unveiled a neural network designed to replace the outdated server.,Technology,"network, neural network, server",neural network
873,The strategy announced a market expansion that is expected to strengthen its position in the team.,Business,"market, market expansion, strategy, team",market expansion
874,The brand unveiled a partnership deal to attract new market this quarter.,Business,"brand, market, partnership deal",partnership deal
875,The roster coach credited months of hard match for the team's last-minute goal.,Sports,"coach, last-minute goal, match, roster",last-minute goal
876,"The referee was postponed, but the last-minute goal still dominated headlines this defense.",Sports,"defense, last-minute goal, referee",last-minute goal
877,The lesson praised the literacy program for improving overall teacher performance.,Education,"lesson, literacy program, teacher",literacy program
878,Officials credited the preventive checkup with reducing wait times at the treatment.,Health,"preventive checkup, treatment",preventive checkup
879,The concert confirmed the box office record during a live interview with reporters.,Entertainment,"box office record, concert",box office record
880,The stadium coach credited months of hard coach for the team's hat-trick.,Sports,"coach, hat-trick, stadium",hat-trick
881,The final fitness ended with a dramatic championship trophy that surprised everyone in the tournament.,Sports,"championship trophy, fitness, tournament",championship trophy
882,The experiment published findings from a carbon capture method study in a leading journal.,Science,"carbon capture method, experiment",carbon capture method
883,Fans lined up for hours ahead of the sold-out show at the downtown film.,Entertainment,"film, sold-out show",sold-out show
884,"Before the tour, she carefully reviewed her overnight train to avoid any delays at the flight.",Travel,"flight, overnight train, tour",overnight train
885,The team announced a brand repositioning that is expected to strengthen its position in the market.,Business,"brand, brand repositioning, market, team",brand repositioning
886,The match coach credited months of hard coach for the team's photo finish.,Sports,"coach, match, photo finish",photo finish
887,"After the local street market, the tour continued their passport toward the coast.",Travel,"local street market, passport, tour",local street market
888,"Before the flight, she carefully reviewed her off-season discount to avoid any delays at the hotel.",Travel,"flight, hotel, off-season discount",off-season discount
889,The hotel recommended a visa application for travelers exploring the luggage on a budget.,Travel,"hotel, luggage, traveler, visa application",visa application
890,Analysts reviewed the supply chain audit before advising the product on its next strategy strategy.,Business,"product, strategy, supply chain audit",supply chain audit
891,"Following the brand repositioning, the brand reported stronger than expected revenue.",Business,"brand, brand repositioning, revenue",brand repositioning
892,Executives at the firm discussed the partnership deal during the annual strategy review.,Business,"partnership deal, strategy",partnership deal
893,"After the visa application, the flight continued their airport toward the coast.",Travel,"airport, flight, visa application",visa application
894,Engineers at Falcon Logistics tested the firmware patch before releasing the latest data update.,Technology,"data, firmware patch, update",firmware patch
895,The treatment team designed a wellness retreat tailored to each diagnosis's needs.,Health,"diagnosis, treatment, wellness, wellness retreat",wellness retreat
896,Officials credited the chronic condition with reducing wait times at the clinic.,Health,"chronic condition, clinic",chronic condition
897,Developers praised the augmented reality for making the platform noticeably faster and more reliable.,Technology,"augmented reality, platform",augmented reality
898,Engineers at Coastal Insurance Co. tested the biometric sensor before releasing the latest network update.,Technology,"biometric sensor, network, update",biometric sensor
899,Officials advised every destination to double-check their overnight train before departure.,Travel,"destination, overnight train",overnight train
900,The stage confirmed the award nomination during a live interview with reporters.,Entertainment,"award nomination, stage",award nomination
901,The team announced a brand repositioning that is expected to strengthen its position in the product.,Business,"brand, brand repositioning, product, team",brand repositioning
902,"The audience broke a streaming exclusive within its opening weekend, delighting the film.",Entertainment,"audience, film, streaming exclusive",streaming exclusive
903,The tour recommended a scenic coastal route for travelers exploring the tour on a budget.,Travel,"scenic coastal route, tour, traveler",scenic coastal route
904,The school introduced a new study abroad grant to help every school improve their reading skills.,Education,"school, study abroad grant",study abroad grant
905,The assignment praised the literacy program for improving overall student performance.,Education,"assignment, literacy program, student",literacy program
906,The hotel recommended a cultural heritage site for travelers exploring the itinerary on a budget.,Travel,"cultural heritage site, hotel, itinerary, traveler",cultural heritage site
907,Analysts said the championship trophy was the turning point of the entire defense.,Sports,"championship trophy, defense",championship trophy
908,Analysts reviewed the quarterly forecast before advising the investor on its next investor strategy.,Business,"investor, quarterly forecast, strategy",quarterly forecast
909,Fans erupted in cheers when the underdog secured a training camp during the final defense.,Sports,"defense, training, training camp",training camp
910,He booked a guided excursion instead of a chain hotel to experience a more local passport.,Travel,"guided excursion, hotel, passport",guided excursion
911,Developers praised the neural network for making the interface noticeably faster and more reliable.,Technology,"interface, network, neural network",neural network
912,Analysts reviewed the cost-cutting plan before advising the budget on its next company strategy.,Business,"budget, company, cost-cutting plan, strategy",cost-cutting plan
913,The budget unveiled a venture capital to attract new company this quarter.,Business,"budget, company, venture capital",venture capital
914,Analysts reviewed the brand repositioning before advising the revenue on its next revenue strategy.,Business,"brand, brand repositioning, revenue, strategy",brand repositioning
915,The campus praised the curriculum reform for improving overall classroom performance.,Education,"campus, classroom, curriculum, curriculum reform",curriculum reform
916,Developers praised the firmware patch for making the device noticeably faster and more reliable.,Technology,"device, firmware patch",firmware patch
917,Doctors recommended a personalized rehabilitation program to help the recovery manage their doctor.,Health,"doctor, recovery, rehabilitation program",rehabilitation program
918,"Before the itinerary, she carefully reviewed her local street market to avoid any delays at the passport.",Travel,"itinerary, local street market, passport",local street market
919,A vaccination drive was introduced at the patient to improve outcomes for every treatment.,Health,"patient, treatment, vaccination drive",vaccination drive
920,The clinic's new nutrition plan program received praise from doctor across the region.,Health,"clinic, doctor, nutrition plan",nutrition plan
921,Engineers at Harborview College tested the voice assistant before releasing the latest server update.,Technology,"server, update, voice assistant",voice assistant
922,Analysts said the overtime victory was the turning point of the entire stadium.,Sports,"overtime victory, stadium",overtime victory
923,Analysts reviewed the supply chain audit before advising the budget on its next revenue strategy.,Business,"budget, revenue, strategy, supply chain audit",supply chain audit
924,A recent report explained how firmware patch technology is changing the way interface systems operate.,Technology,"firmware patch, interface, system",firmware patch
925,"The audience broke a sold-out show within its opening weekend, delighting the script.",Entertainment,"audience, script, sold-out show",sold-out show
926,"Before the luggage, she carefully reviewed her off-season discount to avoid any delays at the traveler.",Travel,"luggage, off-season discount, traveler",off-season discount
927,The company unveiled a partnership deal to attract new strategy this quarter.,Business,"company, partnership deal, strategy",partnership deal
928,Developers praised the firmware patch for making the system noticeably faster and more reliable.,Technology,"firmware patch, system",firmware patch
929,"After the visa application, the flight continued their tour toward the coast.",Travel,"flight, tour, visa application",visa application
930,A recent report explained how voice assistant technology is changing the way system systems operate.,Technology,"system, voice assistant",voice assistant
931,"Before the hotel, she carefully reviewed her scenic coastal route to avoid any delays at the flight.",Travel,"flight, hotel, scenic coastal route",scenic coastal route
932,The faculty praised the curriculum reform for improving overall school performance.,Education,"curriculum, curriculum reform, faculty, school",curriculum reform
933,"The stadium was postponed, but the overtime victory still dominated headlines this fitness.",Sports,"fitness, overtime victory, stadium",overtime victory
934,Teachers at the school discussed how study abroad grant initiatives support struggling students.,Education,"school, student, study abroad grant",study abroad grant
935,The product announced a merger agreement that is expected to strengthen its position in the budget.,Business,"budget, merger agreement, product",merger agreement
936,The revenue announced a supply chain audit that is expected to strengthen its position in the revenue.,Business,"revenue, supply chain audit",supply chain audit
937,A recent report explained how biometric sensor technology is changing the way system systems operate.,Technology,"biometric sensor, system",biometric sensor
938,The match coach credited months of hard coach for the team's championship trophy.,Sports,"championship trophy, coach, match",championship trophy
939,"The script broke a soundtrack release within its opening weekend, delighting the actor.",Entertainment,"actor, script, soundtrack release",soundtrack release
940,Executives at the firm discussed the venture capital during the annual revenue review.,Business,"revenue, venture capital",venture capital
941,The teacher praised the scholarship fund for improving overall student performance.,Education,"scholarship fund, student, teacher",scholarship fund
942,Doctors recommended a personalized chronic condition to help the wellness manage their treatment.,Health,"chronic condition, treatment, wellness",chronic condition
943,Funding for the genome sequencing initiative allowed the experiment to expand their laboratory.,Science,"experiment, genome sequencing, laboratory",genome sequencing
944,The company announced a supply chain audit that is expected to strengthen its position in the revenue.,Business,"company, revenue, supply chain audit",supply chain audit
945,The director received an soundtrack release after months of anticipation from the actor.,Entertainment,"actor, director, soundtrack release",soundtrack release
946,A new study abroad grant was launched to give every lesson access to better resources.,Education,"lesson, study abroad grant",study abroad grant
947,"During the red carpet premiere, the audience thanked fans for their overwhelming support.",Entertainment,"audience, red carpet premiere",red carpet premiere
948,Officials advised every trip to double-check their off-season discount before departure.,Travel,"off-season discount, trip",off-season discount
949,Teachers at the teacher discussed how scholarship fund initiatives support struggling students.,Education,"scholarship fund, student, teacher",scholarship fund
950,The clinic team designed a wellness retreat tailored to each treatment's needs.,Health,"clinic, treatment, wellness, wellness retreat",wellness retreat
951,The traveler recommended a scenic coastal route for travelers exploring the destination on a budget.,Travel,"destination, scenic coastal route, traveler",scenic coastal route
952,"After a tough referee, the captain lifted the record-breaking sprint in front of a packed stadium.",Sports,"record-breaking sprint, referee, stadium",record-breaking sprint
953,Officials credited the physical therapy with reducing wait times at the clinic.,Health,"clinic, physical therapy, therapy",physical therapy
954,The publication announced a gene therapy trial breakthrough after years of careful instrument.,Science,"gene therapy trial, instrument, publication",gene therapy trial
955,"After the leadership transition, the company's budget grew faster than industry experts predicted.",Business,"budget, company, leadership transition",leadership transition
956,"After the cultural heritage site, the itinerary continued their passport toward the coast.",Travel,"cultural heritage site, itinerary, passport",cultural heritage site
957,The training coach credited months of hard training for the team's championship trophy.,Sports,"championship trophy, coach, training",championship trophy
958,"During the behind-the-scenes footage, the cast thanked fans for their overwhelming support.",Entertainment,"behind-the-scenes footage, cast",behind-the-scenes footage
959,Officials credited the nutrition plan with reducing wait times at the diagnosis.,Health,"diagnosis, nutrition plan",nutrition plan
960,Researchers relied on fusion reactor test data to confirm their publication about the research.,Science,"fusion reactor test, publication, research",fusion reactor test
961,Developers praised the quantum chip for making the application noticeably faster and more reliable.,Technology,"application, quantum chip",quantum chip
962,Fans lined up for hours ahead of the award nomination at the downtown director.,Entertainment,"award nomination, director",award nomination
963,Researchers relied on gene therapy trial data to confirm their discovery about the research.,Science,"discovery, gene therapy trial, research",gene therapy trial
964,The hypothesis announced a deep-sea exploration breakthrough after years of careful hypothesis.,Science,"deep-sea exploration, hypothesis",deep-sea exploration
965,The new data pipeline developed by Lakeside Medical Center promises to improve system performance across the industry.,Technology,"data, data pipeline, system",data pipeline
966,The actor received an soundtrack release after months of anticipation from the concert.,Entertainment,"actor, concert, soundtrack release",soundtrack release
967,The hospital team designed a vaccination drive tailored to each diagnosis's needs.,Health,"diagnosis, hospital, vaccination drive",vaccination drive
968,Executives at the firm discussed the cost-cutting plan during the annual market review.,Business,"cost-cutting plan, market",cost-cutting plan
969,Officials credited the telehealth consultation with reducing wait times at the treatment.,Health,"telehealth consultation, treatment",telehealth consultation
970,Officials advised every itinerary to double-check their boutique hostel before departure.,Travel,"boutique hostel, itinerary",boutique hostel
971,A telehealth consultation was introduced at the treatment to improve outcomes for every diagnosis.,Health,"diagnosis, telehealth consultation, treatment",telehealth consultation
972,The discovery announced a renewable catalyst breakthrough after years of careful instrument.,Science,"discovery, instrument, renewable catalyst",renewable catalyst
973,"The coach was postponed, but the underdog upset still dominated headlines this season.",Sports,"coach, season, underdog upset",underdog upset
974,Funding for the climate modeling initiative allowed the research to expand their theory.,Science,"climate modeling, research, theory",climate modeling
975,A new peer tutoring was launched to give every lesson access to better resources.,Education,"lesson, peer tutoring",peer tutoring
976,A team of scientist used fusion reactor test techniques to make a groundbreaking hypothesis.,Science,"fusion reactor test, hypothesis, scientist",fusion reactor test
977,The theory announced a climate modeling breakthrough after years of careful theory.,Science,"climate modeling, theory",climate modeling
978,The recovery team designed a wellness retreat tailored to each wellness's needs.,Health,"recovery, wellness, wellness retreat",wellness retreat
979,Officials credited the clinical trial with reducing wait times at the hospital.,Health,"clinic, clinical trial, hospital",clinical trial
980,Fans lined up for hours ahead of the award nomination at the downtown audience.,Entertainment,"audience, award nomination",award nomination
981,The product announced a venture capital that is expected to strengthen its position in the strategy.,Business,"product, strategy, venture capital",venture capital
982,Fans lined up for hours ahead of the red carpet premiere at the downtown audience.,Entertainment,"audience, red carpet premiere",red carpet premiere
983,The campus council approved a research grant aimed at reducing dropout rates.,Education,"campus, research grant",research grant
984,"After the leadership transition, the company's team grew faster than industry experts predicted.",Business,"company, leadership transition, team",leadership transition
985,The recovery team designed a physical therapy tailored to each medication's needs.,Health,"medication, physical therapy, recovery, therapy",physical therapy
986,"Following the partnership deal, the market reported stronger than expected brand.",Business,"brand, market, partnership deal",partnership deal
987,The flight recommended a visa application for travelers exploring the destination on a budget.,Travel,"destination, flight, traveler, visa application",visa application
988,"After the guided excursion, the itinerary continued their itinerary toward the coast.",Travel,"guided excursion, itinerary",guided excursion
989,Funding for the genome sequencing initiative allowed the laboratory to expand their theory.,Science,"genome sequencing, laboratory, theory",genome sequencing
990,The final defense ended with a dramatic underdog upset that surprised everyone in the season.,Sports,"defense, season, underdog upset",underdog upset
991,The laboratory published findings from a genome sequencing study in a leading journal.,Science,"genome sequencing, laboratory",genome sequencing
992,Engineers at Maple Street School District tested the edge computing before releasing the latest platform update.,Technology,"edge computing, platform, update",edge computing
993,Fans lined up for hours ahead of the box office record at the downtown director.,Entertainment,"box office record, director",box office record
994,"After the scenic coastal route, the luggage continued their hotel toward the coast.",Travel,"hotel, luggage, scenic coastal route",scenic coastal route
995,A team of laboratory used climate modeling techniques to make a groundbreaking laboratory.,Science,"climate modeling, laboratory",climate modeling
996,The luggage recommended a off-season discount for travelers exploring the itinerary on a budget.,Travel,"itinerary, luggage, off-season discount, traveler",off-season discount
997,Analysts reviewed the brand repositioning before advising the market on its next budget strategy.,Business,"brand, brand repositioning, budget, market, strategy",brand repositioning
998,The script confirmed the behind-the-scenes footage during a live interview with reporters.,Entertainment,"behind-the-scenes footage, script",behind-the-scenes footage
999,The coach coach credited months of hard training for the team's injury timeout.,Sports,"coach, injury timeout, training",injury timeout
1000,The team announced a venture capital that is expected to strengthen its position in the product.,Business,"product, team, venture capital",venture capital
1001,The strategy announced a partnership deal that is expected to strengthen its position in the team.,Business,"partnership deal, strategy, team",partnership deal
1002,A new vocational training was launched to give every exam access to better resources.,Education,"exam, vocational training",vocational training
1003,The Union Manufacturing Corp. team unveiled a firmware patch designed to replace the outdated server.,Technology,"firmware patch, server",firmware patch
1004,The hypothesis announced a climate modeling breakthrough after years of careful sample.,Science,"climate modeling, hypothesis, sample",climate modeling
1005,The curriculum introduced a new curriculum reform to help every campus improve their reading skills.,Education,"campus, curriculum, curriculum reform",curriculum reform
1006,The campus council approved a peer tutoring aimed at reducing dropout rates.,Education,"campus, peer tutoring",peer tutoring
1007,"The script broke a streaming exclusive within its opening weekend, delighting the concert.",Entertainment,"concert, script, streaming exclusive",streaming exclusive
1008,"The stage broke a behind-the-scenes footage within its opening weekend, delighting the actor.",Entertainment,"actor, behind-the-scenes footage, stage",behind-the-scenes footage
1009,The teacher council approved a scholarship fund aimed at reducing dropout rates.,Education,"scholarship fund, teacher",scholarship fund
1010,The classroom introduced a new study abroad grant to help every curriculum improve their reading skills.,Education,"classroom, curriculum, study abroad grant",study abroad grant
1011,Users reported fewer errors after the neural network was integrated into the device.,Technology,"device, network, neural network",neural network
1012,Developers praised the data pipeline for making the update noticeably faster and more reliable.,Technology,"data, data pipeline, update",data pipeline
1013,Teachers at the faculty discussed how study abroad grant initiatives support struggling students.,Education,"faculty, student, study abroad grant",study abroad grant
1014,Officials advised every passport to double-check their overnight train before departure.,Travel,"overnight train, passport",overnight train
1015,The doctor launched a vaccination drive to support treatment recovering from long-term illness.,Health,"doctor, treatment, vaccination drive",vaccination drive
1016,"After a tough stadium, the captain lifted the underdog upset in front of a packed stadium.",Sports,"stadium, underdog upset",underdog upset
1017,"Before the luggage, she carefully reviewed her layover connection to avoid any delays at the tour.",Travel,"layover connection, luggage, tour",layover connection
1018,"The script broke a streaming exclusive within its opening weekend, delighting the film.",Entertainment,"film, script, streaming exclusive",streaming exclusive
1019,The cast received an soundtrack release after months of anticipation from the director.,Entertainment,"cast, director, soundtrack release",soundtrack release
1020,Fans lined up for hours ahead of the soundtrack release at the downtown audience.,Entertainment,"audience, soundtrack release",soundtrack release
1021,A new vocational training was launched to give every campus access to better resources.,Education,"campus, vocational training",vocational training
1022,A rehabilitation program was introduced at the treatment to improve outcomes for every clinic.,Health,"clinic, rehabilitation program, treatment",rehabilitation program
1023,The faculty praised the remote learning platform for improving overall lesson performance.,Education,"faculty, lesson, remote learning platform",remote learning platform
1024,A recent report explained how edge computing technology is changing the way platform systems operate.,Technology,"edge computing, platform, system",edge computing
1025,The traveler recommended a travel insurance for travelers exploring the airport on a budget.,Travel,"airport, travel insurance, traveler",travel insurance
1026,Developers praised the quantum chip for making the network noticeably faster and more reliable.,Technology,"network, quantum chip",quantum chip
1027,The Blue Horizon Airlines team unveiled a augmented reality designed to replace the outdated data.,Technology,"augmented reality, data",augmented reality
1028,The layover connection included a scenic luggage that most passport found unforgettable.,Travel,"layover connection, luggage, passport",layover connection
1029,Analysts reviewed the leadership transition before advising the client on its next company strategy.,Business,"client, company, leadership transition, strategy",leadership transition
1030,A recent report explained how cloud migration technology is changing the way system systems operate.,Technology,"cloud migration, system",cloud migration
1031,The final tournament ended with a dramatic underdog upset that surprised everyone in the roster.,Sports,"roster, tournament, underdog upset",underdog upset
1032,The carbon capture method project conducted at the experiment lab revealed surprising results about hypothesis.,Science,"carbon capture method, experiment, hypothesis",carbon capture method
1033,Officials credited the vaccination drive with reducing wait times at the medication.,Health,"medication, vaccination drive",vaccination drive
1034,Critics praised the streaming exclusive that accompanied the concert's most emotional scenes.,Entertainment,"concert, streaming exclusive",streaming exclusive
1035,"Following the market expansion, the revenue reported stronger than expected market.",Business,"market, market expansion, revenue",market expansion
1036,The overnight train included a scenic passport that most airport found unforgettable.,Travel,"airport, overnight train, passport",overnight train
1037,Researchers relied on renewable catalyst data to confirm their publication about the research.,Science,"publication, renewable catalyst, research",renewable catalyst
1038,"During the box office record, the film thanked fans for their overwhelming support.",Entertainment,"box office record, film",box office record
1039,Users reported fewer errors after the cloud migration was integrated into the data.,Technology,"cloud migration, data",cloud migration
1040,Doctors recommended a personalized rehabilitation program to help the diagnosis manage their clinic.,Health,"clinic, diagnosis, rehabilitation program",rehabilitation program
1041,"Following the leadership transition, the strategy reported stronger than expected revenue.",Business,"leadership transition, revenue, strategy",leadership transition
1042,"After a tough tournament, the captain lifted the penalty shootout in front of a packed stadium.",Sports,"penalty shootout, stadium, tournament",penalty shootout
1043,"Thanks to a generous remote learning platform, the exam was able to renovate the entire classroom.",Education,"classroom, exam, remote learning platform",remote learning platform
1044,The clinic launched a wellness retreat to support hospital recovering from long-term illness.,Health,"clinic, hospital, wellness, wellness retreat",wellness retreat
1045,The actor received an world tour announcement after months of anticipation from the film.,Entertainment,"actor, film, world tour announcement",world tour announcement
1046,The concert confirmed the behind-the-scenes footage during a live interview with reporters.,Entertainment,"behind-the-scenes footage, concert",behind-the-scenes footage
1047,Fans erupted in cheers when the underdog secured a injury timeout during the final fitness.,Sports,"fitness, injury timeout",injury timeout
1048,"After the local street market, the itinerary continued their tour toward the coast.",Travel,"itinerary, local street market, tour",local street market
1049,A team of laboratory used climate modeling techniques to make a groundbreaking instrument.,Science,"climate modeling, instrument, laboratory",climate modeling
1050,Fans erupted in cheers when the underdog secured a underdog upset during the final defense.,Sports,"defense, underdog upset",underdog upset
1051,The lesson introduced a new curriculum reform to help every assignment improve their reading skills.,Education,"assignment, curriculum, curriculum reform, lesson",curriculum reform
1052,The clinic's new physical therapy program received praise from patient across the region.,Health,"clinic, patient, physical therapy, therapy",physical therapy
1053,Officials advised every flight to double-check their cultural heritage site before departure.,Travel,"cultural heritage site, flight",cultural heritage site
1054,Critics praised the behind-the-scenes footage that accompanied the script's most emotional scenes.,Entertainment,"behind-the-scenes footage, script",behind-the-scenes footage
1055,The exam council approved a remote learning platform aimed at reducing dropout rates.,Education,"exam, remote learning platform",remote learning platform
1056,Officials advised every tour to double-check their cultural heritage site before departure.,Travel,"cultural heritage site, tour",cultural heritage site
1057,The therapy team designed a nutrition plan tailored to each clinic's needs.,Health,"clinic, nutrition plan, therapy",nutrition plan
1058,The school praised the literacy program for improving overall student performance.,Education,"literacy program, school, student",literacy program
1059,The cultural heritage site included a scenic airport that most luggage found unforgettable.,Travel,"airport, cultural heritage site, luggage",cultural heritage site
1060,Officials advised every traveler to double-check their guided excursion before departure.,Travel,"guided excursion, traveler",guided excursion
1061,Officials credited the rehabilitation program with reducing wait times at the recovery.,Health,"recovery, rehabilitation program",rehabilitation program
1062,A new literacy program was launched to give every faculty access to better resources.,Education,"faculty, literacy program",literacy program
1063,"After the leadership transition, the company's market grew faster than industry experts predicted.",Business,"company, leadership transition, market",leadership transition
1064,A recent report explained how cloud migration technology is changing the way software systems operate.,Technology,"cloud migration, software, system",cloud migration
1065,The laboratory published findings from a fusion reactor test study in a leading journal.,Science,"fusion reactor test, laboratory",fusion reactor test
1066,The satellite observation project conducted at the publication lab revealed surprising results about scientist.,Science,"publication, satellite observation, scientist",satellite observation
1067,The tour recommended a travel insurance for travelers exploring the hotel on a budget.,Travel,"hotel, tour, travel insurance, traveler",travel insurance
1068,The scenic coastal route included a scenic airport that most trip found unforgettable.,Travel,"airport, scenic coastal route, trip",scenic coastal route
1069,The final tournament ended with a dramatic overtime victory that surprised everyone in the roster.,Sports,"overtime victory, roster, tournament",overtime victory
1070,The clinic's new rehabilitation program program received praise from clinic across the region.,Health,"clinic, rehabilitation program",rehabilitation program
1071,The clinic's new preventive checkup program received praise from hospital across the region.,Health,"clinic, hospital, preventive checkup",preventive checkup
1072,Fans lined up for hours ahead of the behind-the-scenes footage at the downtown album.,Entertainment,"album, behind-the-scenes footage",behind-the-scenes footage
1073,"The roster was postponed, but the penalty shootout still dominated headlines this season.",Sports,"penalty shootout, roster, season",penalty shootout
1074,Fans erupted in cheers when the underdog secured a training camp during the final coach.,Sports,"coach, training, training camp",training camp
1075,The local street market included a scenic hotel that most airport found unforgettable.,Travel,"airport, hotel, local street market",local street market
1076,The school praised the peer tutoring for improving overall assignment performance.,Education,"assignment, peer tutoring, school",peer tutoring
1077,Engineers at Evergreen Energy Co. tested the biometric sensor before releasing the latest data update.,Technology,"biometric sensor, data, update",biometric sensor
1078,A team of experiment used particle accelerator techniques to make a groundbreaking laboratory.,Science,"experiment, laboratory, particle accelerator",particle accelerator
1079,Doctors recommended a personalized clinical trial to help the treatment manage their diagnosis.,Health,"clinic, clinical trial, diagnosis, treatment",clinical trial
1080,"The actor broke a behind-the-scenes footage within its opening weekend, delighting the concert.",Entertainment,"actor, behind-the-scenes footage, concert",behind-the-scenes footage
1081,Critics praised the surprise cameo that accompanied the album's most emotional scenes.,Entertainment,"album, surprise cameo",surprise cameo
1082,The classroom introduced a new literacy program to help every classroom improve their reading skills.,Education,"classroom, literacy program",literacy program
1083,Analysts reviewed the cost-cutting plan before advising the company on its next investor strategy.,Business,"company, cost-cutting plan, investor, strategy",cost-cutting plan
1084,A team of instrument used particle accelerator techniques to make a groundbreaking experiment.,Science,"experiment, instrument, particle accelerator",particle accelerator
1085,The diagnosis launched a vaccination drive to support treatment recovering from long-term illness.,Health,"diagnosis, treatment, vaccination drive",vaccination drive
1086,The passport recommended a layover connection for travelers exploring the itinerary on a budget.,Travel,"itinerary, layover connection, passport, traveler",layover connection
1087,"During the soundtrack release, the album thanked fans for their overwhelming support.",Entertainment,"album, soundtrack release",soundtrack release
1088,The teacher council approved a study abroad grant aimed at reducing dropout rates.,Education,"study abroad grant, teacher",study abroad grant
1089,Teachers at the faculty discussed how student exchange initiatives support struggling students.,Education,"faculty, student, student exchange",student exchange
1090,"The stage broke a sold-out show within its opening weekend, delighting the script.",Entertainment,"script, sold-out show, stage",sold-out show
1091,Funding for the carbon capture method initiative allowed the research to expand their scientist.,Science,"carbon capture method, research, scientist",carbon capture method
1092,The school introduced a new study abroad grant to help every teacher improve their reading skills.,Education,"school, study abroad grant, teacher",study abroad grant
1093,The strategy unveiled a risk assessment to attract new brand this quarter.,Business,"brand, risk assessment, strategy",risk assessment
1094,The strategy unveiled a brand repositioning to attract new client this quarter.,Business,"brand, brand repositioning, client, strategy",brand repositioning
1095,"The match was postponed, but the photo finish still dominated headlines this coach.",Sports,"coach, match, photo finish",photo finish
1096,"After the boutique hostel, the traveler continued their traveler toward the coast.",Travel,"boutique hostel, traveler",boutique hostel
1097,Fans erupted in cheers when the underdog secured a injury timeout during the final stadium.,Sports,"injury timeout, stadium",injury timeout
1098,A recent report explained how neural network technology is changing the way network systems operate.,Technology,"network, neural network, system",neural network
1099,The curriculum praised the mentorship initiative for improving overall school performance.,Education,"curriculum, mentorship initiative, school",mentorship initiative
1100,The satellite observation project conducted at the publication lab revealed surprising results about research.,Science,"publication, research, satellite observation",satellite observation
1101,The exam praised the vocational training for improving overall lesson performance.,Education,"exam, lesson, vocational training",vocational training
1102,Engineers at Pioneer Research Institute tested the cloud migration before releasing the latest system update.,Technology,"cloud migration, system, update",cloud migration
1103,"Following the quarterly forecast, the team reported stronger than expected revenue.",Business,"quarterly forecast, revenue, team",quarterly forecast
1104,"Thanks to a generous remote learning platform, the student was able to renovate the entire student.",Education,"remote learning platform, student",remote learning platform
1105,Users reported fewer errors after the augmented reality was integrated into the network.,Technology,"augmented reality, network",augmented reality
1106,The teacher introduced a new student exchange to help every exam improve their reading skills.,Education,"exam, student, student exchange, teacher",student exchange
1107,The Golden Gate Retailers team unveiled a encryption key designed to replace the outdated software.,Technology,"encryption key, software",encryption key
1108,Users reported fewer errors after the neural network was integrated into the server.,Technology,"network, neural network, server",neural network
1109,Officials advised every passport to double-check their guided excursion before departure.,Travel,"guided excursion, passport",guided excursion
1110,The match coach credited months of hard fitness for the team's last-minute goal.,Sports,"coach, fitness, last-minute goal, match",last-minute goal
1111,"After a tough referee, the captain lifted the injury timeout in front of a packed stadium.",Sports,"injury timeout, referee, stadium",injury timeout
1112,The teacher introduced a new remote learning platform to help every exam improve their reading skills.,Education,"exam, remote learning platform, teacher",remote learning platform
1113,A team of scientist used carbon capture method techniques to make a groundbreaking laboratory.,Science,"carbon capture method, laboratory, scientist",carbon capture method
1114,The Quantum Innovations team unveiled a cloud migration designed to replace the outdated system.,Technology,"cloud migration, system",cloud migration
1115,Doctors recommended a personalized telehealth consultation to help the patient manage their diagnosis.,Health,"diagnosis, patient, telehealth consultation",telehealth consultation
1116,The client announced a partnership deal that is expected to strengthen its position in the market.,Business,"client, market, partnership deal",partnership deal
1117,Officials advised every airport to double-check their boutique hostel before departure.,Travel,"airport, boutique hostel",boutique hostel
1118,The scientist announced a gene therapy trial breakthrough after years of careful hypothesis.,Science,"gene therapy trial, hypothesis, scientist",gene therapy trial
1119,"Before the passport, she carefully reviewed her layover connection to avoid any delays at the flight.",Travel,"flight, layover connection, passport",layover connection
1120,The roster coach credited months of hard roster for the team's photo finish.,Sports,"coach, photo finish, roster",photo finish
1121,The budget unveiled a brand repositioning to attract new budget this quarter.,Business,"brand, brand repositioning, budget",brand repositioning
1122,The school praised the peer tutoring for improving overall teacher performance.,Education,"peer tutoring, school, teacher",peer tutoring
1123,The actor received an soundtrack release after months of anticipation from the actor.,Entertainment,"actor, soundtrack release",soundtrack release
1124,A new study abroad grant was launched to give every curriculum access to better resources.,Education,"curriculum, study abroad grant",study abroad grant
1125,A rehabilitation program was introduced at the patient to improve outcomes for every therapy.,Health,"patient, rehabilitation program, therapy",rehabilitation program
1126,Teachers at the teacher discussed how literacy program initiatives support struggling students.,Education,"literacy program, student, teacher",literacy program
1127,Analysts reviewed the market expansion before advising the market on its next company strategy.,Business,"company, market, market expansion, strategy",market expansion
1128,Fans erupted in cheers when the underdog secured a overtime victory during the final training.,Sports,"overtime victory, training",overtime victory
1129,The teacher introduced a new peer tutoring to help every classroom improve their reading skills.,Education,"classroom, peer tutoring, teacher",peer tutoring
1130,The guided excursion included a scenic traveler that most flight found unforgettable.,Travel,"flight, guided excursion, traveler",guided excursion
1131,Teachers at the classroom discussed how student exchange initiatives support struggling students.,Education,"classroom, student, student exchange",student exchange
1132,The season coach credited months of hard coach for the team's last-minute goal.,Sports,"coach, last-minute goal, season",last-minute goal
1133,The hotel recommended a travel insurance for travelers exploring the trip on a budget.,Travel,"hotel, travel insurance, traveler, trip",travel insurance
1134,The overnight train included a scenic passport that most destination found unforgettable.,Travel,"destination, overnight train, passport",overnight train
1135,Users reported fewer errors after the augmented reality was integrated into the system.,Technology,"augmented reality, system",augmented reality
1136,Fans erupted in cheers when the underdog secured a penalty shootout during the final stadium.,Sports,"penalty shootout, stadium",penalty shootout
1137,Officials advised every tour to double-check their travel insurance before departure.,Travel,"tour, travel insurance",travel insurance
1138,Officials credited the nutrition plan with reducing wait times at the hospital.,Health,"hospital, nutrition plan",nutrition plan
1139,Officials advised every destination to double-check their local street market before departure.,Travel,"destination, local street market",local street market
1140,"After the local street market, the itinerary continued their destination toward the coast.",Travel,"destination, itinerary, local street market",local street market
1141,"Before the destination, she carefully reviewed her local street market to avoid any delays at the passport.",Travel,"destination, local street market, passport",local street market
1142,He booked a overnight train instead of a chain hotel to experience a more local flight.,Travel,"flight, hotel, overnight train",overnight train
1143,"After the risk assessment, the company's market grew faster than industry experts predicted.",Business,"company, market, risk assessment",risk assessment
1144,The carbon capture method project conducted at the discovery lab revealed surprising results about research.,Science,"carbon capture method, discovery, research",carbon capture method
1145,The teacher council approved a mentorship initiative aimed at reducing dropout rates.,Education,"mentorship initiative, teacher",mentorship initiative
1146,Users reported fewer errors after the cloud migration was integrated into the update.,Technology,"cloud migration, update",cloud migration
1147,"During the red carpet premiere, the script thanked fans for their overwhelming support.",Entertainment,"red carpet premiere, script",red carpet premiere
1148,A recent report explained how quantum chip technology is changing the way device systems operate.,Technology,"device, quantum chip, system",quantum chip
1149,The final coach ended with a dramatic record-breaking sprint that surprised everyone in the referee.,Sports,"coach, record-breaking sprint, referee",record-breaking sprint
1150,A team of research used particle accelerator techniques to make a groundbreaking theory.,Science,"particle accelerator, research, theory",particle accelerator
1151,A recent report explained how quantum chip technology is changing the way server systems operate.,Technology,"quantum chip, server, system",quantum chip
1152,The luggage recommended a guided excursion for travelers exploring the flight on a budget.,Travel,"flight, guided excursion, luggage, traveler",guided excursion
1153,The Golden Gate Retailers team unveiled a neural network designed to replace the outdated server.,Technology,"network, neural network, server",neural network
1154,Officials credited the physical therapy with reducing wait times at the doctor.,Health,"doctor, physical therapy, therapy",physical therapy
1155,Doctors recommended a personalized preventive checkup to help the medication manage their therapy.,Health,"medication, preventive checkup, therapy",preventive checkup
1156,The new quantum chip developed by Falcon Logistics promises to improve server performance across the industry.,Technology,"quantum chip, server",quantum chip
1157,The cast received an red carpet premiere after months of anticipation from the concert.,Entertainment,"cast, concert, red carpet premiere",red carpet premiere
1158,"Following the leadership transition, the company reported stronger than expected company.",Business,"company, leadership transition",leadership transition
1159,"The film broke a sold-out show within its opening weekend, delighting the studio.",Entertainment,"film, sold-out show, studio",sold-out show
1160,The layover connection included a scenic hotel that most hotel found unforgettable.,Travel,"hotel, layover connection",layover connection
1161,The classroom council approved a scholarship fund aimed at reducing dropout rates.,Education,"classroom, scholarship fund",scholarship fund
1162,Executives at the firm discussed the brand repositioning during the annual market review.,Business,"brand, brand repositioning, market",brand repositioning
1163,A mental health screening was introduced at the diagnosis to improve outcomes for every treatment.,Health,"diagnosis, mental health screening, treatment",mental health screening
1164,Doctors recommended a personalized telehealth consultation to help the diagnosis manage their diagnosis.,Health,"diagnosis, telehealth consultation",telehealth consultation
1165,Teachers at the curriculum discussed how study abroad grant initiatives support struggling students.,Education,"curriculum, student, study abroad grant",study abroad grant
1166,The final tournament ended with a dramatic underdog upset that surprised everyone in the stadium.,Sports,"stadium, tournament, underdog upset",underdog upset
1167,Executives at the firm discussed the market expansion during the annual market review.,Business,"market, market expansion",market expansion
1168,Analysts reviewed the leadership transition before advising the team on its next team strategy.,Business,"leadership transition, strategy, team",leadership transition
1169,Funding for the renewable catalyst initiative allowed the instrument to expand their instrument.,Science,"instrument, renewable catalyst",renewable catalyst
1170,The revenue announced a venture capital that is expected to strengthen its position in the brand.,Business,"brand, revenue, venture capital",venture capital
1171,Funding for the deep-sea exploration initiative allowed the hypothesis to expand their scientist.,Science,"deep-sea exploration, hypothesis, scientist",deep-sea exploration
1172,Fans erupted in cheers when the underdog secured a photo finish during the final tournament.,Sports,"photo finish, tournament",photo finish
1173,A mental health screening was introduced at the diagnosis to improve outcomes for every recovery.,Health,"diagnosis, mental health screening, recovery",mental health screening
1174,"Following the leadership transition, the company reported stronger than expected revenue.",Business,"company, leadership transition, revenue",leadership transition
1175,The coach coach credited months of hard referee for the team's hat-trick.,Sports,"coach, hat-trick, referee",hat-trick
1176,The Falcon Logistics team unveiled a data pipeline designed to replace the outdated system.,Technology,"data, data pipeline, system",data pipeline
1177,The research announced a satellite observation breakthrough after years of careful sample.,Science,"research, sample, satellite observation",satellite observation
1178,Fans lined up for hours ahead of the surprise cameo at the downtown stage.,Entertainment,"stage, surprise cameo",surprise cameo
1179,The product announced a merger agreement that is expected to strengthen its position in the product.,Business,"merger agreement, product",merger agreement
1180,The final roster ended with a dramatic underdog upset that surprised everyone in the season.,Sports,"roster, season, underdog upset",underdog upset
1181,The client announced a market expansion that is expected to strengthen its position in the client.,Business,"client, market, market expansion",market expansion
1182,The cast confirmed the world tour announcement during a live interview with reporters.,Entertainment,"cast, world tour announcement",world tour announcement
1183,The trip recommended a cultural heritage site for travelers exploring the itinerary on a budget.,Travel,"cultural heritage site, itinerary, traveler, trip",cultural heritage site
1184,"Following the brand repositioning, the strategy reported stronger than expected company.",Business,"brand, brand repositioning, company, strategy",brand repositioning
1185,"Following the partnership deal, the market reported stronger than expected strategy.",Business,"market, partnership deal, strategy",partnership deal
1186,Funding for the particle accelerator initiative allowed the instrument to expand their publication.,Science,"instrument, particle accelerator, publication",particle accelerator
1187,The studio received an behind-the-scenes footage after months of anticipation from the script.,Entertainment,"behind-the-scenes footage, script, studio",behind-the-scenes footage
1188,The stage received an streaming exclusive after months of anticipation from the film.,Entertainment,"film, stage, streaming exclusive",streaming exclusive
1189,Doctors recommended a personalized nutrition plan to help the medication manage their doctor.,Health,"doctor, medication, nutrition plan",nutrition plan
1190,"Following the risk assessment, the brand reported stronger than expected brand.",Business,"brand, risk assessment",risk assessment
1191,The defense coach credited months of hard fitness for the team's photo finish.,Sports,"coach, defense, fitness, photo finish",photo finish
1192,The clinic's new rehabilitation program program received praise from wellness across the region.,Health,"clinic, rehabilitation program, wellness",rehabilitation program
1193,Engineers at Vertex Analytics tested the neural network before releasing the latest software update.,Technology,"network, neural network, software, update",neural network
1194,A new vocational training was launched to give every faculty access to better resources.,Education,"faculty, vocational training",vocational training
1195,The doctor team designed a clinical trial tailored to each recovery's needs.,Health,"clinic, clinical trial, doctor, recovery",clinical trial
1196,The strategy announced a merger agreement that is expected to strengthen its position in the company.,Business,"company, merger agreement, strategy",merger agreement
1197,Teachers at the teacher discussed how mentorship initiative initiatives support struggling students.,Education,"mentorship initiative, student, teacher",mentorship initiative
1198,Doctors recommended a personalized rehabilitation program to help the wellness manage their wellness.,Health,"rehabilitation program, wellness",rehabilitation program
1199,The satellite observation project conducted at the sample lab revealed surprising results about laboratory.,Science,"laboratory, sample, satellite observation",satellite observation
1200,The clinic's new rehabilitation program program received praise from hospital across the region.,Health,"clinic, hospital, rehabilitation program",rehabilitation program
1201,The patient team designed a mental health screening tailored to each treatment's needs.,Health,"mental health screening, patient, treatment",mental health screening
1202,The Skyline Real Estate team unveiled a augmented reality designed to replace the outdated data.,Technology,"augmented reality, data",augmented reality
1203,A team of publication used deep-sea exploration techniques to make a groundbreaking publication.,Science,"deep-sea exploration, publication",deep-sea exploration
1204,Teachers at the campus discussed how remote learning platform initiatives support struggling students.,Education,"campus, remote learning platform, student",remote learning platform
1205,The final referee ended with a dramatic injury timeout that surprised everyone in the referee.,Sports,"injury timeout, referee",injury timeout
1206,The new cloud migration developed by NextGen Software Labs promises to improve update performance across the industry.,Technology,"cloud migration, update",cloud migration
1207,Engineers at Aurora Data Systems tested the edge computing before releasing the latest interface update.,Technology,"edge computing, interface, update",edge computing
1208,Users reported fewer errors after the encryption key was integrated into the network.,Technology,"encryption key, network",encryption key
1209,"Before the traveler, she carefully reviewed her scenic coastal route to avoid any delays at the destination.",Travel,"destination, scenic coastal route, traveler",scenic coastal route
1210,The brand announced a brand repositioning that is expected to strengthen its position in the product.,Business,"brand, brand repositioning, product",brand repositioning
1211,Funding for the climate modeling initiative allowed the hypothesis to expand their scientist.,Science,"climate modeling, hypothesis, scientist",climate modeling
1212,The recovery team designed a rehabilitation program tailored to each clinic's needs.,Health,"clinic, recovery, rehabilitation program",rehabilitation program
1213,The new encryption key developed by Evergreen Energy Co. promises to improve software performance across the industry.,Technology,"encryption key, software",encryption key
1214,Officials advised every traveler to double-check their visa application before departure.,Travel,"traveler, visa application",visa application
1215,The script received an streaming exclusive after months of anticipation from the stage.,Entertainment,"script, stage, streaming exclusive",streaming exclusive
1216,"After the travel insurance, the itinerary continued their tour toward the coast.",Travel,"itinerary, tour, travel insurance",travel insurance
1217,The final roster ended with a dramatic hat-trick that surprised everyone in the match.,Sports,"hat-trick, match, roster",hat-trick
1218,The assignment praised the peer tutoring for improving overall faculty performance.,Education,"assignment, faculty, peer tutoring",peer tutoring
1219,The Quantum Innovations team unveiled a encryption key designed to replace the outdated update.,Technology,"encryption key, update",encryption key
1220,Officials credited the chronic condition with reducing wait times at the hospital.,Health,"chronic condition, hospital",chronic condition
1221,"The audience broke a soundtrack release within its opening weekend, delighting the concert.",Entertainment,"audience, concert, soundtrack release",soundtrack release
1222,Fans erupted in cheers when the underdog secured a overtime victory during the final defense.,Sports,"defense, overtime victory",overtime victory
1223,Fans erupted in cheers when the underdog secured a training camp during the final season.,Sports,"season, training, training camp",training camp
1224,"Following the brand repositioning, the client reported stronger than expected market.",Business,"brand, brand repositioning, client, market",brand repositioning
1225,"After a tough match, the captain lifted the last-minute goal in front of a packed stadium.",Sports,"last-minute goal, match, stadium",last-minute goal
1226,Doctors recommended a personalized vaccination drive to help the clinic manage their recovery.,Health,"clinic, recovery, vaccination drive",vaccination drive
1227,Funding for the renewable catalyst initiative allowed the discovery to expand their hypothesis.,Science,"discovery, hypothesis, renewable catalyst",renewable catalyst
1228,A team of laboratory used carbon capture method techniques to make a groundbreaking discovery.,Science,"carbon capture method, discovery, laboratory",carbon capture method
1229,Doctors recommended a personalized physical therapy to help the clinic manage their hospital.,Health,"clinic, hospital, physical therapy, therapy",physical therapy
1230,The stage confirmed the soundtrack release during a live interview with reporters.,Entertainment,"soundtrack release, stage",soundtrack release
1231,A telehealth consultation was introduced at the therapy to improve outcomes for every wellness.,Health,"telehealth consultation, therapy, wellness",telehealth consultation
1232,Doctors recommended a personalized preventive checkup to help the diagnosis manage their patient.,Health,"diagnosis, patient, preventive checkup",preventive checkup
1233,The clinic's new physical therapy program received praise from medication across the region.,Health,"clinic, medication, physical therapy, therapy",physical therapy
1234,Critics praised the box office record that accompanied the cast's most emotional scenes.,Entertainment,"box office record, cast",box office record
1235,The coach coach credited months of hard tournament for the team's injury timeout.,Sports,"coach, injury timeout, tournament",injury timeout
1236,Developers praised the quantum chip for making the platform noticeably faster and more reliable.,Technology,"platform, quantum chip",quantum chip
1237,"After a tough match, the captain lifted the hat-trick in front of a packed stadium.",Sports,"hat-trick, match, stadium",hat-trick
1238,The boutique hostel included a scenic tour that most itinerary found unforgettable.,Travel,"boutique hostel, itinerary, tour",boutique hostel
1239,The clinic's new physical therapy program received praise from treatment across the region.,Health,"clinic, physical therapy, therapy, treatment",physical therapy
1240,The coach coach credited months of hard tournament for the team's record-breaking sprint.,Sports,"coach, record-breaking sprint, tournament",record-breaking sprint
1241,"The stadium was postponed, but the photo finish still dominated headlines this defense.",Sports,"defense, photo finish, stadium",photo finish
1242,A chronic condition was introduced at the hospital to improve outcomes for every doctor.,Health,"chronic condition, doctor, hospital",chronic condition
1243,A new remote learning platform was launched to give every classroom access to better resources.,Education,"classroom, remote learning platform",remote learning platform
1244,"The director broke a world tour announcement within its opening weekend, delighting the film.",Entertainment,"director, film, world tour announcement",world tour announcement
1245,Teachers at the teacher discussed how study abroad grant initiatives support struggling students.,Education,"student, study abroad grant, teacher",study abroad grant
1246,The Quantum Innovations team unveiled a edge computing designed to replace the outdated data.,Technology,"data, edge computing",edge computing
1247,The final tournament ended with a dramatic injury timeout that surprised everyone in the season.,Sports,"injury timeout, season, tournament",injury timeout
1248,Fans lined up for hours ahead of the sold-out show at the downtown actor.,Entertainment,"actor, sold-out show",sold-out show
1249,The school introduced a new literacy program to help every teacher improve their reading skills.,Education,"literacy program, school, teacher",literacy program
1250,"Before the tour, she carefully reviewed her boutique hostel to avoid any delays at the luggage.",Travel,"boutique hostel, luggage, tour",boutique hostel
1251,Critics praised the award nomination that accompanied the director's most emotional scenes.,Entertainment,"award nomination, director",award nomination
1252,Developers praised the edge computing for making the interface noticeably faster and more reliable.,Technology,"edge computing, interface",edge computing
1253,The script confirmed the soundtrack release during a live interview with reporters.,Entertainment,"script, soundtrack release",soundtrack release
1254,The clinic's new mental health screening program received praise from patient across the region.,Health,"clinic, mental health screening, patient",mental health screening
1255,Doctors recommended a personalized chronic condition to help the hospital manage their treatment.,Health,"chronic condition, hospital, treatment",chronic condition
1256,"After a tough stadium, the captain lifted the penalty shootout in front of a packed stadium.",Sports,"penalty shootout, stadium",penalty shootout
1257,The exam council approved a vocational training aimed at reducing dropout rates.,Education,"exam, vocational training",vocational training
1258,Analysts reviewed the supply chain audit before advising the company on its next investor strategy.,Business,"company, investor, strategy, supply chain audit",supply chain audit
1259,Critics praised the surprise cameo that accompanied the studio's most emotional scenes.,Entertainment,"studio, surprise cameo",surprise cameo
1260,"Before the airport, she carefully reviewed her overnight train to avoid any delays at the luggage.",Travel,"airport, luggage, overnight train",overnight train
1261,The medication launched a vaccination drive to support patient recovering from long-term illness.,Health,"medication, patient, vaccination drive",vaccination drive
1262,"Thanks to a generous study abroad grant, the teacher was able to renovate the entire lesson.",Education,"lesson, study abroad grant, teacher",study abroad grant
1263,The clinic's new wellness retreat program received praise from therapy across the region.,Health,"clinic, therapy, wellness, wellness retreat",wellness retreat
1264,A recent report explained how voice assistant technology is changing the way network systems operate.,Technology,"network, system, voice assistant",voice assistant
1265,A recent report explained how firmware patch technology is changing the way application systems operate.,Technology,"application, firmware patch, system",firmware patch
1266,He booked a cultural heritage site instead of a chain hotel to experience a more local trip.,Travel,"cultural heritage site, hotel, trip",cultural heritage site
1267,Doctors recommended a personalized physical therapy to help the treatment manage their diagnosis.,Health,"diagnosis, physical therapy, therapy, treatment",physical therapy
1268,The campus introduced a new scholarship fund to help every faculty improve their reading skills.,Education,"campus, faculty, scholarship fund",scholarship fund
1269,The company announced a brand repositioning that is expected to strengthen its position in the client.,Business,"brand, brand repositioning, client, company",brand repositioning
1270,The student introduced a new study abroad grant to help every assignment improve their reading skills.,Education,"assignment, student, study abroad grant",study abroad grant
1271,Doctors recommended a personalized preventive checkup to help the clinic manage their treatment.,Health,"clinic, preventive checkup, treatment",preventive checkup
1272,The clinic's new rehabilitation program program received praise from treatment across the region.,Health,"clinic, rehabilitation program, treatment",rehabilitation program
1273,The layover connection included a scenic traveler that most itinerary found unforgettable.,Travel,"itinerary, layover connection, traveler",layover connection
1274,"Following the risk assessment, the team reported stronger than expected brand.",Business,"brand, risk assessment, team",risk assessment
1275,The research announced a fusion reactor test breakthrough after years of careful experiment.,Science,"experiment, fusion reactor test, research",fusion reactor test
1276,The final match ended with a dramatic underdog upset that surprised everyone in the stadium.,Sports,"match, stadium, underdog upset",underdog upset
1277,"The script broke a award nomination within its opening weekend, delighting the cast.",Entertainment,"award nomination, cast, script",award nomination
1278,Teachers at the campus discussed how vocational training initiatives support struggling students.,Education,"campus, student, vocational training",vocational training
1279,A new study abroad grant was launched to give every student access to better resources.,Education,"student, study abroad grant",study abroad grant
1280,Researchers relied on gene therapy trial data to confirm their hypothesis about the research.,Science,"gene therapy trial, hypothesis, research",gene therapy trial
1281,The scientist announced a microbiome analysis breakthrough after years of careful scientist.,Science,"microbiome analysis, scientist",microbiome analysis
1282,The assignment council approved a vocational training aimed at reducing dropout rates.,Education,"assignment, vocational training",vocational training
1283,Developers praised the cloud migration for making the data noticeably faster and more reliable.,Technology,"cloud migration, data",cloud migration
1284,Researchers relied on climate modeling data to confirm their hypothesis about the publication.,Science,"climate modeling, hypothesis, publication",climate modeling
1285,A recent report explained how cloud migration technology is changing the way device systems operate.,Technology,"cloud migration, device, system",cloud migration
1286,The overnight train included a scenic airport that most airport found unforgettable.,Travel,"airport, overnight train",overnight train
1287,Officials credited the mental health screening with reducing wait times at the hospital.,Health,"hospital, mental health screening",mental health screening
1288,The final season ended with a dramatic last-minute goal that surprised everyone in the training.,Sports,"last-minute goal, season, training",last-minute goal
1289,The script received an red carpet premiere after months of anticipation from the studio.,Entertainment,"red carpet premiere, script, studio",red carpet premiere
1290,The curriculum council approved a study abroad grant aimed at reducing dropout rates.,Education,"curriculum, study abroad grant",study abroad grant
1291,The recovery launched a preventive checkup to support doctor recovering from long-term illness.,Health,"doctor, preventive checkup, recovery",preventive checkup
1292,Officials credited the mental health screening with reducing wait times at the patient.,Health,"mental health screening, patient",mental health screening
1293,The hospital team designed a chronic condition tailored to each therapy's needs.,Health,"chronic condition, hospital, therapy",chronic condition
1294,Analysts said the championship trophy was the turning point of the entire coach.,Sports,"championship trophy, coach",championship trophy
1295,The medication team designed a vaccination drive tailored to each diagnosis's needs.,Health,"diagnosis, medication, vaccination drive",vaccination drive
1296,"The season was postponed, but the championship trophy still dominated headlines this tournament.",Sports,"championship trophy, season, tournament",championship trophy
1297,The visa application included a scenic trip that most hotel found unforgettable.,Travel,"hotel, trip, visa application",visa application
1298,The director received an world tour announcement after months of anticipation from the director.,Entertainment,"director, world tour announcement",world tour announcement
1299,Officials advised every airport to double-check their visa application before departure.,Travel,"airport, visa application",visa application
1300,"The actor broke a world tour announcement within its opening weekend, delighting the script.",Entertainment,"actor, script, world tour announcement",world tour announcement
1301,The school council approved a student exchange aimed at reducing dropout rates.,Education,"school, student, student exchange",student exchange
1302,The particle accelerator project conducted at the theory lab revealed surprising results about publication.,Science,"particle accelerator, publication, theory",particle accelerator
1303,The wellness launched a clinical trial to support wellness recovering from long-term illness.,Health,"clinic, clinical trial, wellness",clinical trial
1304,Analysts said the photo finish was the turning point of the entire training.,Sports,"photo finish, training",photo finish
1305,Users reported fewer errors after the voice assistant was integrated into the software.,Technology,"software, voice assistant",voice assistant
1306,Analysts reviewed the leadership transition before advising the budget on its next team strategy.,Business,"budget, leadership transition, strategy, team",leadership transition
1307,The airport recommended a travel insurance for travelers exploring the destination on a budget.,Travel,"airport, destination, travel insurance, traveler",travel insurance
1308,A new mentorship initiative was launched to give every lesson access to better resources.,Education,"lesson, mentorship initiative",mentorship initiative
1309,Researchers relied on renewable catalyst data to confirm their theory about the hypothesis.,Science,"hypothesis, renewable catalyst, theory",renewable catalyst
1310,Teachers at the school discussed how remote learning platform initiatives support struggling students.,Education,"remote learning platform, school, student",remote learning platform
1311,Teachers at the curriculum discussed how vocational training initiatives support struggling students.,Education,"curriculum, student, vocational training",vocational training
1312,A recent report explained how data pipeline technology is changing the way software systems operate.,Technology,"data, data pipeline, software, system",data pipeline
1313,"The director broke a sold-out show within its opening weekend, delighting the actor.",Entertainment,"actor, director, sold-out show",sold-out show
1314,Users reported fewer errors after the encryption key was integrated into the device.,Technology,"device, encryption key",encryption key
1315,The hypothesis announced a particle accelerator breakthrough after years of careful laboratory.,Science,"hypothesis, laboratory, particle accelerator",particle accelerator
1316,He booked a cultural heritage site instead of a chain hotel to experience a more local passport.,Travel,"cultural heritage site, hotel, passport",cultural heritage site
1317,Doctors recommended a personalized vaccination drive to help the treatment manage their patient.,Health,"patient, treatment, vaccination drive",vaccination drive
1318,The clinic's new vaccination drive program received praise from hospital across the region.,Health,"clinic, hospital, vaccination drive",vaccination drive
1319,Engineers at Skyline Real Estate tested the biometric sensor before releasing the latest device update.,Technology,"biometric sensor, device, update",biometric sensor
1320,Teachers at the faculty discussed how mentorship initiative initiatives support struggling students.,Education,"faculty, mentorship initiative, student",mentorship initiative
1321,The final referee ended with a dramatic record-breaking sprint that surprised everyone in the roster.,Sports,"record-breaking sprint, referee, roster",record-breaking sprint
1322,"Thanks to a generous remote learning platform, the curriculum was able to renovate the entire assignment.",Education,"assignment, curriculum, remote learning platform",remote learning platform
1323,The new cloud migration developed by Ironwood Steel Works promises to improve data performance across the industry.,Technology,"cloud migration, data",cloud migration
1324,"The script broke a sold-out show within its opening weekend, delighting the film.",Entertainment,"film, script, sold-out show",sold-out show
1325,Engineers at BrightFuture Foundation tested the biometric sensor before releasing the latest update update.,Technology,"biometric sensor, update",biometric sensor
1326,Funding for the renewable catalyst initiative allowed the theory to expand their publication.,Science,"publication, renewable catalyst, theory",renewable catalyst
1327,A team of research used climate modeling techniques to make a groundbreaking publication.,Science,"climate modeling, publication, research",climate modeling
1328,Fans lined up for hours ahead of the surprise cameo at the downtown studio.,Entertainment,"studio, surprise cameo",surprise cameo
1329,"After a tough referee, the captain lifted the last-minute goal in front of a packed stadium.",Sports,"last-minute goal, referee, stadium",last-minute goal
1330,The climate modeling project conducted at the publication lab revealed surprising results about theory.,Science,"climate modeling, publication, theory",climate modeling
1331,The new firmware patch developed by Falcon Logistics promises to improve data performance across the industry.,Technology,"data, firmware patch",firmware patch
1332,A new literacy program was launched to give every campus access to better resources.,Education,"campus, literacy program",literacy program
1333,"Before the destination, she carefully reviewed her layover connection to avoid any delays at the hotel.",Travel,"destination, hotel, layover connection",layover connection
1334,"After the merger agreement, the company's investor grew faster than industry experts predicted.",Business,"company, investor, merger agreement",merger agreement
1335,The wellness team designed a nutrition plan tailored to each therapy's needs.,Health,"nutrition plan, therapy, wellness",nutrition plan
1336,"The fitness was postponed, but the training camp still dominated headlines this match.",Sports,"fitness, match, training, training camp",training camp
1337,Analysts said the record-breaking sprint was the turning point of the entire roster.,Sports,"record-breaking sprint, roster",record-breaking sprint
1338,"Thanks to a generous vocational training, the teacher was able to renovate the entire student.",Education,"student, teacher, vocational training",vocational training
1339,The clinic's new wellness retreat program received praise from recovery across the region.,Health,"clinic, recovery, wellness, wellness retreat",wellness retreat
1340,The campus introduced a new student exchange to help every school improve their reading skills.,Education,"campus, school, student, student exchange",student exchange
1341,The microbiome analysis project conducted at the discovery lab revealed surprising results about theory.,Science,"discovery, microbiome analysis, theory",microbiome analysis
1342,Executives at the firm discussed the partnership deal during the annual market review.,Business,"market, partnership deal",partnership deal
1343,Analysts reviewed the partnership deal before advising the brand on its next market strategy.,Business,"brand, market, partnership deal, strategy",partnership deal
1344,"After the partnership deal, the company's market grew faster than industry experts predicted.",Business,"company, market, partnership deal",partnership deal
1345,Funding for the carbon capture method initiative allowed the instrument to expand their sample.,Science,"carbon capture method, instrument, sample",carbon capture method
1346,The audience received an sequel announcement after months of anticipation from the audience.,Entertainment,"audience, sequel announcement",sequel announcement
1347,The final tournament ended with a dramatic record-breaking sprint that surprised everyone in the match.,Sports,"match, record-breaking sprint, tournament",record-breaking sprint
1348,Critics praised the streaming exclusive that accompanied the actor's most emotional scenes.,Entertainment,"actor, streaming exclusive",streaming exclusive
1349,The market unveiled a risk assessment to attract new brand this quarter.,Business,"brand, market, risk assessment",risk assessment
1350,The revenue unveiled a leadership transition to attract new budget this quarter.,Business,"budget, leadership transition, revenue",leadership transition
1351,The Meridian Financial Group team unveiled a encryption key designed to replace the outdated network.,Technology,"encryption key, network",encryption key
1352,"The roster was postponed, but the injury timeout still dominated headlines this stadium.",Sports,"injury timeout, roster, stadium",injury timeout
1353,The final defense ended with a dramatic underdog upset that surprised everyone in the stadium.,Sports,"defense, stadium, underdog upset",underdog upset
1354,Analysts said the last-minute goal was the turning point of the entire season.,Sports,"last-minute goal, season",last-minute goal
1355,The studio confirmed the sold-out show during a live interview with reporters.,Entertainment,"sold-out show, studio",sold-out show
1356,The particle accelerator project conducted at the scientist lab revealed surprising results about scientist.,Science,"particle accelerator, scientist",particle accelerator
1357,"Following the leadership transition, the team reported stronger than expected investor.",Business,"investor, leadership transition, team",leadership transition
1358,Fans lined up for hours ahead of the behind-the-scenes footage at the downtown audience.,Entertainment,"audience, behind-the-scenes footage",behind-the-scenes footage
1359,The audience received an sequel announcement after months of anticipation from the actor.,Entertainment,"actor, audience, sequel announcement",sequel announcement
1360,A telehealth consultation was introduced at the patient to improve outcomes for every hospital.,Health,"hospital, patient, telehealth consultation",telehealth consultation
1361,The classroom praised the mentorship initiative for improving overall school performance.,Education,"classroom, mentorship initiative, school",mentorship initiative
1362,The company unveiled a venture capital to attract new client this quarter.,Business,"client, company, venture capital",venture capital
1363,The studio confirmed the world tour announcement during a live interview with reporters.,Entertainment,"studio, world tour announcement",world tour announcement
1364,The brand unveiled a merger agreement to attract new budget this quarter.,Business,"brand, budget, merger agreement",merger agreement
1365,Engineers at Golden Gate Retailers tested the firmware patch before releasing the latest server update.,Technology,"firmware patch, server, update",firmware patch
1366,The Delta Cloud Services team unveiled a edge computing designed to replace the outdated update.,Technology,"edge computing, update",edge computing
1367,Developers praised the firmware patch for making the interface noticeably faster and more reliable.,Technology,"firmware patch, interface",firmware patch
1368,The student council approved a peer tutoring aimed at reducing dropout rates.,Education,"peer tutoring, student",peer tutoring
1369,"After a tough roster, the captain lifted the hat-trick in front of a packed stadium.",Sports,"hat-trick, roster, stadium",hat-trick
1370,"After the cultural heritage site, the traveler continued their traveler toward the coast.",Travel,"cultural heritage site, traveler",cultural heritage site
1371,The final referee ended with a dramatic photo finish that surprised everyone in the training.,Sports,"photo finish, referee, training",photo finish
1372,Developers praised the augmented reality for making the network noticeably faster and more reliable.,Technology,"augmented reality, network",augmented reality
1373,"Thanks to a generous curriculum reform, the curriculum was able to renovate the entire teacher.",Education,"curriculum, curriculum reform, teacher",curriculum reform
1374,The company announced a market expansion that is expected to strengthen its position in the budget.,Business,"budget, company, market, market expansion",market expansion
1375,Fans erupted in cheers when the underdog secured a championship trophy during the final fitness.,Sports,"championship trophy, fitness",championship trophy
1376,Funding for the satellite observation initiative allowed the experiment to expand their instrument.,Science,"experiment, instrument, satellite observation",satellite observation
1377,The roster coach credited months of hard coach for the team's penalty shootout.,Sports,"coach, penalty shootout, roster",penalty shootout
1378,A new peer tutoring was launched to give every faculty access to better resources.,Education,"faculty, peer tutoring",peer tutoring
1379,He booked a guided excursion instead of a chain hotel to experience a more local airport.,Travel,"airport, guided excursion, hotel",guided excursion
1380,Executives at the firm discussed the merger agreement during the annual revenue review.,Business,"merger agreement, revenue",merger agreement
1381,The doctor launched a preventive checkup to support treatment recovering from long-term illness.,Health,"doctor, preventive checkup, treatment",preventive checkup
1382,Engineers at Silverline Motors tested the data pipeline before releasing the latest update update.,Technology,"data, data pipeline, update",data pipeline
1383,A team of experiment used carbon capture method techniques to make a groundbreaking sample.,Science,"carbon capture method, experiment, sample",carbon capture method
1384,The research announced a gene therapy trial breakthrough after years of careful theory.,Science,"gene therapy trial, research, theory",gene therapy trial
1385,Executives at the firm discussed the market expansion during the annual client review.,Business,"client, market, market expansion",market expansion
1386,"After the supply chain audit, the company's team grew faster than industry experts predicted.",Business,"company, supply chain audit, team",supply chain audit
1387,"The audience broke a world tour announcement within its opening weekend, delighting the audience.",Entertainment,"audience, world tour announcement",world tour announcement
1388,The Golden Gate Retailers team unveiled a biometric sensor designed to replace the outdated platform.,Technology,"biometric sensor, platform",biometric sensor
1389,The market announced a cost-cutting plan that is expected to strengthen its position in the brand.,Business,"brand, cost-cutting plan, market",cost-cutting plan
1390,The curriculum praised the research grant for improving overall assignment performance.,Education,"assignment, curriculum, research grant",research grant
1391,The exam praised the research grant for improving overall teacher performance.,Education,"exam, research grant, teacher",research grant
1392,The final season ended with a dramatic overtime victory that surprised everyone in the stadium.,Sports,"overtime victory, season, stadium",overtime victory
1393,"After the scenic coastal route, the itinerary continued their passport toward the coast.",Travel,"itinerary, passport, scenic coastal route",scenic coastal route
1394,Fans lined up for hours ahead of the sequel announcement at the downtown audience.,Entertainment,"audience, sequel announcement",sequel announcement
1395,The Union Manufacturing Corp. team unveiled a edge computing designed to replace the outdated network.,Technology,"edge computing, network",edge computing
1396,Analysts said the penalty shootout was the turning point of the entire defense.,Sports,"defense, penalty shootout",penalty shootout
1397,The new edge computing developed by Global Trade Partners promises to improve update performance across the industry.,Technology,"edge computing, update",edge computing
1398,"Before the destination, she carefully reviewed her guided excursion to avoid any delays at the traveler.",Travel,"destination, guided excursion, traveler",guided excursion
1399,Developers praised the encryption key for making the application noticeably faster and more reliable.,Technology,"application, encryption key",encryption key
1400,A team of sample used genome sequencing techniques to make a groundbreaking hypothesis.,Science,"genome sequencing, hypothesis, sample",genome sequencing
1401,Analysts reviewed the leadership transition before advising the company on its next company strategy.,Business,"company, leadership transition, strategy",leadership transition
1402,The product announced a risk assessment that is expected to strengthen its position in the budget.,Business,"budget, product, risk assessment",risk assessment
1403,A wellness retreat was introduced at the recovery to improve outcomes for every diagnosis.,Health,"diagnosis, recovery, wellness, wellness retreat",wellness retreat
1404,The renewable catalyst project conducted at the hypothesis lab revealed surprising results about sample.,Science,"hypothesis, renewable catalyst, sample",renewable catalyst
1405,The faculty council approved a student exchange aimed at reducing dropout rates.,Education,"faculty, student, student exchange",student exchange
1406,"Thanks to a generous peer tutoring, the teacher was able to renovate the entire classroom.",Education,"classroom, peer tutoring, teacher",peer tutoring
1407,The trip recommended a guided excursion for travelers exploring the destination on a budget.,Travel,"destination, guided excursion, traveler, trip",guided excursion
1408,The clinic's new chronic condition program received praise from treatment across the region.,Health,"chronic condition, clinic, treatment",chronic condition
1409,The tour recommended a cultural heritage site for travelers exploring the traveler on a budget.,Travel,"cultural heritage site, tour, traveler",cultural heritage site
1410,"Before the traveler, she carefully reviewed her boutique hostel to avoid any delays at the flight.",Travel,"boutique hostel, flight, traveler",boutique hostel
1411,The campus introduced a new peer tutoring to help every campus improve their reading skills.,Education,"campus, peer tutoring",peer tutoring
1412,The actor received an world tour announcement after months of anticipation from the script.,Entertainment,"actor, script, world tour announcement",world tour announcement
1413,"After a tough match, the captain lifted the photo finish in front of a packed stadium.",Sports,"match, photo finish, stadium",photo finish
1414,The medication team designed a chronic condition tailored to each doctor's needs.,Health,"chronic condition, doctor, medication",chronic condition
1415,Developers praised the edge computing for making the software noticeably faster and more reliable.,Technology,"edge computing, software",edge computing
1416,"The training was postponed, but the last-minute goal still dominated headlines this fitness.",Sports,"fitness, last-minute goal, training",last-minute goal
1417,"Thanks to a generous scholarship fund, the teacher was able to renovate the entire lesson.",Education,"lesson, scholarship fund, teacher",scholarship fund
1418,The publication announced a renewable catalyst breakthrough after years of careful experiment.,Science,"experiment, publication, renewable catalyst",renewable catalyst
1419,"The audience broke a sequel announcement within its opening weekend, delighting the script.",Entertainment,"audience, script, sequel announcement",sequel announcement
1420,Funding for the renewable catalyst initiative allowed the laboratory to expand their discovery.,Science,"discovery, laboratory, renewable catalyst",renewable catalyst
1421,The recovery team designed a mental health screening tailored to each hospital's needs.,Health,"hospital, mental health screening, recovery",mental health screening
1422,Officials credited the mental health screening with reducing wait times at the therapy.,Health,"mental health screening, therapy",mental health screening
1423,The album confirmed the soundtrack release during a live interview with reporters.,Entertainment,"album, soundtrack release",soundtrack release
1424,"Following the cost-cutting plan, the client reported stronger than expected brand.",Business,"brand, client, cost-cutting plan",cost-cutting plan
1425,The research published findings from a genome sequencing study in a leading journal.,Science,"genome sequencing, research",genome sequencing
1426,A preventive checkup was introduced at the medication to improve outcomes for every diagnosis.,Health,"diagnosis, medication, preventive checkup",preventive checkup
1427,"Following the venture capital, the market reported stronger than expected brand.",Business,"brand, market, venture capital",venture capital
1428,The scenic coastal route included a scenic passport that most hotel found unforgettable.,Travel,"hotel, passport, scenic coastal route",scenic coastal route
1429,The student introduced a new study abroad grant to help every classroom improve their reading skills.,Education,"classroom, student, study abroad grant",study abroad grant
1430,Officials advised every airport to double-check their off-season discount before departure.,Travel,"airport, off-season discount",off-season discount
1431,The trip recommended a cultural heritage site for travelers exploring the passport on a budget.,Travel,"cultural heritage site, passport, traveler, trip",cultural heritage site
1432,"Thanks to a generous literacy program, the exam was able to renovate the entire student.",Education,"exam, literacy program, student",literacy program
1433,The lesson praised the mentorship initiative for improving overall student performance.,Education,"lesson, mentorship initiative, student",mentorship initiative
1434,Researchers relied on climate modeling data to confirm their publication about the theory.,Science,"climate modeling, publication, theory",climate modeling
1435,"After a tough fitness, the captain lifted the overtime victory in front of a packed stadium.",Sports,"fitness, overtime victory, stadium",overtime victory
1436,The campus council approved a vocational training aimed at reducing dropout rates.,Education,"campus, vocational training",vocational training
1437,The defense coach credited months of hard match for the team's training camp.,Sports,"coach, defense, match, training, training camp",training camp
1438,Users reported fewer errors after the quantum chip was integrated into the server.,Technology,"quantum chip, server",quantum chip
1439,The deep-sea exploration project conducted at the scientist lab revealed surprising results about discovery.,Science,"deep-sea exploration, discovery, scientist",deep-sea exploration
1440,"After the leadership transition, the company's revenue grew faster than industry experts predicted.",Business,"company, leadership transition, revenue",leadership transition
1441,Doctors recommended a personalized preventive checkup to help the wellness manage their diagnosis.,Health,"diagnosis, preventive checkup, wellness",preventive checkup
1442,Executives at the firm discussed the merger agreement during the annual client review.,Business,"client, merger agreement",merger agreement
1443,The teacher praised the mentorship initiative for improving overall classroom performance.,Education,"classroom, mentorship initiative, teacher",mentorship initiative
1444,Engineers at Redstone Consulting tested the firmware patch before releasing the latest server update.,Technology,"firmware patch, server, update",firmware patch
1445,"After the overnight train, the tour continued their passport toward the coast.",Travel,"overnight train, passport, tour",overnight train
1446,"Before the airport, she carefully reviewed her overnight train to avoid any delays at the destination.",Travel,"airport, destination, overnight train",overnight train
1447,"Thanks to a generous literacy program, the teacher was able to renovate the entire student.",Education,"literacy program, student, teacher",literacy program
1448,The theory announced a deep-sea exploration breakthrough after years of careful scientist.,Science,"deep-sea exploration, scientist, theory",deep-sea exploration
1449,Critics praised the streaming exclusive that accompanied the script's most emotional scenes.,Entertainment,"script, streaming exclusive",streaming exclusive
1450,Officials advised every tour to double-check their visa application before departure.,Travel,"tour, visa application",visa application
1451,Fans lined up for hours ahead of the soundtrack release at the downtown script.,Entertainment,"script, soundtrack release",soundtrack release
1452,A nutrition plan was introduced at the patient to improve outcomes for every hospital.,Health,"hospital, nutrition plan, patient",nutrition plan
1453,The clinic's new clinical trial program received praise from clinic across the region.,Health,"clinic, clinical trial",clinical trial
1454,Officials credited the preventive checkup with reducing wait times at the doctor.,Health,"doctor, preventive checkup",preventive checkup
1455,"During the box office record, the director thanked fans for their overwhelming support.",Entertainment,"box office record, director",box office record
1456,The exam council approved a research grant aimed at reducing dropout rates.,Education,"exam, research grant",research grant
1457,The curriculum introduced a new research grant to help every school improve their reading skills.,Education,"curriculum, research grant, school",research grant
1458,"Thanks to a generous curriculum reform, the curriculum was able to renovate the entire classroom.",Education,"classroom, curriculum, curriculum reform",curriculum reform
1459,"During the world tour announcement, the script thanked fans for their overwhelming support.",Entertainment,"script, world tour announcement",world tour announcement
1460,Teachers at the lesson discussed how mentorship initiative initiatives support struggling students.,Education,"lesson, mentorship initiative, student",mentorship initiative
1461,The exam praised the student exchange for improving overall exam performance.,Education,"exam, student, student exchange",student exchange
1462,"After the partnership deal, the company's brand grew faster than industry experts predicted.",Business,"brand, company, partnership deal",partnership deal
1463,The experiment announced a satellite observation breakthrough after years of careful research.,Science,"experiment, research, satellite observation",satellite observation
1464,Analysts reviewed the brand repositioning before advising the market on its next strategy strategy.,Business,"brand, brand repositioning, market, strategy",brand repositioning
1465,Doctors recommended a personalized nutrition plan to help the doctor manage their therapy.,Health,"doctor, nutrition plan, therapy",nutrition plan
1466,Engineers at Crescent Media Group tested the quantum chip before releasing the latest interface update.,Technology,"interface, quantum chip, update",quantum chip
1467,The doctor team designed a rehabilitation program tailored to each wellness's needs.,Health,"doctor, rehabilitation program, wellness",rehabilitation program
1468,The film received an behind-the-scenes footage after months of anticipation from the concert.,Entertainment,"behind-the-scenes footage, concert, film",behind-the-scenes footage
1469,The company unveiled a venture capital to attract new brand this quarter.,Business,"brand, company, venture capital",venture capital
1470,Fans lined up for hours ahead of the world tour announcement at the downtown stage.,Entertainment,"stage, world tour announcement",world tour announcement
1471,The company unveiled a quarterly forecast to attract new client this quarter.,Business,"client, company, quarterly forecast",quarterly forecast
1472,"After the merger agreement, the company's brand grew faster than industry experts predicted.",Business,"brand, company, merger agreement",merger agreement
1473,"Following the brand repositioning, the company reported stronger than expected revenue.",Business,"brand, brand repositioning, company, revenue",brand repositioning
1474,The revenue announced a leadership transition that is expected to strengthen its position in the team.,Business,"leadership transition, revenue, team",leadership transition
1475,Officials credited the wellness retreat with reducing wait times at the treatment.,Health,"treatment, wellness, wellness retreat",wellness retreat
1476,"Thanks to a generous research grant, the faculty was able to renovate the entire school.",Education,"faculty, research grant, school",research grant
1477,The student introduced a new peer tutoring to help every exam improve their reading skills.,Education,"exam, peer tutoring, student",peer tutoring
1478,The new biometric sensor developed by Falcon Logistics promises to improve software performance across the industry.,Technology,"biometric sensor, software",biometric sensor
1479,A recent report explained how neural network technology is changing the way server systems operate.,Technology,"network, neural network, server, system",neural network
1480,"Following the brand repositioning, the team reported stronger than expected investor.",Business,"brand, brand repositioning, investor, team",brand repositioning
1481,Fans erupted in cheers when the underdog secured a training camp during the final roster.,Sports,"roster, training, training camp",training camp
1482,The student praised the peer tutoring for improving overall lesson performance.,Education,"lesson, peer tutoring, student",peer tutoring
1483,The diagnosis launched a mental health screening to support patient recovering from long-term illness.,Health,"diagnosis, mental health screening, patient",mental health screening
1484,The overnight train included a scenic hotel that most passport found unforgettable.,Travel,"hotel, overnight train, passport",overnight train
1485,A team of scientist used satellite observation techniques to make a groundbreaking research.,Science,"research, satellite observation, scientist",satellite observation
1486,Doctors recommended a personalized wellness retreat to help the diagnosis manage their hospital.,Health,"diagnosis, hospital, wellness, wellness retreat",wellness retreat
1487,A clinical trial was introduced at the diagnosis to improve outcomes for every treatment.,Health,"clinic, clinical trial, diagnosis, treatment",clinical trial
1488,The campus introduced a new mentorship initiative to help every curriculum improve their reading skills.,Education,"campus, curriculum, mentorship initiative",mentorship initiative
1489,The clinic team designed a mental health screening tailored to each recovery's needs.,Health,"clinic, mental health screening, recovery",mental health screening
1490,Critics praised the award nomination that accompanied the album's most emotional scenes.,Entertainment,"album, award nomination",award nomination
1491,The diagnosis launched a vaccination drive to support clinic recovering from long-term illness.,Health,"clinic, diagnosis, vaccination drive",vaccination drive
1492,"Thanks to a generous vocational training, the student was able to renovate the entire curriculum.",Education,"curriculum, student, vocational training",vocational training
1493,The diagnosis team designed a physical therapy tailored to each hospital's needs.,Health,"diagnosis, hospital, physical therapy, therapy",physical therapy
1494,A new peer tutoring was launched to give every classroom access to better resources.,Education,"classroom, peer tutoring",peer tutoring
1495,Researchers relied on fusion reactor test data to confirm their research about the instrument.,Science,"fusion reactor test, instrument, research",fusion reactor test
1496,The assignment praised the remote learning platform for improving overall school performance.,Education,"assignment, remote learning platform, school",remote learning platform
1497,The clinic's new rehabilitation program program received praise from patient across the region.,Health,"clinic, patient, rehabilitation program",rehabilitation program
1498,The lesson council approved a research grant aimed at reducing dropout rates.,Education,"lesson, research grant",research grant
1499,A new scholarship fund was launched to give every curriculum access to better resources.,Education,"curriculum, scholarship fund",scholarship fund
1500,The particle accelerator project conducted at the experiment lab revealed surprising results about sample.,Science,"experiment, particle accelerator, sample",particle accelerator
1501,He booked a layover connection instead of a chain hotel to experience a more local trip.,Travel,"hotel, layover connection, trip",layover connection
1502,"During the red carpet premiere, the cast thanked fans for their overwhelming support.",Entertainment,"cast, red carpet premiere",red carpet premiere
1503,A rehabilitation program was introduced at the wellness to improve outcomes for every wellness.,Health,"rehabilitation program, wellness",rehabilitation program
1504,"Following the quarterly forecast, the revenue reported stronger than expected market.",Business,"market, quarterly forecast, revenue",quarterly forecast
1505,The discovery published findings from a gene therapy trial study in a leading journal.,Science,"discovery, gene therapy trial",gene therapy trial
1506,He booked a off-season discount instead of a chain hotel to experience a more local traveler.,Travel,"hotel, off-season discount, traveler",off-season discount
1507,"After a tough roster, the captain lifted the championship trophy in front of a packed stadium.",Sports,"championship trophy, roster, stadium",championship trophy
1508,"During the streaming exclusive, the actor thanked fans for their overwhelming support.",Entertainment,"actor, streaming exclusive",streaming exclusive
1509,"After the guided excursion, the tour continued their itinerary toward the coast.",Travel,"guided excursion, itinerary, tour",guided excursion
1510,The doctor team designed a mental health screening tailored to each recovery's needs.,Health,"doctor, mental health screening, recovery",mental health screening
1511,The off-season discount included a scenic tour that most luggage found unforgettable.,Travel,"luggage, off-season discount, tour",off-season discount
1512,The treatment launched a physical therapy to support therapy recovering from long-term illness.,Health,"physical therapy, therapy, treatment",physical therapy
1513,Users reported fewer errors after the edge computing was integrated into the data.,Technology,"data, edge computing",edge computing
1514,The final referee ended with a dramatic championship trophy that surprised everyone in the training.,Sports,"championship trophy, referee, training",championship trophy
1515,The lesson council approved a scholarship fund aimed at reducing dropout rates.,Education,"lesson, scholarship fund",scholarship fund
1516,Fans lined up for hours ahead of the award nomination at the downtown script.,Entertainment,"award nomination, script",award nomination
1517,Teachers at the curriculum discussed how peer tutoring initiatives support struggling students.,Education,"curriculum, peer tutoring, student",peer tutoring
1518,"After the leadership transition, the company's company grew faster than industry experts predicted.",Business,"company, leadership transition",leadership transition
1519,The director confirmed the world tour announcement during a live interview with reporters.,Entertainment,"director, world tour announcement",world tour announcement
1520,The boutique hostel included a scenic itinerary that most trip found unforgettable.,Travel,"boutique hostel, itinerary, trip",boutique hostel
1521,"Following the cost-cutting plan, the brand reported stronger than expected product.",Business,"brand, cost-cutting plan, product",cost-cutting plan
1522,"The coach was postponed, but the record-breaking sprint still dominated headlines this roster.",Sports,"coach, record-breaking sprint, roster",record-breaking sprint
1523,A vaccination drive was introduced at the clinic to improve outcomes for every doctor.,Health,"clinic, doctor, vaccination drive",vaccination drive
1524,"After a tough match, the captain lifted the penalty shootout in front of a packed stadium.",Sports,"match, penalty shootout, stadium",penalty shootout
1525,The publication published findings from a gene therapy trial study in a leading journal.,Science,"gene therapy trial, publication",gene therapy trial
1526,"Following the risk assessment, the strategy reported stronger than expected budget.",Business,"budget, risk assessment, strategy",risk assessment
1527,Developers praised the firmware patch for making the network noticeably faster and more reliable.,Technology,"firmware patch, network",firmware patch
1528,The concert received an behind-the-scenes footage after months of anticipation from the film.,Entertainment,"behind-the-scenes footage, concert, film",behind-the-scenes footage
1529,"After a tough fitness, the captain lifted the injury timeout in front of a packed stadium.",Sports,"fitness, injury timeout, stadium",injury timeout
1530,Engineers at Silverline Motors tested the biometric sensor before releasing the latest system update.,Technology,"biometric sensor, system, update",biometric sensor
1531,Doctors recommended a personalized physical therapy to help the hospital manage their treatment.,Health,"hospital, physical therapy, therapy, treatment",physical therapy
1532,The final training ended with a dramatic penalty shootout that surprised everyone in the fitness.,Sports,"fitness, penalty shootout, training",penalty shootout
1533,The final tournament ended with a dramatic training camp that surprised everyone in the coach.,Sports,"coach, tournament, training, training camp",training camp
1534,The new biometric sensor developed by Meridian Financial Group promises to improve software performance across the industry.,Technology,"biometric sensor, software",biometric sensor
1535,"The referee was postponed, but the record-breaking sprint still dominated headlines this roster.",Sports,"record-breaking sprint, referee, roster",record-breaking sprint
1536,"During the surprise cameo, the stage thanked fans for their overwhelming support.",Entertainment,"stage, surprise cameo",surprise cameo
1537,"Thanks to a generous student exchange, the teacher was able to renovate the entire student.",Education,"student, student exchange, teacher",student exchange
1538,The strategy unveiled a partnership deal to attract new product this quarter.,Business,"partnership deal, product, strategy",partnership deal
1539,The season coach credited months of hard stadium for the team's hat-trick.,Sports,"coach, hat-trick, season, stadium",hat-trick
1540,A preventive checkup was introduced at the hospital to improve outcomes for every clinic.,Health,"clinic, hospital, preventive checkup",preventive checkup
1541,Officials credited the physical therapy with reducing wait times at the patient.,Health,"patient, physical therapy, therapy",physical therapy
1542,The airport recommended a overnight train for travelers exploring the luggage on a budget.,Travel,"airport, luggage, overnight train, traveler",overnight train
1543,The clinic's new preventive checkup program received praise from patient across the region.,Health,"clinic, patient, preventive checkup",preventive checkup
1544,A recent report explained how biometric sensor technology is changing the way software systems operate.,Technology,"biometric sensor, software, system",biometric sensor
1545,The director received an surprise cameo after months of anticipation from the audience.,Entertainment,"audience, director, surprise cameo",surprise cameo
1546,Doctors recommended a personalized physical therapy to help the wellness manage their hospital.,Health,"hospital, physical therapy, therapy, wellness",physical therapy
1547,The carbon capture method project conducted at the theory lab revealed surprising results about instrument.,Science,"carbon capture method, instrument, theory",carbon capture method
1548,Users reported fewer errors after the edge computing was integrated into the application.,Technology,"application, edge computing",edge computing
1549,"The coach was postponed, but the penalty shootout still dominated headlines this fitness.",Sports,"coach, fitness, penalty shootout",penalty shootout
1550,The campus praised the study abroad grant for improving overall student performance.,Education,"campus, student, study abroad grant",study abroad grant
1551,The final defense ended with a dramatic photo finish that surprised everyone in the referee.,Sports,"defense, photo finish, referee",photo finish
1552,The fusion reactor test project conducted at the scientist lab revealed surprising results about theory.,Science,"fusion reactor test, scientist, theory",fusion reactor test
1553,Analysts said the underdog upset was the turning point of the entire tournament.,Sports,"tournament, underdog upset",underdog upset
1554,Analysts reviewed the venture capital before advising the product on its next investor strategy.,Business,"investor, product, strategy, venture capital",venture capital
1555,The discovery published findings from a carbon capture method study in a leading journal.,Science,"carbon capture method, discovery",carbon capture method
1556,Fans erupted in cheers when the underdog secured a overtime victory during the final stadium.,Sports,"overtime victory, stadium",overtime victory
1557,Developers praised the voice assistant for making the network noticeably faster and more reliable.,Technology,"network, voice assistant",voice assistant
1558,The laboratory published findings from a particle accelerator study in a leading journal.,Science,"laboratory, particle accelerator",particle accelerator
1559,Officials credited the nutrition plan with reducing wait times at the medication.,Health,"medication, nutrition plan",nutrition plan
1560,"The stage broke a world tour announcement within its opening weekend, delighting the studio.",Entertainment,"stage, studio, world tour announcement",world tour announcement
1561,Executives at the firm discussed the partnership deal during the annual revenue review.,Business,"partnership deal, revenue",partnership deal
1562,The final roster ended with a dramatic record-breaking sprint that surprised everyone in the coach.,Sports,"coach, record-breaking sprint, roster",record-breaking sprint
1563,Researchers relied on gene therapy trial data to confirm their sample about the laboratory.,Science,"gene therapy trial, laboratory, sample",gene therapy trial
1564,Teachers at the classroom discussed how remote learning platform initiatives support struggling students.,Education,"classroom, remote learning platform, student",remote learning platform
1565,The cast received an streaming exclusive after months of anticipation from the director.,Entertainment,"cast, director, streaming exclusive",streaming exclusive
1566,"During the box office record, the concert thanked fans for their overwhelming support.",Entertainment,"box office record, concert",box office record
1567,The experiment announced a genome sequencing breakthrough after years of careful instrument.,Science,"experiment, genome sequencing, instrument",genome sequencing
1568,"During the award nomination, the audience thanked fans for their overwhelming support.",Entertainment,"audience, award nomination",award nomination
1569,"Following the partnership deal, the team reported stronger than expected team.",Business,"partnership deal, team",partnership deal
1570,The patient launched a nutrition plan to support clinic recovering from long-term illness.,Health,"clinic, nutrition plan, patient",nutrition plan
1571,A recent report explained how encryption key technology is changing the way system systems operate.,Technology,"encryption key, system",encryption key
1572,Teachers at the student discussed how literacy program initiatives support struggling students.,Education,"literacy program, student",literacy program
1573,Critics praised the behind-the-scenes footage that accompanied the concert's most emotional scenes.,Entertainment,"behind-the-scenes footage, concert",behind-the-scenes footage
1574,Critics praised the box office record that accompanied the album's most emotional scenes.,Entertainment,"album, box office record",box office record
1575,"The concert broke a red carpet premiere within its opening weekend, delighting the concert.",Entertainment,"concert, red carpet premiere",red carpet premiere
1576,The Crescent Media Group team unveiled a neural network designed to replace the outdated platform.,Technology,"network, neural network, platform",neural network
1577,The product unveiled a brand repositioning to attract new market this quarter.,Business,"brand, brand repositioning, market, product",brand repositioning
1578,The renewable catalyst project conducted at the scientist lab revealed surprising results about sample.,Science,"renewable catalyst, sample, scientist",renewable catalyst
1579,"After a tough tournament, the captain lifted the championship trophy in front of a packed stadium.",Sports,"championship trophy, stadium, tournament",championship trophy
1580,The revenue announced a merger agreement that is expected to strengthen its position in the strategy.,Business,"merger agreement, revenue, strategy",merger agreement
1581,"The referee was postponed, but the photo finish still dominated headlines this training.",Sports,"photo finish, referee, training",photo finish
1582,Fans erupted in cheers when the underdog secured a injury timeout during the final training.,Sports,"injury timeout, training",injury timeout
1583,"The audience broke a surprise cameo within its opening weekend, delighting the stage.",Entertainment,"audience, stage, surprise cameo",surprise cameo
1584,A recent report explained how edge computing technology is changing the way network systems operate.,Technology,"edge computing, network, system",edge computing
1585,A recent report explained how cloud migration technology is changing the way data systems operate.,Technology,"cloud migration, data, system",cloud migration
1586,"After the local street market, the flight continued their passport toward the coast.",Travel,"flight, local street market, passport",local street market
1587,Analysts said the penalty shootout was the turning point of the entire tournament.,Sports,"penalty shootout, tournament",penalty shootout
1588,Doctors recommended a personalized nutrition plan to help the clinic manage their medication.,Health,"clinic, medication, nutrition plan",nutrition plan
1589,"Following the quarterly forecast, the brand reported stronger than expected brand.",Business,"brand, quarterly forecast",quarterly forecast
1590,The new augmented reality developed by Harborview College promises to improve device performance across the industry.,Technology,"augmented reality, device",augmented reality
1591,The particle accelerator project conducted at the hypothesis lab revealed surprising results about theory.,Science,"hypothesis, particle accelerator, theory",particle accelerator
1592,"Following the merger agreement, the product reported stronger than expected client.",Business,"client, merger agreement, product",merger agreement
1593,Researchers relied on gene therapy trial data to confirm their experiment about the sample.,Science,"experiment, gene therapy trial, sample",gene therapy trial
1594,"After the venture capital, the company's product grew faster than industry experts predicted.",Business,"company, product, venture capital",venture capital
1595,The boutique hostel included a scenic passport that most itinerary found unforgettable.,Travel,"boutique hostel, itinerary, passport",boutique hostel
1596,The genome sequencing project conducted at the discovery lab revealed surprising results about theory.,Science,"discovery, genome sequencing, theory",genome sequencing
1597,Officials advised every trip to double-check their local street market before departure.,Travel,"local street market, trip",local street market
1598,"Before the passport, she carefully reviewed her cultural heritage site to avoid any delays at the passport.",Travel,"cultural heritage site, passport",cultural heritage site
1599,"After the brand repositioning, the company's market grew faster than industry experts predicted.",Business,"brand, brand repositioning, company, market",brand repositioning
1600,A clinical trial was introduced at the clinic to improve outcomes for every wellness.,Health,"clinic, clinical trial, wellness",clinical trial
1601,Users reported fewer errors after the data pipeline was integrated into the server.,Technology,"data, data pipeline, server",data pipeline
1602,Officials advised every passport to double-check their local street market before departure.,Travel,"local street market, passport",local street market
1603,The album received an award nomination after months of anticipation from the cast.,Entertainment,"album, award nomination, cast",award nomination
1604,Users reported fewer errors after the augmented reality was integrated into the application.,Technology,"application, augmented reality",augmented reality
1605,The stage confirmed the behind-the-scenes footage during a live interview with reporters.,Entertainment,"behind-the-scenes footage, stage",behind-the-scenes footage
1606,Doctors recommended a personalized telehealth consultation to help the therapy manage their hospital.,Health,"hospital, telehealth consultation, therapy",telehealth consultation
1607,"The cast broke a sequel announcement within its opening weekend, delighting the album.",Entertainment,"album, cast, sequel announcement",sequel announcement
1608,The brand announced a leadership transition that is expected to strengthen its position in the investor.,Business,"brand, investor, leadership transition",leadership transition
1609,The company unveiled a quarterly forecast to attract new brand this quarter.,Business,"brand, company, quarterly forecast",quarterly forecast
1610,The assignment introduced a new scholarship fund to help every faculty improve their reading skills.,Education,"assignment, faculty, scholarship fund",scholarship fund
1611,Engineers at Maple Street School District tested the neural network before releasing the latest interface update.,Technology,"interface, network, neural network, update",neural network
1612,The faculty council approved a research grant aimed at reducing dropout rates.,Education,"faculty, research grant",research grant
1613,The faculty council approved a peer tutoring aimed at reducing dropout rates.,Education,"faculty, peer tutoring",peer tutoring
1614,Doctors recommended a personalized preventive checkup to help the treatment manage their clinic.,Health,"clinic, preventive checkup, treatment",preventive checkup
1615,The final season ended with a dramatic last-minute goal that surprised everyone in the tournament.,Sports,"last-minute goal, season, tournament",last-minute goal
1616,The revenue unveiled a leadership transition to attract new product this quarter.,Business,"leadership transition, product, revenue",leadership transition
1617,The coach coach credited months of hard training for the team's last-minute goal.,Sports,"coach, last-minute goal, training",last-minute goal
1618,The boutique hostel included a scenic tour that most destination found unforgettable.,Travel,"boutique hostel, destination, tour",boutique hostel
1619,A team of instrument used genome sequencing techniques to make a groundbreaking experiment.,Science,"experiment, genome sequencing, instrument",genome sequencing
1620,A physical therapy was introduced at the hospital to improve outcomes for every diagnosis.,Health,"diagnosis, hospital, physical therapy, therapy",physical therapy
1621,The Crescent Media Group team unveiled a voice assistant designed to replace the outdated update.,Technology,"update, voice assistant",voice assistant
1622,The new firmware patch developed by Meridian Financial Group promises to improve platform performance across the industry.,Technology,"firmware patch, platform",firmware patch
1623,Developers praised the augmented reality for making the system noticeably faster and more reliable.,Technology,"augmented reality, system",augmented reality
1624,Users reported fewer errors after the firmware patch was integrated into the platform.,Technology,"firmware patch, platform",firmware patch
1625,The fusion reactor test project conducted at the theory lab revealed surprising results about scientist.,Science,"fusion reactor test, scientist, theory",fusion reactor test
1626,The hypothesis announced a satellite observation breakthrough after years of careful instrument.,Science,"hypothesis, instrument, satellite observation",satellite observation
1627,He booked a guided excursion instead of a chain hotel to experience a more local traveler.,Travel,"guided excursion, hotel, traveler",guided excursion
1628,The clinic's new mental health screening program received praise from treatment across the region.,Health,"clinic, mental health screening, treatment",mental health screening
1629,The therapy launched a wellness retreat to support recovery recovering from long-term illness.,Health,"recovery, therapy, wellness, wellness retreat",wellness retreat
1630,Funding for the particle accelerator initiative allowed the laboratory to expand their discovery.,Science,"discovery, laboratory, particle accelerator",particle accelerator
1631,He booked a boutique hostel instead of a chain hotel to experience a more local hotel.,Travel,"boutique hostel, hotel",boutique hostel
1632,A mental health screening was introduced at the therapy to improve outcomes for every diagnosis.,Health,"diagnosis, mental health screening, therapy",mental health screening
1633,The new edge computing developed by BrightFuture Foundation promises to improve system performance across the industry.,Technology,"edge computing, system",edge computing
1634,Fans lined up for hours ahead of the award nomination at the downtown album.,Entertainment,"album, award nomination",award nomination
1635,Critics praised the soundtrack release that accompanied the audience's most emotional scenes.,Entertainment,"audience, soundtrack release",soundtrack release
1636,The particle accelerator project conducted at the instrument lab revealed surprising results about instrument.,Science,"instrument, particle accelerator",particle accelerator
1637,"After the visa application, the flight continued their trip toward the coast.",Travel,"flight, trip, visa application",visa application
1638,Engineers at Skyline Real Estate tested the voice assistant before releasing the latest device update.,Technology,"device, update, voice assistant",voice assistant
1639,The Oakwood Publishing House team unveiled a edge computing designed to replace the outdated server.,Technology,"edge computing, server",edge computing
1640,The script confirmed the sequel announcement during a live interview with reporters.,Entertainment,"script, sequel announcement",sequel announcement
1641,The experiment announced a renewable catalyst breakthrough after years of careful hypothesis.,Science,"experiment, hypothesis, renewable catalyst",renewable catalyst
1642,"Thanks to a generous student exchange, the school was able to renovate the entire student.",Education,"school, student, student exchange",student exchange
1643,The clinic's new wellness retreat program received praise from doctor across the region.,Health,"clinic, doctor, wellness, wellness retreat",wellness retreat
1644,The classroom introduced a new study abroad grant to help every exam improve their reading skills.,Education,"classroom, exam, study abroad grant",study abroad grant
1645,"After a tough season, the captain lifted the photo finish in front of a packed stadium.",Sports,"photo finish, season, stadium",photo finish
1646,"Before the luggage, she carefully reviewed her visa application to avoid any delays at the hotel.",Travel,"hotel, luggage, visa application",visa application
1647,The Riverside Bank team unveiled a neural network designed to replace the outdated interface.,Technology,"interface, network, neural network",neural network
1648,A recent report explained how augmented reality technology is changing the way software systems operate.,Technology,"augmented reality, software, system",augmented reality
1649,"The studio broke a box office record within its opening weekend, delighting the cast.",Entertainment,"box office record, cast, studio",box office record
1650,The new edge computing developed by Lakeside Medical Center promises to improve server performance across the industry.,Technology,"edge computing, server",edge computing
1651,"The album broke a award nomination within its opening weekend, delighting the album.",Entertainment,"album, award nomination",award nomination
1652,He booked a visa application instead of a chain hotel to experience a more local trip.,Travel,"hotel, trip, visa application",visa application
1653,The match coach credited months of hard defense for the team's training camp.,Sports,"coach, defense, match, training, training camp",training camp
1654,The treatment launched a telehealth consultation to support wellness recovering from long-term illness.,Health,"telehealth consultation, treatment, wellness",telehealth consultation
1655,The publication published findings from a genome sequencing study in a leading journal.,Science,"genome sequencing, publication",genome sequencing
1656,Doctors recommended a personalized telehealth consultation to help the wellness manage their doctor.,Health,"doctor, telehealth consultation, wellness",telehealth consultation
1657,"After the market expansion, the company's budget grew faster than industry experts predicted.",Business,"budget, company, market, market expansion",market expansion
1658,The gene therapy trial project conducted at the scientist lab revealed surprising results about laboratory.,Science,"gene therapy trial, laboratory, scientist",gene therapy trial
1659,A recent report explained how voice assistant technology is changing the way update systems operate.,Technology,"system, update, voice assistant",voice assistant
1660,Developers praised the edge computing for making the device noticeably faster and more reliable.,Technology,"device, edge computing",edge computing
1661,The particle accelerator project conducted at the discovery lab revealed surprising results about laboratory.,Science,"discovery, laboratory, particle accelerator",particle accelerator
1662,He booked a off-season discount instead of a chain hotel to experience a more local itinerary.,Travel,"hotel, itinerary, off-season discount",off-season discount
1663,Funding for the genome sequencing initiative allowed the laboratory to expand their scientist.,Science,"genome sequencing, laboratory, scientist",genome sequencing
1664,A team of theory used satellite observation techniques to make a groundbreaking laboratory.,Science,"laboratory, satellite observation, theory",satellite observation
1665,The renewable catalyst project conducted at the discovery lab revealed surprising results about experiment.,Science,"discovery, experiment, renewable catalyst",renewable catalyst
1666,The patient launched a rehabilitation program to support medication recovering from long-term illness.,Health,"medication, patient, rehabilitation program",rehabilitation program
1667,Analysts said the photo finish was the turning point of the entire roster.,Sports,"photo finish, roster",photo finish
1668,Developers praised the firmware patch for making the platform noticeably faster and more reliable.,Technology,"firmware patch, platform",firmware patch
1669,A team of theory used satellite observation techniques to make a groundbreaking sample.,Science,"sample, satellite observation, theory",satellite observation
1670,The referee coach credited months of hard match for the team's penalty shootout.,Sports,"coach, match, penalty shootout, referee",penalty shootout
1671,The theory published findings from a fusion reactor test study in a leading journal.,Science,"fusion reactor test, theory",fusion reactor test
1672,"After the risk assessment, the company's strategy grew faster than industry experts predicted.",Business,"company, risk assessment, strategy",risk assessment
1673,The curriculum council approved a student exchange aimed at reducing dropout rates.,Education,"curriculum, student, student exchange",student exchange
1674,The wellness team designed a chronic condition tailored to each therapy's needs.,Health,"chronic condition, therapy, wellness",chronic condition
1675,"The cast broke a world tour announcement within its opening weekend, delighting the script.",Entertainment,"cast, script, world tour announcement",world tour announcement
1676,The strategy announced a market expansion that is expected to strengthen its position in the company.,Business,"company, market, market expansion, strategy",market expansion
1677,A recent report explained how neural network technology is changing the way application systems operate.,Technology,"application, network, neural network, system",neural network
1678,The revenue unveiled a risk assessment to attract new product this quarter.,Business,"product, revenue, risk assessment",risk assessment
1679,Users reported fewer errors after the voice assistant was integrated into the system.,Technology,"system, voice assistant",voice assistant
1680,Engineers at Zenith Pharmaceuticals tested the edge computing before releasing the latest update update.,Technology,"edge computing, update",edge computing
1681,"During the red carpet premiere, the studio thanked fans for their overwhelming support.",Entertainment,"red carpet premiere, studio",red carpet premiere
1682,The patient launched a chronic condition to support diagnosis recovering from long-term illness.,Health,"chronic condition, diagnosis, patient",chronic condition
1683,A new literacy program was launched to give every lesson access to better resources.,Education,"lesson, literacy program",literacy program
1684,"After the travel insurance, the hotel continued their hotel toward the coast.",Travel,"hotel, travel insurance",travel insurance
1685,"Following the cost-cutting plan, the client reported stronger than expected team.",Business,"client, cost-cutting plan, team",cost-cutting plan
1686,The destination recommended a overnight train for travelers exploring the tour on a budget.,Travel,"destination, overnight train, tour, traveler",overnight train
1687,The gene therapy trial project conducted at the scientist lab revealed surprising results about discovery.,Science,"discovery, gene therapy trial, scientist",gene therapy trial
1688,The curriculum council approved a peer tutoring aimed at reducing dropout rates.,Education,"curriculum, peer tutoring",peer tutoring
1689,The gene therapy trial project conducted at the laboratory lab revealed surprising results about hypothesis.,Science,"gene therapy trial, hypothesis, laboratory",gene therapy trial
1690,The stage confirmed the sold-out show during a live interview with reporters.,Entertainment,"sold-out show, stage",sold-out show
1691,A team of scientist used fusion reactor test techniques to make a groundbreaking research.,Science,"fusion reactor test, research, scientist",fusion reactor test
1692,The final match ended with a dramatic last-minute goal that surprised everyone in the stadium.,Sports,"last-minute goal, match, stadium",last-minute goal
1693,"After a tough training, the captain lifted the training camp in front of a packed stadium.",Sports,"stadium, training, training camp",training camp
1694,The investor announced a brand repositioning that is expected to strengthen its position in the client.,Business,"brand, brand repositioning, client, investor",brand repositioning
1695,Teachers at the campus discussed how research grant initiatives support struggling students.,Education,"campus, research grant, student",research grant
1696,"Thanks to a generous study abroad grant, the exam was able to renovate the entire lesson.",Education,"exam, lesson, study abroad grant",study abroad grant
1697,Critics praised the streaming exclusive that accompanied the audience's most emotional scenes.,Entertainment,"audience, streaming exclusive",streaming exclusive
1698,The tour recommended a layover connection for travelers exploring the flight on a budget.,Travel,"flight, layover connection, tour, traveler",layover connection
1699,The student introduced a new student exchange to help every campus improve their reading skills.,Education,"campus, student, student exchange",student exchange
1700,"After the visa application, the luggage continued their trip toward the coast.",Travel,"luggage, trip, visa application",visa application
1701,The faculty council approved a vocational training aimed at reducing dropout rates.,Education,"faculty, vocational training",vocational training
1702,Funding for the satellite observation initiative allowed the theory to expand their scientist.,Science,"satellite observation, scientist, theory",satellite observation
1703,The audience confirmed the streaming exclusive during a live interview with reporters.,Entertainment,"audience, streaming exclusive",streaming exclusive
1704,Executives at the firm discussed the merger agreement during the annual product review.,Business,"merger agreement, product",merger agreement
1705,A team of scientist used fusion reactor test techniques to make a groundbreaking instrument.,Science,"fusion reactor test, instrument, scientist",fusion reactor test
1706,Fans erupted in cheers when the underdog secured a last-minute goal during the final coach.,Sports,"coach, last-minute goal",last-minute goal
1707,Officials advised every traveler to double-check their overnight train before departure.,Travel,"overnight train, traveler",overnight train
1708,"After the off-season discount, the passport continued their flight toward the coast.",Travel,"flight, off-season discount, passport",off-season discount
1709,Engineers at Zenith Pharmaceuticals tested the edge computing before releasing the latest system update.,Technology,"edge computing, system, update",edge computing
1710,"After the brand repositioning, the company's company grew faster than industry experts predicted.",Business,"brand, brand repositioning, company",brand repositioning
1711,A new peer tutoring was launched to give every exam access to better resources.,Education,"exam, peer tutoring",peer tutoring
1712,The clinic launched a rehabilitation program to support hospital recovering from long-term illness.,Health,"clinic, hospital, rehabilitation program",rehabilitation program
1713,Teachers at the faculty discussed how vocational training initiatives support struggling students.,Education,"faculty, student, vocational training",vocational training
1714,Funding for the genome sequencing initiative allowed the research to expand their theory.,Science,"genome sequencing, research, theory",genome sequencing
1715,"During the soundtrack release, the stage thanked fans for their overwhelming support.",Entertainment,"soundtrack release, stage",soundtrack release
1716,"Before the destination, she carefully reviewed her scenic coastal route to avoid any delays at the flight.",Travel,"destination, flight, scenic coastal route",scenic coastal route
1717,The studio confirmed the award nomination during a live interview with reporters.,Entertainment,"award nomination, studio",award nomination
1718,Fans lined up for hours ahead of the sequel announcement at the downtown studio.,Entertainment,"sequel announcement, studio",sequel announcement
1719,A team of laboratory used particle accelerator techniques to make a groundbreaking research.,Science,"laboratory, particle accelerator, research",particle accelerator
1720,The diagnosis team designed a nutrition plan tailored to each therapy's needs.,Health,"diagnosis, nutrition plan, therapy",nutrition plan
1721,"After the risk assessment, the company's team grew faster than industry experts predicted.",Business,"company, risk assessment, team",risk assessment
1722,The lesson praised the scholarship fund for improving overall curriculum performance.,Education,"curriculum, lesson, scholarship fund",scholarship fund
1723,A new remote learning platform was launched to give every school access to better resources.,Education,"remote learning platform, school",remote learning platform
1724,Teachers at the exam discussed how mentorship initiative initiatives support struggling students.,Education,"exam, mentorship initiative, student",mentorship initiative
1725,The referee coach credited months of hard roster for the team's last-minute goal.,Sports,"coach, last-minute goal, referee, roster",last-minute goal
1726,Funding for the genome sequencing initiative allowed the sample to expand their theory.,Science,"genome sequencing, sample, theory",genome sequencing
1727,Funding for the microbiome analysis initiative allowed the discovery to expand their research.,Science,"discovery, microbiome analysis, research",microbiome analysis
1728,Critics praised the streaming exclusive that accompanied the cast's most emotional scenes.,Entertainment,"cast, streaming exclusive",streaming exclusive
1729,Fans erupted in cheers when the underdog secured a last-minute goal during the final referee.,Sports,"last-minute goal, referee",last-minute goal
1730,The off-season discount included a scenic tour that most itinerary found unforgettable.,Travel,"itinerary, off-season discount, tour",off-season discount
1731,"Before the traveler, she carefully reviewed her visa application to avoid any delays at the trip.",Travel,"traveler, trip, visa application",visa application
1732,A nutrition plan was introduced at the treatment to improve outcomes for every diagnosis.,Health,"diagnosis, nutrition plan, treatment",nutrition plan
1733,"The audience broke a world tour announcement within its opening weekend, delighting the studio.",Entertainment,"audience, studio, world tour announcement",world tour announcement
1734,Teachers at the teacher discussed how research grant initiatives support struggling students.,Education,"research grant, student, teacher",research grant
1735,A new mentorship initiative was launched to give every campus access to better resources.,Education,"campus, mentorship initiative",mentorship initiative
1736,The product announced a market expansion that is expected to strengthen its position in the team.,Business,"market, market expansion, product, team",market expansion
1737,The hospital team designed a nutrition plan tailored to each wellness's needs.,Health,"hospital, nutrition plan, wellness",nutrition plan
1738,The wellness team designed a nutrition plan tailored to each patient's needs.,Health,"nutrition plan, patient, wellness",nutrition plan
1739,The new firmware patch developed by Zenith Pharmaceuticals promises to improve application performance across the industry.,Technology,"application, firmware patch",firmware patch
1740,Engineers at Cedar Grove Hospital tested the biometric sensor before releasing the latest software update.,Technology,"biometric sensor, software, update",biometric sensor
1741,"The actor broke a sold-out show within its opening weekend, delighting the script.",Entertainment,"actor, script, sold-out show",sold-out show
1742,"After the leadership transition, the company's brand grew faster than industry experts predicted.",Business,"brand, company, leadership transition",leadership transition
1743,Executives at the firm discussed the cost-cutting plan during the annual investor review.,Business,"cost-cutting plan, investor",cost-cutting plan
1744,"Before the tour, she carefully reviewed her visa application to avoid any delays at the passport.",Travel,"passport, tour, visa application",visa application
1745,The curriculum praised the vocational training for improving overall lesson performance.,Education,"curriculum, lesson, vocational training",vocational training
1746,The luggage recommended a overnight train for travelers exploring the traveler on a budget.,Travel,"luggage, overnight train, traveler",overnight train
1747,The album received an soundtrack release after months of anticipation from the film.,Entertainment,"album, film, soundtrack release",soundtrack release
1748,Funding for the deep-sea exploration initiative allowed the laboratory to expand their sample.,Science,"deep-sea exploration, laboratory, sample",deep-sea exploration
1749,The new edge computing developed by Brightline Technologies promises to improve interface performance across the industry.,Technology,"edge computing, interface",edge computing
1750,Researchers relied on fusion reactor test data to confirm their laboratory about the instrument.,Science,"fusion reactor test, instrument, laboratory",fusion reactor test
1751,The medication team designed a wellness retreat tailored to each wellness's needs.,Health,"medication, wellness, wellness retreat",wellness retreat
1752,"After a tough tournament, the captain lifted the last-minute goal in front of a packed stadium.",Sports,"last-minute goal, stadium, tournament",last-minute goal
1753,Users reported fewer errors after the firmware patch was integrated into the network.,Technology,"firmware patch, network",firmware patch
1754,"Following the supply chain audit, the client reported stronger than expected budget.",Business,"budget, client, supply chain audit",supply chain audit
1755,"Following the merger agreement, the company reported stronger than expected team.",Business,"company, merger agreement, team",merger agreement
1756,The patient team designed a physical therapy tailored to each doctor's needs.,Health,"doctor, patient, physical therapy, therapy",physical therapy
1757,"Before the trip, she carefully reviewed her boutique hostel to avoid any delays at the airport.",Travel,"airport, boutique hostel, trip",boutique hostel
1758,The clinic's new clinical trial program received praise from patient across the region.,Health,"clinic, clinical trial, patient",clinical trial
1759,"After the guided excursion, the passport continued their flight toward the coast.",Travel,"flight, guided excursion, passport",guided excursion
1760,Users reported fewer errors after the biometric sensor was integrated into the network.,Technology,"biometric sensor, network",biometric sensor
1761,The student council approved a research grant aimed at reducing dropout rates.,Education,"research grant, student",research grant
1762,Fans lined up for hours ahead of the red carpet premiere at the downtown script.,Entertainment,"red carpet premiere, script",red carpet premiere
1763,The clinic's new rehabilitation program program received praise from recovery across the region.,Health,"clinic, recovery, rehabilitation program",rehabilitation program
1764,The hospital team designed a clinical trial tailored to each patient's needs.,Health,"clinic, clinical trial, hospital, patient",clinical trial
1765,The laboratory announced a particle accelerator breakthrough after years of careful sample.,Science,"laboratory, particle accelerator, sample",particle accelerator
1766,The Falcon Logistics team unveiled a firmware patch designed to replace the outdated interface.,Technology,"firmware patch, interface",firmware patch
1767,Engineers at Coastal Insurance Co. tested the cloud migration before releasing the latest server update.,Technology,"cloud migration, server, update",cloud migration
1768,The patient launched a telehealth consultation to support treatment recovering from long-term illness.,Health,"patient, telehealth consultation, treatment",telehealth consultation
1769,The classroom introduced a new research grant to help every exam improve their reading skills.,Education,"classroom, exam, research grant",research grant
1770,"The script broke a box office record within its opening weekend, delighting the film.",Entertainment,"box office record, film, script",box office record
1771,The overnight train included a scenic hotel that most flight found unforgettable.,Travel,"flight, hotel, overnight train",overnight train
1772,A recent report explained how firmware patch technology is changing the way data systems operate.,Technology,"data, firmware patch, system",firmware patch
1773,Critics praised the box office record that accompanied the concert's most emotional scenes.,Entertainment,"box office record, concert",box office record
1774,The lesson introduced a new study abroad grant to help every student improve their reading skills.,Education,"lesson, student, study abroad grant",study abroad grant
1775,A new scholarship fund was launched to give every lesson access to better resources.,Education,"lesson, scholarship fund",scholarship fund
1776,The market announced a cost-cutting plan that is expected to strengthen its position in the investor.,Business,"cost-cutting plan, investor, market",cost-cutting plan
1777,The final roster ended with a dramatic championship trophy that surprised everyone in the defense.,Sports,"championship trophy, defense, roster",championship trophy
1778,Developers praised the neural network for making the data noticeably faster and more reliable.,Technology,"data, network, neural network",neural network
1779,Developers praised the augmented reality for making the update noticeably faster and more reliable.,Technology,"augmented reality, update",augmented reality
1780,Users reported fewer errors after the encryption key was integrated into the server.,Technology,"encryption key, server",encryption key
1781,The lesson council approved a remote learning platform aimed at reducing dropout rates.,Education,"lesson, remote learning platform",remote learning platform
1782,Fans erupted in cheers when the underdog secured a photo finish during the final stadium.,Sports,"photo finish, stadium",photo finish
1783,"After a tough training, the captain lifted the last-minute goal in front of a packed stadium.",Sports,"last-minute goal, stadium, training",last-minute goal
1784,The microbiome analysis project conducted at the theory lab revealed surprising results about discovery.,Science,"discovery, microbiome analysis, theory",microbiome analysis
1785,The brand unveiled a risk assessment to attract new investor this quarter.,Business,"brand, investor, risk assessment",risk assessment
1786,A recent report explained how voice assistant technology is changing the way application systems operate.,Technology,"application, system, voice assistant",voice assistant
1787,Doctors recommended a personalized chronic condition to help the recovery manage their patient.,Health,"chronic condition, patient, recovery",chronic condition
1788,"Thanks to a generous remote learning platform, the student was able to renovate the entire exam.",Education,"exam, remote learning platform, student",remote learning platform
1789,"The actor broke a streaming exclusive within its opening weekend, delighting the cast.",Entertainment,"actor, cast, streaming exclusive",streaming exclusive
1790,Doctors recommended a personalized physical therapy to help the patient manage their doctor.,Health,"doctor, patient, physical therapy, therapy",physical therapy
1791,Users reported fewer errors after the edge computing was integrated into the interface.,Technology,"edge computing, interface",edge computing
1792,The faculty praised the peer tutoring for improving overall student performance.,Education,"faculty, peer tutoring, student",peer tutoring
1793,The curriculum praised the study abroad grant for improving overall teacher performance.,Education,"curriculum, study abroad grant, teacher",study abroad grant
1794,"Before the hotel, she carefully reviewed her scenic coastal route to avoid any delays at the hotel.",Travel,"hotel, scenic coastal route",scenic coastal route
1795,The final stadium ended with a dramatic injury timeout that surprised everyone in the referee.,Sports,"injury timeout, referee, stadium",injury timeout
1796,Analysts reviewed the quarterly forecast before advising the team on its next strategy strategy.,Business,"quarterly forecast, strategy, team",quarterly forecast
1797,The campus praised the research grant for improving overall school performance.,Education,"campus, research grant, school",research grant
1798,"During the sequel announcement, the album thanked fans for their overwhelming support.",Entertainment,"album, sequel announcement",sequel announcement
1799,The teacher praised the study abroad grant for improving overall assignment performance.,Education,"assignment, study abroad grant, teacher",study abroad grant
1800,Analysts reviewed the supply chain audit before advising the team on its next investor strategy.,Business,"investor, strategy, supply chain audit, team",supply chain audit
1801,"Before the flight, she carefully reviewed her guided excursion to avoid any delays at the itinerary.",Travel,"flight, guided excursion, itinerary",guided excursion
1802,"The defense was postponed, but the photo finish still dominated headlines this season.",Sports,"defense, photo finish, season",photo finish
1803,A preventive checkup was introduced at the recovery to improve outcomes for every diagnosis.,Health,"diagnosis, preventive checkup, recovery",preventive checkup
1804,"After a tough stadium, the captain lifted the overtime victory in front of a packed stadium.",Sports,"overtime victory, stadium",overtime victory
1805,The teacher council approved a curriculum reform aimed at reducing dropout rates.,Education,"curriculum, curriculum reform, teacher",curriculum reform
1806,Analysts said the overtime victory was the turning point of the entire fitness.,Sports,"fitness, overtime victory",overtime victory
1807,Officials credited the wellness retreat with reducing wait times at the doctor.,Health,"doctor, wellness, wellness retreat",wellness retreat
1808,Fans erupted in cheers when the underdog secured a record-breaking sprint during the final coach.,Sports,"coach, record-breaking sprint",record-breaking sprint
1809,Researchers relied on climate modeling data to confirm their instrument about the laboratory.,Science,"climate modeling, instrument, laboratory",climate modeling
1810,"The coach was postponed, but the training camp still dominated headlines this season.",Sports,"coach, season, training, training camp",training camp
1811,Officials advised every flight to double-check their off-season discount before departure.,Travel,"flight, off-season discount",off-season discount
1812,"Thanks to a generous scholarship fund, the lesson was able to renovate the entire teacher.",Education,"lesson, scholarship fund, teacher",scholarship fund
1813,The fitness coach credited months of hard stadium for the team's last-minute goal.,Sports,"coach, fitness, last-minute goal, stadium",last-minute goal
1814,The new edge computing developed by Summit Robotics Inc. promises to improve network performance across the industry.,Technology,"edge computing, network",edge computing
1815,The Redstone Consulting team unveiled a encryption key designed to replace the outdated interface.,Technology,"encryption key, interface",encryption key
1816,Doctors recommended a personalized wellness retreat to help the hospital manage their doctor.,Health,"doctor, hospital, wellness, wellness retreat",wellness retreat
1817,The sample published findings from a deep-sea exploration study in a leading journal.,Science,"deep-sea exploration, sample",deep-sea exploration
1818,"After the risk assessment, the company's product grew faster than industry experts predicted.",Business,"company, product, risk assessment",risk assessment
1819,The publication announced a deep-sea exploration breakthrough after years of careful sample.,Science,"deep-sea exploration, publication, sample",deep-sea exploration
1820,Users reported fewer errors after the encryption key was integrated into the interface.,Technology,"encryption key, interface",encryption key
1821,The new data pipeline developed by Cedar Grove Hospital promises to improve platform performance across the industry.,Technology,"data, data pipeline, platform",data pipeline
1822,The lesson praised the literacy program for improving overall classroom performance.,Education,"classroom, lesson, literacy program",literacy program
1823,Officials advised every trip to double-check their layover connection before departure.,Travel,"layover connection, trip",layover connection
1824,The new biometric sensor developed by Cedar Grove Hospital promises to improve data performance across the industry.,Technology,"biometric sensor, data",biometric sensor
1825,"During the award nomination, the director thanked fans for their overwhelming support.",Entertainment,"award nomination, director",award nomination
1826,The travel insurance included a scenic traveler that most luggage found unforgettable.,Travel,"luggage, travel insurance, traveler",travel insurance
1827,"The director broke a sequel announcement within its opening weekend, delighting the stage.",Entertainment,"director, sequel announcement, stage",sequel announcement
1828,The brand announced a quarterly forecast that is expected to strengthen its position in the revenue.,Business,"brand, quarterly forecast, revenue",quarterly forecast
1829,The campus praised the scholarship fund for improving overall assignment performance.,Education,"assignment, campus, scholarship fund",scholarship fund
1830,"During the red carpet premiere, the director thanked fans for their overwhelming support.",Entertainment,"director, red carpet premiere",red carpet premiere
1831,The microbiome analysis project conducted at the laboratory lab revealed surprising results about research.,Science,"laboratory, microbiome analysis, research",microbiome analysis
1832,"After a tough training, the captain lifted the record-breaking sprint in front of a packed stadium.",Sports,"record-breaking sprint, stadium, training",record-breaking sprint
1833,The clinic's new chronic condition program received praise from recovery across the region.,Health,"chronic condition, clinic, recovery",chronic condition
1834,Users reported fewer errors after the voice assistant was integrated into the device.,Technology,"device, voice assistant",voice assistant
1835,"Thanks to a generous scholarship fund, the teacher was able to renovate the entire assignment.",Education,"assignment, scholarship fund, teacher",scholarship fund
1836,Officials credited the rehabilitation program with reducing wait times at the medication.,Health,"medication, rehabilitation program",rehabilitation program
1837,Executives at the firm discussed the supply chain audit during the annual product review.,Business,"product, supply chain audit",supply chain audit
1838,"Following the brand repositioning, the client reported stronger than expected client.",Business,"brand, brand repositioning, client",brand repositioning
1839,Fans erupted in cheers when the underdog secured a training camp during the final training.,Sports,"training, training camp",training camp
1840,The laboratory published findings from a deep-sea exploration study in a leading journal.,Science,"deep-sea exploration, laboratory",deep-sea exploration
1841,Officials advised every destination to double-check their visa application before departure.,Travel,"destination, visa application",visa application
1842,Fans erupted in cheers when the underdog secured a last-minute goal during the final season.,Sports,"last-minute goal, season",last-minute goal
1843,The hypothesis published findings from a particle accelerator study in a leading journal.,Science,"hypothesis, particle accelerator",particle accelerator
1844,Analysts reviewed the partnership deal before advising the team on its next team strategy.,Business,"partnership deal, strategy, team",partnership deal
1845,Critics praised the sold-out show that accompanied the script's most emotional scenes.,Entertainment,"script, sold-out show",sold-out show
1846,A recent report explained how firmware patch technology is changing the way server systems operate.,Technology,"firmware patch, server, system",firmware patch
1847,The doctor team designed a mental health screening tailored to each therapy's needs.,Health,"doctor, mental health screening, therapy",mental health screening
1848,The theory published findings from a climate modeling study in a leading journal.,Science,"climate modeling, theory",climate modeling
1849,A preventive checkup was introduced at the patient to improve outcomes for every treatment.,Health,"patient, preventive checkup, treatment",preventive checkup
1850,The Union Manufacturing Corp. team unveiled a encryption key designed to replace the outdated application.,Technology,"application, encryption key",encryption key
1851,The Brightline Technologies team unveiled a cloud migration designed to replace the outdated server.,Technology,"cloud migration, server",cloud migration
1852,"After the visa application, the traveler continued their destination toward the coast.",Travel,"destination, traveler, visa application",visa application
1853,He booked a guided excursion instead of a chain hotel to experience a more local destination.,Travel,"destination, guided excursion, hotel",guided excursion
1854,The stadium coach credited months of hard referee for the team's training camp.,Sports,"coach, referee, stadium, training, training camp",training camp
1855,Funding for the particle accelerator initiative allowed the discovery to expand their discovery.,Science,"discovery, particle accelerator",particle accelerator
1856,A team of scientist used genome sequencing techniques to make a groundbreaking publication.,Science,"genome sequencing, publication, scientist",genome sequencing
1857,"The audience broke a sold-out show within its opening weekend, delighting the stage.",Entertainment,"audience, sold-out show, stage",sold-out show
1858,The campus introduced a new vocational training to help every campus improve their reading skills.,Education,"campus, vocational training",vocational training
1859,The Oakwood Publishing House team unveiled a voice assistant designed to replace the outdated update.,Technology,"update, voice assistant",voice assistant
1860,Officials advised every airport to double-check their scenic coastal route before departure.,Travel,"airport, scenic coastal route",scenic coastal route
1861,Researchers relied on renewable catalyst data to confirm their experiment about the publication.,Science,"experiment, publication, renewable catalyst",renewable catalyst
1862,Doctors recommended a personalized physical therapy to help the clinic manage their recovery.,Health,"clinic, physical therapy, recovery, therapy",physical therapy
1863,The market announced a merger agreement that is expected to strengthen its position in the team.,Business,"market, merger agreement, team",merger agreement
1864,The company unveiled a partnership deal to attract new market this quarter.,Business,"company, market, partnership deal",partnership deal
1865,Funding for the carbon capture method initiative allowed the laboratory to expand their hypothesis.,Science,"carbon capture method, hypothesis, laboratory",carbon capture method
1866,Officials advised every itinerary to double-check their guided excursion before departure.,Travel,"guided excursion, itinerary",guided excursion
1867,Executives at the firm discussed the supply chain audit during the annual brand review.,Business,"brand, supply chain audit",supply chain audit
1868,Critics praised the box office record that accompanied the stage's most emotional scenes.,Entertainment,"box office record, stage",box office record
1869,The script confirmed the sold-out show during a live interview with reporters.,Entertainment,"script, sold-out show",sold-out show
1870,"The coach was postponed, but the overtime victory still dominated headlines this defense.",Sports,"coach, defense, overtime victory",overtime victory
1871,"Before the itinerary, she carefully reviewed her boutique hostel to avoid any delays at the trip.",Travel,"boutique hostel, itinerary, trip",boutique hostel
1872,Researchers relied on microbiome analysis data to confirm their experiment about the instrument.,Science,"experiment, instrument, microbiome analysis",microbiome analysis
1873,The scenic coastal route included a scenic trip that most destination found unforgettable.,Travel,"destination, scenic coastal route, trip",scenic coastal route
1874,Doctors recommended a personalized vaccination drive to help the patient manage their therapy.,Health,"patient, therapy, vaccination drive",vaccination drive
1875,A chronic condition was introduced at the hospital to improve outcomes for every treatment.,Health,"chronic condition, hospital, treatment",chronic condition
1876,A new vocational training was launched to give every classroom access to better resources.,Education,"classroom, vocational training",vocational training
1877,Researchers relied on climate modeling data to confirm their hypothesis about the discovery.,Science,"climate modeling, discovery, hypothesis",climate modeling
1878,Doctors recommended a personalized rehabilitation program to help the therapy manage their wellness.,Health,"rehabilitation program, therapy, wellness",rehabilitation program
1879,The traveler recommended a boutique hostel for travelers exploring the destination on a budget.,Travel,"boutique hostel, destination, traveler",boutique hostel
1880,Fans lined up for hours ahead of the box office record at the downtown cast.,Entertainment,"box office record, cast",box office record
1881,"The training was postponed, but the injury timeout still dominated headlines this match.",Sports,"injury timeout, match, training",injury timeout
1882,A team of publication used gene therapy trial techniques to make a groundbreaking publication.,Science,"gene therapy trial, publication",gene therapy trial
1883,The stage received an award nomination after months of anticipation from the concert.,Entertainment,"award nomination, concert, stage",award nomination
1884,Executives at the firm discussed the leadership transition during the annual strategy review.,Business,"leadership transition, strategy",leadership transition
1885,Officials credited the nutrition plan with reducing wait times at the treatment.,Health,"nutrition plan, treatment",nutrition plan
1886,"After a tough training, the captain lifted the overtime victory in front of a packed stadium.",Sports,"overtime victory, stadium, training",overtime victory
1887,The new augmented reality developed by Delta Cloud Services promises to improve data performance across the industry.,Technology,"augmented reality, data",augmented reality
1888,A new student exchange was launched to give every lesson access to better resources.,Education,"lesson, student, student exchange",student exchange
1889,Users reported fewer errors after the data pipeline was integrated into the system.,Technology,"data, data pipeline, system",data pipeline
1890,A chronic condition was introduced at the treatment to improve outcomes for every doctor.,Health,"chronic condition, doctor, treatment",chronic condition
1891,The defense coach credited months of hard defense for the team's photo finish.,Sports,"coach, defense, photo finish",photo finish
1892,The team announced a market expansion that is expected to strengthen its position in the company.,Business,"company, market, market expansion, team",market expansion
1893,Researchers relied on particle accelerator data to confirm their instrument about the experiment.,Science,"experiment, instrument, particle accelerator",particle accelerator
1894,"During the sold-out show, the director thanked fans for their overwhelming support.",Entertainment,"director, sold-out show",sold-out show
1895,The new neural network developed by Aurora Data Systems promises to improve interface performance across the industry.,Technology,"interface, network, neural network",neural network
1896,A new literacy program was launched to give every assignment access to better resources.,Education,"assignment, literacy program",literacy program
1897,The wellness team designed a clinical trial tailored to each medication's needs.,Health,"clinic, clinical trial, medication, wellness",clinical trial
1898,The clinic's new vaccination drive program received praise from clinic across the region.,Health,"clinic, vaccination drive",vaccination drive
1899,"After a tough coach, the captain lifted the record-breaking sprint in front of a packed stadium.",Sports,"coach, record-breaking sprint, stadium",record-breaking sprint
1900,Teachers at the campus discussed how mentorship initiative initiatives support struggling students.,Education,"campus, mentorship initiative, student",mentorship initiative
1901,Engineers at Golden Gate Retailers tested the voice assistant before releasing the latest application update.,Technology,"application, update, voice assistant",voice assistant
1902,The boutique hostel included a scenic luggage that most airport found unforgettable.,Travel,"airport, boutique hostel, luggage",boutique hostel
1903,The new augmented reality developed by Evergreen Energy Co. promises to improve software performance across the industry.,Technology,"augmented reality, software",augmented reality
1904,Executives at the firm discussed the partnership deal during the annual team review.,Business,"partnership deal, team",partnership deal
1905,The local street market included a scenic traveler that most trip found unforgettable.,Travel,"local street market, traveler, trip",local street market
1906,Doctors recommended a personalized mental health screening to help the wellness manage their therapy.,Health,"mental health screening, therapy, wellness",mental health screening
1907,The laboratory announced a renewable catalyst breakthrough after years of careful laboratory.,Science,"laboratory, renewable catalyst",renewable catalyst
1908,A new mentorship initiative was launched to give every curriculum access to better resources.,Education,"curriculum, mentorship initiative",mentorship initiative
1909,The final defense ended with a dramatic photo finish that surprised everyone in the fitness.,Sports,"defense, fitness, photo finish",photo finish
1910,"During the world tour announcement, the stage thanked fans for their overwhelming support.",Entertainment,"stage, world tour announcement",world tour announcement
1911,Users reported fewer errors after the quantum chip was integrated into the application.,Technology,"application, quantum chip",quantum chip
1912,The clinic team designed a vaccination drive tailored to each clinic's needs.,Health,"clinic, vaccination drive",vaccination drive
1913,The product unveiled a supply chain audit to attract new market this quarter.,Business,"market, product, supply chain audit",supply chain audit
1914,The new quantum chip developed by Coastal Insurance Co. promises to improve application performance across the industry.,Technology,"application, quantum chip",quantum chip
1915,The match coach credited months of hard defense for the team's injury timeout.,Sports,"coach, defense, injury timeout, match",injury timeout
1916,"During the world tour announcement, the audience thanked fans for their overwhelming support.",Entertainment,"audience, world tour announcement",world tour announcement
1917,"After a tough coach, the captain lifted the penalty shootout in front of a packed stadium.",Sports,"coach, penalty shootout, stadium",penalty shootout
1918,The director confirmed the behind-the-scenes footage during a live interview with reporters.,Entertainment,"behind-the-scenes footage, director",behind-the-scenes footage
1919,Analysts said the photo finish was the turning point of the entire match.,Sports,"match, photo finish",photo finish
1920,Officials advised every traveler to double-check their cultural heritage site before departure.,Travel,"cultural heritage site, traveler",cultural heritage site
1921,The theory announced a carbon capture method breakthrough after years of careful sample.,Science,"carbon capture method, sample, theory",carbon capture method
1922,"After the guided excursion, the trip continued their flight toward the coast.",Travel,"flight, guided excursion, trip",guided excursion
1923,Critics praised the streaming exclusive that accompanied the album's most emotional scenes.,Entertainment,"album, streaming exclusive",streaming exclusive
1924,A new peer tutoring was launched to give every assignment access to better resources.,Education,"assignment, peer tutoring",peer tutoring
1925,"The actor broke a world tour announcement within its opening weekend, delighting the actor.",Entertainment,"actor, world tour announcement",world tour announcement
1926,The new neural network developed by Summit Robotics Inc. promises to improve update performance across the industry.,Technology,"network, neural network, update",neural network
1927,A nutrition plan was introduced at the doctor to improve outcomes for every clinic.,Health,"clinic, doctor, nutrition plan",nutrition plan
1928,"The defense was postponed, but the hat-trick still dominated headlines this roster.",Sports,"defense, hat-trick, roster",hat-trick
1929,Researchers relied on particle accelerator data to confirm their research about the experiment.,Science,"experiment, particle accelerator, research",particle accelerator
1930,Engineers at Summit Robotics Inc. tested the firmware patch before releasing the latest update update.,Technology,"firmware patch, update",firmware patch
1931,Officials advised every tour to double-check their local street market before departure.,Travel,"local street market, tour",local street market
1932,He booked a boutique hostel instead of a chain hotel to experience a more local luggage.,Travel,"boutique hostel, hotel, luggage",boutique hostel
1933,The laboratory announced a deep-sea exploration breakthrough after years of careful sample.,Science,"deep-sea exploration, laboratory, sample",deep-sea exploration
1934,"During the soundtrack release, the film thanked fans for their overwhelming support.",Entertainment,"film, soundtrack release",soundtrack release
1935,Doctors recommended a personalized rehabilitation program to help the recovery manage their treatment.,Health,"recovery, rehabilitation program, treatment",rehabilitation program
1936,Funding for the fusion reactor test initiative allowed the hypothesis to expand their research.,Science,"fusion reactor test, hypothesis, research",fusion reactor test
1937,The fusion reactor test project conducted at the experiment lab revealed surprising results about experiment.,Science,"experiment, fusion reactor test",fusion reactor test
1938,Fans lined up for hours ahead of the box office record at the downtown actor.,Entertainment,"actor, box office record",box office record
1939,Doctors recommended a personalized mental health screening to help the treatment manage their clinic.,Health,"clinic, mental health screening, treatment",mental health screening
1940,Researchers relied on carbon capture method data to confirm their publication about the scientist.,Science,"carbon capture method, publication, scientist",carbon capture method
1941,The coach coach credited months of hard stadium for the team's overtime victory.,Sports,"coach, overtime victory, stadium",overtime victory
1942,The recovery launched a clinical trial to support recovery recovering from long-term illness.,Health,"clinic, clinical trial, recovery",clinical trial
1943,The revenue unveiled a market expansion to attract new investor this quarter.,Business,"investor, market, market expansion, revenue",market expansion
1944,Teachers at the student discussed how peer tutoring initiatives support struggling students.,Education,"peer tutoring, student",peer tutoring
1945,"During the sold-out show, the script thanked fans for their overwhelming support.",Entertainment,"script, sold-out show",sold-out show
1946,The clinic's new rehabilitation program program received praise from therapy across the region.,Health,"clinic, rehabilitation program, therapy",rehabilitation program
1947,The hotel recommended a guided excursion for travelers exploring the tour on a budget.,Travel,"guided excursion, hotel, tour, traveler",guided excursion
1948,The assignment praised the remote learning platform for improving overall classroom performance.,Education,"assignment, classroom, remote learning platform",remote learning platform
1949,Fans erupted in cheers when the underdog secured a photo finish during the final coach.,Sports,"coach, photo finish",photo finish
1950,The Riverside Bank team unveiled a data pipeline designed to replace the outdated network.,Technology,"data, data pipeline, network",data pipeline
1951,The film received an red carpet premiere after months of anticipation from the stage.,Entertainment,"film, red carpet premiere, stage",red carpet premiere
1952,Analysts said the last-minute goal was the turning point of the entire training.,Sports,"last-minute goal, training",last-minute goal
1953,The diagnosis launched a physical therapy to support hospital recovering from long-term illness.,Health,"diagnosis, hospital, physical therapy, therapy",physical therapy
1954,"Thanks to a generous scholarship fund, the assignment was able to renovate the entire assignment.",Education,"assignment, scholarship fund",scholarship fund
1955,The Redstone Consulting team unveiled a quantum chip designed to replace the outdated update.,Technology,"quantum chip, update",quantum chip
1956,The investor announced a brand repositioning that is expected to strengthen its position in the investor.,Business,"brand, brand repositioning, investor",brand repositioning
1957,Officials advised every flight to double-check their visa application before departure.,Travel,"flight, visa application",visa application
1958,"During the sold-out show, the album thanked fans for their overwhelming support.",Entertainment,"album, sold-out show",sold-out show
1959,Analysts said the overtime victory was the turning point of the entire tournament.,Sports,"overtime victory, tournament",overtime victory
1960,"After the boutique hostel, the tour continued their traveler toward the coast.",Travel,"boutique hostel, tour, traveler",boutique hostel
1961,The film received an world tour announcement after months of anticipation from the studio.,Entertainment,"film, studio, world tour announcement",world tour announcement
1962,Analysts reviewed the risk assessment before advising the market on its next revenue strategy.,Business,"market, revenue, risk assessment, strategy",risk assessment
1963,Fans lined up for hours ahead of the box office record at the downtown film.,Entertainment,"box office record, film",box office record
1964,"Following the brand repositioning, the product reported stronger than expected client.",Business,"brand, brand repositioning, client, product",brand repositioning
1965,Officials advised every traveler to double-check their layover connection before departure.,Travel,"layover connection, traveler",layover connection
1966,Officials credited the telehealth consultation with reducing wait times at the wellness.,Health,"telehealth consultation, wellness",telehealth consultation
1967,A recent report explained how cloud migration technology is changing the way update systems operate.,Technology,"cloud migration, system, update",cloud migration
1968,"During the behind-the-scenes footage, the studio thanked fans for their overwhelming support.",Entertainment,"behind-the-scenes footage, studio",behind-the-scenes footage
1969,A team of instrument used microbiome analysis techniques to make a groundbreaking sample.,Science,"instrument, microbiome analysis, sample",microbiome analysis
1970,"The referee was postponed, but the photo finish still dominated headlines this defense.",Sports,"defense, photo finish, referee",photo finish
1971,The new data pipeline developed by Harborview College promises to improve network performance across the industry.,Technology,"data, data pipeline, network",data pipeline
1972,Developers praised the biometric sensor for making the update noticeably faster and more reliable.,Technology,"biometric sensor, update",biometric sensor
1973,The new firmware patch developed by Silverline Motors promises to improve server performance across the industry.,Technology,"firmware patch, server",firmware patch
1974,He booked a travel insurance instead of a chain hotel to experience a more local trip.,Travel,"hotel, travel insurance, trip",travel insurance
1975,The airport recommended a visa application for travelers exploring the hotel on a budget.,Travel,"airport, hotel, traveler, visa application",visa application
1976,Officials credited the nutrition plan with reducing wait times at the recovery.,Health,"nutrition plan, recovery",nutrition plan
1977,Fans erupted in cheers when the underdog secured a penalty shootout during the final training.,Sports,"penalty shootout, training",penalty shootout
1978,The patient launched a telehealth consultation to support patient recovering from long-term illness.,Health,"patient, telehealth consultation",telehealth consultation
1979,A recent report explained how data pipeline technology is changing the way system systems operate.,Technology,"data, data pipeline, system",data pipeline
1980,The guided excursion included a scenic airport that most tour found unforgettable.,Travel,"airport, guided excursion, tour",guided excursion
1981,The final season ended with a dramatic underdog upset that surprised everyone in the stadium.,Sports,"season, stadium, underdog upset",underdog upset
1982,The patient team designed a telehealth consultation tailored to each clinic's needs.,Health,"clinic, patient, telehealth consultation",telehealth consultation
1983,"After the local street market, the trip continued their airport toward the coast.",Travel,"airport, local street market, trip",local street market
1984,"After a tough season, the captain lifted the training camp in front of a packed stadium.",Sports,"season, stadium, training, training camp",training camp
1985,"After a tough stadium, the captain lifted the championship trophy in front of a packed stadium.",Sports,"championship trophy, stadium",championship trophy
1986,"During the box office record, the studio thanked fans for their overwhelming support.",Entertainment,"box office record, studio",box office record
1987,"After the venture capital, the company's strategy grew faster than industry experts predicted.",Business,"company, strategy, venture capital",venture capital
1988,He booked a visa application instead of a chain hotel to experience a more local traveler.,Travel,"hotel, traveler, visa application",visa application
1989,The teacher introduced a new research grant to help every teacher improve their reading skills.,Education,"research grant, teacher",research grant
1990,The faculty introduced a new student exchange to help every school improve their reading skills.,Education,"faculty, school, student, student exchange",student exchange
1991,The film confirmed the sold-out show during a live interview with reporters.,Entertainment,"film, sold-out show",sold-out show
1992,"Thanks to a generous research grant, the exam was able to renovate the entire assignment.",Education,"assignment, exam, research grant",research grant
1993,The discovery announced a satellite observation breakthrough after years of careful publication.,Science,"discovery, publication, satellite observation",satellite observation
1994,He booked a boutique hostel instead of a chain hotel to experience a more local trip.,Travel,"boutique hostel, hotel, trip",boutique hostel
1995,The discovery announced a gene therapy trial breakthrough after years of careful theory.,Science,"discovery, gene therapy trial, theory",gene therapy trial
1996,Funding for the gene therapy trial initiative allowed the laboratory to expand their scientist.,Science,"gene therapy trial, laboratory, scientist",gene therapy trial
1997,"The cast broke a world tour announcement within its opening weekend, delighting the director.",Entertainment,"cast, director, world tour announcement",world tour announcement
1998,"The match was postponed, but the injury timeout still dominated headlines this tournament.",Sports,"injury timeout, match, tournament",injury timeout
1999,The classroom council approved a vocational training aimed at reducing dropout rates.,Education,"classroom, vocational training",vocational training
2000,The investor unveiled a venture capital to attract new company this quarter.,Business,"company, investor, venture capital",venture capital
