id,text,entities,entity_types,person,organization,location,date,money,product
1,"Isabella Brown joined Maple Street School District in Warsaw on March 22, 2022 to launch a PureGlow skincare set.","Isabella Brown; Maple Street School District; Warsaw; March 22, 2022; a PureGlow skincare set",PERSON; ORG; GPE; DATE; PRODUCT,Isabella Brown,Maple Street School District,Warsaw,"March 22, 2022",,PureGlow skincare set
2,"On July 18, 2016, Oakwood Publishing House opened a new branch in Seoul, Malaysia, appointing Maria Larsen as director.","Maria Larsen; Oakwood Publishing House; Malaysia; Seoul; July 18, 2016",PERSON; ORG; GPE; GPE; DATE,Maria Larsen,Oakwood Publishing House,"Malaysia, Seoul","July 18, 2016",,
3,"The board at Skyline Real Estate approved a $75 investment in Berlin after Yuki Lewis's presentation on July 14, 2025.","Yuki Lewis; Skyline Real Estate; Berlin; July 14, 2025; $75",PERSON; ORG; GPE; DATE; MONEY,Yuki Lewis,Skyline Real Estate,Berlin,"July 14, 2025",$75,
4,"During the conference in Toronto, Hana Brown from Union Manufacturing Corp. unveiled a SoundWave headset priced at $199.",Hana Brown; Union Manufacturing Corp.; Toronto; $199; a SoundWave headset,PERSON; ORG; GPE; MONEY; PRODUCT,Hana Brown,Union Manufacturing Corp.,Toronto,,$199,SoundWave headset
5,"Zenith Pharmaceuticals announced that Ravi Silva will lead the new office in Berlin starting June 11, 2018.","Ravi Silva; Zenith Pharmaceuticals; Berlin; June 11, 2018",PERSON; ORG; GPE; DATE,Ravi Silva,Zenith Pharmaceuticals,Berlin,"June 11, 2018",,
6,"The board at Aurora Data Systems approved a $9.99 investment in Copenhagen after Noah Haddad's presentation on September 1, 2022.","Noah Haddad; Aurora Data Systems; Copenhagen; September 1, 2022; $9.99",PERSON; ORG; GPE; DATE; MONEY,Noah Haddad,Aurora Data Systems,Copenhagen,"September 1, 2022",$9.99,
7,"Fatima Moore joined Summit Robotics Inc. in Helsinki on May 11, 2023 to launch a NovaBook Pro laptop.","Fatima Moore; Summit Robotics Inc.; Helsinki; May 11, 2023; a NovaBook Pro laptop",PERSON; ORG; GPE; DATE; PRODUCT,Fatima Moore,Summit Robotics Inc.,Helsinki,"May 11, 2023",,NovaBook Pro laptop
8,"Skyline Real Estate announced that Charlotte Hall will lead the new office in Zurich starting August 25, 2018.","Charlotte Hall; Skyline Real Estate; Zurich; August 25, 2018",PERSON; ORG; GPE; DATE,Charlotte Hall,Skyline Real Estate,Zurich,"August 25, 2018",,
9,"Lucas Wright joined Quantum Innovations in Seoul on July 8, 2022 to launch a SoundWave headset.","Lucas Wright; Quantum Innovations; Seoul; July 8, 2022; a SoundWave headset",PERSON; ORG; GPE; DATE; PRODUCT,Lucas Wright,Quantum Innovations,Seoul,"July 8, 2022",,SoundWave headset
10,"Summit Robotics Inc. announced that Sara Scott will lead the new office in Denver starting October 3, 2020.","Sara Scott; Summit Robotics Inc.; Denver; October 3, 2020",PERSON; ORG; GPE; DATE,Sara Scott,Summit Robotics Inc.,Denver,"October 3, 2020",,
11,"Julia Walker, a spokesperson for NextGen Software Labs, confirmed the release of the FreshAir purifier for $19.99 on December 1, 2025.","Julia Walker; NextGen Software Labs; December 1, 2025; $19.99; the FreshAir purifier",PERSON; ORG; DATE; MONEY; PRODUCT,Julia Walker,NextGen Software Labs,,"December 1, 2025",$19.99,FreshAir purifier
12,"Olivia Garcia joined Vertex Analytics in Zurich on April 21, 2024 to launch the AeroFit smartwatch.","Olivia Garcia; Vertex Analytics; Zurich; April 21, 2024; the AeroFit smartwatch",PERSON; ORG; GPE; DATE; PRODUCT,Olivia Garcia,Vertex Analytics,Zurich,"April 21, 2024",,AeroFit smartwatch
13,"Zainab Yamamoto joined Vertex Analytics in Amsterdam on July 1, 2023 to launch a SnapShot camera.","Zainab Yamamoto; Vertex Analytics; Amsterdam; July 1, 2023; a SnapShot camera",PERSON; ORG; GPE; DATE; PRODUCT,Zainab Yamamoto,Vertex Analytics,Amsterdam,"July 1, 2023",,SnapShot camera
14,"The board at Crescent Media Group approved a $89.99 investment in Santiago after Wei Fernandez's presentation on July 24, 2023.","Wei Fernandez; Crescent Media Group; Santiago; July 24, 2023; $89.99",PERSON; ORG; GPE; DATE; MONEY,Wei Fernandez,Crescent Media Group,Santiago,"July 24, 2023",$89.99,
15,"Union Manufacturing Corp. partnered with a university in Cape Town to research the PixelView monitor technology, Victor Johansson reported.",Victor Johansson; Union Manufacturing Corp.; Cape Town; the PixelView monitor,PERSON; ORG; GPE; PRODUCT,Victor Johansson,Union Manufacturing Corp.,Cape Town,,,PixelView monitor
16,"On February 2, 2015, Vertex Analytics opened a new branch in Buenos Aires, the Czech Republic, appointing Chloe Khan as director.","Chloe Khan; Vertex Analytics; Buenos Aires; the Czech Republic; February 2, 2015",PERSON; ORG; GPE; GPE; DATE,Chloe Khan,Vertex Analytics,"Buenos Aires, the Czech Republic","February 2, 2015",,
17,"Harborview College partnered with a university in Stockholm to research the GreenLeaf water bottle technology, Zainab King reported.",Zainab King; Harborview College; Stockholm; the GreenLeaf water bottle,PERSON; ORG; GPE; PRODUCT,Zainab King,Harborview College,Stockholm,,,GreenLeaf water bottle
18,"Amara Khan, a spokesperson for Delta Cloud Services, confirmed the release of the ChefMate blender for $24.50 on April 4, 2015.","Amara Khan; Delta Cloud Services; April 4, 2015; $24.50; the ChefMate blender",PERSON; ORG; DATE; MONEY; PRODUCT,Amara Khan,Delta Cloud Services,,"April 4, 2015",$24.50,ChefMate blender
19,"During the conference in Cape Town, Zainab Haddad from Zenith Pharmaceuticals unveiled the TravelLite suitcase priced at $250.",Zainab Haddad; Zenith Pharmaceuticals; Cape Town; $250; the TravelLite suitcase,PERSON; ORG; GPE; MONEY; PRODUCT,Zainab Haddad,Zenith Pharmaceuticals,Cape Town,,$250,TravelLite suitcase
20,"Lakeside Medical Center announced that Leila Scott will lead the new office in Melbourne starting November 7, 2020.","Leila Scott; Lakeside Medical Center; Melbourne; November 7, 2020",PERSON; ORG; GPE; DATE,Leila Scott,Lakeside Medical Center,Melbourne,"November 7, 2020",,
21,"On July 8, 2024, Ironwood Steel Works opened a new branch in Stockholm, Sweden, appointing David Young as director.","David Young; Ironwood Steel Works; Stockholm; Sweden; July 8, 2024",PERSON; ORG; GPE; GPE; DATE,David Young,Ironwood Steel Works,"Stockholm, Sweden","July 8, 2024",,
22,"Chloe Osei, a spokesperson for Zenith Pharmaceuticals, confirmed the release of a PureGlow skincare set for $89.99 on June 4, 2015.","Chloe Osei; Zenith Pharmaceuticals; June 4, 2015; $89.99; a PureGlow skincare set",PERSON; ORG; DATE; MONEY; PRODUCT,Chloe Osei,Zenith Pharmaceuticals,,"June 4, 2015",$89.99,PureGlow skincare set
23,"Golden Gate Retailers partnered with a university in Edinburgh to research a SoundWave headset technology, Kevin Green reported.",Kevin Green; Golden Gate Retailers; Edinburgh; a SoundWave headset,PERSON; ORG; GPE; PRODUCT,Kevin Green,Golden Gate Retailers,Edinburgh,,,SoundWave headset
24,Kevin Lewis traveled from Dublin to Manila to negotiate a deal worth $250 with NextGen Software Labs.,Kevin Lewis; NextGen Software Labs; Dublin; Manila; $250,PERSON; ORG; GPE; GPE; MONEY,Kevin Lewis,NextGen Software Labs,"Dublin, Manila",,$250,
25,"On May 13, 2015, Golden Gate Retailers opened a new branch in Nairobi, Australia, appointing Lucas Petrov as director.","Lucas Petrov; Golden Gate Retailers; Australia; Nairobi; May 13, 2015",PERSON; ORG; GPE; GPE; DATE,Lucas Petrov,Golden Gate Retailers,"Australia, Nairobi","May 13, 2015",,
26,"During the conference in Jakarta, Chen Walker from Maple Street School District unveiled the QuickBrew coffee maker priced at $75.",Chen Walker; Maple Street School District; Jakarta; $75; the QuickBrew coffee maker,PERSON; ORG; GPE; MONEY; PRODUCT,Chen Walker,Maple Street School District,Jakarta,,$75,QuickBrew coffee maker
27,"During the conference in Copenhagen, Sara Larsen from Maple Street School District unveiled the TravelLite suitcase priced at $250.",Sara Larsen; Maple Street School District; Copenhagen; $250; the TravelLite suitcase,PERSON; ORG; GPE; MONEY; PRODUCT,Sara Larsen,Maple Street School District,Copenhagen,,$250,TravelLite suitcase
28,"Silverline Motors partnered with a university in Mumbai to research the PixelView monitor technology, Amara Suzuki reported.",Amara Suzuki; Silverline Motors; Mumbai; the PixelView monitor,PERSON; ORG; GPE; PRODUCT,Amara Suzuki,Silverline Motors,Mumbai,,,PixelView monitor
29,"Redstone Consulting announced that Ahmed Fernandez will lead the new office in Toronto starting November 19, 2025.","Ahmed Fernandez; Redstone Consulting; Toronto; November 19, 2025",PERSON; ORG; GPE; DATE,Ahmed Fernandez,Redstone Consulting,Toronto,"November 19, 2025",,
30,"During the conference in Vancouver, Julia Clark from Oakwood Publishing House unveiled a ProGrip tennis racket priced at $99.",Julia Clark; Oakwood Publishing House; Vancouver; $99; a ProGrip tennis racket,PERSON; ORG; GPE; MONEY; PRODUCT,Julia Clark,Oakwood Publishing House,Vancouver,,$99,ProGrip tennis racket
31,Maria Novak traveled from Buenos Aires to Mumbai to negotiate a deal worth $19.99 with Maple Street School District.,Maria Novak; Maple Street School District; Buenos Aires; Mumbai; $19.99,PERSON; ORG; GPE; GPE; MONEY,Maria Novak,Maple Street School District,"Buenos Aires, Mumbai",,$19.99,
32,Yuki Chen traveled from Santiago to Dublin to negotiate a deal worth $24.50 with Crescent Media Group.,Yuki Chen; Crescent Media Group; Dublin; Santiago; $24.50,PERSON; ORG; GPE; GPE; MONEY,Yuki Chen,Crescent Media Group,"Dublin, Santiago",,$24.50,
33,"On August 23, 2017, Vertex Analytics opened a new branch in Denver, Denmark, appointing Fatima Clark as director.","Fatima Clark; Vertex Analytics; Denmark; Denver; August 23, 2017",PERSON; ORG; GPE; GPE; DATE,Fatima Clark,Vertex Analytics,"Denmark, Denver","August 23, 2017",,
34,"NextGen Software Labs partnered with a university in Cairo to research the FreshAir purifier technology, Maria Scott reported.",Maria Scott; NextGen Software Labs; Cairo; the FreshAir purifier,PERSON; ORG; GPE; PRODUCT,Maria Scott,NextGen Software Labs,Cairo,,,FreshAir purifier
35,"During the conference in Warsaw, Noah Fernandez from BrightFuture Foundation unveiled a NovaBook Pro laptop priced at $45.50.",Noah Fernandez; BrightFuture Foundation; Warsaw; $45.50; a NovaBook Pro laptop,PERSON; ORG; GPE; MONEY; PRODUCT,Noah Fernandez,BrightFuture Foundation,Warsaw,,$45.50,NovaBook Pro laptop
36,"On November 1, 2023, Zenith Pharmaceuticals opened a new branch in Toronto, the Netherlands, appointing Samuel Chen as director.","Samuel Chen; Zenith Pharmaceuticals; Toronto; the Netherlands; November 1, 2023",PERSON; ORG; GPE; GPE; DATE,Samuel Chen,Zenith Pharmaceuticals,"Toronto, the Netherlands","November 1, 2023",,
37,"Quantum Innovations announced that Leila Walker will lead the new office in Jakarta starting September 25, 2022.","Leila Walker; Quantum Innovations; Jakarta; September 25, 2022",PERSON; ORG; GPE; DATE,Leila Walker,Quantum Innovations,Jakarta,"September 25, 2022",,
38,"On September 17, 2024, Silverline Motors opened a new branch in Buenos Aires, Australia, appointing Wei Dubois as director.","Wei Dubois; Silverline Motors; Australia; Buenos Aires; September 17, 2024",PERSON; ORG; GPE; GPE; DATE,Wei Dubois,Silverline Motors,"Australia, Buenos Aires","September 17, 2024",,
39,"Chen Osei, a spokesperson for Evergreen Energy Co., confirmed the release of the ChefMate blender for $9.99 on April 26, 2020.","Chen Osei; Evergreen Energy Co.; April 26, 2020; $9.99; the ChefMate blender",PERSON; ORG; DATE; MONEY; PRODUCT,Chen Osei,Evergreen Energy Co.,,"April 26, 2020",$9.99,ChefMate blender
40,"The board at Coastal Insurance Co. approved a $19.99 investment in Berlin after Chen Garcia's presentation on August 17, 2019.","Chen Garcia; Coastal Insurance Co.; Berlin; August 17, 2019; $19.99",PERSON; ORG; GPE; DATE; MONEY,Chen Garcia,Coastal Insurance Co.,Berlin,"August 17, 2019",$19.99,
41,"Sofia King, a spokesperson for BrightFuture Foundation, confirmed the release of the TravelLite suitcase for $120 on October 17, 2024.","Sofia King; BrightFuture Foundation; October 17, 2024; $120; the TravelLite suitcase",PERSON; ORG; DATE; MONEY; PRODUCT,Sofia King,BrightFuture Foundation,,"October 17, 2024",$120,TravelLite suitcase
42,Adaeze Scott traveled from Austin to Bangkok to negotiate a deal worth $30.75 with Crescent Media Group.,Adaeze Scott; Crescent Media Group; Austin; Bangkok; $30.75,PERSON; ORG; GPE; GPE; MONEY,Adaeze Scott,Crescent Media Group,"Austin, Bangkok",,$30.75,
43,"Lakeside Medical Center announced that Ravi Larsen will lead the new office in Prague starting September 17, 2023.","Ravi Larsen; Lakeside Medical Center; Prague; September 17, 2023",PERSON; ORG; GPE; DATE,Ravi Larsen,Lakeside Medical Center,Prague,"September 17, 2023",,
44,Carlos Garcia traveled from Santiago to Vancouver to negotiate a deal worth $30.75 with Falcon Logistics.,Carlos Garcia; Falcon Logistics; Santiago; Vancouver; $30.75,PERSON; ORG; GPE; GPE; MONEY,Carlos Garcia,Falcon Logistics,"Santiago, Vancouver",,$30.75,
45,Ethan Young traveled from Nairobi to Amsterdam to negotiate a deal worth $499.99 with Crescent Media Group.,Ethan Young; Crescent Media Group; Amsterdam; Nairobi; $499.99,PERSON; ORG; GPE; GPE; MONEY,Ethan Young,Crescent Media Group,"Amsterdam, Nairobi",,$499.99,
46,"The board at Coastal Insurance Co. approved a $49.99 investment in Marrakesh after Mei Walker's presentation on October 3, 2021.","Mei Walker; Coastal Insurance Co.; Marrakesh; October 3, 2021; $49.99",PERSON; ORG; GPE; DATE; MONEY,Mei Walker,Coastal Insurance Co.,Marrakesh,"October 3, 2021",$49.99,
47,Felix Novak traveled from Seoul to Helsinki to negotiate a deal worth $45.50 with Redstone Consulting.,Felix Novak; Redstone Consulting; Helsinki; Seoul; $45.50,PERSON; ORG; GPE; GPE; MONEY,Felix Novak,Redstone Consulting,"Helsinki, Seoul",,$45.50,
48,"Nadia Wilson joined Ironwood Steel Works in Edinburgh on May 22, 2015 to launch a SnapShot camera.","Nadia Wilson; Ironwood Steel Works; Edinburgh; May 22, 2015; a SnapShot camera",PERSON; ORG; GPE; DATE; PRODUCT,Nadia Wilson,Ironwood Steel Works,Edinburgh,"May 22, 2015",,SnapShot camera
49,Ravi Hall traveled from Amsterdam to Toronto to negotiate a deal worth $120 with NextGen Software Labs.,Ravi Hall; NextGen Software Labs; Amsterdam; Toronto; $120,PERSON; ORG; GPE; GPE; MONEY,Ravi Hall,NextGen Software Labs,"Amsterdam, Toronto",,$120,
50,"During the conference in Melbourne, Omar Walker from Riverside Bank unveiled the FlexFit yoga mat priced at $99.",Omar Walker; Riverside Bank; Melbourne; $99; the FlexFit yoga mat,PERSON; ORG; GPE; MONEY; PRODUCT,Omar Walker,Riverside Bank,Melbourne,,$99,FlexFit yogmat
51,"On October 19, 2017, Maple Street School District opened a new branch in Prague, Egypt, appointing Adaeze Anderson as director.","Adaeze Anderson; Maple Street School District; Egypt; Prague; October 19, 2017",PERSON; ORG; GPE; GPE; DATE,Adaeze Anderson,Maple Street School District,"Egypt, Prague","October 19, 2017",,
52,"Emma Wilson joined BrightFuture Foundation in Nairobi on December 12, 2022 to launch a StreamCast speaker.","Emma Wilson; BrightFuture Foundation; Nairobi; December 12, 2022; a StreamCast speaker",PERSON; ORG; GPE; DATE; PRODUCT,Emma Wilson,BrightFuture Foundation,Nairobi,"December 12, 2022",,StreamCast speaker
53,"Vertex Analytics announced that Ibrahim Hall will lead the new office in Kuala Lumpur starting July 18, 2020.","Ibrahim Hall; Vertex Analytics; Kuala Lumpur; July 18, 2020",PERSON; ORG; GPE; DATE,Ibrahim Hall,Vertex Analytics,Kuala Lumpur,"July 18, 2020",,
54,"During the conference in Nairobi, Victor Silva from Delta Cloud Services unveiled a SoundWave headset priced at $9.99.",Victor Silva; Delta Cloud Services; Nairobi; $9.99; a SoundWave headset,PERSON; ORG; GPE; MONEY; PRODUCT,Victor Silva,Delta Cloud Services,Nairobi,,$9.99,SoundWave headset
55,"Vertex Analytics announced that James Baker will lead the new office in Mumbai starting December 19, 2021.","James Baker; Vertex Analytics; Mumbai; December 19, 2021",PERSON; ORG; GPE; DATE,James Baker,Vertex Analytics,Mumbai,"December 19, 2021",,
56,Kevin Smith traveled from Mumbai to Berlin to negotiate a deal worth $75 with Aurora Data Systems.,Kevin Smith; Aurora Data Systems; Berlin; Mumbai; $75,PERSON; ORG; GPE; GPE; MONEY,Kevin Smith,Aurora Data Systems,"Berlin, Mumbai",,$75,
57,"The board at Coastal Insurance Co. approved a $30.75 investment in Kuala Lumpur after James Clark's presentation on October 22, 2020.","James Clark; Coastal Insurance Co.; Kuala Lumpur; October 22, 2020; $30.75",PERSON; ORG; GPE; DATE; MONEY,James Clark,Coastal Insurance Co.,Kuala Lumpur,"October 22, 2020",$30.75,
58,"The board at Crescent Media Group approved a $199 investment in Amsterdam after Tom Novak's presentation on March 8, 2018.","Tom Novak; Crescent Media Group; Amsterdam; March 8, 2018; $199",PERSON; ORG; GPE; DATE; MONEY,Tom Novak,Crescent Media Group,Amsterdam,"March 8, 2018",$199,
59,"Oakwood Publishing House announced that Julia Nguyen will lead the new office in Berlin starting January 13, 2020.","Julia Nguyen; Oakwood Publishing House; Berlin; January 13, 2020",PERSON; ORG; GPE; DATE,Julia Nguyen,Oakwood Publishing House,Berlin,"January 13, 2020",,
60,"During the conference in Prague, Emma Smith from Vertex Analytics unveiled a SoundWave headset priced at $1,200.","Emma Smith; Vertex Analytics; Prague; $1,200; a SoundWave headset",PERSON; ORG; GPE; MONEY; PRODUCT,Emma Smith,Vertex Analytics,Prague,,"$1,200",SoundWave headset
61,Wei King traveled from Stockholm to Nairobi to negotiate a deal worth $89.99 with Coastal Insurance Co..,Wei King; Coastal Insurance Co.; Nairobi; Stockholm; $89.99,PERSON; ORG; GPE; GPE; MONEY,Wei King,Coastal Insurance Co.,"Nairobi, Stockholm",,$89.99,
62,"Brightline Technologies partnered with a university in Marrakesh to research a PureGlow skincare set technology, George Müller reported.",George Müller; Brightline Technologies; Marrakesh; a PureGlow skincare set,PERSON; ORG; GPE; PRODUCT,George Müller,Brightline Technologies,Marrakesh,,,PureGlow skincare set
63,"On June 19, 2021, Maple Street School District opened a new branch in Lisbon, Thailand, appointing Victor Green as director.","Victor Green; Maple Street School District; Lisbon; Thailand; June 19, 2021",PERSON; ORG; GPE; GPE; DATE,Victor Green,Maple Street School District,"Lisbon, Thailand","June 19, 2021",,
64,"Mark Kim joined Coastal Insurance Co. in Cairo on July 4, 2019 to launch a NightOwl reading lamp.","Mark Kim; Coastal Insurance Co.; Cairo; July 4, 2019; a NightOwl reading lamp",PERSON; ORG; GPE; DATE; PRODUCT,Mark Kim,Coastal Insurance Co.,Cairo,"July 4, 2019",,NightOwl reading lamp
65,"James Müller, a spokesperson for Blue Horizon Airlines, confirmed the release of the PixelView monitor for $9.99 on December 12, 2025.","James Müller; Blue Horizon Airlines; December 12, 2025; $9.99; the PixelView monitor",PERSON; ORG; DATE; MONEY; PRODUCT,James Müller,Blue Horizon Airlines,,"December 12, 2025",$9.99,PixelView monitor
66,"Silverline Motors announced that Olivia Costa will lead the new office in Osaka starting September 27, 2021.","Olivia Costa; Silverline Motors; Osaka; September 27, 2021",PERSON; ORG; GPE; DATE,Olivia Costa,Silverline Motors,Osaka,"September 27, 2021",,
67,Samuel Osei traveled from Zurich to Osaka to negotiate a deal worth $99 with Crescent Media Group.,Samuel Osei; Crescent Media Group; Osaka; Zurich; $99,PERSON; ORG; GPE; GPE; MONEY,Samuel Osei,Crescent Media Group,"Osaka, Zurich",,$99,
68,"On January 14, 2024, Delta Cloud Services opened a new branch in Santiago, Malaysia, appointing Mei Brown as director.","Mei Brown; Delta Cloud Services; Malaysia; Santiago; January 14, 2024",PERSON; ORG; GPE; GPE; DATE,Mei Brown,Delta Cloud Services,"Malaysia, Santiago","January 14, 2024",,
69,"George Scott, a spokesperson for Northfield University, confirmed the release of the SmartHome Hub for $75 on February 12, 2017.","George Scott; Northfield University; February 12, 2017; $75; the SmartHome Hub",PERSON; ORG; DATE; MONEY; PRODUCT,George Scott,Northfield University,,"February 12, 2017",$75,SmartHome Hub
70,"During the conference in Seoul, Aisha Suzuki from Delta Cloud Services unveiled the FlexFit yoga mat priced at $49.99.",Aisha Suzuki; Delta Cloud Services; Seoul; $49.99; the FlexFit yoga mat,PERSON; ORG; GPE; MONEY; PRODUCT,Aisha Suzuki,Delta Cloud Services,Seoul,,$49.99,FlexFit yogmat
71,Aisha King traveled from Nairobi to Warsaw to negotiate a deal worth $9.99 with Northfield University.,Aisha King; Northfield University; Nairobi; Warsaw; $9.99,PERSON; ORG; GPE; GPE; MONEY,Aisha King,Northfield University,"Nairobi, Warsaw",,$9.99,
72,Nadia Haddad traveled from Austin to Melbourne to negotiate a deal worth $75 with Oakwood Publishing House.,Nadia Haddad; Oakwood Publishing House; Austin; Melbourne; $75,PERSON; ORG; GPE; GPE; MONEY,Nadia Haddad,Oakwood Publishing House,"Austin, Melbourne",,$75,
73,Peter Fernandez traveled from Toronto to Copenhagen to negotiate a deal worth $199 with Coastal Insurance Co..,Peter Fernandez; Coastal Insurance Co.; Copenhagen; Toronto; $199,PERSON; ORG; GPE; GPE; MONEY,Peter Fernandez,Coastal Insurance Co.,"Copenhagen, Toronto",,$199,
74,"Pioneer Research Institute partnered with a university in Austin to research the TravelLite suitcase technology, Noah Patel reported.",Noah Patel; Pioneer Research Institute; Austin; the TravelLite suitcase,PERSON; ORG; GPE; PRODUCT,Noah Patel,Pioneer Research Institute,Austin,,,TravelLite suitcase
75,"The board at BrightFuture Foundation approved a $120 investment in Helsinki after Amara Kim's presentation on November 22, 2018.","Amara Kim; BrightFuture Foundation; Helsinki; November 22, 2018; $120",PERSON; ORG; GPE; DATE; MONEY,Amara Kim,BrightFuture Foundation,Helsinki,"November 22, 2018",$120,
76,"During the conference in Wellington, Samuel Yamamoto from Harborview College unveiled the CloudDesk chair priced at $89.99.",Samuel Yamamoto; Harborview College; Wellington; $89.99; the CloudDesk chair,PERSON; ORG; GPE; MONEY; PRODUCT,Samuel Yamamoto,Harborview College,Wellington,,$89.99,CloudDesk chair
77,Maria Walker traveled from Manila to Denver to negotiate a deal worth $350 with Falcon Logistics.,Maria Walker; Falcon Logistics; Denver; Manila; $350,PERSON; ORG; GPE; GPE; MONEY,Maria Walker,Falcon Logistics,"Denver, Manila",,$350,
78,"During the conference in Bangkok, Wei Osei from Redstone Consulting unveiled a RoadMaster bicycle priced at $45.50.",Wei Osei; Redstone Consulting; Bangkok; $45.50; a RoadMaster bicycle,PERSON; ORG; GPE; MONEY; PRODUCT,Wei Osei,Redstone Consulting,Bangkok,,$45.50,RoadMaster bicycle
79,"Hassan Haddad joined NextGen Software Labs in Helsinki on December 24, 2017 to launch the FreshAir purifier.","Hassan Haddad; NextGen Software Labs; Helsinki; December 24, 2017; the FreshAir purifier",PERSON; ORG; GPE; DATE; PRODUCT,Hassan Haddad,NextGen Software Labs,Helsinki,"December 24, 2017",,FreshAir purifier
80,"Ethan Hall, a spokesperson for Pioneer Research Institute, confirmed the release of the SmartHome Hub for $1,200 on July 14, 2025.","Ethan Hall; Pioneer Research Institute; July 14, 2025; $1,200; the SmartHome Hub",PERSON; ORG; DATE; MONEY; PRODUCT,Ethan Hall,Pioneer Research Institute,,"July 14, 2025","$1,200",SmartHome Hub
81,"Quantum Innovations partnered with a university in Vancouver to research a SnapShot camera technology, Mateus Wright reported.",Mateus Wright; Quantum Innovations; Vancouver; a SnapShot camera,PERSON; ORG; GPE; PRODUCT,Mateus Wright,Quantum Innovations,Vancouver,,,SnapShot camera
82,"Summit Robotics Inc. partnered with a university in Kuala Lumpur to research a TrailRunner backpack technology, Olivia Smith reported.",Olivia Smith; Summit Robotics Inc.; Kuala Lumpur; a TrailRunner backpack,PERSON; ORG; GPE; PRODUCT,Olivia Smith,Summit Robotics Inc.,Kuala Lumpur,,,TrailRunner backpack
83,"The board at Meridian Financial Group approved a $30.75 investment in Osaka after Noah Larsen's presentation on December 16, 2016.","Noah Larsen; Meridian Financial Group; Osaka; December 16, 2016; $30.75",PERSON; ORG; GPE; DATE; MONEY,Noah Larsen,Meridian Financial Group,Osaka,"December 16, 2016",$30.75,
84,"NextGen Software Labs announced that Yuki Wright will lead the new office in Denver starting March 13, 2022.","Yuki Wright; NextGen Software Labs; Denver; March 13, 2022",PERSON; ORG; GPE; DATE,Yuki Wright,NextGen Software Labs,Denver,"March 13, 2022",,
85,"During the conference in Amsterdam, Isabella Lewis from Harborview College unveiled the FlexFit yoga mat priced at $30.75.",Isabella Lewis; Harborview College; Amsterdam; $30.75; the FlexFit yoga mat,PERSON; ORG; GPE; MONEY; PRODUCT,Isabella Lewis,Harborview College,Amsterdam,,$30.75,FlexFit yogmat
86,"During the conference in Jakarta, Isabella Müller from Cedar Grove Hospital unveiled the GreenLeaf water bottle priced at $24.50.",Isabella Müller; Cedar Grove Hospital; Jakarta; $24.50; the GreenLeaf water bottle,PERSON; ORG; GPE; MONEY; PRODUCT,Isabella Müller,Cedar Grove Hospital,Jakarta,,$24.50,GreenLeaf water bottle
87,"Charlotte Kim joined Oakwood Publishing House in Austin on April 19, 2018 to launch a TrailRunner backpack.","Charlotte Kim; Oakwood Publishing House; Austin; April 19, 2018; a TrailRunner backpack",PERSON; ORG; GPE; DATE; PRODUCT,Charlotte Kim,Oakwood Publishing House,Austin,"April 19, 2018",,TrailRunner backpack
88,"Samuel Young, a spokesperson for Global Trade Partners, confirmed the release of a SnapShot camera for $30.75 on October 26, 2022.","Samuel Young; Global Trade Partners; October 26, 2022; $30.75; a SnapShot camera",PERSON; ORG; DATE; MONEY; PRODUCT,Samuel Young,Global Trade Partners,,"October 26, 2022",$30.75,SnapShot camera
89,"Brightline Technologies partnered with a university in Cairo to research the ChefMate blender technology, Adaeze Baker reported.",Adaeze Baker; Brightline Technologies; Cairo; the ChefMate blender,PERSON; ORG; GPE; PRODUCT,Adaeze Baker,Brightline Technologies,Cairo,,,ChefMate blender
90,"Meridian Financial Group partnered with a university in Copenhagen to research a NovaBook Pro laptop technology, Hassan Kim reported.",Hassan Kim; Meridian Financial Group; Copenhagen; a NovaBook Pro laptop,PERSON; ORG; GPE; PRODUCT,Hassan Kim,Meridian Financial Group,Copenhagen,,,NovaBook Pro laptop
91,"Riverside Bank announced that Ahmed Green will lead the new office in Edinburgh starting August 13, 2015.","Ahmed Green; Riverside Bank; Edinburgh; August 13, 2015",PERSON; ORG; GPE; DATE,Ahmed Green,Riverside Bank,Edinburgh,"August 13, 2015",,
92,"Kevin Kim, a spokesperson for Aurora Data Systems, confirmed the release of a NovaBook Pro laptop for $250 on September 15, 2025.","Kevin Kim; Aurora Data Systems; September 15, 2025; $250; a NovaBook Pro laptop",PERSON; ORG; DATE; MONEY; PRODUCT,Kevin Kim,Aurora Data Systems,,"September 15, 2025",$250,NovaBook Pro laptop
93,"On June 2, 2018, Maple Street School District opened a new branch in Santiago, the Czech Republic, appointing Elena Wilson as director.","Elena Wilson; Maple Street School District; Santiago; the Czech Republic; June 2, 2018",PERSON; ORG; GPE; GPE; DATE,Elena Wilson,Maple Street School District,"Santiago, the Czech Republic","June 2, 2018",,
94,"Zainab Smith joined Maple Street School District in Austin on January 21, 2016 to launch a SunBeam solar charger.","Zainab Smith; Maple Street School District; Austin; January 21, 2016; a SunBeam solar charger",PERSON; ORG; GPE; DATE; PRODUCT,Zainab Smith,Maple Street School District,Austin,"January 21, 2016",,SunBeam solar charger
95,"Delta Cloud Services announced that Peter Petrov will lead the new office in Mumbai starting July 9, 2015.","Peter Petrov; Delta Cloud Services; Mumbai; July 9, 2015",PERSON; ORG; GPE; DATE,Peter Petrov,Delta Cloud Services,Mumbai,"July 9, 2015",,
96,"Oakwood Publishing House partnered with a university in Melbourne to research a NightOwl reading lamp technology, Felix Wright reported.",Felix Wright; Oakwood Publishing House; Melbourne; a NightOwl reading lamp,PERSON; ORG; GPE; PRODUCT,Felix Wright,Oakwood Publishing House,Melbourne,,,NightOwl reading lamp
97,"Quantum Innovations partnered with a university in Austin to research a SnapShot camera technology, Olivia Nguyen reported.",Olivia Nguyen; Quantum Innovations; Austin; a SnapShot camera,PERSON; ORG; GPE; PRODUCT,Olivia Nguyen,Quantum Innovations,Austin,,,SnapShot camera
98,Aisha Costa traveled from Amsterdam to Marrakesh to negotiate a deal worth $499.99 with Blue Horizon Airlines.,Aisha Costa; Blue Horizon Airlines; Amsterdam; Marrakesh; $499.99,PERSON; ORG; GPE; GPE; MONEY,Aisha Costa,Blue Horizon Airlines,"Amsterdam, Marrakesh",,$499.99,
99,"NextGen Software Labs partnered with a university in Wellington to research the FreshAir purifier technology, Aisha Young reported.",Aisha Young; NextGen Software Labs; Wellington; the FreshAir purifier,PERSON; ORG; GPE; PRODUCT,Aisha Young,NextGen Software Labs,Wellington,,,FreshAir purifier
100,"Mark Khan, a spokesperson for Union Manufacturing Corp., confirmed the release of the AeroFit smartwatch for $24.50 on May 12, 2019.","Mark Khan; Union Manufacturing Corp.; May 12, 2019; $24.50; the AeroFit smartwatch",PERSON; ORG; DATE; MONEY; PRODUCT,Mark Khan,Union Manufacturing Corp.,,"May 12, 2019",$24.50,AeroFit smartwatch
101,"The board at Vertex Analytics approved a $120 investment in Prague after Felix Patel's presentation on August 7, 2022.","Felix Patel; Vertex Analytics; Prague; August 7, 2022; $120",PERSON; ORG; GPE; DATE; MONEY,Felix Patel,Vertex Analytics,Prague,"August 7, 2022",$120,
102,"On December 10, 2015, Meridian Financial Group opened a new branch in Melbourne, India, appointing David Haddad as director.","David Haddad; Meridian Financial Group; India; Melbourne; December 10, 2015",PERSON; ORG; GPE; GPE; DATE,David Haddad,Meridian Financial Group,"India, Melbourne","December 10, 2015",,
103,Nadia Smith traveled from Stockholm to Copenhagen to negotiate a deal worth $30.75 with Harborview College.,Nadia Smith; Harborview College; Copenhagen; Stockholm; $30.75,PERSON; ORG; GPE; GPE; MONEY,Nadia Smith,Harborview College,"Copenhagen, Stockholm",,$30.75,
104,"Evergreen Energy Co. partnered with a university in Warsaw to research a StreamCast speaker technology, Fatima Silva reported.",Fatima Silva; Evergreen Energy Co.; Warsaw; a StreamCast speaker,PERSON; ORG; GPE; PRODUCT,Fatima Silva,Evergreen Energy Co.,Warsaw,,,StreamCast speaker
105,"Blue Horizon Airlines partnered with a university in Bangkok to research a NightOwl reading lamp technology, Layla Okafor reported.",Layla Okafor; Blue Horizon Airlines; Bangkok; a NightOwl reading lamp,PERSON; ORG; GPE; PRODUCT,Layla Okafor,Blue Horizon Airlines,Bangkok,,,NightOwl reading lamp
106,"During the conference in Marrakesh, Leila Kim from Falcon Logistics unveiled a SunBeam solar charger priced at $199.",Leila Kim; Falcon Logistics; Marrakesh; $199; a SunBeam solar charger,PERSON; ORG; GPE; MONEY; PRODUCT,Leila Kim,Falcon Logistics,Marrakesh,,$199,SunBeam solar charger
107,"Crescent Media Group partnered with a university in Kuala Lumpur to research the GreenLeaf water bottle technology, Layla Rossi reported.",Layla Rossi; Crescent Media Group; Kuala Lumpur; the GreenLeaf water bottle,PERSON; ORG; GPE; PRODUCT,Layla Rossi,Crescent Media Group,Kuala Lumpur,,,GreenLeaf water bottle
108,"During the conference in Austin, James Wright from Delta Cloud Services unveiled the FreshAir purifier priced at $350.",James Wright; Delta Cloud Services; Austin; $350; the FreshAir purifier,PERSON; ORG; GPE; MONEY; PRODUCT,James Wright,Delta Cloud Services,Austin,,$350,FreshAir purifier
109,"On July 7, 2025, Redstone Consulting opened a new branch in Mumbai, Indonesia, appointing Fatima Kim as director.","Fatima Kim; Redstone Consulting; Indonesia; Mumbai; July 7, 2025",PERSON; ORG; GPE; GPE; DATE,Fatima Kim,Redstone Consulting,"Indonesia, Mumbai","July 7, 2025",,
110,"Lucas Moore, a spokesperson for Pioneer Research Institute, confirmed the release of the QuickBrew coffee maker for $89.99 on October 5, 2017.","Lucas Moore; Pioneer Research Institute; October 5, 2017; $89.99; the QuickBrew coffee maker",PERSON; ORG; DATE; MONEY; PRODUCT,Lucas Moore,Pioneer Research Institute,,"October 5, 2017",$89.99,QuickBrew coffee maker
111,"George Johansson joined Brightline Technologies in Cape Town on April 1, 2017 to launch the ChefMate blender.","George Johansson; Brightline Technologies; Cape Town; April 1, 2017; the ChefMate blender",PERSON; ORG; GPE; DATE; PRODUCT,George Johansson,Brightline Technologies,Cape Town,"April 1, 2017",,ChefMate blender
112,"On July 3, 2021, Coastal Insurance Co. opened a new branch in Nairobi, India, appointing Leila Patel as director.","Leila Patel; Coastal Insurance Co.; India; Nairobi; July 3, 2021",PERSON; ORG; GPE; GPE; DATE,Leila Patel,Coastal Insurance Co.,"India, Nairobi","July 3, 2021",,
113,"Leila Novak, a spokesperson for Summit Robotics Inc., confirmed the release of the FlexFit yoga mat for $350 on April 10, 2016.","Leila Novak; Summit Robotics Inc.; April 10, 2016; $350; the FlexFit yoga mat",PERSON; ORG; DATE; MONEY; PRODUCT,Leila Novak,Summit Robotics Inc.,,"April 10, 2016",$350,FlexFit yogmat
114,"Jack Anderson joined Summit Robotics Inc. in Buenos Aires on November 10, 2025 to launch the FreshAir purifier.","Jack Anderson; Summit Robotics Inc.; Buenos Aires; November 10, 2025; the FreshAir purifier",PERSON; ORG; GPE; DATE; PRODUCT,Jack Anderson,Summit Robotics Inc.,Buenos Aires,"November 10, 2025",,FreshAir purifier
115,Nadia King traveled from Warsaw to Prague to negotiate a deal worth $250 with Evergreen Energy Co..,Nadia King; Evergreen Energy Co.; Prague; Warsaw; $250,PERSON; ORG; GPE; GPE; MONEY,Nadia King,Evergreen Energy Co.,"Prague, Warsaw",,$250,
116,"Summit Robotics Inc. partnered with a university in Kuala Lumpur to research the ChefMate blender technology, Elena Patel reported.",Elena Patel; Summit Robotics Inc.; Kuala Lumpur; the ChefMate blender,PERSON; ORG; GPE; PRODUCT,Elena Patel,Summit Robotics Inc.,Kuala Lumpur,,,ChefMate blender
117,"Samuel Larsen, a spokesperson for Cedar Grove Hospital, confirmed the release of a NovaBook Pro laptop for $30.75 on December 3, 2016.","Samuel Larsen; Cedar Grove Hospital; December 3, 2016; $30.75; a NovaBook Pro laptop",PERSON; ORG; DATE; MONEY; PRODUCT,Samuel Larsen,Cedar Grove Hospital,,"December 3, 2016",$30.75,NovaBook Pro laptop
118,"Oakwood Publishing House announced that Ravi Okafor will lead the new office in Warsaw starting August 9, 2019.","Ravi Okafor; Oakwood Publishing House; Warsaw; August 9, 2019",PERSON; ORG; GPE; DATE,Ravi Okafor,Oakwood Publishing House,Warsaw,"August 9, 2019",,
119,"During the conference in Prague, Mei Osei from Ironwood Steel Works unveiled a RoadMaster bicycle priced at $99.",Mei Osei; Ironwood Steel Works; Prague; $99; a RoadMaster bicycle,PERSON; ORG; GPE; MONEY; PRODUCT,Mei Osei,Ironwood Steel Works,Prague,,$99,RoadMaster bicycle
120,Mei Ivanov traveled from Austin to Vancouver to negotiate a deal worth $49.99 with Global Trade Partners.,Mei Ivanov; Global Trade Partners; Austin; Vancouver; $49.99,PERSON; ORG; GPE; GPE; MONEY,Mei Ivanov,Global Trade Partners,"Austin, Vancouver",,$49.99,
121,"During the conference in Seoul, Ibrahim Baker from Ironwood Steel Works unveiled the PixelView monitor priced at $250.",Ibrahim Baker; Ironwood Steel Works; Seoul; $250; the PixelView monitor,PERSON; ORG; GPE; MONEY; PRODUCT,Ibrahim Baker,Ironwood Steel Works,Seoul,,$250,PixelView monitor
122,Felix Okafor traveled from Copenhagen to Kuala Lumpur to negotiate a deal worth $99 with Maple Street School District.,Felix Okafor; Maple Street School District; Copenhagen; Kuala Lumpur; $99,PERSON; ORG; GPE; GPE; MONEY,Felix Okafor,Maple Street School District,"Copenhagen, Kuala Lumpur",,$99,
123,"Leila Lewis, a spokesperson for Skyline Real Estate, confirmed the release of a SoundWave headset for $49.99 on November 4, 2018.","Leila Lewis; Skyline Real Estate; November 4, 2018; $49.99; a SoundWave headset",PERSON; ORG; DATE; MONEY; PRODUCT,Leila Lewis,Skyline Real Estate,,"November 4, 2018",$49.99,SoundWave headset
124,"Ravi Scott, a spokesperson for Brightline Technologies, confirmed the release of a RoadMaster bicycle for $30.75 on September 23, 2024.","Ravi Scott; Brightline Technologies; September 23, 2024; $30.75; a RoadMaster bicycle",PERSON; ORG; DATE; MONEY; PRODUCT,Ravi Scott,Brightline Technologies,,"September 23, 2024",$30.75,RoadMaster bicycle
125,"Zenith Pharmaceuticals announced that Ingrid Rossi will lead the new office in Toronto starting May 27, 2016.","Ingrid Rossi; Zenith Pharmaceuticals; Toronto; May 27, 2016",PERSON; ORG; GPE; DATE,Ingrid Rossi,Zenith Pharmaceuticals,Toronto,"May 27, 2016",,
126,"Delta Cloud Services partnered with a university in Kuala Lumpur to research a SunBeam solar charger technology, Layla Moore reported.",Layla Moore; Delta Cloud Services; Kuala Lumpur; a SunBeam solar charger,PERSON; ORG; GPE; PRODUCT,Layla Moore,Delta Cloud Services,Kuala Lumpur,,,SunBeam solar charger
127,Tom Novak traveled from Warsaw to Manila to negotiate a deal worth $120 with Redstone Consulting.,Tom Novak; Redstone Consulting; Manila; Warsaw; $120,PERSON; ORG; GPE; GPE; MONEY,Tom Novak,Redstone Consulting,"Manila, Warsaw",,$120,
128,"Coastal Insurance Co. announced that George Taylor will lead the new office in Vancouver starting November 25, 2018.","George Taylor; Coastal Insurance Co.; Vancouver; November 25, 2018",PERSON; ORG; GPE; DATE,George Taylor,Coastal Insurance Co.,Vancouver,"November 25, 2018",,
129,"Oakwood Publishing House partnered with a university in Edinburgh to research the CloudDesk chair technology, Leila Young reported.",Leila Young; Oakwood Publishing House; Edinburgh; the CloudDesk chair,PERSON; ORG; GPE; PRODUCT,Leila Young,Oakwood Publishing House,Edinburgh,,,CloudDesk chair
130,"Falcon Logistics announced that Fatima Okafor will lead the new office in Edinburgh starting November 12, 2024.","Fatima Okafor; Falcon Logistics; Edinburgh; November 12, 2024",PERSON; ORG; GPE; DATE,Fatima Okafor,Falcon Logistics,Edinburgh,"November 12, 2024",,
131,"Ironwood Steel Works partnered with a university in Amsterdam to research a SunBeam solar charger technology, Ibrahim Brown reported.",Ibrahim Brown; Ironwood Steel Works; Amsterdam; a SunBeam solar charger,PERSON; ORG; GPE; PRODUCT,Ibrahim Brown,Ironwood Steel Works,Amsterdam,,,SunBeam solar charger
132,"Lakeside Medical Center partnered with a university in Cape Town to research the FlexFit yoga mat technology, David Young reported.",David Young; Lakeside Medical Center; Cape Town; the FlexFit yoga mat,PERSON; ORG; GPE; PRODUCT,David Young,Lakeside Medical Center,Cape Town,,,FlexFit yogmat
133,"On March 4, 2022, Skyline Real Estate opened a new branch in Stockholm, Denmark, appointing Amara Ivanov as director.","Amara Ivanov; Skyline Real Estate; Denmark; Stockholm; March 4, 2022",PERSON; ORG; GPE; GPE; DATE,Amara Ivanov,Skyline Real Estate,"Denmark, Stockholm","March 4, 2022",,
134,"Zenith Pharmaceuticals partnered with a university in Melbourne to research the CloudDesk chair technology, Anna Chen reported.",Anna Chen; Zenith Pharmaceuticals; Melbourne; the CloudDesk chair,PERSON; ORG; GPE; PRODUCT,Anna Chen,Zenith Pharmaceuticals,Melbourne,,,CloudDesk chair
135,"Crescent Media Group partnered with a university in Stockholm to research a StreamCast speaker technology, Liam Wright reported.",Liam Wright; Crescent Media Group; Stockholm; a StreamCast speaker,PERSON; ORG; GPE; PRODUCT,Liam Wright,Crescent Media Group,Stockholm,,,StreamCast speaker
136,"During the conference in Denver, Grace Petrov from Lakeside Medical Center unveiled the TravelLite suitcase priced at $9.99.",Grace Petrov; Lakeside Medical Center; Denver; $9.99; the TravelLite suitcase,PERSON; ORG; GPE; MONEY; PRODUCT,Grace Petrov,Lakeside Medical Center,Denver,,$9.99,TravelLite suitcase
137,"During the conference in Melbourne, Jack Young from Crescent Media Group unveiled a SnapShot camera priced at $1,200.","Jack Young; Crescent Media Group; Melbourne; $1,200; a SnapShot camera",PERSON; ORG; GPE; MONEY; PRODUCT,Jack Young,Crescent Media Group,Melbourne,,"$1,200",SnapShot camera
138,"During the conference in Dublin, Victor Baker from Aurora Data Systems unveiled a RoadMaster bicycle priced at $49.99.",Victor Baker; Aurora Data Systems; Dublin; $49.99; a RoadMaster bicycle,PERSON; ORG; GPE; MONEY; PRODUCT,Victor Baker,Aurora Data Systems,Dublin,,$49.99,RoadMaster bicycle
139,"Oakwood Publishing House announced that Sofia Nguyen will lead the new office in Prague starting December 3, 2024.","Sofia Nguyen; Oakwood Publishing House; Prague; December 3, 2024",PERSON; ORG; GPE; DATE,Sofia Nguyen,Oakwood Publishing House,Prague,"December 3, 2024",,
140,"The board at Skyline Real Estate approved a $99 investment in Berlin after Layla Costa's presentation on January 4, 2018.","Layla Costa; Skyline Real Estate; Berlin; January 4, 2018; $99",PERSON; ORG; GPE; DATE; MONEY,Layla Costa,Skyline Real Estate,Berlin,"January 4, 2018",$99,
141,"Meridian Financial Group announced that Aisha Hall will lead the new office in Toronto starting February 22, 2025.","Aisha Hall; Meridian Financial Group; Toronto; February 22, 2025",PERSON; ORG; GPE; DATE,Aisha Hall,Meridian Financial Group,Toronto,"February 22, 2025",,
142,"On December 7, 2018, Summit Robotics Inc. opened a new branch in Melbourne, India, appointing Samuel Haddad as director.","Samuel Haddad; Summit Robotics Inc.; India; Melbourne; December 7, 2018",PERSON; ORG; GPE; GPE; DATE,Samuel Haddad,Summit Robotics Inc.,"India, Melbourne","December 7, 2018",,
143,"Julia Rossi, a spokesperson for Silverline Motors, confirmed the release of the FlexFit yoga mat for $19.99 on March 6, 2017.","Julia Rossi; Silverline Motors; March 6, 2017; $19.99; the FlexFit yoga mat",PERSON; ORG; DATE; MONEY; PRODUCT,Julia Rossi,Silverline Motors,,"March 6, 2017",$19.99,FlexFit yogmat
144,"Yuki Chen, a spokesperson for Maple Street School District, confirmed the release of the FreshAir purifier for $250 on May 27, 2015.","Yuki Chen; Maple Street School District; May 27, 2015; $250; the FreshAir purifier",PERSON; ORG; DATE; MONEY; PRODUCT,Yuki Chen,Maple Street School District,,"May 27, 2015",$250,FreshAir purifier
145,Julia King traveled from Mumbai to Nairobi to negotiate a deal worth $24.50 with Blue Horizon Airlines.,Julia King; Blue Horizon Airlines; Mumbai; Nairobi; $24.50,PERSON; ORG; GPE; GPE; MONEY,Julia King,Blue Horizon Airlines,"Mumbai, Nairobi",,$24.50,
146,"During the conference in Jakarta, Victor Lewis from Union Manufacturing Corp. unveiled a SoundWave headset priced at $30.75.",Victor Lewis; Union Manufacturing Corp.; Jakarta; $30.75; a SoundWave headset,PERSON; ORG; GPE; MONEY; PRODUCT,Victor Lewis,Union Manufacturing Corp.,Jakarta,,$30.75,SoundWave headset
147,"Ahmed Garcia, a spokesperson for Zenith Pharmaceuticals, confirmed the release of a NovaBook Pro laptop for $15 on February 5, 2020.","Ahmed Garcia; Zenith Pharmaceuticals; February 5, 2020; $15; a NovaBook Pro laptop",PERSON; ORG; DATE; MONEY; PRODUCT,Ahmed Garcia,Zenith Pharmaceuticals,,"February 5, 2020",$15,NovaBook Pro laptop
148,"On March 19, 2022, Zenith Pharmaceuticals opened a new branch in Zurich, Australia, appointing Julia Silva as director.","Julia Silva; Zenith Pharmaceuticals; Australia; Zurich; March 19, 2022",PERSON; ORG; GPE; GPE; DATE,Julia Silva,Zenith Pharmaceuticals,"Australia, Zurich","March 19, 2022",,
149,"Maple Street School District partnered with a university in Nairobi to research a TrailRunner backpack technology, Hana Wright reported.",Hana Wright; Maple Street School District; Nairobi; a TrailRunner backpack,PERSON; ORG; GPE; PRODUCT,Hana Wright,Maple Street School District,Nairobi,,,TrailRunner backpack
150,"During the conference in Amsterdam, Julia Khan from Ironwood Steel Works unveiled a SnapShot camera priced at $30.75.",Julia Khan; Ironwood Steel Works; Amsterdam; $30.75; a SnapShot camera,PERSON; ORG; GPE; MONEY; PRODUCT,Julia Khan,Ironwood Steel Works,Amsterdam,,$30.75,SnapShot camera
151,"BrightFuture Foundation announced that Layla Garcia will lead the new office in Marrakesh starting October 3, 2023.","Layla Garcia; BrightFuture Foundation; Marrakesh; October 3, 2023",PERSON; ORG; GPE; DATE,Layla Garcia,BrightFuture Foundation,Marrakesh,"October 3, 2023",,
152,"Charlotte Ivanov joined Redstone Consulting in Marrakesh on March 2, 2025 to launch the FlexFit yoga mat.","Charlotte Ivanov; Redstone Consulting; Marrakesh; March 2, 2025; the FlexFit yoga mat",PERSON; ORG; GPE; DATE; PRODUCT,Charlotte Ivanov,Redstone Consulting,Marrakesh,"March 2, 2025",,FlexFit yogmat
153,"On May 12, 2017, Zenith Pharmaceuticals opened a new branch in Wellington, South Africa, appointing Maria Moore as director.","Maria Moore; Zenith Pharmaceuticals; South Africa; Wellington; May 12, 2017",PERSON; ORG; GPE; GPE; DATE,Maria Moore,Zenith Pharmaceuticals,"South Africa, Wellington","May 12, 2017",,
154,"On January 24, 2019, Coastal Insurance Co. opened a new branch in Denver, the United States, appointing Peter Lewis as director.","Peter Lewis; Coastal Insurance Co.; Denver; the United States; January 24, 2019",PERSON; ORG; GPE; GPE; DATE,Peter Lewis,Coastal Insurance Co.,"Denver, the United States","January 24, 2019",,
155,"Summit Robotics Inc. partnered with a university in Dublin to research a NightOwl reading lamp technology, Carlos Anderson reported.",Carlos Anderson; Summit Robotics Inc.; Dublin; a NightOwl reading lamp,PERSON; ORG; GPE; PRODUCT,Carlos Anderson,Summit Robotics Inc.,Dublin,,,NightOwl reading lamp
156,"Ingrid Taylor joined Riverside Bank in Denver on November 13, 2020 to launch a SnapShot camera.","Ingrid Taylor; Riverside Bank; Denver; November 13, 2020; a SnapShot camera",PERSON; ORG; GPE; DATE; PRODUCT,Ingrid Taylor,Riverside Bank,Denver,"November 13, 2020",,SnapShot camera
157,"Summit Robotics Inc. partnered with a university in Manila to research a SnapShot camera technology, Chen Clark reported.",Chen Clark; Summit Robotics Inc.; Manila; a SnapShot camera,PERSON; ORG; GPE; PRODUCT,Chen Clark,Summit Robotics Inc.,Manila,,,SnapShot camera
158,"The board at Quantum Innovations approved a $15 investment in Mumbai after Layla Brown's presentation on February 21, 2024.","Layla Brown; Quantum Innovations; Mumbai; February 21, 2024; $15",PERSON; ORG; GPE; DATE; MONEY,Layla Brown,Quantum Innovations,Mumbai,"February 21, 2024",$15,
159,"During the conference in Cape Town, Felix Okafor from Harborview College unveiled a ProGrip tennis racket priced at $75.",Felix Okafor; Harborview College; Cape Town; $75; a ProGrip tennis racket,PERSON; ORG; GPE; MONEY; PRODUCT,Felix Okafor,Harborview College,Cape Town,,$75,ProGrip tennis racket
160,Ahmed Walker traveled from Seoul to Jakarta to negotiate a deal worth $120 with Harborview College.,Ahmed Walker; Harborview College; Jakarta; Seoul; $120,PERSON; ORG; GPE; GPE; MONEY,Ahmed Walker,Harborview College,"Jakarta, Seoul",,$120,
161,"Summit Robotics Inc. partnered with a university in Dublin to research a StreamCast speaker technology, Ravi Müller reported.",Ravi Müller; Summit Robotics Inc.; Dublin; a StreamCast speaker,PERSON; ORG; GPE; PRODUCT,Ravi Müller,Summit Robotics Inc.,Dublin,,,StreamCast speaker
162,"The board at Crescent Media Group approved a $199 investment in Prague after Mateus Osei's presentation on October 1, 2025.","Mateus Osei; Crescent Media Group; Prague; October 1, 2025; $199",PERSON; ORG; GPE; DATE; MONEY,Mateus Osei,Crescent Media Group,Prague,"October 1, 2025",$199,
163,"Meridian Financial Group partnered with a university in Prague to research the CloudDesk chair technology, Nadia Wright reported.",Nadia Wright; Meridian Financial Group; Prague; the CloudDesk chair,PERSON; ORG; GPE; PRODUCT,Nadia Wright,Meridian Financial Group,Prague,,,CloudDesk chair
164,"On February 2, 2016, Redstone Consulting opened a new branch in Kuala Lumpur, New Zealand, appointing Samuel Smith as director.","Samuel Smith; Redstone Consulting; Kuala Lumpur; New Zealand; February 2, 2016",PERSON; ORG; GPE; GPE; DATE,Samuel Smith,Redstone Consulting,"Kuala Lumpur, New Zealand","February 2, 2016",,
165,"Falcon Logistics announced that Ahmed Moore will lead the new office in Toronto starting February 19, 2022.","Ahmed Moore; Falcon Logistics; Toronto; February 19, 2022",PERSON; ORG; GPE; DATE,Ahmed Moore,Falcon Logistics,Toronto,"February 19, 2022",,
166,"The board at Meridian Financial Group approved a $1,200 investment in Dublin after Chen Fernandez's presentation on April 23, 2023.","Chen Fernandez; Meridian Financial Group; Dublin; April 23, 2023; $1,200",PERSON; ORG; GPE; DATE; MONEY,Chen Fernandez,Meridian Financial Group,Dublin,"April 23, 2023","$1,200",
167,"Falcon Logistics partnered with a university in Nairobi to research a StreamCast speaker technology, Mark Suzuki reported.",Mark Suzuki; Falcon Logistics; Nairobi; a StreamCast speaker,PERSON; ORG; GPE; PRODUCT,Mark Suzuki,Falcon Logistics,Nairobi,,,StreamCast speaker
168,"Chen Clark joined Coastal Insurance Co. in Santiago on June 16, 2022 to launch the CloudDesk chair.","Chen Clark; Coastal Insurance Co.; Santiago; June 16, 2022; the CloudDesk chair",PERSON; ORG; GPE; DATE; PRODUCT,Chen Clark,Coastal Insurance Co.,Santiago,"June 16, 2022",,CloudDesk chair
169,"Silverline Motors announced that Hassan Hall will lead the new office in Marrakesh starting April 26, 2023.","Hassan Hall; Silverline Motors; Marrakesh; April 26, 2023",PERSON; ORG; GPE; DATE,Hassan Hall,Silverline Motors,Marrakesh,"April 26, 2023",,
170,Mark Anderson traveled from Wellington to Kuala Lumpur to negotiate a deal worth $75 with Coastal Insurance Co..,Mark Anderson; Coastal Insurance Co.; Kuala Lumpur; Wellington; $75,PERSON; ORG; GPE; GPE; MONEY,Mark Anderson,Coastal Insurance Co.,"Kuala Lumpur, Wellington",,$75,
171,"Quantum Innovations partnered with a university in Stockholm to research a TrailRunner backpack technology, Priya Anderson reported.",Priya Anderson; Quantum Innovations; Stockholm; a TrailRunner backpack,PERSON; ORG; GPE; PRODUCT,Priya Anderson,Quantum Innovations,Stockholm,,,TrailRunner backpack
172,"On August 11, 2017, BrightFuture Foundation opened a new branch in Wellington, Thailand, appointing Daniel Chen as director.","Daniel Chen; BrightFuture Foundation; Thailand; Wellington; August 11, 2017",PERSON; ORG; GPE; GPE; DATE,Daniel Chen,BrightFuture Foundation,"Thailand, Wellington","August 11, 2017",,
173,"Sofia Ivanov, a spokesperson for Redstone Consulting, confirmed the release of the ChefMate blender for $45.50 on February 12, 2023.","Sofia Ivanov; Redstone Consulting; February 12, 2023; $45.50; the ChefMate blender",PERSON; ORG; DATE; MONEY; PRODUCT,Sofia Ivanov,Redstone Consulting,,"February 12, 2023",$45.50,ChefMate blender
174,"Maria Osei, a spokesperson for Northfield University, confirmed the release of the AeroFit smartwatch for $199 on July 18, 2025.","Maria Osei; Northfield University; July 18, 2025; $199; the AeroFit smartwatch",PERSON; ORG; DATE; MONEY; PRODUCT,Maria Osei,Northfield University,,"July 18, 2025",$199,AeroFit smartwatch
175,"During the conference in Copenhagen, Grace Silva from Cedar Grove Hospital unveiled the FlexFit yoga mat priced at $89.99.",Grace Silva; Cedar Grove Hospital; Copenhagen; $89.99; the FlexFit yoga mat,PERSON; ORG; GPE; MONEY; PRODUCT,Grace Silva,Cedar Grove Hospital,Copenhagen,,$89.99,FlexFit yogmat
176,George Petrov traveled from Stockholm to Austin to negotiate a deal worth $19.99 with Falcon Logistics.,George Petrov; Falcon Logistics; Austin; Stockholm; $19.99,PERSON; ORG; GPE; GPE; MONEY,George Petrov,Falcon Logistics,"Austin, Stockholm",,$19.99,
177,"The board at Oakwood Publishing House approved a $19.99 investment in Osaka after Olivia Johansson's presentation on February 5, 2022.","Olivia Johansson; Oakwood Publishing House; Osaka; February 5, 2022; $19.99",PERSON; ORG; GPE; DATE; MONEY,Olivia Johansson,Oakwood Publishing House,Osaka,"February 5, 2022",$19.99,
178,"During the conference in Prague, Jack Brown from Summit Robotics Inc. unveiled the FreshAir purifier priced at $75.",Jack Brown; Summit Robotics Inc.; Prague; $75; the FreshAir purifier,PERSON; ORG; GPE; MONEY; PRODUCT,Jack Brown,Summit Robotics Inc.,Prague,,$75,FreshAir purifier
179,"On March 9, 2019, Delta Cloud Services opened a new branch in Buenos Aires, the Philippines, appointing James Wright as director.","James Wright; Delta Cloud Services; Buenos Aires; the Philippines; March 9, 2019",PERSON; ORG; GPE; GPE; DATE,James Wright,Delta Cloud Services,"Buenos Aires, the Philippines","March 9, 2019",,
180,"Chloe Ivanov joined Oakwood Publishing House in Nairobi on March 21, 2023 to launch the TravelLite suitcase.","Chloe Ivanov; Oakwood Publishing House; Nairobi; March 21, 2023; the TravelLite suitcase",PERSON; ORG; GPE; DATE; PRODUCT,Chloe Ivanov,Oakwood Publishing House,Nairobi,"March 21, 2023",,TravelLite suitcase
181,"The board at Lakeside Medical Center approved a $199 investment in Marrakesh after Ravi Okafor's presentation on May 22, 2024.","Ravi Okafor; Lakeside Medical Center; Marrakesh; May 22, 2024; $199",PERSON; ORG; GPE; DATE; MONEY,Ravi Okafor,Lakeside Medical Center,Marrakesh,"May 22, 2024",$199,
182,"The board at Riverside Bank approved a $49.99 investment in Dublin after Felix Johansson's presentation on September 1, 2018.","Felix Johansson; Riverside Bank; Dublin; September 1, 2018; $49.99",PERSON; ORG; GPE; DATE; MONEY,Felix Johansson,Riverside Bank,Dublin,"September 1, 2018",$49.99,
183,"Aisha Khan joined Summit Robotics Inc. in Zurich on March 2, 2017 to launch a NovaBook Pro laptop.","Aisha Khan; Summit Robotics Inc.; Zurich; March 2, 2017; a NovaBook Pro laptop",PERSON; ORG; GPE; DATE; PRODUCT,Aisha Khan,Summit Robotics Inc.,Zurich,"March 2, 2017",,NovaBook Pro laptop
184,"Chen Hall joined Crescent Media Group in Lisbon on May 19, 2016 to launch the CloudDesk chair.","Chen Hall; Crescent Media Group; Lisbon; May 19, 2016; the CloudDesk chair",PERSON; ORG; GPE; DATE; PRODUCT,Chen Hall,Crescent Media Group,Lisbon,"May 19, 2016",,CloudDesk chair
185,"Northfield University announced that Nadia Hall will lead the new office in Berlin starting March 3, 2021.","Nadia Hall; Northfield University; Berlin; March 3, 2021",PERSON; ORG; GPE; DATE,Nadia Hall,Northfield University,Berlin,"March 3, 2021",,
186,"James Okafor, a spokesperson for Blue Horizon Airlines, confirmed the release of the PixelView monitor for $19.99 on June 26, 2022.","James Okafor; Blue Horizon Airlines; June 26, 2022; $19.99; the PixelView monitor",PERSON; ORG; DATE; MONEY; PRODUCT,James Okafor,Blue Horizon Airlines,,"June 26, 2022",$19.99,PixelView monitor
187,"Zainab Clark joined Vertex Analytics in Denver on October 24, 2015 to launch the FreshAir purifier.","Zainab Clark; Vertex Analytics; Denver; October 24, 2015; the FreshAir purifier",PERSON; ORG; GPE; DATE; PRODUCT,Zainab Clark,Vertex Analytics,Denver,"October 24, 2015",,FreshAir purifier
188,"Evergreen Energy Co. partnered with a university in Buenos Aires to research a NightOwl reading lamp technology, Elena Yamamoto reported.",Elena Yamamoto; Evergreen Energy Co.; Buenos Aires; a NightOwl reading lamp,PERSON; ORG; GPE; PRODUCT,Elena Yamamoto,Evergreen Energy Co.,Buenos Aires,,,NightOwl reading lamp
189,"On September 16, 2015, Evergreen Energy Co. opened a new branch in Amsterdam, Chile, appointing Hana Green as director.","Hana Green; Evergreen Energy Co.; Amsterdam; Chile; September 16, 2015",PERSON; ORG; GPE; GPE; DATE,Hana Green,Evergreen Energy Co.,"Amsterdam, Chile","September 16, 2015",,
190,"The board at Lakeside Medical Center approved a $15 investment in Bangkok after Sara Novak's presentation on May 3, 2022.","Sara Novak; Lakeside Medical Center; Bangkok; May 3, 2022; $15",PERSON; ORG; GPE; DATE; MONEY,Sara Novak,Lakeside Medical Center,Bangkok,"May 3, 2022",$15,
191,"Olivia Yamamoto joined Harborview College in Austin on December 11, 2024 to launch the ChefMate blender.","Olivia Yamamoto; Harborview College; Austin; December 11, 2024; the ChefMate blender",PERSON; ORG; GPE; DATE; PRODUCT,Olivia Yamamoto,Harborview College,Austin,"December 11, 2024",,ChefMate blender
192,"The board at Evergreen Energy Co. approved a $99 investment in Helsinki after Layla Wilson's presentation on December 10, 2015.","Layla Wilson; Evergreen Energy Co.; Helsinki; December 10, 2015; $99",PERSON; ORG; GPE; DATE; MONEY,Layla Wilson,Evergreen Energy Co.,Helsinki,"December 10, 2015",$99,
193,"The board at Northfield University approved a $24.50 investment in Edinburgh after Leila Suzuki's presentation on February 14, 2019.","Leila Suzuki; Northfield University; Edinburgh; February 14, 2019; $24.50",PERSON; ORG; GPE; DATE; MONEY,Leila Suzuki,Northfield University,Edinburgh,"February 14, 2019",$24.50,
194,"Silverline Motors announced that Zainab Ivanov will lead the new office in Osaka starting March 28, 2018.","Zainab Ivanov; Silverline Motors; Osaka; March 28, 2018",PERSON; ORG; GPE; DATE,Zainab Ivanov,Silverline Motors,Osaka,"March 28, 2018",,
195,"Quantum Innovations partnered with a university in Mumbai to research the TravelLite suitcase technology, Sofia Wilson reported.",Sofia Wilson; Quantum Innovations; Mumbai; the TravelLite suitcase,PERSON; ORG; GPE; PRODUCT,Sofia Wilson,Quantum Innovations,Mumbai,,,TravelLite suitcase
196,"James Brown, a spokesperson for NextGen Software Labs, confirmed the release of the PixelView monitor for $9.99 on November 18, 2024.","James Brown; NextGen Software Labs; November 18, 2024; $9.99; the PixelView monitor",PERSON; ORG; DATE; MONEY; PRODUCT,James Brown,NextGen Software Labs,,"November 18, 2024",$9.99,PixelView monitor
197,"Fatima Young traveled from Kuala Lumpur to Nairobi to negotiate a deal worth $1,200 with Aurora Data Systems.","Fatima Young; Aurora Data Systems; Kuala Lumpur; Nairobi; $1,200",PERSON; ORG; GPE; GPE; MONEY,Fatima Young,Aurora Data Systems,"Kuala Lumpur, Nairobi",,"$1,200",
198,"The board at Union Manufacturing Corp. approved a $120 investment in Santiago after Charlotte Okafor's presentation on September 6, 2020.","Charlotte Okafor; Union Manufacturing Corp.; Santiago; September 6, 2020; $120",PERSON; ORG; GPE; DATE; MONEY,Charlotte Okafor,Union Manufacturing Corp.,Santiago,"September 6, 2020",$120,
199,Mei Kim traveled from Vancouver to Amsterdam to negotiate a deal worth $49.99 with Crescent Media Group.,Mei Kim; Crescent Media Group; Amsterdam; Vancouver; $49.99,PERSON; ORG; GPE; GPE; MONEY,Mei Kim,Crescent Media Group,"Amsterdam, Vancouver",,$49.99,
200,"Isabella Green, a spokesperson for Redstone Consulting, confirmed the release of a SunBeam solar charger for $89.99 on October 6, 2018.","Isabella Green; Redstone Consulting; October 6, 2018; $89.99; a SunBeam solar charger",PERSON; ORG; DATE; MONEY; PRODUCT,Isabella Green,Redstone Consulting,,"October 6, 2018",$89.99,SunBeam solar charger
201,"On September 7, 2022, Evergreen Energy Co. opened a new branch in Zurich, Thailand, appointing Felix Suzuki as director.","Felix Suzuki; Evergreen Energy Co.; Thailand; Zurich; September 7, 2022",PERSON; ORG; GPE; GPE; DATE,Felix Suzuki,Evergreen Energy Co.,"Thailand, Zurich","September 7, 2022",,
202,Jack Larsen traveled from Berlin to Dublin to negotiate a deal worth $30.75 with Maple Street School District.,Jack Larsen; Maple Street School District; Berlin; Dublin; $30.75,PERSON; ORG; GPE; GPE; MONEY,Jack Larsen,Maple Street School District,"Berlin, Dublin",,$30.75,
203,"The board at Union Manufacturing Corp. approved a $75 investment in Marrakesh after Wei Wright's presentation on February 22, 2016.","Wei Wright; Union Manufacturing Corp.; Marrakesh; February 22, 2016; $75",PERSON; ORG; GPE; DATE; MONEY,Wei Wright,Union Manufacturing Corp.,Marrakesh,"February 22, 2016",$75,
204,"Coastal Insurance Co. partnered with a university in Marrakesh to research the PixelView monitor technology, Adaeze Clark reported.",Adaeze Clark; Coastal Insurance Co.; Marrakesh; the PixelView monitor,PERSON; ORG; GPE; PRODUCT,Adaeze Clark,Coastal Insurance Co.,Marrakesh,,,PixelView monitor
205,"The board at Zenith Pharmaceuticals approved a $350 investment in Toronto after Olivia Chen's presentation on November 10, 2019.","Olivia Chen; Zenith Pharmaceuticals; Toronto; November 10, 2019; $350",PERSON; ORG; GPE; DATE; MONEY,Olivia Chen,Zenith Pharmaceuticals,Toronto,"November 10, 2019",$350,
206,"The board at Summit Robotics Inc. approved a $9.99 investment in Prague after Zainab Clark's presentation on January 10, 2021.","Zainab Clark; Summit Robotics Inc.; Prague; January 10, 2021; $9.99",PERSON; ORG; GPE; DATE; MONEY,Zainab Clark,Summit Robotics Inc.,Prague,"January 10, 2021",$9.99,
207,"Maple Street School District announced that Leila Costa will lead the new office in Osaka starting June 19, 2017.","Leila Costa; Maple Street School District; Osaka; June 19, 2017",PERSON; ORG; GPE; DATE,Leila Costa,Maple Street School District,Osaka,"June 19, 2017",,
208,"On May 21, 2022, Silverline Motors opened a new branch in Prague, the United States, appointing Ahmed Green as director.","Ahmed Green; Silverline Motors; Prague; the United States; May 21, 2022",PERSON; ORG; GPE; GPE; DATE,Ahmed Green,Silverline Motors,"Prague, the United States","May 21, 2022",,
209,"On November 5, 2018, Quantum Innovations opened a new branch in Melbourne, Egypt, appointing Charlotte Osei as director.","Charlotte Osei; Quantum Innovations; Egypt; Melbourne; November 5, 2018",PERSON; ORG; GPE; GPE; DATE,Charlotte Osei,Quantum Innovations,"Egypt, Melbourne","November 5, 2018",,
210,"The board at Pioneer Research Institute approved a $350 investment in Osaka after Daniel Walker's presentation on October 16, 2021.","Daniel Walker; Pioneer Research Institute; Osaka; October 16, 2021; $350",PERSON; ORG; GPE; DATE; MONEY,Daniel Walker,Pioneer Research Institute,Osaka,"October 16, 2021",$350,
211,"Maria Ivanov, a spokesperson for Delta Cloud Services, confirmed the release of the CloudDesk chair for $499.99 on March 20, 2020.","Maria Ivanov; Delta Cloud Services; March 20, 2020; $499.99; the CloudDesk chair",PERSON; ORG; DATE; MONEY; PRODUCT,Maria Ivanov,Delta Cloud Services,,"March 20, 2020",$499.99,CloudDesk chair
212,"Maple Street School District partnered with a university in Zurich to research the CloudDesk chair technology, Samuel Anderson reported.",Samuel Anderson; Maple Street School District; Zurich; the CloudDesk chair,PERSON; ORG; GPE; PRODUCT,Samuel Anderson,Maple Street School District,Zurich,,,CloudDesk chair
213,"During the conference in Santiago, David Brown from Summit Robotics Inc. unveiled the AeroFit smartwatch priced at $89.99.",David Brown; Summit Robotics Inc.; Santiago; $89.99; the AeroFit smartwatch,PERSON; ORG; GPE; MONEY; PRODUCT,David Brown,Summit Robotics Inc.,Santiago,,$89.99,AeroFit smartwatch
214,"On May 20, 2024, Golden Gate Retailers opened a new branch in Toronto, the Netherlands, appointing Chen Suzuki as director.","Chen Suzuki; Golden Gate Retailers; Toronto; the Netherlands; May 20, 2024",PERSON; ORG; GPE; GPE; DATE,Chen Suzuki,Golden Gate Retailers,"Toronto, the Netherlands","May 20, 2024",,
215,"On May 25, 2016, Meridian Financial Group opened a new branch in Cape Town, Chile, appointing Emma Scott as director.","Emma Scott; Meridian Financial Group; Cape Town; Chile; May 25, 2016",PERSON; ORG; GPE; GPE; DATE,Emma Scott,Meridian Financial Group,"Cape Town, Chile","May 25, 2016",,
216,"On July 2, 2021, Meridian Financial Group opened a new branch in Santiago, Japan, appointing Sofia Hall as director.","Sofia Hall; Meridian Financial Group; Japan; Santiago; July 2, 2021",PERSON; ORG; GPE; GPE; DATE,Sofia Hall,Meridian Financial Group,"Japan, Santiago","July 2, 2021",,
217,"During the conference in Helsinki, Wei Walker from Pioneer Research Institute unveiled a SnapShot camera priced at $89.99.",Wei Walker; Pioneer Research Institute; Helsinki; $89.99; a SnapShot camera,PERSON; ORG; GPE; MONEY; PRODUCT,Wei Walker,Pioneer Research Institute,Helsinki,,$89.99,SnapShot camera
218,"Mark Petrov, a spokesperson for Blue Horizon Airlines, confirmed the release of the PixelView monitor for $15 on January 15, 2015.","Mark Petrov; Blue Horizon Airlines; January 15, 2015; $15; the PixelView monitor",PERSON; ORG; DATE; MONEY; PRODUCT,Mark Petrov,Blue Horizon Airlines,,"January 15, 2015",$15,PixelView monitor
219,"During the conference in Lisbon, Samuel Yamamoto from Evergreen Energy Co. unveiled a PureGlow skincare set priced at $99.",Samuel Yamamoto; Evergreen Energy Co.; Lisbon; $99; a PureGlow skincare set,PERSON; ORG; GPE; MONEY; PRODUCT,Samuel Yamamoto,Evergreen Energy Co.,Lisbon,,$99,PureGlow skincare set
220,"On September 26, 2020, Global Trade Partners opened a new branch in Cairo, Ireland, appointing Liam Wright as director.","Liam Wright; Global Trade Partners; Cairo; Ireland; September 26, 2020",PERSON; ORG; GPE; GPE; DATE,Liam Wright,Global Trade Partners,"Cairo, Ireland","September 26, 2020",,
221,"Maple Street School District partnered with a university in Amsterdam to research a StreamCast speaker technology, Nadia Haddad reported.",Nadia Haddad; Maple Street School District; Amsterdam; a StreamCast speaker,PERSON; ORG; GPE; PRODUCT,Nadia Haddad,Maple Street School District,Amsterdam,,,StreamCast speaker
222,"Skyline Real Estate partnered with a university in Nairobi to research the CloudDesk chair technology, Nina Wright reported.",Nina Wright; Skyline Real Estate; Nairobi; the CloudDesk chair,PERSON; ORG; GPE; PRODUCT,Nina Wright,Skyline Real Estate,Nairobi,,,CloudDesk chair
223,"Anna Novak joined Cedar Grove Hospital in Amsterdam on May 9, 2023 to launch the GreenLeaf water bottle.","Anna Novak; Cedar Grove Hospital; Amsterdam; May 9, 2023; the GreenLeaf water bottle",PERSON; ORG; GPE; DATE; PRODUCT,Anna Novak,Cedar Grove Hospital,Amsterdam,"May 9, 2023",,GreenLeaf water bottle
224,"The board at NextGen Software Labs approved a $9.99 investment in Wellington after Samuel Garcia's presentation on January 3, 2017.","Samuel Garcia; NextGen Software Labs; Wellington; January 3, 2017; $9.99",PERSON; ORG; GPE; DATE; MONEY,Samuel Garcia,NextGen Software Labs,Wellington,"January 3, 2017",$9.99,
225,"Samuel Petrov joined NextGen Software Labs in Lisbon on February 16, 2016 to launch the SmartHome Hub.","Samuel Petrov; NextGen Software Labs; Lisbon; February 16, 2016; the SmartHome Hub",PERSON; ORG; GPE; DATE; PRODUCT,Samuel Petrov,NextGen Software Labs,Lisbon,"February 16, 2016",,SmartHome Hub
226,"Harborview College announced that James Larsen will lead the new office in Austin starting August 19, 2019.","James Larsen; Harborview College; Austin; August 19, 2019",PERSON; ORG; GPE; DATE,James Larsen,Harborview College,Austin,"August 19, 2019",,
227,Ethan Brown traveled from Berlin to Amsterdam to negotiate a deal worth $45.50 with Quantum Innovations.,Ethan Brown; Quantum Innovations; Amsterdam; Berlin; $45.50,PERSON; ORG; GPE; GPE; MONEY,Ethan Brown,Quantum Innovations,"Amsterdam, Berlin",,$45.50,
228,"NextGen Software Labs announced that Jack Wright will lead the new office in Santiago starting March 17, 2015.","Jack Wright; NextGen Software Labs; Santiago; March 17, 2015",PERSON; ORG; GPE; DATE,Jack Wright,NextGen Software Labs,Santiago,"March 17, 2015",,
229,"The board at BrightFuture Foundation approved a $1,200 investment in Mumbai after Amara Rossi's presentation on December 1, 2020.","Amara Rossi; BrightFuture Foundation; Mumbai; December 1, 2020; $1,200",PERSON; ORG; GPE; DATE; MONEY,Amara Rossi,BrightFuture Foundation,Mumbai,"December 1, 2020","$1,200",
230,Omar Walker traveled from Warsaw to Copenhagen to negotiate a deal worth $24.50 with Meridian Financial Group.,Omar Walker; Meridian Financial Group; Copenhagen; Warsaw; $24.50,PERSON; ORG; GPE; GPE; MONEY,Omar Walker,Meridian Financial Group,"Copenhagen, Warsaw",,$24.50,
231,"Mark Lewis, a spokesperson for Crescent Media Group, confirmed the release of the CloudDesk chair for $120 on November 27, 2022.","Mark Lewis; Crescent Media Group; November 27, 2022; $120; the CloudDesk chair",PERSON; ORG; DATE; MONEY; PRODUCT,Mark Lewis,Crescent Media Group,,"November 27, 2022",$120,CloudDesk chair
232,"Coastal Insurance Co. partnered with a university in Cairo to research a SnapShot camera technology, David Wright reported.",David Wright; Coastal Insurance Co.; Cairo; a SnapShot camera,PERSON; ORG; GPE; PRODUCT,David Wright,Coastal Insurance Co.,Cairo,,,SnapShot camera
233,"During the conference in Buenos Aires, George Wright from Zenith Pharmaceuticals unveiled the FlexFit yoga mat priced at $99.",George Wright; Zenith Pharmaceuticals; Buenos Aires; $99; the FlexFit yoga mat,PERSON; ORG; GPE; MONEY; PRODUCT,George Wright,Zenith Pharmaceuticals,Buenos Aires,,$99,FlexFit yogmat
234,"Carlos Clark, a spokesperson for NextGen Software Labs, confirmed the release of a StreamCast speaker for $120 on May 2, 2017.","Carlos Clark; NextGen Software Labs; May 2, 2017; $120; a StreamCast speaker",PERSON; ORG; DATE; MONEY; PRODUCT,Carlos Clark,NextGen Software Labs,,"May 2, 2017",$120,StreamCast speaker
235,"On March 28, 2017, Brightline Technologies opened a new branch in Austin, the Philippines, appointing Chen Smith as director.","Chen Smith; Brightline Technologies; Austin; the Philippines; March 28, 2017",PERSON; ORG; GPE; GPE; DATE,Chen Smith,Brightline Technologies,"Austin, the Philippines","March 28, 2017",,
236,"Isabella Silva, a spokesperson for Aurora Data Systems, confirmed the release of a SoundWave headset for $45.50 on September 2, 2020.","Isabella Silva; Aurora Data Systems; September 2, 2020; $45.50; a SoundWave headset",PERSON; ORG; DATE; MONEY; PRODUCT,Isabella Silva,Aurora Data Systems,,"September 2, 2020",$45.50,SoundWave headset
237,"On June 2, 2021, Maple Street School District opened a new branch in Melbourne, Argentina, appointing Nina Osei as director.","Nina Osei; Maple Street School District; Argentina; Melbourne; June 2, 2021",PERSON; ORG; GPE; GPE; DATE,Nina Osei,Maple Street School District,"Argentina, Melbourne","June 2, 2021",,
238,"Samuel Walker, a spokesperson for Riverside Bank, confirmed the release of a SoundWave headset for $24.50 on July 20, 2024.","Samuel Walker; Riverside Bank; July 20, 2024; $24.50; a SoundWave headset",PERSON; ORG; DATE; MONEY; PRODUCT,Samuel Walker,Riverside Bank,,"July 20, 2024",$24.50,SoundWave headset
239,"Golden Gate Retailers announced that Layla Walker will lead the new office in Berlin starting August 28, 2019.","Layla Walker; Golden Gate Retailers; Berlin; August 28, 2019",PERSON; ORG; GPE; DATE,Layla Walker,Golden Gate Retailers,Berlin,"August 28, 2019",,
240,"The board at Golden Gate Retailers approved a $350 investment in Toronto after Hassan Lewis's presentation on February 16, 2019.","Hassan Lewis; Golden Gate Retailers; Toronto; February 16, 2019; $350",PERSON; ORG; GPE; DATE; MONEY,Hassan Lewis,Golden Gate Retailers,Toronto,"February 16, 2019",$350,
241,"Riverside Bank announced that Charlotte Khan will lead the new office in Stockholm starting October 16, 2021.","Charlotte Khan; Riverside Bank; Stockholm; October 16, 2021",PERSON; ORG; GPE; DATE,Charlotte Khan,Riverside Bank,Stockholm,"October 16, 2021",,
242,"Noah Johansson, a spokesperson for BrightFuture Foundation, confirmed the release of the SmartHome Hub for $24.50 on July 28, 2019.","Noah Johansson; BrightFuture Foundation; July 28, 2019; $24.50; the SmartHome Hub",PERSON; ORG; DATE; MONEY; PRODUCT,Noah Johansson,BrightFuture Foundation,,"July 28, 2019",$24.50,SmartHome Hub
243,"The board at Skyline Real Estate approved a $30.75 investment in Stockholm after Chloe Fernandez's presentation on May 11, 2021.","Chloe Fernandez; Skyline Real Estate; Stockholm; May 11, 2021; $30.75",PERSON; ORG; GPE; DATE; MONEY,Chloe Fernandez,Skyline Real Estate,Stockholm,"May 11, 2021",$30.75,
244,"Oakwood Publishing House partnered with a university in Buenos Aires to research the FlexFit yoga mat technology, Mateus Costa reported.",Mateus Costa; Oakwood Publishing House; Buenos Aires; the FlexFit yoga mat,PERSON; ORG; GPE; PRODUCT,Mateus Costa,Oakwood Publishing House,Buenos Aires,,,FlexFit yogmat
245,"Golden Gate Retailers partnered with a university in Toronto to research a StreamCast speaker technology, Ravi Johansson reported.",Ravi Johansson; Golden Gate Retailers; Toronto; a StreamCast speaker,PERSON; ORG; GPE; PRODUCT,Ravi Johansson,Golden Gate Retailers,Toronto,,,StreamCast speaker
246,"Lucas Yamamoto joined NextGen Software Labs in Mumbai on October 15, 2017 to launch the ChefMate blender.","Lucas Yamamoto; NextGen Software Labs; Mumbai; October 15, 2017; the ChefMate blender",PERSON; ORG; GPE; DATE; PRODUCT,Lucas Yamamoto,NextGen Software Labs,Mumbai,"October 15, 2017",,ChefMate blender
247,"On November 12, 2016, Redstone Consulting opened a new branch in Seoul, India, appointing Zainab Taylor as director.","Zainab Taylor; Redstone Consulting; India; Seoul; November 12, 2016",PERSON; ORG; GPE; GPE; DATE,Zainab Taylor,Redstone Consulting,"India, Seoul","November 12, 2016",,
248,"During the conference in Cape Town, Tom Wright from Union Manufacturing Corp. unveiled a ProGrip tennis racket priced at $9.99.",Tom Wright; Union Manufacturing Corp.; Cape Town; $9.99; a ProGrip tennis racket,PERSON; ORG; GPE; MONEY; PRODUCT,Tom Wright,Union Manufacturing Corp.,Cape Town,,$9.99,ProGrip tennis racket
249,"During the conference in Santiago, Maria Haddad from Evergreen Energy Co. unveiled a TrailRunner backpack priced at $350.",Maria Haddad; Evergreen Energy Co.; Santiago; $350; a TrailRunner backpack,PERSON; ORG; GPE; MONEY; PRODUCT,Maria Haddad,Evergreen Energy Co.,Santiago,,$350,TrailRunner backpack
250,"Quantum Innovations partnered with a university in Warsaw to research a ProGrip tennis racket technology, Wei Okafor reported.",Wei Okafor; Quantum Innovations; Warsaw; a ProGrip tennis racket,PERSON; ORG; GPE; PRODUCT,Wei Okafor,Quantum Innovations,Warsaw,,,ProGrip tennis racket
251,"On July 7, 2024, Pioneer Research Institute opened a new branch in Nairobi, the United States, appointing Priya Wright as director.","Priya Wright; Pioneer Research Institute; Nairobi; the United States; July 7, 2024",PERSON; ORG; GPE; GPE; DATE,Priya Wright,Pioneer Research Institute,"Nairobi, the United States","July 7, 2024",,
252,"Amara Walker joined Vertex Analytics in Dublin on June 1, 2018 to launch a PureGlow skincare set.","Amara Walker; Vertex Analytics; Dublin; June 1, 2018; a PureGlow skincare set",PERSON; ORG; GPE; DATE; PRODUCT,Amara Walker,Vertex Analytics,Dublin,"June 1, 2018",,PureGlow skincare set
253,"During the conference in Dublin, Ingrid Larsen from Redstone Consulting unveiled a StreamCast speaker priced at $15.",Ingrid Larsen; Redstone Consulting; Dublin; $15; a StreamCast speaker,PERSON; ORG; GPE; MONEY; PRODUCT,Ingrid Larsen,Redstone Consulting,Dublin,,$15,StreamCast speaker
254,"NextGen Software Labs partnered with a university in Jakarta to research a RoadMaster bicycle technology, Yuki King reported.",Yuki King; NextGen Software Labs; Jakarta; a RoadMaster bicycle,PERSON; ORG; GPE; PRODUCT,Yuki King,NextGen Software Labs,Jakarta,,,RoadMaster bicycle
255,"Tom Silva joined Redstone Consulting in Toronto on May 4, 2024 to launch a SunBeam solar charger.","Tom Silva; Redstone Consulting; Toronto; May 4, 2024; a SunBeam solar charger",PERSON; ORG; GPE; DATE; PRODUCT,Tom Silva,Redstone Consulting,Toronto,"May 4, 2024",,SunBeam solar charger
256,Samuel Moore traveled from Seoul to Buenos Aires to negotiate a deal worth $199 with Brightline Technologies.,Samuel Moore; Brightline Technologies; Buenos Aires; Seoul; $199,PERSON; ORG; GPE; GPE; MONEY,Samuel Moore,Brightline Technologies,"Buenos Aires, Seoul",,$199,
257,"The board at Brightline Technologies approved a $120 investment in Copenhagen after Mateus Wright's presentation on June 17, 2023.","Mateus Wright; Brightline Technologies; Copenhagen; June 17, 2023; $120",PERSON; ORG; GPE; DATE; MONEY,Mateus Wright,Brightline Technologies,Copenhagen,"June 17, 2023",$120,
258,"The board at Falcon Logistics approved a $99 investment in Amsterdam after Elena Scott's presentation on April 18, 2022.","Elena Scott; Falcon Logistics; Amsterdam; April 18, 2022; $99",PERSON; ORG; GPE; DATE; MONEY,Elena Scott,Falcon Logistics,Amsterdam,"April 18, 2022",$99,
259,"On December 19, 2016, Quantum Innovations opened a new branch in Osaka, India, appointing Jack Taylor as director.","Jack Taylor; Quantum Innovations; India; Osaka; December 19, 2016",PERSON; ORG; GPE; GPE; DATE,Jack Taylor,Quantum Innovations,"India, Osaka","December 19, 2016",,
260,"Julia Smith, a spokesperson for Cedar Grove Hospital, confirmed the release of the CloudDesk chair for $350 on September 11, 2015.","Julia Smith; Cedar Grove Hospital; September 11, 2015; $350; the CloudDesk chair",PERSON; ORG; DATE; MONEY; PRODUCT,Julia Smith,Cedar Grove Hospital,,"September 11, 2015",$350,CloudDesk chair
261,"During the conference in Warsaw, Elena Rossi from Pioneer Research Institute unveiled the QuickBrew coffee maker priced at $199.",Elena Rossi; Pioneer Research Institute; Warsaw; $199; the QuickBrew coffee maker,PERSON; ORG; GPE; MONEY; PRODUCT,Elena Rossi,Pioneer Research Institute,Warsaw,,$199,QuickBrew coffee maker
262,"The board at Zenith Pharmaceuticals approved a $9.99 investment in Toronto after Hana Yamamoto's presentation on October 8, 2020.","Hana Yamamoto; Zenith Pharmaceuticals; Toronto; October 8, 2020; $9.99",PERSON; ORG; GPE; DATE; MONEY,Hana Yamamoto,Zenith Pharmaceuticals,Toronto,"October 8, 2020",$9.99,
263,"On November 11, 2020, Aurora Data Systems opened a new branch in Berlin, Australia, appointing Adaeze Okafor as director.","Adaeze Okafor; Aurora Data Systems; Australia; Berlin; November 11, 2020",PERSON; ORG; GPE; GPE; DATE,Adaeze Okafor,Aurora Data Systems,"Australia, Berlin","November 11, 2020",,
264,"Ravi Walker joined Northfield University in Helsinki on July 28, 2022 to launch a NightOwl reading lamp.","Ravi Walker; Northfield University; Helsinki; July 28, 2022; a NightOwl reading lamp",PERSON; ORG; GPE; DATE; PRODUCT,Ravi Walker,Northfield University,Helsinki,"July 28, 2022",,NightOwl reading lamp
265,"The board at Falcon Logistics approved a $9.99 investment in Nairobi after Layla Ivanov's presentation on April 16, 2024.","Layla Ivanov; Falcon Logistics; Nairobi; April 16, 2024; $9.99",PERSON; ORG; GPE; DATE; MONEY,Layla Ivanov,Falcon Logistics,Nairobi,"April 16, 2024",$9.99,
266,"Aurora Data Systems announced that Liam Smith will lead the new office in Dublin starting June 2, 2018.","Liam Smith; Aurora Data Systems; Dublin; June 2, 2018",PERSON; ORG; GPE; DATE,Liam Smith,Aurora Data Systems,Dublin,"June 2, 2018",,
267,"On June 1, 2015, Falcon Logistics opened a new branch in Vancouver, New Zealand, appointing Nina Nguyen as director.","Nina Nguyen; Falcon Logistics; New Zealand; Vancouver; June 1, 2015",PERSON; ORG; GPE; GPE; DATE,Nina Nguyen,Falcon Logistics,"New Zealand, Vancouver","June 1, 2015",,
268,"The board at Riverside Bank approved a $9.99 investment in Vancouver after Zainab Suzuki's presentation on February 2, 2017.","Zainab Suzuki; Riverside Bank; Vancouver; February 2, 2017; $9.99",PERSON; ORG; GPE; DATE; MONEY,Zainab Suzuki,Riverside Bank,Vancouver,"February 2, 2017",$9.99,
269,"Nina Clark joined Global Trade Partners in Kuala Lumpur on January 27, 2020 to launch the GreenLeaf water bottle.","Nina Clark; Global Trade Partners; Kuala Lumpur; January 27, 2020; the GreenLeaf water bottle",PERSON; ORG; GPE; DATE; PRODUCT,Nina Clark,Global Trade Partners,Kuala Lumpur,"January 27, 2020",,GreenLeaf water bottle
270,"Sara Wilson joined Silverline Motors in Mumbai on January 22, 2025 to launch the SmartHome Hub.","Sara Wilson; Silverline Motors; Mumbai; January 22, 2025; the SmartHome Hub",PERSON; ORG; GPE; DATE; PRODUCT,Sara Wilson,Silverline Motors,Mumbai,"January 22, 2025",,SmartHome Hub
271,"The board at Golden Gate Retailers approved a $49.99 investment in Santiago after Ingrid Moore's presentation on November 17, 2018.","Ingrid Moore; Golden Gate Retailers; Santiago; November 17, 2018; $49.99",PERSON; ORG; GPE; DATE; MONEY,Ingrid Moore,Golden Gate Retailers,Santiago,"November 17, 2018",$49.99,
272,"On January 13, 2024, Ironwood Steel Works opened a new branch in Wellington, Chile, appointing Chloe Rossi as director.","Chloe Rossi; Ironwood Steel Works; Chile; Wellington; January 13, 2024",PERSON; ORG; GPE; GPE; DATE,Chloe Rossi,Ironwood Steel Works,"Chile, Wellington","January 13, 2024",,
273,"Riverside Bank announced that Hassan Hall will lead the new office in Kuala Lumpur starting June 22, 2017.","Hassan Hall; Riverside Bank; Kuala Lumpur; June 22, 2017",PERSON; ORG; GPE; DATE,Hassan Hall,Riverside Bank,Kuala Lumpur,"June 22, 2017",,
274,"Summit Robotics Inc. announced that Peter Clark will lead the new office in Marrakesh starting September 21, 2020.","Peter Clark; Summit Robotics Inc.; Marrakesh; September 21, 2020",PERSON; ORG; GPE; DATE,Peter Clark,Summit Robotics Inc.,Marrakesh,"September 21, 2020",,
275,"During the conference in Melbourne, Daniel Silva from Vertex Analytics unveiled the AeroFit smartwatch priced at $250.",Daniel Silva; Vertex Analytics; Melbourne; $250; the AeroFit smartwatch,PERSON; ORG; GPE; MONEY; PRODUCT,Daniel Silva,Vertex Analytics,Melbourne,,$250,AeroFit smartwatch
276,"Grace Ivanov joined Crescent Media Group in Stockholm on July 12, 2023 to launch the CloudDesk chair.","Grace Ivanov; Crescent Media Group; Stockholm; July 12, 2023; the CloudDesk chair",PERSON; ORG; GPE; DATE; PRODUCT,Grace Ivanov,Crescent Media Group,Stockholm,"July 12, 2023",,CloudDesk chair
277,"Brightline Technologies announced that Mei Suzuki will lead the new office in Zurich starting September 9, 2016.","Mei Suzuki; Brightline Technologies; Zurich; September 9, 2016",PERSON; ORG; GPE; DATE,Mei Suzuki,Brightline Technologies,Zurich,"September 9, 2016",,
278,"The board at Lakeside Medical Center approved a $49.99 investment in Amsterdam after Jack Scott's presentation on July 25, 2023.","Jack Scott; Lakeside Medical Center; Amsterdam; July 25, 2023; $49.99",PERSON; ORG; GPE; DATE; MONEY,Jack Scott,Lakeside Medical Center,Amsterdam,"July 25, 2023",$49.99,
279,"On November 2, 2019, Crescent Media Group opened a new branch in Berlin, Thailand, appointing Victor Hall as director.","Victor Hall; Crescent Media Group; Berlin; Thailand; November 2, 2019",PERSON; ORG; GPE; GPE; DATE,Victor Hall,Crescent Media Group,"Berlin, Thailand","November 2, 2019",,
280,"On June 20, 2024, Zenith Pharmaceuticals opened a new branch in Berlin, Japan, appointing Ingrid Kim as director.","Ingrid Kim; Zenith Pharmaceuticals; Berlin; Japan; June 20, 2024",PERSON; ORG; GPE; GPE; DATE,Ingrid Kim,Zenith Pharmaceuticals,"Berlin, Japan","June 20, 2024",,
281,"Northfield University announced that Anna Johansson will lead the new office in Zurich starting October 13, 2019.","Anna Johansson; Northfield University; Zurich; October 13, 2019",PERSON; ORG; GPE; DATE,Anna Johansson,Northfield University,Zurich,"October 13, 2019",,
282,"During the conference in Warsaw, Chen Moore from Delta Cloud Services unveiled the FreshAir purifier priced at $75.",Chen Moore; Delta Cloud Services; Warsaw; $75; the FreshAir purifier,PERSON; ORG; GPE; MONEY; PRODUCT,Chen Moore,Delta Cloud Services,Warsaw,,$75,FreshAir purifier
283,Noah Novak traveled from Nairobi to Manila to negotiate a deal worth $15 with Maple Street School District.,Noah Novak; Maple Street School District; Manila; Nairobi; $15,PERSON; ORG; GPE; GPE; MONEY,Noah Novak,Maple Street School District,"Manila, Nairobi",,$15,
284,Peter Haddad traveled from Denver to Santiago to negotiate a deal worth $250 with Falcon Logistics.,Peter Haddad; Falcon Logistics; Denver; Santiago; $250,PERSON; ORG; GPE; GPE; MONEY,Peter Haddad,Falcon Logistics,"Denver, Santiago",,$250,
285,"Fatima Garcia joined Harborview College in Seoul on September 10, 2024 to launch a RoadMaster bicycle.","Fatima Garcia; Harborview College; Seoul; September 10, 2024; a RoadMaster bicycle",PERSON; ORG; GPE; DATE; PRODUCT,Fatima Garcia,Harborview College,Seoul,"September 10, 2024",,RoadMaster bicycle
286,"Riverside Bank announced that Olivia Lewis will lead the new office in Vancouver starting February 17, 2023.","Olivia Lewis; Riverside Bank; Vancouver; February 17, 2023",PERSON; ORG; GPE; DATE,Olivia Lewis,Riverside Bank,Vancouver,"February 17, 2023",,
287,"Northfield University announced that Amara Hall will lead the new office in Osaka starting February 21, 2022.","Amara Hall; Northfield University; Osaka; February 21, 2022",PERSON; ORG; GPE; DATE,Amara Hall,Northfield University,Osaka,"February 21, 2022",,
288,"Aurora Data Systems announced that Zainab Patel will lead the new office in Amsterdam starting September 2, 2016.","Zainab Patel; Aurora Data Systems; Amsterdam; September 2, 2016",PERSON; ORG; GPE; DATE,Zainab Patel,Aurora Data Systems,Amsterdam,"September 2, 2016",,
289,"Harborview College announced that Samuel Fernandez will lead the new office in Melbourne starting October 8, 2022.","Samuel Fernandez; Harborview College; Melbourne; October 8, 2022",PERSON; ORG; GPE; DATE,Samuel Fernandez,Harborview College,Melbourne,"October 8, 2022",,
290,"Ravi Fernandez joined Global Trade Partners in Bangkok on November 3, 2020 to launch a SoundWave headset.","Ravi Fernandez; Global Trade Partners; Bangkok; November 3, 2020; a SoundWave headset",PERSON; ORG; GPE; DATE; PRODUCT,Ravi Fernandez,Global Trade Partners,Bangkok,"November 3, 2020",,SoundWave headset
291,"Coastal Insurance Co. announced that Fatima Garcia will lead the new office in Mumbai starting December 5, 2016.","Fatima Garcia; Coastal Insurance Co.; Mumbai; December 5, 2016",PERSON; ORG; GPE; DATE,Fatima Garcia,Coastal Insurance Co.,Mumbai,"December 5, 2016",,
292,"Grace Lewis, a spokesperson for Coastal Insurance Co., confirmed the release of the QuickBrew coffee maker for $499.99 on July 8, 2020.","Grace Lewis; Coastal Insurance Co.; July 8, 2020; $499.99; the QuickBrew coffee maker",PERSON; ORG; DATE; MONEY; PRODUCT,Grace Lewis,Coastal Insurance Co.,,"July 8, 2020",$499.99,QuickBrew coffee maker
293,"Mark Okafor joined Golden Gate Retailers in Zurich on August 5, 2019 to launch the FreshAir purifier.","Mark Okafor; Golden Gate Retailers; Zurich; August 5, 2019; the FreshAir purifier",PERSON; ORG; GPE; DATE; PRODUCT,Mark Okafor,Golden Gate Retailers,Zurich,"August 5, 2019",,FreshAir purifier
294,"The board at Northfield University approved a $45.50 investment in Cape Town after Liam Nguyen's presentation on February 21, 2022.","Liam Nguyen; Northfield University; Cape Town; February 21, 2022; $45.50",PERSON; ORG; GPE; DATE; MONEY,Liam Nguyen,Northfield University,Cape Town,"February 21, 2022",$45.50,
295,"Julia Patel, a spokesperson for Blue Horizon Airlines, confirmed the release of a SnapShot camera for $499.99 on April 13, 2021.","Julia Patel; Blue Horizon Airlines; April 13, 2021; $499.99; a SnapShot camera",PERSON; ORG; DATE; MONEY; PRODUCT,Julia Patel,Blue Horizon Airlines,,"April 13, 2021",$499.99,SnapShot camera
296,"Fatima Young, a spokesperson for Vertex Analytics, confirmed the release of the TravelLite suitcase for $120 on May 5, 2025.","Fatima Young; Vertex Analytics; May 5, 2025; $120; the TravelLite suitcase",PERSON; ORG; DATE; MONEY; PRODUCT,Fatima Young,Vertex Analytics,,"May 5, 2025",$120,TravelLite suitcase
297,"Aisha Green, a spokesperson for Summit Robotics Inc., confirmed the release of a ProGrip tennis racket for $15 on June 5, 2025.","Aisha Green; Summit Robotics Inc.; June 5, 2025; $15; a ProGrip tennis racket",PERSON; ORG; DATE; MONEY; PRODUCT,Aisha Green,Summit Robotics Inc.,,"June 5, 2025",$15,ProGrip tennis racket
298,"Riverside Bank announced that Mei Scott will lead the new office in Edinburgh starting May 7, 2017.","Mei Scott; Riverside Bank; Edinburgh; May 7, 2017",PERSON; ORG; GPE; DATE,Mei Scott,Riverside Bank,Edinburgh,"May 7, 2017",,
299,"Ravi Patel traveled from Buenos Aires to Lisbon to negotiate a deal worth $1,200 with Blue Horizon Airlines.","Ravi Patel; Blue Horizon Airlines; Buenos Aires; Lisbon; $1,200",PERSON; ORG; GPE; GPE; MONEY,Ravi Patel,Blue Horizon Airlines,"Buenos Aires, Lisbon",,"$1,200",
300,"Union Manufacturing Corp. partnered with a university in Zurich to research a SnapShot camera technology, Mei Wright reported.",Mei Wright; Union Manufacturing Corp.; Zurich; a SnapShot camera,PERSON; ORG; GPE; PRODUCT,Mei Wright,Union Manufacturing Corp.,Zurich,,,SnapShot camera
301,"On December 20, 2015, Brightline Technologies opened a new branch in Wellington, Poland, appointing Tom Young as director.","Tom Young; Brightline Technologies; Poland; Wellington; December 20, 2015",PERSON; ORG; GPE; GPE; DATE,Tom Young,Brightline Technologies,"Poland, Wellington","December 20, 2015",,
302,"Coastal Insurance Co. announced that Nina Wilson will lead the new office in Marrakesh starting November 27, 2024.","Nina Wilson; Coastal Insurance Co.; Marrakesh; November 27, 2024",PERSON; ORG; GPE; DATE,Nina Wilson,Coastal Insurance Co.,Marrakesh,"November 27, 2024",,
303,"During the conference in Amsterdam, Yuki Dubois from Delta Cloud Services unveiled the GreenLeaf water bottle priced at $75.",Yuki Dubois; Delta Cloud Services; Amsterdam; $75; the GreenLeaf water bottle,PERSON; ORG; GPE; MONEY; PRODUCT,Yuki Dubois,Delta Cloud Services,Amsterdam,,$75,GreenLeaf water bottle
304,"Nadia Wilson, a spokesperson for Union Manufacturing Corp., confirmed the release of a RoadMaster bicycle for $49.99 on October 26, 2025.","Nadia Wilson; Union Manufacturing Corp.; October 26, 2025; $49.99; a RoadMaster bicycle",PERSON; ORG; DATE; MONEY; PRODUCT,Nadia Wilson,Union Manufacturing Corp.,,"October 26, 2025",$49.99,RoadMaster bicycle
305,"During the conference in Stockholm, Nina Garcia from BrightFuture Foundation unveiled a StreamCast speaker priced at $75.",Nina Garcia; BrightFuture Foundation; Stockholm; $75; a StreamCast speaker,PERSON; ORG; GPE; MONEY; PRODUCT,Nina Garcia,BrightFuture Foundation,Stockholm,,$75,StreamCast speaker
306,"During the conference in Berlin, Mark Wilson from Northfield University unveiled the QuickBrew coffee maker priced at $24.50.",Mark Wilson; Northfield University; Berlin; $24.50; the QuickBrew coffee maker,PERSON; ORG; GPE; MONEY; PRODUCT,Mark Wilson,Northfield University,Berlin,,$24.50,QuickBrew coffee maker
307,"The board at Brightline Technologies approved a $9.99 investment in Marrakesh after Carlos Yamamoto's presentation on December 17, 2024.","Carlos Yamamoto; Brightline Technologies; Marrakesh; December 17, 2024; $9.99",PERSON; ORG; GPE; DATE; MONEY,Carlos Yamamoto,Brightline Technologies,Marrakesh,"December 17, 2024",$9.99,
308,"On December 10, 2020, Harborview College opened a new branch in Jakarta, Japan, appointing Ethan Müller as director.","Ethan Müller; Harborview College; Jakarta; Japan; December 10, 2020",PERSON; ORG; GPE; GPE; DATE,Ethan Müller,Harborview College,"Jakarta, Japan","December 10, 2020",,
309,"Coastal Insurance Co. announced that Aisha Larsen will lead the new office in Warsaw starting November 3, 2025.","Aisha Larsen; Coastal Insurance Co.; Warsaw; November 3, 2025",PERSON; ORG; GPE; DATE,Aisha Larsen,Coastal Insurance Co.,Warsaw,"November 3, 2025",,
310,"During the conference in Warsaw, Chen Kowalski from Union Manufacturing Corp. unveiled the ChefMate blender priced at $350.",Chen Kowalski; Union Manufacturing Corp.; Warsaw; $350; the ChefMate blender,PERSON; ORG; GPE; MONEY; PRODUCT,Chen Kowalski,Union Manufacturing Corp.,Warsaw,,$350,ChefMate blender
311,"On September 9, 2020, Harborview College opened a new branch in Lisbon, Finland, appointing Wei Garcia as director.","Wei Garcia; Harborview College; Finland; Lisbon; September 9, 2020",PERSON; ORG; GPE; GPE; DATE,Wei Garcia,Harborview College,"Finland, Lisbon","September 9, 2020",,
312,"Union Manufacturing Corp. announced that Jack Osei will lead the new office in Wellington starting April 24, 2019.","Jack Osei; Union Manufacturing Corp.; Wellington; April 24, 2019",PERSON; ORG; GPE; DATE,Jack Osei,Union Manufacturing Corp.,Wellington,"April 24, 2019",,
313,Anna Fernandez traveled from Marrakesh to Santiago to negotiate a deal worth $250 with Riverside Bank.,Anna Fernandez; Riverside Bank; Marrakesh; Santiago; $250,PERSON; ORG; GPE; GPE; MONEY,Anna Fernandez,Riverside Bank,"Marrakesh, Santiago",,$250,
314,"Summit Robotics Inc. announced that Noah Yamamoto will lead the new office in Mumbai starting April 22, 2023.","Noah Yamamoto; Summit Robotics Inc.; Mumbai; April 22, 2023",PERSON; ORG; GPE; DATE,Noah Yamamoto,Summit Robotics Inc.,Mumbai,"April 22, 2023",,
315,Ingrid Okafor traveled from Bangkok to Austin to negotiate a deal worth $24.50 with Blue Horizon Airlines.,Ingrid Okafor; Blue Horizon Airlines; Austin; Bangkok; $24.50,PERSON; ORG; GPE; GPE; MONEY,Ingrid Okafor,Blue Horizon Airlines,"Austin, Bangkok",,$24.50,
316,"Riverside Bank announced that Sara Costa will lead the new office in Amsterdam starting December 28, 2015.","Sara Costa; Riverside Bank; Amsterdam; December 28, 2015",PERSON; ORG; GPE; DATE,Sara Costa,Riverside Bank,Amsterdam,"December 28, 2015",,
317,"During the conference in Warsaw, Ingrid Silva from Zenith Pharmaceuticals unveiled the CloudDesk chair priced at $24.50.",Ingrid Silva; Zenith Pharmaceuticals; Warsaw; $24.50; the CloudDesk chair,PERSON; ORG; GPE; MONEY; PRODUCT,Ingrid Silva,Zenith Pharmaceuticals,Warsaw,,$24.50,CloudDesk chair
318,"Riverside Bank partnered with a university in Stockholm to research the TravelLite suitcase technology, Mei Johansson reported.",Mei Johansson; Riverside Bank; Stockholm; the TravelLite suitcase,PERSON; ORG; GPE; PRODUCT,Mei Johansson,Riverside Bank,Stockholm,,,TravelLite suitcase
319,"Evergreen Energy Co. partnered with a university in Marrakesh to research the PixelView monitor technology, Olivia Khan reported.",Olivia Khan; Evergreen Energy Co.; Marrakesh; the PixelView monitor,PERSON; ORG; GPE; PRODUCT,Olivia Khan,Evergreen Energy Co.,Marrakesh,,,PixelView monitor
320,"Peter Müller joined Riverside Bank in Manila on February 21, 2025 to launch the FlexFit yoga mat.","Peter Müller; Riverside Bank; Manila; February 21, 2025; the FlexFit yoga mat",PERSON; ORG; GPE; DATE; PRODUCT,Peter Müller,Riverside Bank,Manila,"February 21, 2025",,FlexFit yogmat
321,"The board at Evergreen Energy Co. approved a $1,200 investment in Dublin after Sara Wright's presentation on September 14, 2018.","Sara Wright; Evergreen Energy Co.; Dublin; September 14, 2018; $1,200",PERSON; ORG; GPE; DATE; MONEY,Sara Wright,Evergreen Energy Co.,Dublin,"September 14, 2018","$1,200",
322,"On December 19, 2022, Vertex Analytics opened a new branch in Amsterdam, India, appointing Noah Dubois as director.","Noah Dubois; Vertex Analytics; Amsterdam; India; December 19, 2022",PERSON; ORG; GPE; GPE; DATE,Noah Dubois,Vertex Analytics,"Amsterdam, India","December 19, 2022",,
323,"Skyline Real Estate partnered with a university in Vancouver to research the SmartHome Hub technology, Julia Wright reported.",Julia Wright; Skyline Real Estate; Vancouver; the SmartHome Hub,PERSON; ORG; GPE; PRODUCT,Julia Wright,Skyline Real Estate,Vancouver,,,SmartHome Hub
324,"During the conference in Vancouver, Isabella Fernandez from Coastal Insurance Co. unveiled a StreamCast speaker priced at $99.",Isabella Fernandez; Coastal Insurance Co.; Vancouver; $99; a StreamCast speaker,PERSON; ORG; GPE; MONEY; PRODUCT,Isabella Fernandez,Coastal Insurance Co.,Vancouver,,$99,StreamCast speaker
325,"Silverline Motors announced that Nadia Fernandez will lead the new office in Mumbai starting June 28, 2019.","Nadia Fernandez; Silverline Motors; Mumbai; June 28, 2019",PERSON; ORG; GPE; DATE,Nadia Fernandez,Silverline Motors,Mumbai,"June 28, 2019",,
326,"Samuel Okafor joined BrightFuture Foundation in Jakarta on September 1, 2017 to launch a StreamCast speaker.","Samuel Okafor; BrightFuture Foundation; Jakarta; September 1, 2017; a StreamCast speaker",PERSON; ORG; GPE; DATE; PRODUCT,Samuel Okafor,BrightFuture Foundation,Jakarta,"September 1, 2017",,StreamCast speaker
327,"During the conference in Mumbai, Liam Young from Summit Robotics Inc. unveiled the GreenLeaf water bottle priced at $499.99.",Liam Young; Summit Robotics Inc.; Mumbai; $499.99; the GreenLeaf water bottle,PERSON; ORG; GPE; MONEY; PRODUCT,Liam Young,Summit Robotics Inc.,Mumbai,,$499.99,GreenLeaf water bottle
328,"Northfield University partnered with a university in Denver to research a SoundWave headset technology, Peter Okafor reported.",Peter Okafor; Northfield University; Denver; a SoundWave headset,PERSON; ORG; GPE; PRODUCT,Peter Okafor,Northfield University,Denver,,,SoundWave headset
329,"Ingrid Ivanov, a spokesperson for Meridian Financial Group, confirmed the release of a SnapShot camera for $30.75 on May 19, 2017.","Ingrid Ivanov; Meridian Financial Group; May 19, 2017; $30.75; a SnapShot camera",PERSON; ORG; DATE; MONEY; PRODUCT,Ingrid Ivanov,Meridian Financial Group,,"May 19, 2017",$30.75,SnapShot camera
330,"The board at Silverline Motors approved a $350 investment in Santiago after Emma Khan's presentation on June 8, 2024.","Emma Khan; Silverline Motors; Santiago; June 8, 2024; $350",PERSON; ORG; GPE; DATE; MONEY,Emma Khan,Silverline Motors,Santiago,"June 8, 2024",$350,
331,"On January 23, 2025, Meridian Financial Group opened a new branch in Denver, Egypt, appointing Emma Nguyen as director.","Emma Nguyen; Meridian Financial Group; Denver; Egypt; January 23, 2025",PERSON; ORG; GPE; GPE; DATE,Emma Nguyen,Meridian Financial Group,"Denver, Egypt","January 23, 2025",,
332,"On January 4, 2025, Coastal Insurance Co. opened a new branch in Austin, Denmark, appointing Jack Larsen as director.","Jack Larsen; Coastal Insurance Co.; Austin; Denmark; January 4, 2025",PERSON; ORG; GPE; GPE; DATE,Jack Larsen,Coastal Insurance Co.,"Austin, Denmark","January 4, 2025",,
333,"During the conference in Jakarta, Adaeze Kim from Lakeside Medical Center unveiled a StreamCast speaker priced at $19.99.",Adaeze Kim; Lakeside Medical Center; Jakarta; $19.99; a StreamCast speaker,PERSON; ORG; GPE; MONEY; PRODUCT,Adaeze Kim,Lakeside Medical Center,Jakarta,,$19.99,StreamCast speaker
334,"Priya Lewis joined Delta Cloud Services in Prague on November 17, 2019 to launch a PureGlow skincare set.","Priya Lewis; Delta Cloud Services; Prague; November 17, 2019; a PureGlow skincare set",PERSON; ORG; GPE; DATE; PRODUCT,Priya Lewis,Delta Cloud Services,Prague,"November 17, 2019",,PureGlow skincare set
335,"The board at Coastal Insurance Co. approved a $15 investment in Marrakesh after Isabella Fernandez's presentation on September 18, 2025.","Isabella Fernandez; Coastal Insurance Co.; Marrakesh; September 18, 2025; $15",PERSON; ORG; GPE; DATE; MONEY,Isabella Fernandez,Coastal Insurance Co.,Marrakesh,"September 18, 2025",$15,
336,"Blue Horizon Airlines announced that Sofia Wilson will lead the new office in Marrakesh starting August 4, 2021.","Sofia Wilson; Blue Horizon Airlines; Marrakesh; August 4, 2021",PERSON; ORG; GPE; DATE,Sofia Wilson,Blue Horizon Airlines,Marrakesh,"August 4, 2021",,
337,"During the conference in Amsterdam, Ahmed Osei from Falcon Logistics unveiled a SoundWave headset priced at $1,200.","Ahmed Osei; Falcon Logistics; Amsterdam; $1,200; a SoundWave headset",PERSON; ORG; GPE; MONEY; PRODUCT,Ahmed Osei,Falcon Logistics,Amsterdam,,"$1,200",SoundWave headset
338,"Felix King traveled from Toronto to Cairo to negotiate a deal worth $1,200 with Evergreen Energy Co..","Felix King; Evergreen Energy Co.; Cairo; Toronto; $1,200",PERSON; ORG; GPE; GPE; MONEY,Felix King,Evergreen Energy Co.,"Cairo, Toronto",,"$1,200",
339,"The board at Cedar Grove Hospital approved a $89.99 investment in Edinburgh after George Moore's presentation on June 3, 2019.","George Moore; Cedar Grove Hospital; Edinburgh; June 3, 2019; $89.99",PERSON; ORG; GPE; DATE; MONEY,George Moore,Cedar Grove Hospital,Edinburgh,"June 3, 2019",$89.99,
340,Priya Haddad traveled from Marrakesh to Toronto to negotiate a deal worth $75 with Maple Street School District.,Priya Haddad; Maple Street School District; Marrakesh; Toronto; $75,PERSON; ORG; GPE; GPE; MONEY,Priya Haddad,Maple Street School District,"Marrakesh, Toronto",,$75,
341,"Nina Ivanov joined Oakwood Publishing House in Cairo on May 6, 2021 to launch the QuickBrew coffee maker.","Nina Ivanov; Oakwood Publishing House; Cairo; May 6, 2021; the QuickBrew coffee maker",PERSON; ORG; GPE; DATE; PRODUCT,Nina Ivanov,Oakwood Publishing House,Cairo,"May 6, 2021",,QuickBrew coffee maker
342,"During the conference in Nairobi, Mei Smith from Golden Gate Retailers unveiled the TravelLite suitcase priced at $120.",Mei Smith; Golden Gate Retailers; Nairobi; $120; the TravelLite suitcase,PERSON; ORG; GPE; MONEY; PRODUCT,Mei Smith,Golden Gate Retailers,Nairobi,,$120,TravelLite suitcase
343,"Pioneer Research Institute partnered with a university in Lisbon to research a StreamCast speaker technology, Carlos Haddad reported.",Carlos Haddad; Pioneer Research Institute; Lisbon; a StreamCast speaker,PERSON; ORG; GPE; PRODUCT,Carlos Haddad,Pioneer Research Institute,Lisbon,,,StreamCast speaker
344,Grace Baker traveled from Amsterdam to Lisbon to negotiate a deal worth $120 with Silverline Motors.,Grace Baker; Silverline Motors; Amsterdam; Lisbon; $120,PERSON; ORG; GPE; GPE; MONEY,Grace Baker,Silverline Motors,"Amsterdam, Lisbon",,$120,
345,"The board at Meridian Financial Group approved a $24.50 investment in Nairobi after Charlotte Rossi's presentation on December 14, 2024.","Charlotte Rossi; Meridian Financial Group; Nairobi; December 14, 2024; $24.50",PERSON; ORG; GPE; DATE; MONEY,Charlotte Rossi,Meridian Financial Group,Nairobi,"December 14, 2024",$24.50,
346,"Golden Gate Retailers partnered with a university in Lisbon to research the ChefMate blender technology, Samuel Kowalski reported.",Samuel Kowalski; Golden Gate Retailers; Lisbon; the ChefMate blender,PERSON; ORG; GPE; PRODUCT,Samuel Kowalski,Golden Gate Retailers,Lisbon,,,ChefMate blender
347,"Charlotte Wilson joined Union Manufacturing Corp. in Bangkok on March 22, 2020 to launch the CloudDesk chair.","Charlotte Wilson; Union Manufacturing Corp.; Bangkok; March 22, 2020; the CloudDesk chair",PERSON; ORG; GPE; DATE; PRODUCT,Charlotte Wilson,Union Manufacturing Corp.,Bangkok,"March 22, 2020",,CloudDesk chair
348,"Daniel Green, a spokesperson for Skyline Real Estate, confirmed the release of the QuickBrew coffee maker for $99 on July 9, 2020.","Daniel Green; Skyline Real Estate; July 9, 2020; $99; the QuickBrew coffee maker",PERSON; ORG; DATE; MONEY; PRODUCT,Daniel Green,Skyline Real Estate,,"July 9, 2020",$99,QuickBrew coffee maker
349,"Kevin Wright joined Cedar Grove Hospital in Lisbon on January 2, 2023 to launch the AeroFit smartwatch.","Kevin Wright; Cedar Grove Hospital; Lisbon; January 2, 2023; the AeroFit smartwatch",PERSON; ORG; GPE; DATE; PRODUCT,Kevin Wright,Cedar Grove Hospital,Lisbon,"January 2, 2023",,AeroFit smartwatch
350,"Hana Rossi, a spokesperson for NextGen Software Labs, confirmed the release of the SmartHome Hub for $250 on April 16, 2016.","Hana Rossi; NextGen Software Labs; April 16, 2016; $250; the SmartHome Hub",PERSON; ORG; DATE; MONEY; PRODUCT,Hana Rossi,NextGen Software Labs,,"April 16, 2016",$250,SmartHome Hub
351,Priya Johansson traveled from Jakarta to Prague to negotiate a deal worth $99 with Vertex Analytics.,Priya Johansson; Vertex Analytics; Jakarta; Prague; $99,PERSON; ORG; GPE; GPE; MONEY,Priya Johansson,Vertex Analytics,"Jakarta, Prague",,$99,
352,Priya Novak traveled from Bangkok to Vancouver to negotiate a deal worth $15 with Quantum Innovations.,Priya Novak; Quantum Innovations; Bangkok; Vancouver; $15,PERSON; ORG; GPE; GPE; MONEY,Priya Novak,Quantum Innovations,"Bangkok, Vancouver",,$15,
353,"Anna Suzuki joined Meridian Financial Group in Manila on December 20, 2025 to launch the SmartHome Hub.","Anna Suzuki; Meridian Financial Group; Manila; December 20, 2025; the SmartHome Hub",PERSON; ORG; GPE; DATE; PRODUCT,Anna Suzuki,Meridian Financial Group,Manila,"December 20, 2025",,SmartHome Hub
354,"On June 15, 2020, Oakwood Publishing House opened a new branch in Buenos Aires, Kenya, appointing Fatima Smith as director.","Fatima Smith; Oakwood Publishing House; Buenos Aires; Kenya; June 15, 2020",PERSON; ORG; GPE; GPE; DATE,Fatima Smith,Oakwood Publishing House,"Buenos Aires, Kenya","June 15, 2020",,
355,"Global Trade Partners partnered with a university in Helsinki to research a RoadMaster bicycle technology, Sofia Kim reported.",Sofia Kim; Global Trade Partners; Helsinki; a RoadMaster bicycle,PERSON; ORG; GPE; PRODUCT,Sofia Kim,Global Trade Partners,Helsinki,,,RoadMaster bicycle
356,"During the conference in Wellington, George Garcia from Quantum Innovations unveiled the TravelLite suitcase priced at $75.",George Garcia; Quantum Innovations; Wellington; $75; the TravelLite suitcase,PERSON; ORG; GPE; MONEY; PRODUCT,George Garcia,Quantum Innovations,Wellington,,$75,TravelLite suitcase
357,"Ingrid Yamamoto joined Northfield University in Austin on September 13, 2017 to launch a NightOwl reading lamp.","Ingrid Yamamoto; Northfield University; Austin; September 13, 2017; a NightOwl reading lamp",PERSON; ORG; GPE; DATE; PRODUCT,Ingrid Yamamoto,Northfield University,Austin,"September 13, 2017",,NightOwl reading lamp
358,"Maria Larsen, a spokesperson for Ironwood Steel Works, confirmed the release of a SunBeam solar charger for $45.50 on December 1, 2020.","Maria Larsen; Ironwood Steel Works; December 1, 2020; $45.50; a SunBeam solar charger",PERSON; ORG; DATE; MONEY; PRODUCT,Maria Larsen,Ironwood Steel Works,,"December 1, 2020",$45.50,SunBeam solar charger
359,"On August 16, 2017, Global Trade Partners opened a new branch in Denver, Chile, appointing Kevin Green as director.","Kevin Green; Global Trade Partners; Chile; Denver; August 16, 2017",PERSON; ORG; GPE; GPE; DATE,Kevin Green,Global Trade Partners,"Chile, Denver","August 16, 2017",,
360,"On June 3, 2023, Crescent Media Group opened a new branch in Bangkok, Thailand, appointing Aisha Chen as director.","Aisha Chen; Crescent Media Group; Bangkok; Thailand; June 3, 2023",PERSON; ORG; GPE; GPE; DATE,Aisha Chen,Crescent Media Group,"Bangkok, Thailand","June 3, 2023",,
361,"Brightline Technologies partnered with a university in Warsaw to research the QuickBrew coffee maker technology, Elena Novak reported.",Elena Novak; Brightline Technologies; Warsaw; the QuickBrew coffee maker,PERSON; ORG; GPE; PRODUCT,Elena Novak,Brightline Technologies,Warsaw,,,QuickBrew coffee maker
362,"On October 20, 2023, BrightFuture Foundation opened a new branch in Stockholm, India, appointing Elena Young as director.","Elena Young; BrightFuture Foundation; India; Stockholm; October 20, 2023",PERSON; ORG; GPE; GPE; DATE,Elena Young,BrightFuture Foundation,"India, Stockholm","October 20, 2023",,
363,"Delta Cloud Services partnered with a university in Marrakesh to research a ProGrip tennis racket technology, James Osei reported.",James Osei; Delta Cloud Services; Marrakesh; a ProGrip tennis racket,PERSON; ORG; GPE; PRODUCT,James Osei,Delta Cloud Services,Marrakesh,,,ProGrip tennis racket
364,"The board at Riverside Bank approved a $9.99 investment in Austin after Carlos Kim's presentation on November 13, 2021.","Carlos Kim; Riverside Bank; Austin; November 13, 2021; $9.99",PERSON; ORG; GPE; DATE; MONEY,Carlos Kim,Riverside Bank,Austin,"November 13, 2021",$9.99,
365,"The board at Oakwood Publishing House approved a $9.99 investment in Marrakesh after Chloe Chen's presentation on June 3, 2020.","Chloe Chen; Oakwood Publishing House; Marrakesh; June 3, 2020; $9.99",PERSON; ORG; GPE; DATE; MONEY,Chloe Chen,Oakwood Publishing House,Marrakesh,"June 3, 2020",$9.99,
366,"Leila Dubois joined Harborview College in Vancouver on May 6, 2017 to launch a RoadMaster bicycle.","Leila Dubois; Harborview College; Vancouver; May 6, 2017; a RoadMaster bicycle",PERSON; ORG; GPE; DATE; PRODUCT,Leila Dubois,Harborview College,Vancouver,"May 6, 2017",,RoadMaster bicycle
367,"On October 9, 2016, Oakwood Publishing House opened a new branch in Helsinki, Portugal, appointing James Costa as director.","James Costa; Oakwood Publishing House; Helsinki; Portugal; October 9, 2016",PERSON; ORG; GPE; GPE; DATE,James Costa,Oakwood Publishing House,"Helsinki, Portugal","October 9, 2016",,
368,"During the conference in Zurich, Julia Chen from Global Trade Partners unveiled the FlexFit yoga mat priced at $350.",Julia Chen; Global Trade Partners; Zurich; $350; the FlexFit yoga mat,PERSON; ORG; GPE; MONEY; PRODUCT,Julia Chen,Global Trade Partners,Zurich,,$350,FlexFit yogmat
369,"On March 11, 2019, Silverline Motors opened a new branch in Kuala Lumpur, the Czech Republic, appointing Grace Kowalski as director.","Grace Kowalski; Silverline Motors; Kuala Lumpur; the Czech Republic; March 11, 2019",PERSON; ORG; GPE; GPE; DATE,Grace Kowalski,Silverline Motors,"Kuala Lumpur, the Czech Republic","March 11, 2019",,
370,Mark Wright traveled from Edinburgh to Austin to negotiate a deal worth $45.50 with Quantum Innovations.,Mark Wright; Quantum Innovations; Austin; Edinburgh; $45.50,PERSON; ORG; GPE; GPE; MONEY,Mark Wright,Quantum Innovations,"Austin, Edinburgh",,$45.50,
371,"Lucas Chen joined Pioneer Research Institute in Prague on September 11, 2015 to launch a NightOwl reading lamp.","Lucas Chen; Pioneer Research Institute; Prague; September 11, 2015; a NightOwl reading lamp",PERSON; ORG; GPE; DATE; PRODUCT,Lucas Chen,Pioneer Research Institute,Prague,"September 11, 2015",,NightOwl reading lamp
372,"Meridian Financial Group partnered with a university in Vancouver to research the GreenLeaf water bottle technology, Julia Haddad reported.",Julia Haddad; Meridian Financial Group; Vancouver; the GreenLeaf water bottle,PERSON; ORG; GPE; PRODUCT,Julia Haddad,Meridian Financial Group,Vancouver,,,GreenLeaf water bottle
373,"On August 4, 2024, Global Trade Partners opened a new branch in Toronto, Portugal, appointing Daniel Suzuki as director.","Daniel Suzuki; Global Trade Partners; Portugal; Toronto; August 4, 2024",PERSON; ORG; GPE; GPE; DATE,Daniel Suzuki,Global Trade Partners,"Portugal, Toronto","August 4, 2024",,
374,"Mei Young, a spokesperson for Global Trade Partners, confirmed the release of a StreamCast speaker for $199 on April 14, 2025.","Mei Young; Global Trade Partners; April 14, 2025; $199; a StreamCast speaker",PERSON; ORG; DATE; MONEY; PRODUCT,Mei Young,Global Trade Partners,,"April 14, 2025",$199,StreamCast speaker
375,"Maple Street School District partnered with a university in Manila to research a SunBeam solar charger technology, James Yamamoto reported.",James Yamamoto; Maple Street School District; Manila; a SunBeam solar charger,PERSON; ORG; GPE; PRODUCT,James Yamamoto,Maple Street School District,Manila,,,SunBeam solar charger
376,"Hana Scott, a spokesperson for Oakwood Publishing House, confirmed the release of the FreshAir purifier for $9.99 on January 17, 2016.","Hana Scott; Oakwood Publishing House; January 17, 2016; $9.99; the FreshAir purifier",PERSON; ORG; DATE; MONEY; PRODUCT,Hana Scott,Oakwood Publishing House,,"January 17, 2016",$9.99,FreshAir purifier
377,Felix Haddad traveled from Warsaw to Seoul to negotiate a deal worth $15 with Union Manufacturing Corp..,Felix Haddad; Union Manufacturing Corp.; Seoul; Warsaw; $15,PERSON; ORG; GPE; GPE; MONEY,Felix Haddad,Union Manufacturing Corp.,"Seoul, Warsaw",,$15,
378,Ahmed Fernandez traveled from Copenhagen to Toronto to negotiate a deal worth $49.99 with Aurora Data Systems.,Ahmed Fernandez; Aurora Data Systems; Copenhagen; Toronto; $49.99,PERSON; ORG; GPE; GPE; MONEY,Ahmed Fernandez,Aurora Data Systems,"Copenhagen, Toronto",,$49.99,
379,David King traveled from Mumbai to Berlin to negotiate a deal worth $350 with Coastal Insurance Co..,David King; Coastal Insurance Co.; Berlin; Mumbai; $350,PERSON; ORG; GPE; GPE; MONEY,David King,Coastal Insurance Co.,"Berlin, Mumbai",,$350,
380,"The board at Golden Gate Retailers approved a $45.50 investment in Osaka after Aisha Scott's presentation on August 14, 2022.","Aisha Scott; Golden Gate Retailers; Osaka; August 14, 2022; $45.50",PERSON; ORG; GPE; DATE; MONEY,Aisha Scott,Golden Gate Retailers,Osaka,"August 14, 2022",$45.50,
381,"Cedar Grove Hospital announced that Nadia Baker will lead the new office in Edinburgh starting February 19, 2021.","Nadia Baker; Cedar Grove Hospital; Edinburgh; February 19, 2021",PERSON; ORG; GPE; DATE,Nadia Baker,Cedar Grove Hospital,Edinburgh,"February 19, 2021",,
382,"During the conference in Berlin, Tom Petrov from Northfield University unveiled a PureGlow skincare set priced at $75.",Tom Petrov; Northfield University; Berlin; $75; a PureGlow skincare set,PERSON; ORG; GPE; MONEY; PRODUCT,Tom Petrov,Northfield University,Berlin,,$75,PureGlow skincare set
383,"Vertex Analytics announced that Daniel Clark will lead the new office in Mumbai starting July 19, 2021.","Daniel Clark; Vertex Analytics; Mumbai; July 19, 2021",PERSON; ORG; GPE; DATE,Daniel Clark,Vertex Analytics,Mumbai,"July 19, 2021",,
384,"Daniel Rossi, a spokesperson for Riverside Bank, confirmed the release of a StreamCast speaker for $1,200 on April 26, 2020.","Daniel Rossi; Riverside Bank; April 26, 2020; $1,200; a StreamCast speaker",PERSON; ORG; DATE; MONEY; PRODUCT,Daniel Rossi,Riverside Bank,,"April 26, 2020","$1,200",StreamCast speaker
385,"Skyline Real Estate announced that Jack Rossi will lead the new office in Jakarta starting June 12, 2023.","Jack Rossi; Skyline Real Estate; Jakarta; June 12, 2023",PERSON; ORG; GPE; DATE,Jack Rossi,Skyline Real Estate,Jakarta,"June 12, 2023",,
386,"The board at Riverside Bank approved a $89.99 investment in Edinburgh after Chloe Johansson's presentation on July 28, 2020.","Chloe Johansson; Riverside Bank; Edinburgh; July 28, 2020; $89.99",PERSON; ORG; GPE; DATE; MONEY,Chloe Johansson,Riverside Bank,Edinburgh,"July 28, 2020",$89.99,
387,"Grace Scott, a spokesperson for Quantum Innovations, confirmed the release of a NightOwl reading lamp for $19.99 on March 14, 2023.","Grace Scott; Quantum Innovations; March 14, 2023; $19.99; a NightOwl reading lamp",PERSON; ORG; DATE; MONEY; PRODUCT,Grace Scott,Quantum Innovations,,"March 14, 2023",$19.99,NightOwl reading lamp
388,"David King joined Redstone Consulting in Helsinki on June 27, 2015 to launch a TrailRunner backpack.","David King; Redstone Consulting; Helsinki; June 27, 2015; a TrailRunner backpack",PERSON; ORG; GPE; DATE; PRODUCT,David King,Redstone Consulting,Helsinki,"June 27, 2015",,TrailRunner backpack
389,"Jack Okafor joined Coastal Insurance Co. in Edinburgh on October 19, 2020 to launch the QuickBrew coffee maker.","Jack Okafor; Coastal Insurance Co.; Edinburgh; October 19, 2020; the QuickBrew coffee maker",PERSON; ORG; GPE; DATE; PRODUCT,Jack Okafor,Coastal Insurance Co.,Edinburgh,"October 19, 2020",,QuickBrew coffee maker
390,"The board at NextGen Software Labs approved a $250 investment in Stockholm after Ibrahim Chen's presentation on April 28, 2025.","Ibrahim Chen; NextGen Software Labs; Stockholm; April 28, 2025; $250",PERSON; ORG; GPE; DATE; MONEY,Ibrahim Chen,NextGen Software Labs,Stockholm,"April 28, 2025",$250,
391,"Crescent Media Group announced that Emma Garcia will lead the new office in Dublin starting July 16, 2021.","Emma Garcia; Crescent Media Group; Dublin; July 16, 2021",PERSON; ORG; GPE; DATE,Emma Garcia,Crescent Media Group,Dublin,"July 16, 2021",,
392,"Falcon Logistics announced that Priya Petrov will lead the new office in Austin starting February 14, 2018.","Priya Petrov; Falcon Logistics; Austin; February 14, 2018",PERSON; ORG; GPE; DATE,Priya Petrov,Falcon Logistics,Austin,"February 14, 2018",,
393,"On May 22, 2021, Delta Cloud Services opened a new branch in Wellington, the Netherlands, appointing Tom Moore as director.","Tom Moore; Delta Cloud Services; Wellington; the Netherlands; May 22, 2021",PERSON; ORG; GPE; GPE; DATE,Tom Moore,Delta Cloud Services,"Wellington, the Netherlands","May 22, 2021",,
394,"Ironwood Steel Works partnered with a university in Copenhagen to research the ChefMate blender technology, Peter Yamamoto reported.",Peter Yamamoto; Ironwood Steel Works; Copenhagen; the ChefMate blender,PERSON; ORG; GPE; PRODUCT,Peter Yamamoto,Ironwood Steel Works,Copenhagen,,,ChefMate blender
395,"Delta Cloud Services announced that Nina Clark will lead the new office in Vancouver starting February 17, 2024.","Nina Clark; Delta Cloud Services; Vancouver; February 17, 2024",PERSON; ORG; GPE; DATE,Nina Clark,Delta Cloud Services,Vancouver,"February 17, 2024",,
396,"During the conference in Marrakesh, Ingrid Fernandez from BrightFuture Foundation unveiled a SoundWave headset priced at $350.",Ingrid Fernandez; BrightFuture Foundation; Marrakesh; $350; a SoundWave headset,PERSON; ORG; GPE; MONEY; PRODUCT,Ingrid Fernandez,BrightFuture Foundation,Marrakesh,,$350,SoundWave headset
397,Priya Garcia traveled from Austin to Kuala Lumpur to negotiate a deal worth $250 with Aurora Data Systems.,Priya Garcia; Aurora Data Systems; Austin; Kuala Lumpur; $250,PERSON; ORG; GPE; GPE; MONEY,Priya Garcia,Aurora Data Systems,"Austin, Kuala Lumpur",,$250,
398,"Mateus Ivanov, a spokesperson for Redstone Consulting, confirmed the release of a SnapShot camera for $15 on August 13, 2017.","Mateus Ivanov; Redstone Consulting; August 13, 2017; $15; a SnapShot camera",PERSON; ORG; DATE; MONEY; PRODUCT,Mateus Ivanov,Redstone Consulting,,"August 13, 2017",$15,SnapShot camera
399,"During the conference in Amsterdam, Emma Young from Meridian Financial Group unveiled a ProGrip tennis racket priced at $499.99.",Emma Young; Meridian Financial Group; Amsterdam; $499.99; a ProGrip tennis racket,PERSON; ORG; GPE; MONEY; PRODUCT,Emma Young,Meridian Financial Group,Amsterdam,,$499.99,ProGrip tennis racket
400,"Zenith Pharmaceuticals announced that Victor Taylor will lead the new office in Wellington starting March 12, 2018.","Victor Taylor; Zenith Pharmaceuticals; Wellington; March 12, 2018",PERSON; ORG; GPE; DATE,Victor Taylor,Zenith Pharmaceuticals,Wellington,"March 12, 2018",,
401,"Ibrahim Novak, a spokesperson for NextGen Software Labs, confirmed the release of a TrailRunner backpack for $75 on July 16, 2025.","Ibrahim Novak; NextGen Software Labs; July 16, 2025; $75; a TrailRunner backpack",PERSON; ORG; DATE; MONEY; PRODUCT,Ibrahim Novak,NextGen Software Labs,,"July 16, 2025",$75,TrailRunner backpack
402,"The board at Cedar Grove Hospital approved a $19.99 investment in Austin after Julia Petrov's presentation on March 19, 2016.","Julia Petrov; Cedar Grove Hospital; Austin; March 19, 2016; $19.99",PERSON; ORG; GPE; DATE; MONEY,Julia Petrov,Cedar Grove Hospital,Austin,"March 19, 2016",$19.99,
403,"The board at Pioneer Research Institute approved a $15 investment in Osaka after Felix Silva's presentation on July 17, 2023.","Felix Silva; Pioneer Research Institute; Osaka; July 17, 2023; $15",PERSON; ORG; GPE; DATE; MONEY,Felix Silva,Pioneer Research Institute,Osaka,"July 17, 2023",$15,
404,"On April 25, 2020, Silverline Motors opened a new branch in Denver, Kenya, appointing Grace Khan as director.","Grace Khan; Silverline Motors; Denver; Kenya; April 25, 2020",PERSON; ORG; GPE; GPE; DATE,Grace Khan,Silverline Motors,"Denver, Kenya","April 25, 2020",,
405,Carlos Wright traveled from Denver to Vancouver to negotiate a deal worth $250 with Maple Street School District.,Carlos Wright; Maple Street School District; Denver; Vancouver; $250,PERSON; ORG; GPE; GPE; MONEY,Carlos Wright,Maple Street School District,"Denver, Vancouver",,$250,
406,"Olivia Costa, a spokesperson for Meridian Financial Group, confirmed the release of the FlexFit yoga mat for $1,200 on August 1, 2024.","Olivia Costa; Meridian Financial Group; August 1, 2024; $1,200; the FlexFit yoga mat",PERSON; ORG; DATE; MONEY; PRODUCT,Olivia Costa,Meridian Financial Group,,"August 1, 2024","$1,200",FlexFit yogmat
407,"Yuki Kowalski, a spokesperson for Global Trade Partners, confirmed the release of the QuickBrew coffee maker for $499.99 on March 24, 2021.","Yuki Kowalski; Global Trade Partners; March 24, 2021; $499.99; the QuickBrew coffee maker",PERSON; ORG; DATE; MONEY; PRODUCT,Yuki Kowalski,Global Trade Partners,,"March 24, 2021",$499.99,QuickBrew coffee maker
408,"On November 26, 2021, Brightline Technologies opened a new branch in Denver, Chile, appointing Daniel Garcia as director.","Daniel Garcia; Brightline Technologies; Chile; Denver; November 26, 2021",PERSON; ORG; GPE; GPE; DATE,Daniel Garcia,Brightline Technologies,"Chile, Denver","November 26, 2021",,
409,"Layla Suzuki, a spokesperson for NextGen Software Labs, confirmed the release of the CloudDesk chair for $49.99 on March 20, 2024.","Layla Suzuki; NextGen Software Labs; March 20, 2024; $49.99; the CloudDesk chair",PERSON; ORG; DATE; MONEY; PRODUCT,Layla Suzuki,NextGen Software Labs,,"March 20, 2024",$49.99,CloudDesk chair
410,"During the conference in Mumbai, Nadia Brown from Ironwood Steel Works unveiled the SmartHome Hub priced at $89.99.",Nadia Brown; Ironwood Steel Works; Mumbai; $89.99; the SmartHome Hub,PERSON; ORG; GPE; MONEY; PRODUCT,Nadia Brown,Ironwood Steel Works,Mumbai,,$89.99,SmartHome Hub
411,"Chen Chen, a spokesperson for BrightFuture Foundation, confirmed the release of a NightOwl reading lamp for $24.50 on December 6, 2022.","Chen Chen; BrightFuture Foundation; December 6, 2022; $24.50; a NightOwl reading lamp",PERSON; ORG; DATE; MONEY; PRODUCT,Chen Chen,BrightFuture Foundation,,"December 6, 2022",$24.50,NightOwl reading lamp
412,"Mark Müller, a spokesperson for Coastal Insurance Co., confirmed the release of the FreshAir purifier for $99 on January 3, 2024.","Mark Müller; Coastal Insurance Co.; January 3, 2024; $99; the FreshAir purifier",PERSON; ORG; DATE; MONEY; PRODUCT,Mark Müller,Coastal Insurance Co.,,"January 3, 2024",$99,FreshAir purifier
413,"During the conference in Mumbai, James Baker from Delta Cloud Services unveiled the CloudDesk chair priced at $250.",James Baker; Delta Cloud Services; Mumbai; $250; the CloudDesk chair,PERSON; ORG; GPE; MONEY; PRODUCT,James Baker,Delta Cloud Services,Mumbai,,$250,CloudDesk chair
414,"During the conference in Edinburgh, Anna Silva from Golden Gate Retailers unveiled a SunBeam solar charger priced at $120.",Anna Silva; Golden Gate Retailers; Edinburgh; $120; a SunBeam solar charger,PERSON; ORG; GPE; MONEY; PRODUCT,Anna Silva,Golden Gate Retailers,Edinburgh,,$120,SunBeam solar charger
415,"Pioneer Research Institute announced that Chen Garcia will lead the new office in Jakarta starting February 22, 2018.","Chen Garcia; Pioneer Research Institute; Jakarta; February 22, 2018",PERSON; ORG; GPE; DATE,Chen Garcia,Pioneer Research Institute,Jakarta,"February 22, 2018",,
416,"On May 23, 2017, Ironwood Steel Works opened a new branch in Amsterdam, Kenya, appointing Felix Osei as director.","Felix Osei; Ironwood Steel Works; Amsterdam; Kenya; May 23, 2017",PERSON; ORG; GPE; GPE; DATE,Felix Osei,Ironwood Steel Works,"Amsterdam, Kenya","May 23, 2017",,
417,"Amara Haddad, a spokesperson for Delta Cloud Services, confirmed the release of a SunBeam solar charger for $15 on January 13, 2024.","Amara Haddad; Delta Cloud Services; January 13, 2024; $15; a SunBeam solar charger",PERSON; ORG; DATE; MONEY; PRODUCT,Amara Haddad,Delta Cloud Services,,"January 13, 2024",$15,SunBeam solar charger
418,"BrightFuture Foundation announced that Victor Brown will lead the new office in Kuala Lumpur starting July 18, 2023.","Victor Brown; BrightFuture Foundation; Kuala Lumpur; July 18, 2023",PERSON; ORG; GPE; DATE,Victor Brown,BrightFuture Foundation,Kuala Lumpur,"July 18, 2023",,
419,"On June 5, 2021, Blue Horizon Airlines opened a new branch in Prague, the Czech Republic, appointing Ingrid Nguyen as director.","Ingrid Nguyen; Blue Horizon Airlines; Prague; the Czech Republic; June 5, 2021",PERSON; ORG; GPE; GPE; DATE,Ingrid Nguyen,Blue Horizon Airlines,"Prague, the Czech Republic","June 5, 2021",,
420,"On March 23, 2020, Aurora Data Systems opened a new branch in Marrakesh, Australia, appointing Ahmed Silva as director.","Ahmed Silva; Aurora Data Systems; Australia; Marrakesh; March 23, 2020",PERSON; ORG; GPE; GPE; DATE,Ahmed Silva,Aurora Data Systems,"Australia, Marrakesh","March 23, 2020",,
421,"Omar Wright, a spokesperson for Summit Robotics Inc., confirmed the release of a NightOwl reading lamp for $30.75 on November 21, 2019.","Omar Wright; Summit Robotics Inc.; November 21, 2019; $30.75; a NightOwl reading lamp",PERSON; ORG; DATE; MONEY; PRODUCT,Omar Wright,Summit Robotics Inc.,,"November 21, 2019",$30.75,NightOwl reading lamp
422,"On April 9, 2017, Blue Horizon Airlines opened a new branch in Nairobi, New Zealand, appointing Lucas Osei as director.","Lucas Osei; Blue Horizon Airlines; Nairobi; New Zealand; April 9, 2017",PERSON; ORG; GPE; GPE; DATE,Lucas Osei,Blue Horizon Airlines,"Nairobi, New Zealand","April 9, 2017",,
423,"The board at Oakwood Publishing House approved a $120 investment in Zurich after Felix Green's presentation on August 27, 2017.","Felix Green; Oakwood Publishing House; Zurich; August 27, 2017; $120",PERSON; ORG; GPE; DATE; MONEY,Felix Green,Oakwood Publishing House,Zurich,"August 27, 2017",$120,
424,"Lakeside Medical Center announced that Adaeze Khan will lead the new office in Berlin starting October 8, 2024.","Adaeze Khan; Lakeside Medical Center; Berlin; October 8, 2024",PERSON; ORG; GPE; DATE,Adaeze Khan,Lakeside Medical Center,Berlin,"October 8, 2024",,
425,"Aurora Data Systems partnered with a university in Cape Town to research the TravelLite suitcase technology, Sara Suzuki reported.",Sara Suzuki; Aurora Data Systems; Cape Town; the TravelLite suitcase,PERSON; ORG; GPE; PRODUCT,Sara Suzuki,Aurora Data Systems,Cape Town,,,TravelLite suitcase
426,"Maple Street School District partnered with a university in Wellington to research a TrailRunner backpack technology, Priya Costa reported.",Priya Costa; Maple Street School District; Wellington; a TrailRunner backpack,PERSON; ORG; GPE; PRODUCT,Priya Costa,Maple Street School District,Wellington,,,TrailRunner backpack
427,"Cedar Grove Hospital announced that Ibrahim Lewis will lead the new office in Toronto starting July 3, 2019.","Ibrahim Lewis; Cedar Grove Hospital; Toronto; July 3, 2019",PERSON; ORG; GPE; DATE,Ibrahim Lewis,Cedar Grove Hospital,Toronto,"July 3, 2019",,
428,"During the conference in Marrakesh, Jack Chen from Northfield University unveiled the TravelLite suitcase priced at $9.99.",Jack Chen; Northfield University; Marrakesh; $9.99; the TravelLite suitcase,PERSON; ORG; GPE; MONEY; PRODUCT,Jack Chen,Northfield University,Marrakesh,,$9.99,TravelLite suitcase
429,"Mateus Johansson, a spokesperson for Meridian Financial Group, confirmed the release of the TravelLite suitcase for $15 on April 8, 2023.","Mateus Johansson; Meridian Financial Group; April 8, 2023; $15; the TravelLite suitcase",PERSON; ORG; DATE; MONEY; PRODUCT,Mateus Johansson,Meridian Financial Group,,"April 8, 2023",$15,TravelLite suitcase
430,"Crescent Media Group partnered with a university in Manila to research a RoadMaster bicycle technology, Daniel Khan reported.",Daniel Khan; Crescent Media Group; Manila; a RoadMaster bicycle,PERSON; ORG; GPE; PRODUCT,Daniel Khan,Crescent Media Group,Manila,,,RoadMaster bicycle
431,"Coastal Insurance Co. partnered with a university in Lisbon to research a PureGlow skincare set technology, Priya Walker reported.",Priya Walker; Coastal Insurance Co.; Lisbon; a PureGlow skincare set,PERSON; ORG; GPE; PRODUCT,Priya Walker,Coastal Insurance Co.,Lisbon,,,PureGlow skincare set
432,"James Wright joined Meridian Financial Group in Santiago on October 17, 2022 to launch a StreamCast speaker.","James Wright; Meridian Financial Group; Santiago; October 17, 2022; a StreamCast speaker",PERSON; ORG; GPE; DATE; PRODUCT,James Wright,Meridian Financial Group,Santiago,"October 17, 2022",,StreamCast speaker
433,"The board at Summit Robotics Inc. approved a $199 investment in Seoul after Ibrahim Walker's presentation on May 7, 2025.","Ibrahim Walker; Summit Robotics Inc.; Seoul; May 7, 2025; $199",PERSON; ORG; GPE; DATE; MONEY,Ibrahim Walker,Summit Robotics Inc.,Seoul,"May 7, 2025",$199,
434,"James Scott, a spokesperson for Union Manufacturing Corp., confirmed the release of a ProGrip tennis racket for $99 on December 27, 2022.","James Scott; Union Manufacturing Corp.; December 27, 2022; $99; a ProGrip tennis racket",PERSON; ORG; DATE; MONEY; PRODUCT,James Scott,Union Manufacturing Corp.,,"December 27, 2022",$99,ProGrip tennis racket
435,Nadia Haddad traveled from Buenos Aires to Seoul to negotiate a deal worth $19.99 with BrightFuture Foundation.,Nadia Haddad; BrightFuture Foundation; Buenos Aires; Seoul; $19.99,PERSON; ORG; GPE; GPE; MONEY,Nadia Haddad,BrightFuture Foundation,"Buenos Aires, Seoul",,$19.99,
436,"The board at Crescent Media Group approved a $45.50 investment in Amsterdam after Isabella Okafor's presentation on February 16, 2016.","Isabella Okafor; Crescent Media Group; Amsterdam; February 16, 2016; $45.50",PERSON; ORG; GPE; DATE; MONEY,Isabella Okafor,Crescent Media Group,Amsterdam,"February 16, 2016",$45.50,
437,"Sofia Chen joined Oakwood Publishing House in Osaka on October 17, 2020 to launch the SmartHome Hub.","Sofia Chen; Oakwood Publishing House; Osaka; October 17, 2020; the SmartHome Hub",PERSON; ORG; GPE; DATE; PRODUCT,Sofia Chen,Oakwood Publishing House,Osaka,"October 17, 2020",,SmartHome Hub
438,"The board at Delta Cloud Services approved a $120 investment in Santiago after David Müller's presentation on June 17, 2017.","David Müller; Delta Cloud Services; Santiago; June 17, 2017; $120",PERSON; ORG; GPE; DATE; MONEY,David Müller,Delta Cloud Services,Santiago,"June 17, 2017",$120,
439,Felix Lewis traveled from Denver to Zurich to negotiate a deal worth $75 with Aurora Data Systems.,Felix Lewis; Aurora Data Systems; Denver; Zurich; $75,PERSON; ORG; GPE; GPE; MONEY,Felix Lewis,Aurora Data Systems,"Denver, Zurich",,$75,
440,"Fatima Okafor joined Lakeside Medical Center in Copenhagen on November 11, 2017 to launch the QuickBrew coffee maker.","Fatima Okafor; Lakeside Medical Center; Copenhagen; November 11, 2017; the QuickBrew coffee maker",PERSON; ORG; GPE; DATE; PRODUCT,Fatima Okafor,Lakeside Medical Center,Copenhagen,"November 11, 2017",,QuickBrew coffee maker
441,"The board at Golden Gate Retailers approved a $49.99 investment in Amsterdam after Victor Osei's presentation on July 9, 2016.","Victor Osei; Golden Gate Retailers; Amsterdam; July 9, 2016; $49.99",PERSON; ORG; GPE; DATE; MONEY,Victor Osei,Golden Gate Retailers,Amsterdam,"July 9, 2016",$49.99,
442,"Ethan Green joined Meridian Financial Group in Buenos Aires on May 1, 2022 to launch the CloudDesk chair.","Ethan Green; Meridian Financial Group; Buenos Aires; May 1, 2022; the CloudDesk chair",PERSON; ORG; GPE; DATE; PRODUCT,Ethan Green,Meridian Financial Group,Buenos Aires,"May 1, 2022",,CloudDesk chair
443,"On May 5, 2021, Quantum Innovations opened a new branch in Buenos Aires, Poland, appointing Yuki Osei as director.","Yuki Osei; Quantum Innovations; Buenos Aires; Poland; May 5, 2021",PERSON; ORG; GPE; GPE; DATE,Yuki Osei,Quantum Innovations,"Buenos Aires, Poland","May 5, 2021",,
444,"The board at Lakeside Medical Center approved a $15 investment in Santiago after Sofia Fernandez's presentation on April 21, 2020.","Sofia Fernandez; Lakeside Medical Center; Santiago; April 21, 2020; $15",PERSON; ORG; GPE; DATE; MONEY,Sofia Fernandez,Lakeside Medical Center,Santiago,"April 21, 2020",$15,
445,"The board at Coastal Insurance Co. approved a $15 investment in Vancouver after Lucas Brown's presentation on December 15, 2019.","Lucas Brown; Coastal Insurance Co.; Vancouver; December 15, 2019; $15",PERSON; ORG; GPE; DATE; MONEY,Lucas Brown,Coastal Insurance Co.,Vancouver,"December 15, 2019",$15,
446,"The board at Redstone Consulting approved a $120 investment in Austin after Anna Walker's presentation on April 12, 2019.","Anna Walker; Redstone Consulting; Austin; April 12, 2019; $120",PERSON; ORG; GPE; DATE; MONEY,Anna Walker,Redstone Consulting,Austin,"April 12, 2019",$120,
447,"Aisha Walker, a spokesperson for Maple Street School District, confirmed the release of the SmartHome Hub for $24.50 on February 7, 2016.","Aisha Walker; Maple Street School District; February 7, 2016; $24.50; the SmartHome Hub",PERSON; ORG; DATE; MONEY; PRODUCT,Aisha Walker,Maple Street School District,,"February 7, 2016",$24.50,SmartHome Hub
448,"During the conference in Prague, Felix Patel from Silverline Motors unveiled the TravelLite suitcase priced at $75.",Felix Patel; Silverline Motors; Prague; $75; the TravelLite suitcase,PERSON; ORG; GPE; MONEY; PRODUCT,Felix Patel,Silverline Motors,Prague,,$75,TravelLite suitcase
449,"The board at Coastal Insurance Co. approved a $9.99 investment in Kuala Lumpur after Daniel Scott's presentation on November 27, 2018.","Daniel Scott; Coastal Insurance Co.; Kuala Lumpur; November 27, 2018; $9.99",PERSON; ORG; GPE; DATE; MONEY,Daniel Scott,Coastal Insurance Co.,Kuala Lumpur,"November 27, 2018",$9.99,
450,"During the conference in Cape Town, Grace Silva from Pioneer Research Institute unveiled a ProGrip tennis racket priced at $49.99.",Grace Silva; Pioneer Research Institute; Cape Town; $49.99; a ProGrip tennis racket,PERSON; ORG; GPE; MONEY; PRODUCT,Grace Silva,Pioneer Research Institute,Cape Town,,$49.99,ProGrip tennis racket
451,"Vertex Analytics announced that Omar Johansson will lead the new office in Austin starting August 19, 2016.","Omar Johansson; Vertex Analytics; Austin; August 19, 2016",PERSON; ORG; GPE; DATE,Omar Johansson,Vertex Analytics,Austin,"August 19, 2016",,
452,"During the conference in Nairobi, Jack Taylor from Northfield University unveiled the AeroFit smartwatch priced at $19.99.",Jack Taylor; Northfield University; Nairobi; $19.99; the AeroFit smartwatch,PERSON; ORG; GPE; MONEY; PRODUCT,Jack Taylor,Northfield University,Nairobi,,$19.99,AeroFit smartwatch
453,"On March 27, 2019, Lakeside Medical Center opened a new branch in Nairobi, India, appointing Wei Young as director.","Wei Young; Lakeside Medical Center; India; Nairobi; March 27, 2019",PERSON; ORG; GPE; GPE; DATE,Wei Young,Lakeside Medical Center,"India, Nairobi","March 27, 2019",,
454,"James Fernandez, a spokesperson for Zenith Pharmaceuticals, confirmed the release of a SoundWave headset for $120 on November 24, 2018.","James Fernandez; Zenith Pharmaceuticals; November 24, 2018; $120; a SoundWave headset",PERSON; ORG; DATE; MONEY; PRODUCT,James Fernandez,Zenith Pharmaceuticals,,"November 24, 2018",$120,SoundWave headset
455,"Golden Gate Retailers announced that Leila Khan will lead the new office in Vancouver starting May 24, 2017.","Leila Khan; Golden Gate Retailers; Vancouver; May 24, 2017",PERSON; ORG; GPE; DATE,Leila Khan,Golden Gate Retailers,Vancouver,"May 24, 2017",,
456,"Aurora Data Systems announced that Noah Novak will lead the new office in Bangkok starting December 26, 2018.","Noah Novak; Aurora Data Systems; Bangkok; December 26, 2018",PERSON; ORG; GPE; DATE,Noah Novak,Aurora Data Systems,Bangkok,"December 26, 2018",,
457,"Silverline Motors announced that Anna Lewis will lead the new office in Cape Town starting August 27, 2016.","Anna Lewis; Silverline Motors; Cape Town; August 27, 2016",PERSON; ORG; GPE; DATE,Anna Lewis,Silverline Motors,Cape Town,"August 27, 2016",,
458,"During the conference in Stockholm, Peter Garcia from Northfield University unveiled the FreshAir purifier priced at $89.99.",Peter Garcia; Northfield University; Stockholm; $89.99; the FreshAir purifier,PERSON; ORG; GPE; MONEY; PRODUCT,Peter Garcia,Northfield University,Stockholm,,$89.99,FreshAir purifier
459,"Maple Street School District partnered with a university in Mumbai to research a SunBeam solar charger technology, Yuki Walker reported.",Yuki Walker; Maple Street School District; Mumbai; a SunBeam solar charger,PERSON; ORG; GPE; PRODUCT,Yuki Walker,Maple Street School District,Mumbai,,,SunBeam solar charger
460,"Falcon Logistics partnered with a university in Vancouver to research the TravelLite suitcase technology, Sofia Anderson reported.",Sofia Anderson; Falcon Logistics; Vancouver; the TravelLite suitcase,PERSON; ORG; GPE; PRODUCT,Sofia Anderson,Falcon Logistics,Vancouver,,,TravelLite suitcase
461,Priya Rossi traveled from Marrakesh to Cairo to negotiate a deal worth $9.99 with Maple Street School District.,Priya Rossi; Maple Street School District; Cairo; Marrakesh; $9.99,PERSON; ORG; GPE; GPE; MONEY,Priya Rossi,Maple Street School District,"Cairo, Marrakesh",,$9.99,
462,"On May 16, 2025, Brightline Technologies opened a new branch in Stockholm, Chile, appointing Maria Nguyen as director.","Maria Nguyen; Brightline Technologies; Chile; Stockholm; May 16, 2025",PERSON; ORG; GPE; GPE; DATE,Maria Nguyen,Brightline Technologies,"Chile, Stockholm","May 16, 2025",,
463,"During the conference in Austin, Priya Garcia from Global Trade Partners unveiled a NightOwl reading lamp priced at $250.",Priya Garcia; Global Trade Partners; Austin; $250; a NightOwl reading lamp,PERSON; ORG; GPE; MONEY; PRODUCT,Priya Garcia,Global Trade Partners,Austin,,$250,NightOwl reading lamp
464,"Riverside Bank announced that Mark Novak will lead the new office in Nairobi starting October 5, 2019.","Mark Novak; Riverside Bank; Nairobi; October 5, 2019",PERSON; ORG; GPE; DATE,Mark Novak,Riverside Bank,Nairobi,"October 5, 2019",,
465,"Hassan Okafor, a spokesperson for Ironwood Steel Works, confirmed the release of a StreamCast speaker for $19.99 on December 25, 2018.","Hassan Okafor; Ironwood Steel Works; December 25, 2018; $19.99; a StreamCast speaker",PERSON; ORG; DATE; MONEY; PRODUCT,Hassan Okafor,Ironwood Steel Works,,"December 25, 2018",$19.99,StreamCast speaker
466,"The board at Harborview College approved a $199 investment in Helsinki after Emma Dubois's presentation on August 13, 2019.","Emma Dubois; Harborview College; Helsinki; August 13, 2019; $199",PERSON; ORG; GPE; DATE; MONEY,Emma Dubois,Harborview College,Helsinki,"August 13, 2019",$199,
467,"During the conference in Zurich, Isabella Green from Aurora Data Systems unveiled a SunBeam solar charger priced at $1,200.","Isabella Green; Aurora Data Systems; Zurich; $1,200; a SunBeam solar charger",PERSON; ORG; GPE; MONEY; PRODUCT,Isabella Green,Aurora Data Systems,Zurich,,"$1,200",SunBeam solar charger
468,"The board at Evergreen Energy Co. approved a $350 investment in Warsaw after Julia Wright's presentation on December 2, 2015.","Julia Wright; Evergreen Energy Co.; Warsaw; December 2, 2015; $350",PERSON; ORG; GPE; DATE; MONEY,Julia Wright,Evergreen Energy Co.,Warsaw,"December 2, 2015",$350,
469,"During the conference in Copenhagen, Yuki Baker from Union Manufacturing Corp. unveiled a NightOwl reading lamp priced at $499.99.",Yuki Baker; Union Manufacturing Corp.; Copenhagen; $499.99; a NightOwl reading lamp,PERSON; ORG; GPE; MONEY; PRODUCT,Yuki Baker,Union Manufacturing Corp.,Copenhagen,,$499.99,NightOwl reading lamp
470,"During the conference in Stockholm, Anna Suzuki from Evergreen Energy Co. unveiled the GreenLeaf water bottle priced at $199.",Anna Suzuki; Evergreen Energy Co.; Stockholm; $199; the GreenLeaf water bottle,PERSON; ORG; GPE; MONEY; PRODUCT,Anna Suzuki,Evergreen Energy Co.,Stockholm,,$199,GreenLeaf water bottle
471,Aisha Ivanov traveled from Prague to Austin to negotiate a deal worth $89.99 with Pioneer Research Institute.,Aisha Ivanov; Pioneer Research Institute; Austin; Prague; $89.99,PERSON; ORG; GPE; GPE; MONEY,Aisha Ivanov,Pioneer Research Institute,"Austin, Prague",,$89.99,
472,"Elena Lewis, a spokesperson for Global Trade Partners, confirmed the release of the FlexFit yoga mat for $89.99 on August 5, 2023.","Elena Lewis; Global Trade Partners; August 5, 2023; $89.99; the FlexFit yoga mat",PERSON; ORG; DATE; MONEY; PRODUCT,Elena Lewis,Global Trade Partners,,"August 5, 2023",$89.99,FlexFit yogmat
473,"Victor Johansson joined Ironwood Steel Works in Vancouver on September 22, 2022 to launch a NightOwl reading lamp.","Victor Johansson; Ironwood Steel Works; Vancouver; September 22, 2022; a NightOwl reading lamp",PERSON; ORG; GPE; DATE; PRODUCT,Victor Johansson,Ironwood Steel Works,Vancouver,"September 22, 2022",,NightOwl reading lamp
474,"The board at Redstone Consulting approved a $9.99 investment in Copenhagen after Chen Brown's presentation on July 24, 2022.","Chen Brown; Redstone Consulting; Copenhagen; July 24, 2022; $9.99",PERSON; ORG; GPE; DATE; MONEY,Chen Brown,Redstone Consulting,Copenhagen,"July 24, 2022",$9.99,
475,"Oakwood Publishing House partnered with a university in Prague to research a TrailRunner backpack technology, Adaeze Dubois reported.",Adaeze Dubois; Oakwood Publishing House; Prague; a TrailRunner backpack,PERSON; ORG; GPE; PRODUCT,Adaeze Dubois,Oakwood Publishing House,Prague,,,TrailRunner backpack
476,"On January 13, 2016, Vertex Analytics opened a new branch in Prague, South Africa, appointing Maria Chen as director.","Maria Chen; Vertex Analytics; Prague; South Africa; January 13, 2016",PERSON; ORG; GPE; GPE; DATE,Maria Chen,Vertex Analytics,"Prague, South Africa","January 13, 2016",,
477,"Carlos King, a spokesperson for Crescent Media Group, confirmed the release of the AeroFit smartwatch for $499.99 on May 13, 2016.","Carlos King; Crescent Media Group; May 13, 2016; $499.99; the AeroFit smartwatch",PERSON; ORG; DATE; MONEY; PRODUCT,Carlos King,Crescent Media Group,,"May 13, 2016",$499.99,AeroFit smartwatch
478,"Zainab Okafor, a spokesperson for Oakwood Publishing House, confirmed the release of a StreamCast speaker for $499.99 on June 11, 2021.","Zainab Okafor; Oakwood Publishing House; June 11, 2021; $499.99; a StreamCast speaker",PERSON; ORG; DATE; MONEY; PRODUCT,Zainab Okafor,Oakwood Publishing House,,"June 11, 2021",$499.99,StreamCast speaker
479,"During the conference in Helsinki, Nadia Petrov from Northfield University unveiled a PureGlow skincare set priced at $499.99.",Nadia Petrov; Northfield University; Helsinki; $499.99; a PureGlow skincare set,PERSON; ORG; GPE; MONEY; PRODUCT,Nadia Petrov,Northfield University,Helsinki,,$499.99,PureGlow skincare set
480,"Redstone Consulting announced that Mei Taylor will lead the new office in Seoul starting November 11, 2018.","Mei Taylor; Redstone Consulting; Seoul; November 11, 2018",PERSON; ORG; GPE; DATE,Mei Taylor,Redstone Consulting,Seoul,"November 11, 2018",,
481,"During the conference in Edinburgh, Ravi Green from Maple Street School District unveiled a StreamCast speaker priced at $120.",Ravi Green; Maple Street School District; Edinburgh; $120; a StreamCast speaker,PERSON; ORG; GPE; MONEY; PRODUCT,Ravi Green,Maple Street School District,Edinburgh,,$120,StreamCast speaker
482,"Global Trade Partners partnered with a university in Zurich to research the FreshAir purifier technology, Hassan King reported.",Hassan King; Global Trade Partners; Zurich; the FreshAir purifier,PERSON; ORG; GPE; PRODUCT,Hassan King,Global Trade Partners,Zurich,,,FreshAir purifier
483,"Daniel Hall, a spokesperson for Delta Cloud Services, confirmed the release of a PureGlow skincare set for $1,200 on June 17, 2023.","Daniel Hall; Delta Cloud Services; June 17, 2023; $1,200; a PureGlow skincare set",PERSON; ORG; DATE; MONEY; PRODUCT,Daniel Hall,Delta Cloud Services,,"June 17, 2023","$1,200",PureGlow skincare set
484,"On December 25, 2017, Maple Street School District opened a new branch in Denver, Kenya, appointing Ingrid Patel as director.","Ingrid Patel; Maple Street School District; Denver; Kenya; December 25, 2017",PERSON; ORG; GPE; GPE; DATE,Ingrid Patel,Maple Street School District,"Denver, Kenya","December 25, 2017",,
485,"Lakeside Medical Center announced that Nadia Khan will lead the new office in Austin starting January 7, 2025.","Nadia Khan; Lakeside Medical Center; Austin; January 7, 2025",PERSON; ORG; GPE; DATE,Nadia Khan,Lakeside Medical Center,Austin,"January 7, 2025",,
486,"Daniel Khan, a spokesperson for Silverline Motors, confirmed the release of a NovaBook Pro laptop for $30.75 on February 24, 2024.","Daniel Khan; Silverline Motors; February 24, 2024; $30.75; a NovaBook Pro laptop",PERSON; ORG; DATE; MONEY; PRODUCT,Daniel Khan,Silverline Motors,,"February 24, 2024",$30.75,NovaBook Pro laptop
487,Sara Smith traveled from Manila to Berlin to negotiate a deal worth $45.50 with Crescent Media Group.,Sara Smith; Crescent Media Group; Berlin; Manila; $45.50,PERSON; ORG; GPE; GPE; MONEY,Sara Smith,Crescent Media Group,"Berlin, Manila",,$45.50,
488,Nina Yamamoto traveled from Amsterdam to Wellington to negotiate a deal worth $24.50 with NextGen Software Labs.,Nina Yamamoto; NextGen Software Labs; Amsterdam; Wellington; $24.50,PERSON; ORG; GPE; GPE; MONEY,Nina Yamamoto,NextGen Software Labs,"Amsterdam, Wellington",,$24.50,
489,"Samuel Okafor, a spokesperson for Cedar Grove Hospital, confirmed the release of a SoundWave headset for $350 on August 2, 2022.","Samuel Okafor; Cedar Grove Hospital; August 2, 2022; $350; a SoundWave headset",PERSON; ORG; DATE; MONEY; PRODUCT,Samuel Okafor,Cedar Grove Hospital,,"August 2, 2022",$350,SoundWave headset
490,Chloe Green traveled from Prague to Melbourne to negotiate a deal worth $45.50 with Silverline Motors.,Chloe Green; Silverline Motors; Melbourne; Prague; $45.50,PERSON; ORG; GPE; GPE; MONEY,Chloe Green,Silverline Motors,"Melbourne, Prague",,$45.50,
491,"On May 18, 2018, NextGen Software Labs opened a new branch in Edinburgh, Ireland, appointing Maria Kowalski as director.","Maria Kowalski; NextGen Software Labs; Edinburgh; Ireland; May 18, 2018",PERSON; ORG; GPE; GPE; DATE,Maria Kowalski,NextGen Software Labs,"Edinburgh, Ireland","May 18, 2018",,
492,"The board at Zenith Pharmaceuticals approved a $75 investment in Santiago after Ravi Kim's presentation on February 20, 2021.","Ravi Kim; Zenith Pharmaceuticals; Santiago; February 20, 2021; $75",PERSON; ORG; GPE; DATE; MONEY,Ravi Kim,Zenith Pharmaceuticals,Santiago,"February 20, 2021",$75,
493,Ethan Kowalski traveled from Wellington to Edinburgh to negotiate a deal worth $24.50 with Brightline Technologies.,Ethan Kowalski; Brightline Technologies; Edinburgh; Wellington; $24.50,PERSON; ORG; GPE; GPE; MONEY,Ethan Kowalski,Brightline Technologies,"Edinburgh, Wellington",,$24.50,
494,"On June 24, 2016, Brightline Technologies opened a new branch in Nairobi, Thailand, appointing Adaeze Johansson as director.","Adaeze Johansson; Brightline Technologies; Nairobi; Thailand; June 24, 2016",PERSON; ORG; GPE; GPE; DATE,Adaeze Johansson,Brightline Technologies,"Nairobi, Thailand","June 24, 2016",,
495,"Delta Cloud Services announced that Fatima Wilson will lead the new office in Santiago starting March 14, 2018.","Fatima Wilson; Delta Cloud Services; Santiago; March 14, 2018",PERSON; ORG; GPE; DATE,Fatima Wilson,Delta Cloud Services,Santiago,"March 14, 2018",,
496,"During the conference in Dublin, Samuel Scott from Lakeside Medical Center unveiled the CloudDesk chair priced at $19.99.",Samuel Scott; Lakeside Medical Center; Dublin; $19.99; the CloudDesk chair,PERSON; ORG; GPE; MONEY; PRODUCT,Samuel Scott,Lakeside Medical Center,Dublin,,$19.99,CloudDesk chair
497,"Zenith Pharmaceuticals announced that Victor Walker will lead the new office in Lisbon starting August 16, 2016.","Victor Walker; Zenith Pharmaceuticals; Lisbon; August 16, 2016",PERSON; ORG; GPE; DATE,Victor Walker,Zenith Pharmaceuticals,Lisbon,"August 16, 2016",,
498,"Carlos Novak joined Northfield University in Stockholm on October 2, 2021 to launch a TrailRunner backpack.","Carlos Novak; Northfield University; Stockholm; October 2, 2021; a TrailRunner backpack",PERSON; ORG; GPE; DATE; PRODUCT,Carlos Novak,Northfield University,Stockholm,"October 2, 2021",,TrailRunner backpack
499,"Zenith Pharmaceuticals announced that Wei Brown will lead the new office in Stockholm starting July 23, 2017.","Wei Brown; Zenith Pharmaceuticals; Stockholm; July 23, 2017",PERSON; ORG; GPE; DATE,Wei Brown,Zenith Pharmaceuticals,Stockholm,"July 23, 2017",,
500,"The board at Coastal Insurance Co. approved a $24.50 investment in Cape Town after Daniel Rossi's presentation on October 23, 2025.","Daniel Rossi; Coastal Insurance Co.; Cape Town; October 23, 2025; $24.50",PERSON; ORG; GPE; DATE; MONEY,Daniel Rossi,Coastal Insurance Co.,Cape Town,"October 23, 2025",$24.50,
501,"During the conference in Osaka, Julia Yamamoto from Delta Cloud Services unveiled a SnapShot camera priced at $199.",Julia Yamamoto; Delta Cloud Services; Osaka; $199; a SnapShot camera,PERSON; ORG; GPE; MONEY; PRODUCT,Julia Yamamoto,Delta Cloud Services,Osaka,,$199,SnapShot camera
502,"On July 25, 2016, Evergreen Energy Co. opened a new branch in Prague, Sweden, appointing Hana Ivanov as director.","Hana Ivanov; Evergreen Energy Co.; Prague; Sweden; July 25, 2016",PERSON; ORG; GPE; GPE; DATE,Hana Ivanov,Evergreen Energy Co.,"Prague, Sweden","July 25, 2016",,
503,"Silverline Motors partnered with a university in Dublin to research the FlexFit yoga mat technology, Mei Novak reported.",Mei Novak; Silverline Motors; Dublin; the FlexFit yoga mat,PERSON; ORG; GPE; PRODUCT,Mei Novak,Silverline Motors,Dublin,,,FlexFit yogmat
504,"The board at BrightFuture Foundation approved a $1,200 investment in Lisbon after Sara Ivanov's presentation on July 2, 2023.","Sara Ivanov; BrightFuture Foundation; Lisbon; July 2, 2023; $1,200",PERSON; ORG; GPE; DATE; MONEY,Sara Ivanov,BrightFuture Foundation,Lisbon,"July 2, 2023","$1,200",
505,"On December 13, 2023, Skyline Real Estate opened a new branch in Kuala Lumpur, Kenya, appointing Liam Dubois as director.","Liam Dubois; Skyline Real Estate; Kenya; Kuala Lumpur; December 13, 2023",PERSON; ORG; GPE; GPE; DATE,Liam Dubois,Skyline Real Estate,"Kenya, Kuala Lumpur","December 13, 2023",,
506,"Union Manufacturing Corp. partnered with a university in Berlin to research the FreshAir purifier technology, Mateus Rossi reported.",Mateus Rossi; Union Manufacturing Corp.; Berlin; the FreshAir purifier,PERSON; ORG; GPE; PRODUCT,Mateus Rossi,Union Manufacturing Corp.,Berlin,,,FreshAir purifier
507,"The board at Skyline Real Estate approved a $199 investment in Warsaw after Ibrahim Wright's presentation on March 20, 2021.","Ibrahim Wright; Skyline Real Estate; Warsaw; March 20, 2021; $199",PERSON; ORG; GPE; DATE; MONEY,Ibrahim Wright,Skyline Real Estate,Warsaw,"March 20, 2021",$199,
508,"On June 21, 2024, Oakwood Publishing House opened a new branch in Osaka, Denmark, appointing Hassan Hall as director.","Hassan Hall; Oakwood Publishing House; Denmark; Osaka; June 21, 2024",PERSON; ORG; GPE; GPE; DATE,Hassan Hall,Oakwood Publishing House,"Denmark, Osaka","June 21, 2024",,
509,"Lakeside Medical Center announced that Isabella Kowalski will lead the new office in Berlin starting December 7, 2015.","Isabella Kowalski; Lakeside Medical Center; Berlin; December 7, 2015",PERSON; ORG; GPE; DATE,Isabella Kowalski,Lakeside Medical Center,Berlin,"December 7, 2015",,
510,"Global Trade Partners partnered with a university in Toronto to research the FreshAir purifier technology, Carlos Baker reported.",Carlos Baker; Global Trade Partners; Toronto; the FreshAir purifier,PERSON; ORG; GPE; PRODUCT,Carlos Baker,Global Trade Partners,Toronto,,,FreshAir purifier
511,"Anna Müller, a spokesperson for Quantum Innovations, confirmed the release of the QuickBrew coffee maker for $19.99 on July 24, 2022.","Anna Müller; Quantum Innovations; July 24, 2022; $19.99; the QuickBrew coffee maker",PERSON; ORG; DATE; MONEY; PRODUCT,Anna Müller,Quantum Innovations,,"July 24, 2022",$19.99,QuickBrew coffee maker
512,Samuel Wright traveled from Mumbai to Nairobi to negotiate a deal worth $45.50 with Blue Horizon Airlines.,Samuel Wright; Blue Horizon Airlines; Mumbai; Nairobi; $45.50,PERSON; ORG; GPE; GPE; MONEY,Samuel Wright,Blue Horizon Airlines,"Mumbai, Nairobi",,$45.50,
513,"Ironwood Steel Works announced that Victor Petrov will lead the new office in Warsaw starting September 26, 2017.","Victor Petrov; Ironwood Steel Works; Warsaw; September 26, 2017",PERSON; ORG; GPE; DATE,Victor Petrov,Ironwood Steel Works,Warsaw,"September 26, 2017",,
514,"The board at Vertex Analytics approved a $350 investment in Bangkok after Lucas Wright's presentation on January 4, 2017.","Lucas Wright; Vertex Analytics; Bangkok; January 4, 2017; $350",PERSON; ORG; GPE; DATE; MONEY,Lucas Wright,Vertex Analytics,Bangkok,"January 4, 2017",$350,
515,"Jack Anderson, a spokesperson for Meridian Financial Group, confirmed the release of the GreenLeaf water bottle for $30.75 on April 7, 2015.","Jack Anderson; Meridian Financial Group; April 7, 2015; $30.75; the GreenLeaf water bottle",PERSON; ORG; DATE; MONEY; PRODUCT,Jack Anderson,Meridian Financial Group,,"April 7, 2015",$30.75,GreenLeaf water bottle
516,"On January 17, 2023, Coastal Insurance Co. opened a new branch in Kuala Lumpur, Chile, appointing Chloe Scott as director.","Chloe Scott; Coastal Insurance Co.; Chile; Kuala Lumpur; January 17, 2023",PERSON; ORG; GPE; GPE; DATE,Chloe Scott,Coastal Insurance Co.,"Chile, Kuala Lumpur","January 17, 2023",,
517,"The board at Evergreen Energy Co. approved a $15 investment in Copenhagen after Aisha Taylor's presentation on February 25, 2021.","Aisha Taylor; Evergreen Energy Co.; Copenhagen; February 25, 2021; $15",PERSON; ORG; GPE; DATE; MONEY,Aisha Taylor,Evergreen Energy Co.,Copenhagen,"February 25, 2021",$15,
518,Felix Young traveled from Copenhagen to Buenos Aires to negotiate a deal worth $9.99 with Harborview College.,Felix Young; Harborview College; Buenos Aires; Copenhagen; $9.99,PERSON; ORG; GPE; GPE; MONEY,Felix Young,Harborview College,"Buenos Aires, Copenhagen",,$9.99,
519,"Isabella Suzuki, a spokesperson for Silverline Motors, confirmed the release of a NightOwl reading lamp for $75 on February 26, 2019.","Isabella Suzuki; Silverline Motors; February 26, 2019; $75; a NightOwl reading lamp",PERSON; ORG; DATE; MONEY; PRODUCT,Isabella Suzuki,Silverline Motors,,"February 26, 2019",$75,NightOwl reading lamp
520,"During the conference in Prague, Tom Wright from Ironwood Steel Works unveiled the AeroFit smartwatch priced at $9.99.",Tom Wright; Ironwood Steel Works; Prague; $9.99; the AeroFit smartwatch,PERSON; ORG; GPE; MONEY; PRODUCT,Tom Wright,Ironwood Steel Works,Prague,,$9.99,AeroFit smartwatch
521,"On February 10, 2022, Maple Street School District opened a new branch in Cape Town, Argentina, appointing Grace Green as director.","Grace Green; Maple Street School District; Argentina; Cape Town; February 10, 2022",PERSON; ORG; GPE; GPE; DATE,Grace Green,Maple Street School District,"Argentina, Cape Town","February 10, 2022",,
522,"Cedar Grove Hospital partnered with a university in Berlin to research the TravelLite suitcase technology, Hana Garcia reported.",Hana Garcia; Cedar Grove Hospital; Berlin; the TravelLite suitcase,PERSON; ORG; GPE; PRODUCT,Hana Garcia,Cedar Grove Hospital,Berlin,,,TravelLite suitcase
523,Daniel Anderson traveled from Jakarta to Berlin to negotiate a deal worth $499.99 with Harborview College.,Daniel Anderson; Harborview College; Berlin; Jakarta; $499.99,PERSON; ORG; GPE; GPE; MONEY,Daniel Anderson,Harborview College,"Berlin, Jakarta",,$499.99,
524,Daniel Petrov traveled from Cairo to Kuala Lumpur to negotiate a deal worth $199 with Pioneer Research Institute.,Daniel Petrov; Pioneer Research Institute; Cairo; Kuala Lumpur; $199,PERSON; ORG; GPE; GPE; MONEY,Daniel Petrov,Pioneer Research Institute,"Cairo, Kuala Lumpur",,$199,
525,"Global Trade Partners announced that Tom Silva will lead the new office in Wellington starting April 25, 2015.","Tom Silva; Global Trade Partners; Wellington; April 25, 2015",PERSON; ORG; GPE; DATE,Tom Silva,Global Trade Partners,Wellington,"April 25, 2015",,
526,"Chloe Fernandez joined Quantum Innovations in Warsaw on February 24, 2021 to launch a PureGlow skincare set.","Chloe Fernandez; Quantum Innovations; Warsaw; February 24, 2021; a PureGlow skincare set",PERSON; ORG; GPE; DATE; PRODUCT,Chloe Fernandez,Quantum Innovations,Warsaw,"February 24, 2021",,PureGlow skincare set
527,Amara Larsen traveled from Stockholm to Denver to negotiate a deal worth $24.50 with Redstone Consulting.,Amara Larsen; Redstone Consulting; Denver; Stockholm; $24.50,PERSON; ORG; GPE; GPE; MONEY,Amara Larsen,Redstone Consulting,"Denver, Stockholm",,$24.50,
528,"During the conference in Nairobi, Emma Moore from Zenith Pharmaceuticals unveiled a TrailRunner backpack priced at $15.",Emma Moore; Zenith Pharmaceuticals; Nairobi; $15; a TrailRunner backpack,PERSON; ORG; GPE; MONEY; PRODUCT,Emma Moore,Zenith Pharmaceuticals,Nairobi,,$15,TrailRunner backpack
529,"Leila Patel joined Meridian Financial Group in Prague on June 7, 2019 to launch the TravelLite suitcase.","Leila Patel; Meridian Financial Group; Prague; June 7, 2019; the TravelLite suitcase",PERSON; ORG; GPE; DATE; PRODUCT,Leila Patel,Meridian Financial Group,Prague,"June 7, 2019",,TravelLite suitcase
530,Fatima Hall traveled from Nairobi to Cairo to negotiate a deal worth $350 with Golden Gate Retailers.,Fatima Hall; Golden Gate Retailers; Cairo; Nairobi; $350,PERSON; ORG; GPE; GPE; MONEY,Fatima Hall,Golden Gate Retailers,"Cairo, Nairobi",,$350,
531,"Ethan Ivanov, a spokesperson for Quantum Innovations, confirmed the release of the FreshAir purifier for $75 on March 24, 2016.","Ethan Ivanov; Quantum Innovations; March 24, 2016; $75; the FreshAir purifier",PERSON; ORG; DATE; MONEY; PRODUCT,Ethan Ivanov,Quantum Innovations,,"March 24, 2016",$75,FreshAir purifier
532,"Riverside Bank announced that Priya Walker will lead the new office in Santiago starting May 6, 2025.","Priya Walker; Riverside Bank; Santiago; May 6, 2025",PERSON; ORG; GPE; DATE,Priya Walker,Riverside Bank,Santiago,"May 6, 2025",,
533,"Ahmed Costa joined Golden Gate Retailers in Melbourne on November 22, 2024 to launch the QuickBrew coffee maker.","Ahmed Costa; Golden Gate Retailers; Melbourne; November 22, 2024; the QuickBrew coffee maker",PERSON; ORG; GPE; DATE; PRODUCT,Ahmed Costa,Golden Gate Retailers,Melbourne,"November 22, 2024",,QuickBrew coffee maker
534,"Victor Garcia joined Golden Gate Retailers in Lisbon on April 7, 2015 to launch the ChefMate blender.","Victor Garcia; Golden Gate Retailers; Lisbon; April 7, 2015; the ChefMate blender",PERSON; ORG; GPE; DATE; PRODUCT,Victor Garcia,Golden Gate Retailers,Lisbon,"April 7, 2015",,ChefMate blender
535,"Nina Wright, a spokesperson for Summit Robotics Inc., confirmed the release of a NightOwl reading lamp for $199 on June 26, 2020.","Nina Wright; Summit Robotics Inc.; June 26, 2020; $199; a NightOwl reading lamp",PERSON; ORG; DATE; MONEY; PRODUCT,Nina Wright,Summit Robotics Inc.,,"June 26, 2020",$199,NightOwl reading lamp
536,"During the conference in Marrakesh, Daniel Khan from Maple Street School District unveiled a StreamCast speaker priced at $15.",Daniel Khan; Maple Street School District; Marrakesh; $15; a StreamCast speaker,PERSON; ORG; GPE; MONEY; PRODUCT,Daniel Khan,Maple Street School District,Marrakesh,,$15,StreamCast speaker
537,"The board at Vertex Analytics approved a $99 investment in Cape Town after Anna Kim's presentation on January 15, 2020.","Anna Kim; Vertex Analytics; Cape Town; January 15, 2020; $99",PERSON; ORG; GPE; DATE; MONEY,Anna Kim,Vertex Analytics,Cape Town,"January 15, 2020",$99,
538,Zainab Clark traveled from Edinburgh to Jakarta to negotiate a deal worth $350 with Northfield University.,Zainab Clark; Northfield University; Edinburgh; Jakarta; $350,PERSON; ORG; GPE; GPE; MONEY,Zainab Clark,Northfield University,"Edinburgh, Jakarta",,$350,
539,"Blue Horizon Airlines partnered with a university in Santiago to research a TrailRunner backpack technology, Elena Baker reported.",Elena Baker; Blue Horizon Airlines; Santiago; a TrailRunner backpack,PERSON; ORG; GPE; PRODUCT,Elena Baker,Blue Horizon Airlines,Santiago,,,TrailRunner backpack
540,"The board at Coastal Insurance Co. approved a $45.50 investment in Santiago after Grace Brown's presentation on January 19, 2018.","Grace Brown; Coastal Insurance Co.; Santiago; January 19, 2018; $45.50",PERSON; ORG; GPE; DATE; MONEY,Grace Brown,Coastal Insurance Co.,Santiago,"January 19, 2018",$45.50,
541,"George Wilson joined Pioneer Research Institute in Dublin on May 20, 2020 to launch the FlexFit yoga mat.","George Wilson; Pioneer Research Institute; Dublin; May 20, 2020; the FlexFit yoga mat",PERSON; ORG; GPE; DATE; PRODUCT,George Wilson,Pioneer Research Institute,Dublin,"May 20, 2020",,FlexFit yogmat
542,"Blue Horizon Airlines announced that Felix Dubois will lead the new office in Santiago starting March 27, 2020.","Felix Dubois; Blue Horizon Airlines; Santiago; March 27, 2020",PERSON; ORG; GPE; DATE,Felix Dubois,Blue Horizon Airlines,Santiago,"March 27, 2020",,
543,Nina Dubois traveled from Stockholm to Wellington to negotiate a deal worth $49.99 with NextGen Software Labs.,Nina Dubois; NextGen Software Labs; Stockholm; Wellington; $49.99,PERSON; ORG; GPE; GPE; MONEY,Nina Dubois,NextGen Software Labs,"Stockholm, Wellington",,$49.99,
544,"Sofia Ivanov, a spokesperson for Crescent Media Group, confirmed the release of the FlexFit yoga mat for $30.75 on December 6, 2018.","Sofia Ivanov; Crescent Media Group; December 6, 2018; $30.75; the FlexFit yoga mat",PERSON; ORG; DATE; MONEY; PRODUCT,Sofia Ivanov,Crescent Media Group,,"December 6, 2018",$30.75,FlexFit yogmat
545,"On October 14, 2020, Maple Street School District opened a new branch in Stockholm, Malaysia, appointing Ahmed Suzuki as director.","Ahmed Suzuki; Maple Street School District; Malaysia; Stockholm; October 14, 2020",PERSON; ORG; GPE; GPE; DATE,Ahmed Suzuki,Maple Street School District,"Malaysia, Stockholm","October 14, 2020",,
546,"Kevin Ivanov, a spokesperson for Silverline Motors, confirmed the release of a TrailRunner backpack for $24.50 on May 8, 2020.","Kevin Ivanov; Silverline Motors; May 8, 2020; $24.50; a TrailRunner backpack",PERSON; ORG; DATE; MONEY; PRODUCT,Kevin Ivanov,Silverline Motors,,"May 8, 2020",$24.50,TrailRunner backpack
547,"Zenith Pharmaceuticals partnered with a university in Helsinki to research the CloudDesk chair technology, Peter Kowalski reported.",Peter Kowalski; Zenith Pharmaceuticals; Helsinki; the CloudDesk chair,PERSON; ORG; GPE; PRODUCT,Peter Kowalski,Zenith Pharmaceuticals,Helsinki,,,CloudDesk chair
548,"Global Trade Partners partnered with a university in Warsaw to research the FlexFit yoga mat technology, Noah Petrov reported.",Noah Petrov; Global Trade Partners; Warsaw; the FlexFit yoga mat,PERSON; ORG; GPE; PRODUCT,Noah Petrov,Global Trade Partners,Warsaw,,,FlexFit yogmat
549,"During the conference in Zurich, Jack Johansson from Silverline Motors unveiled the FlexFit yoga mat priced at $30.75.",Jack Johansson; Silverline Motors; Zurich; $30.75; the FlexFit yoga mat,PERSON; ORG; GPE; MONEY; PRODUCT,Jack Johansson,Silverline Motors,Zurich,,$30.75,FlexFit yogmat
550,"Hana Haddad joined Evergreen Energy Co. in Berlin on September 1, 2017 to launch the GreenLeaf water bottle.","Hana Haddad; Evergreen Energy Co.; Berlin; September 1, 2017; the GreenLeaf water bottle",PERSON; ORG; GPE; DATE; PRODUCT,Hana Haddad,Evergreen Energy Co.,Berlin,"September 1, 2017",,GreenLeaf water bottle
551,Mark Müller traveled from Zurich to Kuala Lumpur to negotiate a deal worth $15 with Golden Gate Retailers.,Mark Müller; Golden Gate Retailers; Kuala Lumpur; Zurich; $15,PERSON; ORG; GPE; GPE; MONEY,Mark Müller,Golden Gate Retailers,"Kuala Lumpur, Zurich",,$15,
552,"During the conference in Zurich, Victor Wilson from Oakwood Publishing House unveiled the SmartHome Hub priced at $120.",Victor Wilson; Oakwood Publishing House; Zurich; $120; the SmartHome Hub,PERSON; ORG; GPE; MONEY; PRODUCT,Victor Wilson,Oakwood Publishing House,Zurich,,$120,SmartHome Hub
553,"Skyline Real Estate partnered with a university in Mumbai to research a NovaBook Pro laptop technology, Ethan Okafor reported.",Ethan Okafor; Skyline Real Estate; Mumbai; a NovaBook Pro laptop,PERSON; ORG; GPE; PRODUCT,Ethan Okafor,Skyline Real Estate,Mumbai,,,NovaBook Pro laptop
554,"Hassan Haddad, a spokesperson for Union Manufacturing Corp., confirmed the release of the CloudDesk chair for $9.99 on January 11, 2020.","Hassan Haddad; Union Manufacturing Corp.; January 11, 2020; $9.99; the CloudDesk chair",PERSON; ORG; DATE; MONEY; PRODUCT,Hassan Haddad,Union Manufacturing Corp.,,"January 11, 2020",$9.99,CloudDesk chair
555,Jack Wright traveled from Mumbai to Santiago to negotiate a deal worth $19.99 with Skyline Real Estate.,Jack Wright; Skyline Real Estate; Mumbai; Santiago; $19.99,PERSON; ORG; GPE; GPE; MONEY,Jack Wright,Skyline Real Estate,"Mumbai, Santiago",,$19.99,
556,"Skyline Real Estate announced that Tom Walker will lead the new office in Austin starting May 15, 2017.","Tom Walker; Skyline Real Estate; Austin; May 15, 2017",PERSON; ORG; GPE; DATE,Tom Walker,Skyline Real Estate,Austin,"May 15, 2017",,
557,Felix Clark traveled from Manila to Austin to negotiate a deal worth $250 with Quantum Innovations.,Felix Clark; Quantum Innovations; Austin; Manila; $250,PERSON; ORG; GPE; GPE; MONEY,Felix Clark,Quantum Innovations,"Austin, Manila",,$250,
558,"During the conference in Melbourne, Julia Johansson from Ironwood Steel Works unveiled a SunBeam solar charger priced at $89.99.",Julia Johansson; Ironwood Steel Works; Melbourne; $89.99; a SunBeam solar charger,PERSON; ORG; GPE; MONEY; PRODUCT,Julia Johansson,Ironwood Steel Works,Melbourne,,$89.99,SunBeam solar charger
559,"During the conference in Bangkok, Jack Moore from NextGen Software Labs unveiled the ChefMate blender priced at $24.50.",Jack Moore; NextGen Software Labs; Bangkok; $24.50; the ChefMate blender,PERSON; ORG; GPE; MONEY; PRODUCT,Jack Moore,NextGen Software Labs,Bangkok,,$24.50,ChefMate blender
560,"Lakeside Medical Center partnered with a university in Prague to research a StreamCast speaker technology, Sofia Yamamoto reported.",Sofia Yamamoto; Lakeside Medical Center; Prague; a StreamCast speaker,PERSON; ORG; GPE; PRODUCT,Sofia Yamamoto,Lakeside Medical Center,Prague,,,StreamCast speaker
561,"The board at Falcon Logistics approved a $250 investment in Kuala Lumpur after Hassan Dubois's presentation on September 12, 2018.","Hassan Dubois; Falcon Logistics; Kuala Lumpur; September 12, 2018; $250",PERSON; ORG; GPE; DATE; MONEY,Hassan Dubois,Falcon Logistics,Kuala Lumpur,"September 12, 2018",$250,
562,"Pioneer Research Institute partnered with a university in Copenhagen to research the QuickBrew coffee maker technology, Tom Haddad reported.",Tom Haddad; Pioneer Research Institute; Copenhagen; the QuickBrew coffee maker,PERSON; ORG; GPE; PRODUCT,Tom Haddad,Pioneer Research Institute,Copenhagen,,,QuickBrew coffee maker
563,"Nadia Wright, a spokesperson for Delta Cloud Services, confirmed the release of the QuickBrew coffee maker for $199 on September 27, 2021.","Nadia Wright; Delta Cloud Services; September 27, 2021; $199; the QuickBrew coffee maker",PERSON; ORG; DATE; MONEY; PRODUCT,Nadia Wright,Delta Cloud Services,,"September 27, 2021",$199,QuickBrew coffee maker
564,"During the conference in Mumbai, Mateus Smith from Cedar Grove Hospital unveiled a NovaBook Pro laptop priced at $9.99.",Mateus Smith; Cedar Grove Hospital; Mumbai; $9.99; a NovaBook Pro laptop,PERSON; ORG; GPE; MONEY; PRODUCT,Mateus Smith,Cedar Grove Hospital,Mumbai,,$9.99,NovaBook Pro laptop
565,"During the conference in Austin, Isabella Young from Summit Robotics Inc. unveiled a SoundWave headset priced at $19.99.",Isabella Young; Summit Robotics Inc.; Austin; $19.99; a SoundWave headset,PERSON; ORG; GPE; MONEY; PRODUCT,Isabella Young,Summit Robotics Inc.,Austin,,$19.99,SoundWave headset
566,"During the conference in Bangkok, Anna Hall from Maple Street School District unveiled a SnapShot camera priced at $19.99.",Anna Hall; Maple Street School District; Bangkok; $19.99; a SnapShot camera,PERSON; ORG; GPE; MONEY; PRODUCT,Anna Hall,Maple Street School District,Bangkok,,$19.99,SnapShot camera
567,"Amara Silva joined Riverside Bank in Cape Town on February 22, 2022 to launch the FreshAir purifier.","Amara Silva; Riverside Bank; Cape Town; February 22, 2022; the FreshAir purifier",PERSON; ORG; GPE; DATE; PRODUCT,Amara Silva,Riverside Bank,Cape Town,"February 22, 2022",,FreshAir purifier
568,"Olivia Kowalski, a spokesperson for Falcon Logistics, confirmed the release of the FlexFit yoga mat for $30.75 on September 13, 2022.","Olivia Kowalski; Falcon Logistics; September 13, 2022; $30.75; the FlexFit yoga mat",PERSON; ORG; DATE; MONEY; PRODUCT,Olivia Kowalski,Falcon Logistics,,"September 13, 2022",$30.75,FlexFit yogmat
569,"The board at Quantum Innovations approved a $9.99 investment in Mumbai after Nadia Suzuki's presentation on June 6, 2022.","Nadia Suzuki; Quantum Innovations; Mumbai; June 6, 2022; $9.99",PERSON; ORG; GPE; DATE; MONEY,Nadia Suzuki,Quantum Innovations,Mumbai,"June 6, 2022",$9.99,
570,"On August 24, 2023, Delta Cloud Services opened a new branch in Nairobi, New Zealand, appointing Mateus Wilson as director.","Mateus Wilson; Delta Cloud Services; Nairobi; New Zealand; August 24, 2023",PERSON; ORG; GPE; GPE; DATE,Mateus Wilson,Delta Cloud Services,"Nairobi, New Zealand","August 24, 2023",,
571,"BrightFuture Foundation announced that James Silva will lead the new office in Seoul starting August 2, 2024.","James Silva; BrightFuture Foundation; Seoul; August 2, 2024",PERSON; ORG; GPE; DATE,James Silva,BrightFuture Foundation,Seoul,"August 2, 2024",,
572,"On July 24, 2025, Blue Horizon Airlines opened a new branch in Helsinki, South Africa, appointing Kevin Garcia as director.","Kevin Garcia; Blue Horizon Airlines; Helsinki; South Africa; July 24, 2025",PERSON; ORG; GPE; GPE; DATE,Kevin Garcia,Blue Horizon Airlines,"Helsinki, South Africa","July 24, 2025",,
573,"Blue Horizon Airlines announced that Ingrid Kowalski will lead the new office in Edinburgh starting September 22, 2022.","Ingrid Kowalski; Blue Horizon Airlines; Edinburgh; September 22, 2022",PERSON; ORG; GPE; DATE,Ingrid Kowalski,Blue Horizon Airlines,Edinburgh,"September 22, 2022",,
574,"On October 27, 2018, NextGen Software Labs opened a new branch in Vancouver, Poland, appointing Yuki Scott as director.","Yuki Scott; NextGen Software Labs; Poland; Vancouver; October 27, 2018",PERSON; ORG; GPE; GPE; DATE,Yuki Scott,NextGen Software Labs,"Poland, Vancouver","October 27, 2018",,
575,"Oakwood Publishing House announced that Yuki Müller will lead the new office in Stockholm starting July 8, 2021.","Yuki Müller; Oakwood Publishing House; Stockholm; July 8, 2021",PERSON; ORG; GPE; DATE,Yuki Müller,Oakwood Publishing House,Stockholm,"July 8, 2021",,
576,"Victor Nguyen joined Meridian Financial Group in Seoul on June 13, 2023 to launch a SoundWave headset.","Victor Nguyen; Meridian Financial Group; Seoul; June 13, 2023; a SoundWave headset",PERSON; ORG; GPE; DATE; PRODUCT,Victor Nguyen,Meridian Financial Group,Seoul,"June 13, 2023",,SoundWave headset
577,"During the conference in Berlin, Julia Kim from Riverside Bank unveiled the SmartHome Hub priced at $24.50.",Julia Kim; Riverside Bank; Berlin; $24.50; the SmartHome Hub,PERSON; ORG; GPE; MONEY; PRODUCT,Julia Kim,Riverside Bank,Berlin,,$24.50,SmartHome Hub
578,Yuki Suzuki traveled from Copenhagen to Toronto to negotiate a deal worth $15 with Global Trade Partners.,Yuki Suzuki; Global Trade Partners; Copenhagen; Toronto; $15,PERSON; ORG; GPE; GPE; MONEY,Yuki Suzuki,Global Trade Partners,"Copenhagen, Toronto",,$15,
579,"Harborview College announced that Wei Ivanov will lead the new office in Prague starting January 13, 2019.","Wei Ivanov; Harborview College; Prague; January 13, 2019",PERSON; ORG; GPE; DATE,Wei Ivanov,Harborview College,Prague,"January 13, 2019",,
580,"Julia Chen, a spokesperson for Lakeside Medical Center, confirmed the release of a SoundWave headset for $250 on January 9, 2025.","Julia Chen; Lakeside Medical Center; January 9, 2025; $250; a SoundWave headset",PERSON; ORG; DATE; MONEY; PRODUCT,Julia Chen,Lakeside Medical Center,,"January 9, 2025",$250,SoundWave headset
581,"The board at Ironwood Steel Works approved a $49.99 investment in Amsterdam after Chen Wright's presentation on November 18, 2015.","Chen Wright; Ironwood Steel Works; Amsterdam; November 18, 2015; $49.99",PERSON; ORG; GPE; DATE; MONEY,Chen Wright,Ironwood Steel Works,Amsterdam,"November 18, 2015",$49.99,
582,"On June 22, 2015, Oakwood Publishing House opened a new branch in Copenhagen, Sweden, appointing Grace Baker as director.","Grace Baker; Oakwood Publishing House; Copenhagen; Sweden; June 22, 2015",PERSON; ORG; GPE; GPE; DATE,Grace Baker,Oakwood Publishing House,"Copenhagen, Sweden","June 22, 2015",,
583,"Liam Yamamoto, a spokesperson for Crescent Media Group, confirmed the release of a NightOwl reading lamp for $250 on February 9, 2024.","Liam Yamamoto; Crescent Media Group; February 9, 2024; $250; a NightOwl reading lamp",PERSON; ORG; DATE; MONEY; PRODUCT,Liam Yamamoto,Crescent Media Group,,"February 9, 2024",$250,NightOwl reading lamp
584,"Brightline Technologies partnered with a university in Austin to research the SmartHome Hub technology, Nina Petrov reported.",Nina Petrov; Brightline Technologies; Austin; the SmartHome Hub,PERSON; ORG; GPE; PRODUCT,Nina Petrov,Brightline Technologies,Austin,,,SmartHome Hub
585,"During the conference in Denver, Adaeze Silva from Maple Street School District unveiled a SoundWave headset priced at $15.",Adaeze Silva; Maple Street School District; Denver; $15; a SoundWave headset,PERSON; ORG; GPE; MONEY; PRODUCT,Adaeze Silva,Maple Street School District,Denver,,$15,SoundWave headset
586,"Coastal Insurance Co. partnered with a university in Cairo to research the CloudDesk chair technology, Julia Larsen reported.",Julia Larsen; Coastal Insurance Co.; Cairo; the CloudDesk chair,PERSON; ORG; GPE; PRODUCT,Julia Larsen,Coastal Insurance Co.,Cairo,,,CloudDesk chair
587,"During the conference in Nairobi, Ibrahim Lewis from Silverline Motors unveiled a ProGrip tennis racket priced at $75.",Ibrahim Lewis; Silverline Motors; Nairobi; $75; a ProGrip tennis racket,PERSON; ORG; GPE; MONEY; PRODUCT,Ibrahim Lewis,Silverline Motors,Nairobi,,$75,ProGrip tennis racket
588,Noah Costa traveled from Buenos Aires to Amsterdam to negotiate a deal worth $30.75 with Cedar Grove Hospital.,Noah Costa; Cedar Grove Hospital; Amsterdam; Buenos Aires; $30.75,PERSON; ORG; GPE; GPE; MONEY,Noah Costa,Cedar Grove Hospital,"Amsterdam, Buenos Aires",,$30.75,
589,"Maple Street School District announced that Priya Dubois will lead the new office in Lisbon starting September 21, 2021.","Priya Dubois; Maple Street School District; Lisbon; September 21, 2021",PERSON; ORG; GPE; DATE,Priya Dubois,Maple Street School District,Lisbon,"September 21, 2021",,
590,"On December 20, 2024, Golden Gate Retailers opened a new branch in Zurich, the Philippines, appointing Charlotte Anderson as director.","Charlotte Anderson; Golden Gate Retailers; Zurich; the Philippines; December 20, 2024",PERSON; ORG; GPE; GPE; DATE,Charlotte Anderson,Golden Gate Retailers,"Zurich, the Philippines","December 20, 2024",,
591,Ethan Khan traveled from Amsterdam to Cape Town to negotiate a deal worth $24.50 with Quantum Innovations.,Ethan Khan; Quantum Innovations; Amsterdam; Cape Town; $24.50,PERSON; ORG; GPE; GPE; MONEY,Ethan Khan,Quantum Innovations,"Amsterdam, Cape Town",,$24.50,
592,"Quantum Innovations partnered with a university in Prague to research a TrailRunner backpack technology, James Larsen reported.",James Larsen; Quantum Innovations; Prague; a TrailRunner backpack,PERSON; ORG; GPE; PRODUCT,James Larsen,Quantum Innovations,Prague,,,TrailRunner backpack
593,"Layla Lewis, a spokesperson for Silverline Motors, confirmed the release of the GreenLeaf water bottle for $49.99 on May 15, 2024.","Layla Lewis; Silverline Motors; May 15, 2024; $49.99; the GreenLeaf water bottle",PERSON; ORG; DATE; MONEY; PRODUCT,Layla Lewis,Silverline Motors,,"May 15, 2024",$49.99,GreenLeaf water bottle
594,"During the conference in Stockholm, Leila Costa from Oakwood Publishing House unveiled a SunBeam solar charger priced at $15.",Leila Costa; Oakwood Publishing House; Stockholm; $15; a SunBeam solar charger,PERSON; ORG; GPE; MONEY; PRODUCT,Leila Costa,Oakwood Publishing House,Stockholm,,$15,SunBeam solar charger
595,"The board at Vertex Analytics approved a $120 investment in Melbourne after Adaeze King's presentation on December 14, 2019.","Adaeze King; Vertex Analytics; Melbourne; December 14, 2019; $120",PERSON; ORG; GPE; DATE; MONEY,Adaeze King,Vertex Analytics,Melbourne,"December 14, 2019",$120,
596,Lucas Chen traveled from Lisbon to Wellington to negotiate a deal worth $350 with Coastal Insurance Co..,Lucas Chen; Coastal Insurance Co.; Lisbon; Wellington; $350,PERSON; ORG; GPE; GPE; MONEY,Lucas Chen,Coastal Insurance Co.,"Lisbon, Wellington",,$350,
597,"Aurora Data Systems announced that Nadia Moore will lead the new office in Buenos Aires starting March 26, 2022.","Nadia Moore; Aurora Data Systems; Buenos Aires; March 26, 2022",PERSON; ORG; GPE; DATE,Nadia Moore,Aurora Data Systems,Buenos Aires,"March 26, 2022",,
598,"Peter Wright, a spokesperson for Lakeside Medical Center, confirmed the release of a StreamCast speaker for $120 on October 26, 2016.","Peter Wright; Lakeside Medical Center; October 26, 2016; $120; a StreamCast speaker",PERSON; ORG; DATE; MONEY; PRODUCT,Peter Wright,Lakeside Medical Center,,"October 26, 2016",$120,StreamCast speaker
599,"Redstone Consulting partnered with a university in Manila to research a ProGrip tennis racket technology, Samuel Fernandez reported.",Samuel Fernandez; Redstone Consulting; Manila; a ProGrip tennis racket,PERSON; ORG; GPE; PRODUCT,Samuel Fernandez,Redstone Consulting,Manila,,,ProGrip tennis racket
600,"Daniel Taylor joined NextGen Software Labs in Buenos Aires on July 13, 2022 to launch the CloudDesk chair.","Daniel Taylor; NextGen Software Labs; Buenos Aires; July 13, 2022; the CloudDesk chair",PERSON; ORG; GPE; DATE; PRODUCT,Daniel Taylor,NextGen Software Labs,Buenos Aires,"July 13, 2022",,CloudDesk chair
601,"Grace Taylor joined Vertex Analytics in Zurich on June 24, 2025 to launch the QuickBrew coffee maker.","Grace Taylor; Vertex Analytics; Zurich; June 24, 2025; the QuickBrew coffee maker",PERSON; ORG; GPE; DATE; PRODUCT,Grace Taylor,Vertex Analytics,Zurich,"June 24, 2025",,QuickBrew coffee maker
602,"Hana Chen, a spokesperson for Skyline Real Estate, confirmed the release of the AeroFit smartwatch for $19.99 on October 7, 2019.","Hana Chen; Skyline Real Estate; October 7, 2019; $19.99; the AeroFit smartwatch",PERSON; ORG; DATE; MONEY; PRODUCT,Hana Chen,Skyline Real Estate,,"October 7, 2019",$19.99,AeroFit smartwatch
603,"Lucas Walker joined Vertex Analytics in Osaka on April 26, 2018 to launch a ProGrip tennis racket.","Lucas Walker; Vertex Analytics; Osaka; April 26, 2018; a ProGrip tennis racket",PERSON; ORG; GPE; DATE; PRODUCT,Lucas Walker,Vertex Analytics,Osaka,"April 26, 2018",,ProGrip tennis racket
604,"Kevin Ivanov, a spokesperson for Ironwood Steel Works, confirmed the release of a TrailRunner backpack for $89.99 on July 16, 2025.","Kevin Ivanov; Ironwood Steel Works; July 16, 2025; $89.99; a TrailRunner backpack",PERSON; ORG; DATE; MONEY; PRODUCT,Kevin Ivanov,Ironwood Steel Works,,"July 16, 2025",$89.99,TrailRunner backpack
605,"George Wright, a spokesperson for Cedar Grove Hospital, confirmed the release of a ProGrip tennis racket for $120 on March 4, 2018.","George Wright; Cedar Grove Hospital; March 4, 2018; $120; a ProGrip tennis racket",PERSON; ORG; DATE; MONEY; PRODUCT,George Wright,Cedar Grove Hospital,,"March 4, 2018",$120,ProGrip tennis racket
606,"Northfield University partnered with a university in Santiago to research the PixelView monitor technology, Victor Osei reported.",Victor Osei; Northfield University; Santiago; the PixelView monitor,PERSON; ORG; GPE; PRODUCT,Victor Osei,Northfield University,Santiago,,,PixelView monitor
607,"Falcon Logistics announced that Adaeze Müller will lead the new office in Prague starting December 16, 2023.","Adaeze Müller; Falcon Logistics; Prague; December 16, 2023",PERSON; ORG; GPE; DATE,Adaeze Müller,Falcon Logistics,Prague,"December 16, 2023",,
608,Carlos Young traveled from Denver to Zurich to negotiate a deal worth $199 with Quantum Innovations.,Carlos Young; Quantum Innovations; Denver; Zurich; $199,PERSON; ORG; GPE; GPE; MONEY,Carlos Young,Quantum Innovations,"Denver, Zurich",,$199,
609,"Delta Cloud Services announced that Emma Fernandez will lead the new office in Dublin starting June 28, 2016.","Emma Fernandez; Delta Cloud Services; Dublin; June 28, 2016",PERSON; ORG; GPE; DATE,Emma Fernandez,Delta Cloud Services,Dublin,"June 28, 2016",,
610,"On November 22, 2015, Golden Gate Retailers opened a new branch in Berlin, Australia, appointing Kevin Lewis as director.","Kevin Lewis; Golden Gate Retailers; Australia; Berlin; November 22, 2015",PERSON; ORG; GPE; GPE; DATE,Kevin Lewis,Golden Gate Retailers,"Australia, Berlin","November 22, 2015",,
611,"Oakwood Publishing House partnered with a university in Prague to research a StreamCast speaker technology, Ethan Hall reported.",Ethan Hall; Oakwood Publishing House; Prague; a StreamCast speaker,PERSON; ORG; GPE; PRODUCT,Ethan Hall,Oakwood Publishing House,Prague,,,StreamCast speaker
612,Carlos Petrov traveled from Lisbon to Vancouver to negotiate a deal worth $199 with Union Manufacturing Corp..,Carlos Petrov; Union Manufacturing Corp.; Lisbon; Vancouver; $199,PERSON; ORG; GPE; GPE; MONEY,Carlos Petrov,Union Manufacturing Corp.,"Lisbon, Vancouver",,$199,
613,"Lucas Kim, a spokesperson for Delta Cloud Services, confirmed the release of the QuickBrew coffee maker for $15 on August 14, 2019.","Lucas Kim; Delta Cloud Services; August 14, 2019; $15; the QuickBrew coffee maker",PERSON; ORG; DATE; MONEY; PRODUCT,Lucas Kim,Delta Cloud Services,,"August 14, 2019",$15,QuickBrew coffee maker
614,"On November 21, 2022, Riverside Bank opened a new branch in Vancouver, the Czech Republic, appointing Charlotte Nguyen as director.","Charlotte Nguyen; Riverside Bank; Vancouver; the Czech Republic; November 21, 2022",PERSON; ORG; GPE; GPE; DATE,Charlotte Nguyen,Riverside Bank,"Vancouver, the Czech Republic","November 21, 2022",,
615,"Golden Gate Retailers announced that Hassan Patel will lead the new office in Prague starting February 20, 2017.","Hassan Patel; Golden Gate Retailers; Prague; February 20, 2017",PERSON; ORG; GPE; DATE,Hassan Patel,Golden Gate Retailers,Prague,"February 20, 2017",,
616,"The board at Oakwood Publishing House approved a $45.50 investment in Marrakesh after Ibrahim Smith's presentation on September 9, 2016.","Ibrahim Smith; Oakwood Publishing House; Marrakesh; September 9, 2016; $45.50",PERSON; ORG; GPE; DATE; MONEY,Ibrahim Smith,Oakwood Publishing House,Marrakesh,"September 9, 2016",$45.50,
617,"The board at Oakwood Publishing House approved a $250 investment in Dublin after Carlos Nguyen's presentation on March 12, 2016.","Carlos Nguyen; Oakwood Publishing House; Dublin; March 12, 2016; $250",PERSON; ORG; GPE; DATE; MONEY,Carlos Nguyen,Oakwood Publishing House,Dublin,"March 12, 2016",$250,
618,"Harborview College partnered with a university in Marrakesh to research the ChefMate blender technology, Emma Lewis reported.",Emma Lewis; Harborview College; Marrakesh; the ChefMate blender,PERSON; ORG; GPE; PRODUCT,Emma Lewis,Harborview College,Marrakesh,,,ChefMate blender
619,"During the conference in Buenos Aires, Nina Hall from Skyline Real Estate unveiled a NightOwl reading lamp priced at $75.",Nina Hall; Skyline Real Estate; Buenos Aires; $75; a NightOwl reading lamp,PERSON; ORG; GPE; MONEY; PRODUCT,Nina Hall,Skyline Real Estate,Buenos Aires,,$75,NightOwl reading lamp
620,Yuki Green traveled from Denver to Vancouver to negotiate a deal worth $199 with Oakwood Publishing House.,Yuki Green; Oakwood Publishing House; Denver; Vancouver; $199,PERSON; ORG; GPE; GPE; MONEY,Yuki Green,Oakwood Publishing House,"Denver, Vancouver",,$199,
621,"Riverside Bank partnered with a university in Bangkok to research a SunBeam solar charger technology, Grace Chen reported.",Grace Chen; Riverside Bank; Bangkok; a SunBeam solar charger,PERSON; ORG; GPE; PRODUCT,Grace Chen,Riverside Bank,Bangkok,,,SunBeam solar charger
622,"Nadia Wright, a spokesperson for BrightFuture Foundation, confirmed the release of the AeroFit smartwatch for $49.99 on March 1, 2015.","Nadia Wright; BrightFuture Foundation; March 1, 2015; $49.99; the AeroFit smartwatch",PERSON; ORG; DATE; MONEY; PRODUCT,Nadia Wright,BrightFuture Foundation,,"March 1, 2015",$49.99,AeroFit smartwatch
623,"On September 26, 2019, Oakwood Publishing House opened a new branch in Dublin, Kenya, appointing Ahmed Okafor as director.","Ahmed Okafor; Oakwood Publishing House; Dublin; Kenya; September 26, 2019",PERSON; ORG; GPE; GPE; DATE,Ahmed Okafor,Oakwood Publishing House,"Dublin, Kenya","September 26, 2019",,
624,Nadia Dubois traveled from Osaka to Nairobi to negotiate a deal worth $350 with Pioneer Research Institute.,Nadia Dubois; Pioneer Research Institute; Nairobi; Osaka; $350,PERSON; ORG; GPE; GPE; MONEY,Nadia Dubois,Pioneer Research Institute,"Nairobi, Osaka",,$350,
625,"During the conference in Lisbon, Ibrahim Kowalski from Harborview College unveiled a SunBeam solar charger priced at $89.99.",Ibrahim Kowalski; Harborview College; Lisbon; $89.99; a SunBeam solar charger,PERSON; ORG; GPE; MONEY; PRODUCT,Ibrahim Kowalski,Harborview College,Lisbon,,$89.99,SunBeam solar charger
626,"Lakeside Medical Center announced that Maria Osei will lead the new office in Zurich starting May 2, 2017.","Maria Osei; Lakeside Medical Center; Zurich; May 2, 2017",PERSON; ORG; GPE; DATE,Maria Osei,Lakeside Medical Center,Zurich,"May 2, 2017",,
627,"Pioneer Research Institute announced that Adaeze Ivanov will lead the new office in Warsaw starting November 4, 2017.","Adaeze Ivanov; Pioneer Research Institute; Warsaw; November 4, 2017",PERSON; ORG; GPE; DATE,Adaeze Ivanov,Pioneer Research Institute,Warsaw,"November 4, 2017",,
628,"Chloe Smith, a spokesperson for Maple Street School District, confirmed the release of a StreamCast speaker for $120 on April 24, 2024.","Chloe Smith; Maple Street School District; April 24, 2024; $120; a StreamCast speaker",PERSON; ORG; DATE; MONEY; PRODUCT,Chloe Smith,Maple Street School District,,"April 24, 2024",$120,StreamCast speaker
629,Noah King traveled from Warsaw to Helsinki to negotiate a deal worth $499.99 with Skyline Real Estate.,Noah King; Skyline Real Estate; Helsinki; Warsaw; $499.99,PERSON; ORG; GPE; GPE; MONEY,Noah King,Skyline Real Estate,"Helsinki, Warsaw",,$499.99,
630,Anna Baker traveled from Amsterdam to Bangkok to negotiate a deal worth $30.75 with Riverside Bank.,Anna Baker; Riverside Bank; Amsterdam; Bangkok; $30.75,PERSON; ORG; GPE; GPE; MONEY,Anna Baker,Riverside Bank,"Amsterdam, Bangkok",,$30.75,
631,"Northfield University announced that Felix Nguyen will lead the new office in Edinburgh starting November 12, 2016.","Felix Nguyen; Northfield University; Edinburgh; November 12, 2016",PERSON; ORG; GPE; DATE,Felix Nguyen,Northfield University,Edinburgh,"November 12, 2016",,
632,"Golden Gate Retailers announced that Elena Patel will lead the new office in Melbourne starting April 6, 2020.","Elena Patel; Golden Gate Retailers; Melbourne; April 6, 2020",PERSON; ORG; GPE; DATE,Elena Patel,Golden Gate Retailers,Melbourne,"April 6, 2020",,
633,"During the conference in Stockholm, Mei Anderson from Pioneer Research Institute unveiled the SmartHome Hub priced at $45.50.",Mei Anderson; Pioneer Research Institute; Stockholm; $45.50; the SmartHome Hub,PERSON; ORG; GPE; MONEY; PRODUCT,Mei Anderson,Pioneer Research Institute,Stockholm,,$45.50,SmartHome Hub
634,"The board at BrightFuture Foundation approved a $120 investment in Amsterdam after Adaeze Fernandez's presentation on March 20, 2018.","Adaeze Fernandez; BrightFuture Foundation; Amsterdam; March 20, 2018; $120",PERSON; ORG; GPE; DATE; MONEY,Adaeze Fernandez,BrightFuture Foundation,Amsterdam,"March 20, 2018",$120,
635,"On February 7, 2022, Oakwood Publishing House opened a new branch in Amsterdam, the Czech Republic, appointing Mark Kim as director.","Mark Kim; Oakwood Publishing House; Amsterdam; the Czech Republic; February 7, 2022",PERSON; ORG; GPE; GPE; DATE,Mark Kim,Oakwood Publishing House,"Amsterdam, the Czech Republic","February 7, 2022",,
636,"On February 16, 2024, Vertex Analytics opened a new branch in Nairobi, Malaysia, appointing Yuki Nguyen as director.","Yuki Nguyen; Vertex Analytics; Malaysia; Nairobi; February 16, 2024",PERSON; ORG; GPE; GPE; DATE,Yuki Nguyen,Vertex Analytics,"Malaysia, Nairobi","February 16, 2024",,
637,Carlos Hall traveled from Bangkok to Warsaw to negotiate a deal worth $15 with Evergreen Energy Co..,Carlos Hall; Evergreen Energy Co.; Bangkok; Warsaw; $15,PERSON; ORG; GPE; GPE; MONEY,Carlos Hall,Evergreen Energy Co.,"Bangkok, Warsaw",,$15,
638,"Coastal Insurance Co. partnered with a university in Manila to research the AeroFit smartwatch technology, Felix Wright reported.",Felix Wright; Coastal Insurance Co.; Manila; the AeroFit smartwatch,PERSON; ORG; GPE; PRODUCT,Felix Wright,Coastal Insurance Co.,Manila,,,AeroFit smartwatch
639,"Harborview College partnered with a university in Vancouver to research the ChefMate blender technology, Noah Green reported.",Noah Green; Harborview College; Vancouver; the ChefMate blender,PERSON; ORG; GPE; PRODUCT,Noah Green,Harborview College,Vancouver,,,ChefMate blender
640,"On April 23, 2024, Union Manufacturing Corp. opened a new branch in Zurich, Ireland, appointing Hassan Petrov as director.","Hassan Petrov; Union Manufacturing Corp.; Ireland; Zurich; April 23, 2024",PERSON; ORG; GPE; GPE; DATE,Hassan Petrov,Union Manufacturing Corp.,"Ireland, Zurich","April 23, 2024",,
641,"During the conference in Denver, Noah Baker from Silverline Motors unveiled a TrailRunner backpack priced at $199.",Noah Baker; Silverline Motors; Denver; $199; a TrailRunner backpack,PERSON; ORG; GPE; MONEY; PRODUCT,Noah Baker,Silverline Motors,Denver,,$199,TrailRunner backpack
642,"On January 9, 2019, Union Manufacturing Corp. opened a new branch in Buenos Aires, Argentina, appointing Liam Nguyen as director.","Liam Nguyen; Union Manufacturing Corp.; Argentina; Buenos Aires; January 9, 2019",PERSON; ORG; GPE; GPE; DATE,Liam Nguyen,Union Manufacturing Corp.,"Argentina, Buenos Aires","January 9, 2019",,
643,"Chen Okafor, a spokesperson for Zenith Pharmaceuticals, confirmed the release of the SmartHome Hub for $15 on December 18, 2021.","Chen Okafor; Zenith Pharmaceuticals; December 18, 2021; $15; the SmartHome Hub",PERSON; ORG; DATE; MONEY; PRODUCT,Chen Okafor,Zenith Pharmaceuticals,,"December 18, 2021",$15,SmartHome Hub
644,"Felix Khan joined Golden Gate Retailers in Stockholm on October 21, 2015 to launch a ProGrip tennis racket.","Felix Khan; Golden Gate Retailers; Stockholm; October 21, 2015; a ProGrip tennis racket",PERSON; ORG; GPE; DATE; PRODUCT,Felix Khan,Golden Gate Retailers,Stockholm,"October 21, 2015",,ProGrip tennis racket
645,"Maria Fernandez joined Evergreen Energy Co. in Nairobi on October 5, 2020 to launch a NovaBook Pro laptop.","Maria Fernandez; Evergreen Energy Co.; Nairobi; October 5, 2020; a NovaBook Pro laptop",PERSON; ORG; GPE; DATE; PRODUCT,Maria Fernandez,Evergreen Energy Co.,Nairobi,"October 5, 2020",,NovaBook Pro laptop
646,Anna Smith traveled from Jakarta to Manila to negotiate a deal worth $75 with Maple Street School District.,Anna Smith; Maple Street School District; Jakarta; Manila; $75,PERSON; ORG; GPE; GPE; MONEY,Anna Smith,Maple Street School District,"Jakarta, Manila",,$75,
647,"The board at Lakeside Medical Center approved a $120 investment in Cairo after Hana Patel's presentation on November 8, 2016.","Hana Patel; Lakeside Medical Center; Cairo; November 8, 2016; $120",PERSON; ORG; GPE; DATE; MONEY,Hana Patel,Lakeside Medical Center,Cairo,"November 8, 2016",$120,
648,Mateus Nguyen traveled from Mumbai to Cairo to negotiate a deal worth $250 with Silverline Motors.,Mateus Nguyen; Silverline Motors; Cairo; Mumbai; $250,PERSON; ORG; GPE; GPE; MONEY,Mateus Nguyen,Silverline Motors,"Cairo, Mumbai",,$250,
649,"Falcon Logistics partnered with a university in Cape Town to research a SunBeam solar charger technology, Hana Wright reported.",Hana Wright; Falcon Logistics; Cape Town; a SunBeam solar charger,PERSON; ORG; GPE; PRODUCT,Hana Wright,Falcon Logistics,Cape Town,,,SunBeam solar charger
650,"The board at Harborview College approved a $199 investment in Dublin after Yuki Nguyen's presentation on April 7, 2021.","Yuki Nguyen; Harborview College; Dublin; April 7, 2021; $199",PERSON; ORG; GPE; DATE; MONEY,Yuki Nguyen,Harborview College,Dublin,"April 7, 2021",$199,
651,"The board at Quantum Innovations approved a $49.99 investment in Cape Town after Tom Walker's presentation on February 5, 2018.","Tom Walker; Quantum Innovations; Cape Town; February 5, 2018; $49.99",PERSON; ORG; GPE; DATE; MONEY,Tom Walker,Quantum Innovations,Cape Town,"February 5, 2018",$49.99,
652,"Julia Scott, a spokesperson for Falcon Logistics, confirmed the release of the GreenLeaf water bottle for $45.50 on May 24, 2018.","Julia Scott; Falcon Logistics; May 24, 2018; $45.50; the GreenLeaf water bottle",PERSON; ORG; DATE; MONEY; PRODUCT,Julia Scott,Falcon Logistics,,"May 24, 2018",$45.50,GreenLeaf water bottle
653,"During the conference in Stockholm, Maria Chen from Harborview College unveiled the SmartHome Hub priced at $199.",Maria Chen; Harborview College; Stockholm; $199; the SmartHome Hub,PERSON; ORG; GPE; MONEY; PRODUCT,Maria Chen,Harborview College,Stockholm,,$199,SmartHome Hub
654,Daniel Baker traveled from Melbourne to Mumbai to negotiate a deal worth $499.99 with Union Manufacturing Corp..,Daniel Baker; Union Manufacturing Corp.; Melbourne; Mumbai; $499.99,PERSON; ORG; GPE; GPE; MONEY,Daniel Baker,Union Manufacturing Corp.,"Melbourne, Mumbai",,$499.99,
655,"The board at Cedar Grove Hospital approved a $89.99 investment in Buenos Aires after Ibrahim Anderson's presentation on July 8, 2017.","Ibrahim Anderson; Cedar Grove Hospital; Buenos Aires; July 8, 2017; $89.99",PERSON; ORG; GPE; DATE; MONEY,Ibrahim Anderson,Cedar Grove Hospital,Buenos Aires,"July 8, 2017",$89.99,
656,"Blue Horizon Airlines announced that Ravi Petrov will lead the new office in Denver starting September 21, 2023.","Ravi Petrov; Blue Horizon Airlines; Denver; September 21, 2023",PERSON; ORG; GPE; DATE,Ravi Petrov,Blue Horizon Airlines,Denver,"September 21, 2023",,
657,"On March 5, 2017, Evergreen Energy Co. opened a new branch in Cairo, South Korea, appointing Lucas Smith as director.","Lucas Smith; Evergreen Energy Co.; Cairo; South Korea; March 5, 2017",PERSON; ORG; GPE; GPE; DATE,Lucas Smith,Evergreen Energy Co.,"Cairo, South Korea","March 5, 2017",,
658,"During the conference in Vancouver, Emma Young from Vertex Analytics unveiled the CloudDesk chair priced at $1,200.","Emma Young; Vertex Analytics; Vancouver; $1,200; the CloudDesk chair",PERSON; ORG; GPE; MONEY; PRODUCT,Emma Young,Vertex Analytics,Vancouver,,"$1,200",CloudDesk chair
659,"Falcon Logistics partnered with a university in Wellington to research a NovaBook Pro laptop technology, Nina Novak reported.",Nina Novak; Falcon Logistics; Wellington; a NovaBook Pro laptop,PERSON; ORG; GPE; PRODUCT,Nina Novak,Falcon Logistics,Wellington,,,NovaBook Pro laptop
660,"Olivia Chen joined Pioneer Research Institute in Berlin on April 18, 2023 to launch a TrailRunner backpack.","Olivia Chen; Pioneer Research Institute; Berlin; April 18, 2023; a TrailRunner backpack",PERSON; ORG; GPE; DATE; PRODUCT,Olivia Chen,Pioneer Research Institute,Berlin,"April 18, 2023",,TrailRunner backpack
661,Ahmed Petrov traveled from Denver to Warsaw to negotiate a deal worth $499.99 with Northfield University.,Ahmed Petrov; Northfield University; Denver; Warsaw; $499.99,PERSON; ORG; GPE; GPE; MONEY,Ahmed Petrov,Northfield University,"Denver, Warsaw",,$499.99,
662,"During the conference in Copenhagen, Mateus Scott from Ironwood Steel Works unveiled a NovaBook Pro laptop priced at $30.75.",Mateus Scott; Ironwood Steel Works; Copenhagen; $30.75; a NovaBook Pro laptop,PERSON; ORG; GPE; MONEY; PRODUCT,Mateus Scott,Ironwood Steel Works,Copenhagen,,$30.75,NovaBook Pro laptop
663,"Ingrid Osei, a spokesperson for Delta Cloud Services, confirmed the release of a ProGrip tennis racket for $199 on March 14, 2015.","Ingrid Osei; Delta Cloud Services; March 14, 2015; $199; a ProGrip tennis racket",PERSON; ORG; DATE; MONEY; PRODUCT,Ingrid Osei,Delta Cloud Services,,"March 14, 2015",$199,ProGrip tennis racket
664,"Victor Novak, a spokesperson for Golden Gate Retailers, confirmed the release of the CloudDesk chair for $45.50 on August 14, 2020.","Victor Novak; Golden Gate Retailers; August 14, 2020; $45.50; the CloudDesk chair",PERSON; ORG; DATE; MONEY; PRODUCT,Victor Novak,Golden Gate Retailers,,"August 14, 2020",$45.50,CloudDesk chair
665,"The board at NextGen Software Labs approved a $199 investment in Austin after Layla Nguyen's presentation on June 14, 2016.","Layla Nguyen; NextGen Software Labs; Austin; June 14, 2016; $199",PERSON; ORG; GPE; DATE; MONEY,Layla Nguyen,NextGen Software Labs,Austin,"June 14, 2016",$199,
666,"Union Manufacturing Corp. partnered with a university in Melbourne to research a NightOwl reading lamp technology, James Wright reported.",James Wright; Union Manufacturing Corp.; Melbourne; a NightOwl reading lamp,PERSON; ORG; GPE; PRODUCT,James Wright,Union Manufacturing Corp.,Melbourne,,,NightOwl reading lamp
667,"Amara Novak joined Skyline Real Estate in Austin on July 24, 2021 to launch the GreenLeaf water bottle.","Amara Novak; Skyline Real Estate; Austin; July 24, 2021; the GreenLeaf water bottle",PERSON; ORG; GPE; DATE; PRODUCT,Amara Novak,Skyline Real Estate,Austin,"July 24, 2021",,GreenLeaf water bottle
668,"Aurora Data Systems announced that Zainab King will lead the new office in Seoul starting January 16, 2017.","Zainab King; Aurora Data Systems; Seoul; January 16, 2017",PERSON; ORG; GPE; DATE,Zainab King,Aurora Data Systems,Seoul,"January 16, 2017",,
669,"On November 9, 2021, Brightline Technologies opened a new branch in Wellington, Egypt, appointing Layla Ivanov as director.","Layla Ivanov; Brightline Technologies; Egypt; Wellington; November 9, 2021",PERSON; ORG; GPE; GPE; DATE,Layla Ivanov,Brightline Technologies,"Egypt, Wellington","November 9, 2021",,
670,"Harborview College partnered with a university in Santiago to research a TrailRunner backpack technology, Ravi Taylor reported.",Ravi Taylor; Harborview College; Santiago; a TrailRunner backpack,PERSON; ORG; GPE; PRODUCT,Ravi Taylor,Harborview College,Santiago,,,TrailRunner backpack
671,"On December 10, 2025, Lakeside Medical Center opened a new branch in Stockholm, Chile, appointing Samuel Müller as director.","Samuel Müller; Lakeside Medical Center; Chile; Stockholm; December 10, 2025",PERSON; ORG; GPE; GPE; DATE,Samuel Müller,Lakeside Medical Center,"Chile, Stockholm","December 10, 2025",,
672,"Nina Kim joined Pioneer Research Institute in Osaka on April 23, 2022 to launch a ProGrip tennis racket.","Nina Kim; Pioneer Research Institute; Osaka; April 23, 2022; a ProGrip tennis racket",PERSON; ORG; GPE; DATE; PRODUCT,Nina Kim,Pioneer Research Institute,Osaka,"April 23, 2022",,ProGrip tennis racket
673,"During the conference in Bangkok, James Kowalski from Redstone Consulting unveiled the PixelView monitor priced at $1,200.","James Kowalski; Redstone Consulting; Bangkok; $1,200; the PixelView monitor",PERSON; ORG; GPE; MONEY; PRODUCT,James Kowalski,Redstone Consulting,Bangkok,,"$1,200",PixelView monitor
674,"On September 26, 2016, Cedar Grove Hospital opened a new branch in Buenos Aires, Indonesia, appointing Ravi Patel as director.","Ravi Patel; Cedar Grove Hospital; Buenos Aires; Indonesia; September 26, 2016",PERSON; ORG; GPE; GPE; DATE,Ravi Patel,Cedar Grove Hospital,"Buenos Aires, Indonesia","September 26, 2016",,
675,"The board at Cedar Grove Hospital approved a $199 investment in Wellington after Lucas Walker's presentation on March 19, 2020.","Lucas Walker; Cedar Grove Hospital; Wellington; March 19, 2020; $199",PERSON; ORG; GPE; DATE; MONEY,Lucas Walker,Cedar Grove Hospital,Wellington,"March 19, 2020",$199,
676,"During the conference in Zurich, Priya Chen from Northfield University unveiled a ProGrip tennis racket priced at $199.",Priya Chen; Northfield University; Zurich; $199; a ProGrip tennis racket,PERSON; ORG; GPE; MONEY; PRODUCT,Priya Chen,Northfield University,Zurich,,$199,ProGrip tennis racket
677,"Lucas Wright, a spokesperson for Cedar Grove Hospital, confirmed the release of the FlexFit yoga mat for $89.99 on May 22, 2018.","Lucas Wright; Cedar Grove Hospital; May 22, 2018; $89.99; the FlexFit yoga mat",PERSON; ORG; DATE; MONEY; PRODUCT,Lucas Wright,Cedar Grove Hospital,,"May 22, 2018",$89.99,FlexFit yogmat
678,"Silverline Motors announced that Emma Wright will lead the new office in Denver starting January 25, 2024.","Emma Wright; Silverline Motors; Denver; January 25, 2024",PERSON; ORG; GPE; DATE,Emma Wright,Silverline Motors,Denver,"January 25, 2024",,
679,"During the conference in Osaka, Julia Anderson from Zenith Pharmaceuticals unveiled a NightOwl reading lamp priced at $9.99.",Julia Anderson; Zenith Pharmaceuticals; Osaka; $9.99; a NightOwl reading lamp,PERSON; ORG; GPE; MONEY; PRODUCT,Julia Anderson,Zenith Pharmaceuticals,Osaka,,$9.99,NightOwl reading lamp
680,"The board at Vertex Analytics approved a $24.50 investment in Dublin after Wei Haddad's presentation on November 8, 2022.","Wei Haddad; Vertex Analytics; Dublin; November 8, 2022; $24.50",PERSON; ORG; GPE; DATE; MONEY,Wei Haddad,Vertex Analytics,Dublin,"November 8, 2022",$24.50,
681,"Hassan Wright joined Zenith Pharmaceuticals in Jakarta on November 20, 2017 to launch the ChefMate blender.","Hassan Wright; Zenith Pharmaceuticals; Jakarta; November 20, 2017; the ChefMate blender",PERSON; ORG; GPE; DATE; PRODUCT,Hassan Wright,Zenith Pharmaceuticals,Jakarta,"November 20, 2017",,ChefMate blender
682,"During the conference in Denver, Charlotte Hall from Blue Horizon Airlines unveiled the FlexFit yoga mat priced at $24.50.",Charlotte Hall; Blue Horizon Airlines; Denver; $24.50; the FlexFit yoga mat,PERSON; ORG; GPE; MONEY; PRODUCT,Charlotte Hall,Blue Horizon Airlines,Denver,,$24.50,FlexFit yogmat
683,"BrightFuture Foundation partnered with a university in Dublin to research a StreamCast speaker technology, Liam Kowalski reported.",Liam Kowalski; BrightFuture Foundation; Dublin; a StreamCast speaker,PERSON; ORG; GPE; PRODUCT,Liam Kowalski,BrightFuture Foundation,Dublin,,,StreamCast speaker
684,"On June 16, 2017, Meridian Financial Group opened a new branch in Edinburgh, Japan, appointing Kevin Fernandez as director.","Kevin Fernandez; Meridian Financial Group; Edinburgh; Japan; June 16, 2017",PERSON; ORG; GPE; GPE; DATE,Kevin Fernandez,Meridian Financial Group,"Edinburgh, Japan","June 16, 2017",,
685,"Vertex Analytics announced that David Smith will lead the new office in Marrakesh starting May 20, 2017.","David Smith; Vertex Analytics; Marrakesh; May 20, 2017",PERSON; ORG; GPE; DATE,David Smith,Vertex Analytics,Marrakesh,"May 20, 2017",,
686,Sofia Johansson traveled from Seoul to Jakarta to negotiate a deal worth $75 with Pioneer Research Institute.,Sofia Johansson; Pioneer Research Institute; Jakarta; Seoul; $75,PERSON; ORG; GPE; GPE; MONEY,Sofia Johansson,Pioneer Research Institute,"Jakarta, Seoul",,$75,
687,"On August 9, 2018, Aurora Data Systems opened a new branch in Stockholm, South Korea, appointing Yuki Patel as director.","Yuki Patel; Aurora Data Systems; South Korea; Stockholm; August 9, 2018",PERSON; ORG; GPE; GPE; DATE,Yuki Patel,Aurora Data Systems,"South Korea, Stockholm","August 9, 2018",,
688,"On January 2, 2018, Summit Robotics Inc. opened a new branch in Mumbai, Chile, appointing Chloe Moore as director.","Chloe Moore; Summit Robotics Inc.; Chile; Mumbai; January 2, 2018",PERSON; ORG; GPE; GPE; DATE,Chloe Moore,Summit Robotics Inc.,"Chile, Mumbai","January 2, 2018",,
689,"Northfield University partnered with a university in Kuala Lumpur to research a NightOwl reading lamp technology, David Petrov reported.",David Petrov; Northfield University; Kuala Lumpur; a NightOwl reading lamp,PERSON; ORG; GPE; PRODUCT,David Petrov,Northfield University,Kuala Lumpur,,,NightOwl reading lamp
690,Nadia Wilson traveled from Austin to Osaka to negotiate a deal worth $9.99 with NextGen Software Labs.,Nadia Wilson; NextGen Software Labs; Austin; Osaka; $9.99,PERSON; ORG; GPE; GPE; MONEY,Nadia Wilson,NextGen Software Labs,"Austin, Osaka",,$9.99,
691,"Redstone Consulting partnered with a university in Jakarta to research a StreamCast speaker technology, Adaeze King reported.",Adaeze King; Redstone Consulting; Jakarta; a StreamCast speaker,PERSON; ORG; GPE; PRODUCT,Adaeze King,Redstone Consulting,Jakarta,,,StreamCast speaker
692,"Wei Lewis joined NextGen Software Labs in Zurich on May 11, 2018 to launch the FreshAir purifier.","Wei Lewis; NextGen Software Labs; Zurich; May 11, 2018; the FreshAir purifier",PERSON; ORG; GPE; DATE; PRODUCT,Wei Lewis,NextGen Software Labs,Zurich,"May 11, 2018",,FreshAir purifier
693,"During the conference in Manila, Mateus Wright from Falcon Logistics unveiled the FlexFit yoga mat priced at $75.",Mateus Wright; Falcon Logistics; Manila; $75; the FlexFit yoga mat,PERSON; ORG; GPE; MONEY; PRODUCT,Mateus Wright,Falcon Logistics,Manila,,$75,FlexFit yogmat
694,"Emma Fernandez, a spokesperson for Lakeside Medical Center, confirmed the release of a SoundWave headset for $120 on January 27, 2025.","Emma Fernandez; Lakeside Medical Center; January 27, 2025; $120; a SoundWave headset",PERSON; ORG; DATE; MONEY; PRODUCT,Emma Fernandez,Lakeside Medical Center,,"January 27, 2025",$120,SoundWave headset
695,"Global Trade Partners partnered with a university in Dublin to research the QuickBrew coffee maker technology, Sofia Petrov reported.",Sofia Petrov; Global Trade Partners; Dublin; the QuickBrew coffee maker,PERSON; ORG; GPE; PRODUCT,Sofia Petrov,Global Trade Partners,Dublin,,,QuickBrew coffee maker
696,"On July 13, 2021, Riverside Bank opened a new branch in Mumbai, the Czech Republic, appointing Aisha Anderson as director.","Aisha Anderson; Riverside Bank; Mumbai; the Czech Republic; July 13, 2021",PERSON; ORG; GPE; GPE; DATE,Aisha Anderson,Riverside Bank,"Mumbai, the Czech Republic","July 13, 2021",,
697,Hassan Lewis traveled from Denver to Vancouver to negotiate a deal worth $24.50 with Coastal Insurance Co..,Hassan Lewis; Coastal Insurance Co.; Denver; Vancouver; $24.50,PERSON; ORG; GPE; GPE; MONEY,Hassan Lewis,Coastal Insurance Co.,"Denver, Vancouver",,$24.50,
698,"Maria Hall, a spokesperson for Zenith Pharmaceuticals, confirmed the release of a TrailRunner backpack for $250 on May 7, 2021.","Maria Hall; Zenith Pharmaceuticals; May 7, 2021; $250; a TrailRunner backpack",PERSON; ORG; DATE; MONEY; PRODUCT,Maria Hall,Zenith Pharmaceuticals,,"May 7, 2021",$250,TrailRunner backpack
699,Aisha Garcia traveled from Vancouver to Toronto to negotiate a deal worth $24.50 with Harborview College.,Aisha Garcia; Harborview College; Toronto; Vancouver; $24.50,PERSON; ORG; GPE; GPE; MONEY,Aisha Garcia,Harborview College,"Toronto, Vancouver",,$24.50,
700,"Zenith Pharmaceuticals partnered with a university in Edinburgh to research the FreshAir purifier technology, Nina Yamamoto reported.",Nina Yamamoto; Zenith Pharmaceuticals; Edinburgh; the FreshAir purifier,PERSON; ORG; GPE; PRODUCT,Nina Yamamoto,Zenith Pharmaceuticals,Edinburgh,,,FreshAir purifier
701,Tom Okafor traveled from Buenos Aires to Dublin to negotiate a deal worth $9.99 with Coastal Insurance Co..,Tom Okafor; Coastal Insurance Co.; Buenos Aires; Dublin; $9.99,PERSON; ORG; GPE; GPE; MONEY,Tom Okafor,Coastal Insurance Co.,"Buenos Aires, Dublin",,$9.99,
702,"Evergreen Energy Co. announced that Emma Brown will lead the new office in Bangkok starting May 6, 2022.","Emma Brown; Evergreen Energy Co.; Bangkok; May 6, 2022",PERSON; ORG; GPE; DATE,Emma Brown,Evergreen Energy Co.,Bangkok,"May 6, 2022",,
703,"George Scott joined Brightline Technologies in Denver on September 5, 2018 to launch the AeroFit smartwatch.","George Scott; Brightline Technologies; Denver; September 5, 2018; the AeroFit smartwatch",PERSON; ORG; GPE; DATE; PRODUCT,George Scott,Brightline Technologies,Denver,"September 5, 2018",,AeroFit smartwatch
704,"The board at Aurora Data Systems approved a $45.50 investment in Warsaw after Ethan King's presentation on August 3, 2023.","Ethan King; Aurora Data Systems; Warsaw; August 3, 2023; $45.50",PERSON; ORG; GPE; DATE; MONEY,Ethan King,Aurora Data Systems,Warsaw,"August 3, 2023",$45.50,
705,"The board at Golden Gate Retailers approved a $49.99 investment in Cape Town after Kevin Green's presentation on January 12, 2018.","Kevin Green; Golden Gate Retailers; Cape Town; January 12, 2018; $49.99",PERSON; ORG; GPE; DATE; MONEY,Kevin Green,Golden Gate Retailers,Cape Town,"January 12, 2018",$49.99,
706,"Maple Street School District partnered with a university in Prague to research a PureGlow skincare set technology, Grace Brown reported.",Grace Brown; Maple Street School District; Prague; a PureGlow skincare set,PERSON; ORG; GPE; PRODUCT,Grace Brown,Maple Street School District,Prague,,,PureGlow skincare set
707,"On August 8, 2020, Coastal Insurance Co. opened a new branch in Osaka, Ireland, appointing Liam Garcia as director.","Liam Garcia; Coastal Insurance Co.; Ireland; Osaka; August 8, 2020",PERSON; ORG; GPE; GPE; DATE,Liam Garcia,Coastal Insurance Co.,"Ireland, Osaka","August 8, 2020",,
708,"Lakeside Medical Center partnered with a university in Dublin to research a SnapShot camera technology, Sofia Brown reported.",Sofia Brown; Lakeside Medical Center; Dublin; a SnapShot camera,PERSON; ORG; GPE; PRODUCT,Sofia Brown,Lakeside Medical Center,Dublin,,,SnapShot camera
709,"Skyline Real Estate announced that Noah Johansson will lead the new office in Lisbon starting March 4, 2019.","Noah Johansson; Skyline Real Estate; Lisbon; March 4, 2019",PERSON; ORG; GPE; DATE,Noah Johansson,Skyline Real Estate,Lisbon,"March 4, 2019",,
710,"Riverside Bank announced that Peter Johansson will lead the new office in Berlin starting July 19, 2018.","Peter Johansson; Riverside Bank; Berlin; July 19, 2018",PERSON; ORG; GPE; DATE,Peter Johansson,Riverside Bank,Berlin,"July 19, 2018",,
711,"Daniel Anderson, a spokesperson for NextGen Software Labs, confirmed the release of a TrailRunner backpack for $15 on November 19, 2018.","Daniel Anderson; NextGen Software Labs; November 19, 2018; $15; a TrailRunner backpack",PERSON; ORG; DATE; MONEY; PRODUCT,Daniel Anderson,NextGen Software Labs,,"November 19, 2018",$15,TrailRunner backpack
712,"The board at Quantum Innovations approved a $24.50 investment in Berlin after Ravi Hall's presentation on April 7, 2018.","Ravi Hall; Quantum Innovations; Berlin; April 7, 2018; $24.50",PERSON; ORG; GPE; DATE; MONEY,Ravi Hall,Quantum Innovations,Berlin,"April 7, 2018",$24.50,
713,"During the conference in Zurich, Charlotte Anderson from Ironwood Steel Works unveiled the FreshAir purifier priced at $120.",Charlotte Anderson; Ironwood Steel Works; Zurich; $120; the FreshAir purifier,PERSON; ORG; GPE; MONEY; PRODUCT,Charlotte Anderson,Ironwood Steel Works,Zurich,,$120,FreshAir purifier
714,"Lakeside Medical Center announced that Tom Haddad will lead the new office in Berlin starting August 27, 2016.","Tom Haddad; Lakeside Medical Center; Berlin; August 27, 2016",PERSON; ORG; GPE; DATE,Tom Haddad,Lakeside Medical Center,Berlin,"August 27, 2016",,
715,"During the conference in Lisbon, Omar Yamamoto from Union Manufacturing Corp. unveiled a SnapShot camera priced at $75.",Omar Yamamoto; Union Manufacturing Corp.; Lisbon; $75; a SnapShot camera,PERSON; ORG; GPE; MONEY; PRODUCT,Omar Yamamoto,Union Manufacturing Corp.,Lisbon,,$75,SnapShot camera
716,"The board at Union Manufacturing Corp. approved a $99 investment in Berlin after Jack Haddad's presentation on January 11, 2019.","Jack Haddad; Union Manufacturing Corp.; Berlin; January 11, 2019; $99",PERSON; ORG; GPE; DATE; MONEY,Jack Haddad,Union Manufacturing Corp.,Berlin,"January 11, 2019",$99,
717,Layla Walker traveled from Amsterdam to Cairo to negotiate a deal worth $45.50 with Aurora Data Systems.,Layla Walker; Aurora Data Systems; Amsterdam; Cairo; $45.50,PERSON; ORG; GPE; GPE; MONEY,Layla Walker,Aurora Data Systems,"Amsterdam, Cairo",,$45.50,
718,"Samuel Taylor, a spokesperson for Pioneer Research Institute, confirmed the release of a SoundWave headset for $75 on December 10, 2017.","Samuel Taylor; Pioneer Research Institute; December 10, 2017; $75; a SoundWave headset",PERSON; ORG; DATE; MONEY; PRODUCT,Samuel Taylor,Pioneer Research Institute,,"December 10, 2017",$75,SoundWave headset
719,"Lakeside Medical Center partnered with a university in Toronto to research the QuickBrew coffee maker technology, Amara Novak reported.",Amara Novak; Lakeside Medical Center; Toronto; the QuickBrew coffee maker,PERSON; ORG; GPE; PRODUCT,Amara Novak,Lakeside Medical Center,Toronto,,,QuickBrew coffee maker
720,"Ibrahim Johansson joined Lakeside Medical Center in Mumbai on May 12, 2015 to launch a SunBeam solar charger.","Ibrahim Johansson; Lakeside Medical Center; Mumbai; May 12, 2015; a SunBeam solar charger",PERSON; ORG; GPE; DATE; PRODUCT,Ibrahim Johansson,Lakeside Medical Center,Mumbai,"May 12, 2015",,SunBeam solar charger
721,"Northfield University announced that Julia Nguyen will lead the new office in Nairobi starting November 21, 2017.","Julia Nguyen; Northfield University; Nairobi; November 21, 2017",PERSON; ORG; GPE; DATE,Julia Nguyen,Northfield University,Nairobi,"November 21, 2017",,
722,"The board at NextGen Software Labs approved a $30.75 investment in Zurich after Noah Kim's presentation on June 16, 2020.","Noah Kim; NextGen Software Labs; Zurich; June 16, 2020; $30.75",PERSON; ORG; GPE; DATE; MONEY,Noah Kim,NextGen Software Labs,Zurich,"June 16, 2020",$30.75,
723,Adaeze King traveled from Manila to Nairobi to negotiate a deal worth $99 with Harborview College.,Adaeze King; Harborview College; Manila; Nairobi; $99,PERSON; ORG; GPE; GPE; MONEY,Adaeze King,Harborview College,"Manila, Nairobi",,$99,
724,"On November 2, 2025, Skyline Real Estate opened a new branch in Edinburgh, Denmark, appointing Fatima Lewis as director.","Fatima Lewis; Skyline Real Estate; Denmark; Edinburgh; November 2, 2025",PERSON; ORG; GPE; GPE; DATE,Fatima Lewis,Skyline Real Estate,"Denmark, Edinburgh","November 2, 2025",,
725,Lucas Costa traveled from Austin to Vancouver to negotiate a deal worth $75 with Meridian Financial Group.,Lucas Costa; Meridian Financial Group; Austin; Vancouver; $75,PERSON; ORG; GPE; GPE; MONEY,Lucas Costa,Meridian Financial Group,"Austin, Vancouver",,$75,
726,"The board at Union Manufacturing Corp. approved a $199 investment in Copenhagen after Nadia Anderson's presentation on October 20, 2023.","Nadia Anderson; Union Manufacturing Corp.; Copenhagen; October 20, 2023; $199",PERSON; ORG; GPE; DATE; MONEY,Nadia Anderson,Union Manufacturing Corp.,Copenhagen,"October 20, 2023",$199,
727,"During the conference in Zurich, Priya Scott from Summit Robotics Inc. unveiled the TravelLite suitcase priced at $19.99.",Priya Scott; Summit Robotics Inc.; Zurich; $19.99; the TravelLite suitcase,PERSON; ORG; GPE; MONEY; PRODUCT,Priya Scott,Summit Robotics Inc.,Zurich,,$19.99,TravelLite suitcase
728,Leila Wilson traveled from Santiago to Wellington to negotiate a deal worth $49.99 with BrightFuture Foundation.,Leila Wilson; BrightFuture Foundation; Santiago; Wellington; $49.99,PERSON; ORG; GPE; GPE; MONEY,Leila Wilson,BrightFuture Foundation,"Santiago, Wellington",,$49.99,
729,Ravi Hall traveled from Stockholm to Helsinki to negotiate a deal worth $350 with Quantum Innovations.,Ravi Hall; Quantum Innovations; Helsinki; Stockholm; $350,PERSON; ORG; GPE; GPE; MONEY,Ravi Hall,Quantum Innovations,"Helsinki, Stockholm",,$350,
730,"On October 15, 2018, Vertex Analytics opened a new branch in Wellington, the Czech Republic, appointing Daniel Larsen as director.","Daniel Larsen; Vertex Analytics; Wellington; the Czech Republic; October 15, 2018",PERSON; ORG; GPE; GPE; DATE,Daniel Larsen,Vertex Analytics,"Wellington, the Czech Republic","October 15, 2018",,
731,"Delta Cloud Services announced that Ahmed Silva will lead the new office in Austin starting August 2, 2021.","Ahmed Silva; Delta Cloud Services; Austin; August 2, 2021",PERSON; ORG; GPE; DATE,Ahmed Silva,Delta Cloud Services,Austin,"August 2, 2021",,
732,"NextGen Software Labs partnered with a university in Helsinki to research the FlexFit yoga mat technology, Sofia Garcia reported.",Sofia Garcia; NextGen Software Labs; Helsinki; the FlexFit yoga mat,PERSON; ORG; GPE; PRODUCT,Sofia Garcia,NextGen Software Labs,Helsinki,,,FlexFit yogmat
733,Samuel Young traveled from Berlin to Manila to negotiate a deal worth $30.75 with Redstone Consulting.,Samuel Young; Redstone Consulting; Berlin; Manila; $30.75,PERSON; ORG; GPE; GPE; MONEY,Samuel Young,Redstone Consulting,"Berlin, Manila",,$30.75,
734,"Chloe Baker joined Pioneer Research Institute in Zurich on December 4, 2017 to launch the SmartHome Hub.","Chloe Baker; Pioneer Research Institute; Zurich; December 4, 2017; the SmartHome Hub",PERSON; ORG; GPE; DATE; PRODUCT,Chloe Baker,Pioneer Research Institute,Zurich,"December 4, 2017",,SmartHome Hub
735,"Chloe Nguyen, a spokesperson for Skyline Real Estate, confirmed the release of a RoadMaster bicycle for $9.99 on June 12, 2021.","Chloe Nguyen; Skyline Real Estate; June 12, 2021; $9.99; a RoadMaster bicycle",PERSON; ORG; DATE; MONEY; PRODUCT,Chloe Nguyen,Skyline Real Estate,,"June 12, 2021",$9.99,RoadMaster bicycle
736,"Victor Scott, a spokesperson for Blue Horizon Airlines, confirmed the release of the GreenLeaf water bottle for $75 on March 14, 2015.","Victor Scott; Blue Horizon Airlines; March 14, 2015; $75; the GreenLeaf water bottle",PERSON; ORG; DATE; MONEY; PRODUCT,Victor Scott,Blue Horizon Airlines,,"March 14, 2015",$75,GreenLeaf water bottle
737,"NextGen Software Labs announced that Mark Moore will lead the new office in Helsinki starting December 8, 2021.","Mark Moore; NextGen Software Labs; Helsinki; December 8, 2021",PERSON; ORG; GPE; DATE,Mark Moore,NextGen Software Labs,Helsinki,"December 8, 2021",,
738,"The board at Meridian Financial Group approved a $30.75 investment in Amsterdam after Aisha Khan's presentation on September 9, 2016.","Aisha Khan; Meridian Financial Group; Amsterdam; September 9, 2016; $30.75",PERSON; ORG; GPE; DATE; MONEY,Aisha Khan,Meridian Financial Group,Amsterdam,"September 9, 2016",$30.75,
739,Julia Costa traveled from Cape Town to Marrakesh to negotiate a deal worth $120 with Falcon Logistics.,Julia Costa; Falcon Logistics; Cape Town; Marrakesh; $120,PERSON; ORG; GPE; GPE; MONEY,Julia Costa,Falcon Logistics,"Cape Town, Marrakesh",,$120,
740,Chloe Baker traveled from Manila to Zurich to negotiate a deal worth $75 with NextGen Software Labs.,Chloe Baker; NextGen Software Labs; Manila; Zurich; $75,PERSON; ORG; GPE; GPE; MONEY,Chloe Baker,NextGen Software Labs,"Manila, Zurich",,$75,
741,"During the conference in Prague, Hassan Smith from Evergreen Energy Co. unveiled the FreshAir purifier priced at $45.50.",Hassan Smith; Evergreen Energy Co.; Prague; $45.50; the FreshAir purifier,PERSON; ORG; GPE; MONEY; PRODUCT,Hassan Smith,Evergreen Energy Co.,Prague,,$45.50,FreshAir purifier
742,"The board at Skyline Real Estate approved a $499.99 investment in Dublin after Nadia Haddad's presentation on November 18, 2017.","Nadia Haddad; Skyline Real Estate; Dublin; November 18, 2017; $499.99",PERSON; ORG; GPE; DATE; MONEY,Nadia Haddad,Skyline Real Estate,Dublin,"November 18, 2017",$499.99,
743,"Maple Street School District announced that Ingrid Petrov will lead the new office in Santiago starting October 20, 2018.","Ingrid Petrov; Maple Street School District; Santiago; October 20, 2018",PERSON; ORG; GPE; DATE,Ingrid Petrov,Maple Street School District,Santiago,"October 20, 2018",,
744,"On July 16, 2025, Falcon Logistics opened a new branch in Zurich, the Czech Republic, appointing Priya Haddad as director.","Priya Haddad; Falcon Logistics; Zurich; the Czech Republic; July 16, 2025",PERSON; ORG; GPE; GPE; DATE,Priya Haddad,Falcon Logistics,"Zurich, the Czech Republic","July 16, 2025",,
745,"On December 27, 2024, Vertex Analytics opened a new branch in Berlin, Finland, appointing Wei Kim as director.","Wei Kim; Vertex Analytics; Berlin; Finland; December 27, 2024",PERSON; ORG; GPE; GPE; DATE,Wei Kim,Vertex Analytics,"Berlin, Finland","December 27, 2024",,
746,"On December 11, 2019, Cedar Grove Hospital opened a new branch in Mumbai, Japan, appointing Olivia Suzuki as director.","Olivia Suzuki; Cedar Grove Hospital; Japan; Mumbai; December 11, 2019",PERSON; ORG; GPE; GPE; DATE,Olivia Suzuki,Cedar Grove Hospital,"Japan, Mumbai","December 11, 2019",,
747,"Julia Costa, a spokesperson for Meridian Financial Group, confirmed the release of a SunBeam solar charger for $9.99 on March 5, 2021.","Julia Costa; Meridian Financial Group; March 5, 2021; $9.99; a SunBeam solar charger",PERSON; ORG; DATE; MONEY; PRODUCT,Julia Costa,Meridian Financial Group,,"March 5, 2021",$9.99,SunBeam solar charger
748,"Mark Wilson, a spokesperson for Northfield University, confirmed the release of a SnapShot camera for $75 on August 7, 2022.","Mark Wilson; Northfield University; August 7, 2022; $75; a SnapShot camera",PERSON; ORG; DATE; MONEY; PRODUCT,Mark Wilson,Northfield University,,"August 7, 2022",$75,SnapShot camera
749,"Chen Costa joined Falcon Logistics in Nairobi on October 11, 2018 to launch a PureGlow skincare set.","Chen Costa; Falcon Logistics; Nairobi; October 11, 2018; a PureGlow skincare set",PERSON; ORG; GPE; DATE; PRODUCT,Chen Costa,Falcon Logistics,Nairobi,"October 11, 2018",,PureGlow skincare set
750,"On July 8, 2024, Northfield University opened a new branch in Lisbon, Kenya, appointing Fatima Petrov as director.","Fatima Petrov; Northfield University; Kenya; Lisbon; July 8, 2024",PERSON; ORG; GPE; GPE; DATE,Fatima Petrov,Northfield University,"Kenya, Lisbon","July 8, 2024",,
751,"Ibrahim Rossi joined Golden Gate Retailers in Austin on July 28, 2019 to launch the QuickBrew coffee maker.","Ibrahim Rossi; Golden Gate Retailers; Austin; July 28, 2019; the QuickBrew coffee maker",PERSON; ORG; GPE; DATE; PRODUCT,Ibrahim Rossi,Golden Gate Retailers,Austin,"July 28, 2019",,QuickBrew coffee maker
752,"The board at Riverside Bank approved a $499.99 investment in Wellington after Samuel Johansson's presentation on October 6, 2019.","Samuel Johansson; Riverside Bank; Wellington; October 6, 2019; $499.99",PERSON; ORG; GPE; DATE; MONEY,Samuel Johansson,Riverside Bank,Wellington,"October 6, 2019",$499.99,
753,"Ingrid Anderson joined Delta Cloud Services in Osaka on March 16, 2022 to launch the TravelLite suitcase.","Ingrid Anderson; Delta Cloud Services; Osaka; March 16, 2022; the TravelLite suitcase",PERSON; ORG; GPE; DATE; PRODUCT,Ingrid Anderson,Delta Cloud Services,Osaka,"March 16, 2022",,TravelLite suitcase
754,"On November 7, 2021, Evergreen Energy Co. opened a new branch in Amsterdam, Finland, appointing Charlotte Young as director.","Charlotte Young; Evergreen Energy Co.; Amsterdam; Finland; November 7, 2021",PERSON; ORG; GPE; GPE; DATE,Charlotte Young,Evergreen Energy Co.,"Amsterdam, Finland","November 7, 2021",,
755,"Liam Taylor, a spokesperson for Falcon Logistics, confirmed the release of the FlexFit yoga mat for $99 on April 6, 2025.","Liam Taylor; Falcon Logistics; April 6, 2025; $99; the FlexFit yoga mat",PERSON; ORG; DATE; MONEY; PRODUCT,Liam Taylor,Falcon Logistics,,"April 6, 2025",$99,FlexFit yogmat
756,"Grace Chen joined Cedar Grove Hospital in Buenos Aires on April 19, 2017 to launch the PixelView monitor.","Grace Chen; Cedar Grove Hospital; Buenos Aires; April 19, 2017; the PixelView monitor",PERSON; ORG; GPE; DATE; PRODUCT,Grace Chen,Cedar Grove Hospital,Buenos Aires,"April 19, 2017",,PixelView monitor
757,"On January 6, 2018, Oakwood Publishing House opened a new branch in Melbourne, Denmark, appointing Ravi Kim as director.","Ravi Kim; Oakwood Publishing House; Denmark; Melbourne; January 6, 2018",PERSON; ORG; GPE; GPE; DATE,Ravi Kim,Oakwood Publishing House,"Denmark, Melbourne","January 6, 2018",,
758,"The board at Pioneer Research Institute approved a $199 investment in Osaka after Anna Wilson's presentation on June 28, 2023.","Anna Wilson; Pioneer Research Institute; Osaka; June 28, 2023; $199",PERSON; ORG; GPE; DATE; MONEY,Anna Wilson,Pioneer Research Institute,Osaka,"June 28, 2023",$199,
759,"Harborview College announced that Maria Rossi will lead the new office in Copenhagen starting August 28, 2015.","Maria Rossi; Harborview College; Copenhagen; August 28, 2015",PERSON; ORG; GPE; DATE,Maria Rossi,Harborview College,Copenhagen,"August 28, 2015",,
760,"Quantum Innovations announced that Yuki Hall will lead the new office in Kuala Lumpur starting November 17, 2020.","Yuki Hall; Quantum Innovations; Kuala Lumpur; November 17, 2020",PERSON; ORG; GPE; DATE,Yuki Hall,Quantum Innovations,Kuala Lumpur,"November 17, 2020",,
761,"On September 19, 2022, Silverline Motors opened a new branch in Cairo, South Africa, appointing Nina Lewis as director.","Nina Lewis; Silverline Motors; Cairo; South Africa; September 19, 2022",PERSON; ORG; GPE; GPE; DATE,Nina Lewis,Silverline Motors,"Cairo, South Africa","September 19, 2022",,
762,"Victor Scott joined Oakwood Publishing House in Wellington on March 14, 2025 to launch a RoadMaster bicycle.","Victor Scott; Oakwood Publishing House; Wellington; March 14, 2025; a RoadMaster bicycle",PERSON; ORG; GPE; DATE; PRODUCT,Victor Scott,Oakwood Publishing House,Wellington,"March 14, 2025",,RoadMaster bicycle
763,"Ironwood Steel Works partnered with a university in Prague to research a SnapShot camera technology, Sara King reported.",Sara King; Ironwood Steel Works; Prague; a SnapShot camera,PERSON; ORG; GPE; PRODUCT,Sara King,Ironwood Steel Works,Prague,,,SnapShot camera
764,"George Dubois joined Summit Robotics Inc. in Buenos Aires on October 13, 2018 to launch a RoadMaster bicycle.","George Dubois; Summit Robotics Inc.; Buenos Aires; October 13, 2018; a RoadMaster bicycle",PERSON; ORG; GPE; DATE; PRODUCT,George Dubois,Summit Robotics Inc.,Buenos Aires,"October 13, 2018",,RoadMaster bicycle
765,"Pioneer Research Institute partnered with a university in Edinburgh to research a NovaBook Pro laptop technology, Ethan Müller reported.",Ethan Müller; Pioneer Research Institute; Edinburgh; a NovaBook Pro laptop,PERSON; ORG; GPE; PRODUCT,Ethan Müller,Pioneer Research Institute,Edinburgh,,,NovaBook Pro laptop
766,"Crescent Media Group announced that Julia Novak will lead the new office in Toronto starting March 2, 2020.","Julia Novak; Crescent Media Group; Toronto; March 2, 2020",PERSON; ORG; GPE; DATE,Julia Novak,Crescent Media Group,Toronto,"March 2, 2020",,
767,"During the conference in Buenos Aires, Adaeze Clark from Quantum Innovations unveiled the CloudDesk chair priced at $499.99.",Adaeze Clark; Quantum Innovations; Buenos Aires; $499.99; the CloudDesk chair,PERSON; ORG; GPE; MONEY; PRODUCT,Adaeze Clark,Quantum Innovations,Buenos Aires,,$499.99,CloudDesk chair
768,"The board at Union Manufacturing Corp. approved a $99 investment in Vancouver after Maria Walker's presentation on August 24, 2021.","Maria Walker; Union Manufacturing Corp.; Vancouver; August 24, 2021; $99",PERSON; ORG; GPE; DATE; MONEY,Maria Walker,Union Manufacturing Corp.,Vancouver,"August 24, 2021",$99,
769,"Vertex Analytics announced that Nina Lewis will lead the new office in Austin starting January 10, 2021.","Nina Lewis; Vertex Analytics; Austin; January 10, 2021",PERSON; ORG; GPE; DATE,Nina Lewis,Vertex Analytics,Austin,"January 10, 2021",,
770,"Zainab Larsen, a spokesperson for Global Trade Partners, confirmed the release of the CloudDesk chair for $99 on October 28, 2017.","Zainab Larsen; Global Trade Partners; October 28, 2017; $99; the CloudDesk chair",PERSON; ORG; DATE; MONEY; PRODUCT,Zainab Larsen,Global Trade Partners,,"October 28, 2017",$99,CloudDesk chair
771,"The board at Maple Street School District approved a $30.75 investment in Manila after Charlotte Suzuki's presentation on June 6, 2019.","Charlotte Suzuki; Maple Street School District; Manila; June 6, 2019; $30.75",PERSON; ORG; GPE; DATE; MONEY,Charlotte Suzuki,Maple Street School District,Manila,"June 6, 2019",$30.75,
772,"During the conference in Toronto, Noah Fernandez from Harborview College unveiled a NightOwl reading lamp priced at $19.99.",Noah Fernandez; Harborview College; Toronto; $19.99; a NightOwl reading lamp,PERSON; ORG; GPE; MONEY; PRODUCT,Noah Fernandez,Harborview College,Toronto,,$19.99,NightOwl reading lamp
773,"Global Trade Partners announced that Leila Anderson will lead the new office in Wellington starting October 3, 2024.","Leila Anderson; Global Trade Partners; Wellington; October 3, 2024",PERSON; ORG; GPE; DATE,Leila Anderson,Global Trade Partners,Wellington,"October 3, 2024",,
774,"The board at Global Trade Partners approved a $250 investment in Kuala Lumpur after Isabella Green's presentation on March 13, 2025.","Isabella Green; Global Trade Partners; Kuala Lumpur; March 13, 2025; $250",PERSON; ORG; GPE; DATE; MONEY,Isabella Green,Global Trade Partners,Kuala Lumpur,"March 13, 2025",$250,
775,"During the conference in Austin, Noah Osei from Northfield University unveiled the ChefMate blender priced at $45.50.",Noah Osei; Northfield University; Austin; $45.50; the ChefMate blender,PERSON; ORG; GPE; MONEY; PRODUCT,Noah Osei,Northfield University,Austin,,$45.50,ChefMate blender
776,"Summit Robotics Inc. announced that Maria Wilson will lead the new office in Buenos Aires starting December 8, 2022.","Maria Wilson; Summit Robotics Inc.; Buenos Aires; December 8, 2022",PERSON; ORG; GPE; DATE,Maria Wilson,Summit Robotics Inc.,Buenos Aires,"December 8, 2022",,
777,"During the conference in Cape Town, Noah Silva from Golden Gate Retailers unveiled the QuickBrew coffee maker priced at $350.",Noah Silva; Golden Gate Retailers; Cape Town; $350; the QuickBrew coffee maker,PERSON; ORG; GPE; MONEY; PRODUCT,Noah Silva,Golden Gate Retailers,Cape Town,,$350,QuickBrew coffee maker
778,"Global Trade Partners partnered with a university in Bangkok to research a NovaBook Pro laptop technology, Ahmed Taylor reported.",Ahmed Taylor; Global Trade Partners; Bangkok; a NovaBook Pro laptop,PERSON; ORG; GPE; PRODUCT,Ahmed Taylor,Global Trade Partners,Bangkok,,,NovaBook Pro laptop
779,"The board at Redstone Consulting approved a $24.50 investment in Seoul after George Johansson's presentation on August 23, 2016.","George Johansson; Redstone Consulting; Seoul; August 23, 2016; $24.50",PERSON; ORG; GPE; DATE; MONEY,George Johansson,Redstone Consulting,Seoul,"August 23, 2016",$24.50,
780,"The board at BrightFuture Foundation approved a $250 investment in Stockholm after Sara Suzuki's presentation on December 10, 2024.","Sara Suzuki; BrightFuture Foundation; Stockholm; December 10, 2024; $250",PERSON; ORG; GPE; DATE; MONEY,Sara Suzuki,BrightFuture Foundation,Stockholm,"December 10, 2024",$250,
781,"Liam Larsen joined Skyline Real Estate in Santiago on June 13, 2018 to launch a StreamCast speaker.","Liam Larsen; Skyline Real Estate; Santiago; June 13, 2018; a StreamCast speaker",PERSON; ORG; GPE; DATE; PRODUCT,Liam Larsen,Skyline Real Estate,Santiago,"June 13, 2018",,StreamCast speaker
782,"Anna Ivanov joined Riverside Bank in Austin on December 16, 2018 to launch the CloudDesk chair.","Anna Ivanov; Riverside Bank; Austin; December 16, 2018; the CloudDesk chair",PERSON; ORG; GPE; DATE; PRODUCT,Anna Ivanov,Riverside Bank,Austin,"December 16, 2018",,CloudDesk chair
783,"During the conference in Osaka, Noah Patel from Zenith Pharmaceuticals unveiled a TrailRunner backpack priced at $250.",Noah Patel; Zenith Pharmaceuticals; Osaka; $250; a TrailRunner backpack,PERSON; ORG; GPE; MONEY; PRODUCT,Noah Patel,Zenith Pharmaceuticals,Osaka,,$250,TrailRunner backpack
784,"Liam Petrov traveled from Buenos Aires to Jakarta to negotiate a deal worth $1,200 with Delta Cloud Services.","Liam Petrov; Delta Cloud Services; Buenos Aires; Jakarta; $1,200",PERSON; ORG; GPE; GPE; MONEY,Liam Petrov,Delta Cloud Services,"Buenos Aires, Jakarta",,"$1,200",
785,"The board at Vertex Analytics approved a $199 investment in Jakarta after Mark Costa's presentation on January 2, 2021.","Mark Costa; Vertex Analytics; Jakarta; January 2, 2021; $199",PERSON; ORG; GPE; DATE; MONEY,Mark Costa,Vertex Analytics,Jakarta,"January 2, 2021",$199,
786,"Adaeze Kim joined Delta Cloud Services in Cape Town on February 12, 2019 to launch a TrailRunner backpack.","Adaeze Kim; Delta Cloud Services; Cape Town; February 12, 2019; a TrailRunner backpack",PERSON; ORG; GPE; DATE; PRODUCT,Adaeze Kim,Delta Cloud Services,Cape Town,"February 12, 2019",,TrailRunner backpack
787,"Hana Nguyen joined Falcon Logistics in Berlin on February 18, 2015 to launch a StreamCast speaker.","Hana Nguyen; Falcon Logistics; Berlin; February 18, 2015; a StreamCast speaker",PERSON; ORG; GPE; DATE; PRODUCT,Hana Nguyen,Falcon Logistics,Berlin,"February 18, 2015",,StreamCast speaker
788,"The board at Maple Street School District approved a $199 investment in Osaka after Felix Anderson's presentation on December 7, 2023.","Felix Anderson; Maple Street School District; Osaka; December 7, 2023; $199",PERSON; ORG; GPE; DATE; MONEY,Felix Anderson,Maple Street School District,Osaka,"December 7, 2023",$199,
789,"Grace Rossi joined Riverside Bank in Prague on February 25, 2023 to launch the FlexFit yoga mat.","Grace Rossi; Riverside Bank; Prague; February 25, 2023; the FlexFit yoga mat",PERSON; ORG; GPE; DATE; PRODUCT,Grace Rossi,Riverside Bank,Prague,"February 25, 2023",,FlexFit yogmat
790,"On November 6, 2015, Quantum Innovations opened a new branch in Kuala Lumpur, the United States, appointing Amara Lewis as director.","Amara Lewis; Quantum Innovations; Kuala Lumpur; the United States; November 6, 2015",PERSON; ORG; GPE; GPE; DATE,Amara Lewis,Quantum Innovations,"Kuala Lumpur, the United States","November 6, 2015",,
791,"The board at Pioneer Research Institute approved a $89.99 investment in Seoul after Jack Nguyen's presentation on January 8, 2023.","Jack Nguyen; Pioneer Research Institute; Seoul; January 8, 2023; $89.99",PERSON; ORG; GPE; DATE; MONEY,Jack Nguyen,Pioneer Research Institute,Seoul,"January 8, 2023",$89.99,
792,"Skyline Real Estate announced that Tom Walker will lead the new office in Santiago starting April 24, 2019.","Tom Walker; Skyline Real Estate; Santiago; April 24, 2019",PERSON; ORG; GPE; DATE,Tom Walker,Skyline Real Estate,Santiago,"April 24, 2019",,
793,"Elena Costa joined Redstone Consulting in Seoul on February 12, 2022 to launch a SunBeam solar charger.","Elena Costa; Redstone Consulting; Seoul; February 12, 2022; a SunBeam solar charger",PERSON; ORG; GPE; DATE; PRODUCT,Elena Costa,Redstone Consulting,Seoul,"February 12, 2022",,SunBeam solar charger
794,"Union Manufacturing Corp. partnered with a university in Stockholm to research a PureGlow skincare set technology, Chen Moore reported.",Chen Moore; Union Manufacturing Corp.; Stockholm; a PureGlow skincare set,PERSON; ORG; GPE; PRODUCT,Chen Moore,Union Manufacturing Corp.,Stockholm,,,PureGlow skincare set
795,Elena Scott traveled from Nairobi to Toronto to negotiate a deal worth $19.99 with Oakwood Publishing House.,Elena Scott; Oakwood Publishing House; Nairobi; Toronto; $19.99,PERSON; ORG; GPE; GPE; MONEY,Elena Scott,Oakwood Publishing House,"Nairobi, Toronto",,$19.99,
796,Layla Müller traveled from Austin to Edinburgh to negotiate a deal worth $499.99 with Blue Horizon Airlines.,Layla Müller; Blue Horizon Airlines; Austin; Edinburgh; $499.99,PERSON; ORG; GPE; GPE; MONEY,Layla Müller,Blue Horizon Airlines,"Austin, Edinburgh",,$499.99,
797,"Summit Robotics Inc. partnered with a university in Helsinki to research the CloudDesk chair technology, Ibrahim Smith reported.",Ibrahim Smith; Summit Robotics Inc.; Helsinki; the CloudDesk chair,PERSON; ORG; GPE; PRODUCT,Ibrahim Smith,Summit Robotics Inc.,Helsinki,,,CloudDesk chair
798,"On March 9, 2023, Pioneer Research Institute opened a new branch in Denver, Sweden, appointing Adaeze Larsen as director.","Adaeze Larsen; Pioneer Research Institute; Denver; Sweden; March 9, 2023",PERSON; ORG; GPE; GPE; DATE,Adaeze Larsen,Pioneer Research Institute,"Denver, Sweden","March 9, 2023",,
799,Ravi Costa traveled from Santiago to Cape Town to negotiate a deal worth $499.99 with Meridian Financial Group.,Ravi Costa; Meridian Financial Group; Cape Town; Santiago; $499.99,PERSON; ORG; GPE; GPE; MONEY,Ravi Costa,Meridian Financial Group,"Cape Town, Santiago",,$499.99,
800,"During the conference in Edinburgh, Ravi Clark from Summit Robotics Inc. unveiled a ProGrip tennis racket priced at $30.75.",Ravi Clark; Summit Robotics Inc.; Edinburgh; $30.75; a ProGrip tennis racket,PERSON; ORG; GPE; MONEY; PRODUCT,Ravi Clark,Summit Robotics Inc.,Edinburgh,,$30.75,ProGrip tennis racket
801,Chloe Kim traveled from Austin to Manila to negotiate a deal worth $49.99 with Harborview College.,Chloe Kim; Harborview College; Austin; Manila; $49.99,PERSON; ORG; GPE; GPE; MONEY,Chloe Kim,Harborview College,"Austin, Manila",,$49.99,
802,"On November 11, 2021, Coastal Insurance Co. opened a new branch in Mumbai, Sweden, appointing Lucas Hall as director.","Lucas Hall; Coastal Insurance Co.; Mumbai; Sweden; November 11, 2021",PERSON; ORG; GPE; GPE; DATE,Lucas Hall,Coastal Insurance Co.,"Mumbai, Sweden","November 11, 2021",,
803,"The board at Aurora Data Systems approved a $99 investment in Edinburgh after Lucas King's presentation on April 16, 2018.","Lucas King; Aurora Data Systems; Edinburgh; April 16, 2018; $99",PERSON; ORG; GPE; DATE; MONEY,Lucas King,Aurora Data Systems,Edinburgh,"April 16, 2018",$99,
804,"On February 5, 2021, Global Trade Partners opened a new branch in Melbourne, South Korea, appointing Hassan Fernandez as director.","Hassan Fernandez; Global Trade Partners; Melbourne; South Korea; February 5, 2021",PERSON; ORG; GPE; GPE; DATE,Hassan Fernandez,Global Trade Partners,"Melbourne, South Korea","February 5, 2021",,
805,"Amara Petrov, a spokesperson for Harborview College, confirmed the release of the QuickBrew coffee maker for $9.99 on October 19, 2022.","Amara Petrov; Harborview College; October 19, 2022; $9.99; the QuickBrew coffee maker",PERSON; ORG; DATE; MONEY; PRODUCT,Amara Petrov,Harborview College,,"October 19, 2022",$9.99,QuickBrew coffee maker
806,"Leila Moore, a spokesperson for Skyline Real Estate, confirmed the release of a SoundWave headset for $45.50 on May 6, 2025.","Leila Moore; Skyline Real Estate; May 6, 2025; $45.50; a SoundWave headset",PERSON; ORG; DATE; MONEY; PRODUCT,Leila Moore,Skyline Real Estate,,"May 6, 2025",$45.50,SoundWave headset
807,"Riverside Bank announced that Tom Suzuki will lead the new office in Osaka starting November 9, 2021.","Tom Suzuki; Riverside Bank; Osaka; November 9, 2021",PERSON; ORG; GPE; DATE,Tom Suzuki,Riverside Bank,Osaka,"November 9, 2021",,
808,"On December 17, 2016, Union Manufacturing Corp. opened a new branch in Prague, Chile, appointing David Kowalski as director.","David Kowalski; Union Manufacturing Corp.; Chile; Prague; December 17, 2016",PERSON; ORG; GPE; GPE; DATE,David Kowalski,Union Manufacturing Corp.,"Chile, Prague","December 17, 2016",,
809,"Redstone Consulting partnered with a university in Mumbai to research a RoadMaster bicycle technology, Julia Moore reported.",Julia Moore; Redstone Consulting; Mumbai; a RoadMaster bicycle,PERSON; ORG; GPE; PRODUCT,Julia Moore,Redstone Consulting,Mumbai,,,RoadMaster bicycle
810,"Yuki Baker joined Cedar Grove Hospital in Osaka on August 4, 2023 to launch a StreamCast speaker.","Yuki Baker; Cedar Grove Hospital; Osaka; August 4, 2023; a StreamCast speaker",PERSON; ORG; GPE; DATE; PRODUCT,Yuki Baker,Cedar Grove Hospital,Osaka,"August 4, 2023",,StreamCast speaker
811,"Vertex Analytics partnered with a university in Wellington to research the GreenLeaf water bottle technology, Grace Taylor reported.",Grace Taylor; Vertex Analytics; Wellington; the GreenLeaf water bottle,PERSON; ORG; GPE; PRODUCT,Grace Taylor,Vertex Analytics,Wellington,,,GreenLeaf water bottle
812,"Layla Wright joined Brightline Technologies in Edinburgh on August 15, 2025 to launch the PixelView monitor.","Layla Wright; Brightline Technologies; Edinburgh; August 15, 2025; the PixelView monitor",PERSON; ORG; GPE; DATE; PRODUCT,Layla Wright,Brightline Technologies,Edinburgh,"August 15, 2025",,PixelView monitor
813,"On September 18, 2018, Skyline Real Estate opened a new branch in Stockholm, Finland, appointing Liam Baker as director.","Liam Baker; Skyline Real Estate; Finland; Stockholm; September 18, 2018",PERSON; ORG; GPE; GPE; DATE,Liam Baker,Skyline Real Estate,"Finland, Stockholm","September 18, 2018",,
814,"During the conference in Denver, Omar Müller from Crescent Media Group unveiled the CloudDesk chair priced at $250.",Omar Müller; Crescent Media Group; Denver; $250; the CloudDesk chair,PERSON; ORG; GPE; MONEY; PRODUCT,Omar Müller,Crescent Media Group,Denver,,$250,CloudDesk chair
815,"Lucas Larsen joined Redstone Consulting in Nairobi on April 13, 2018 to launch the QuickBrew coffee maker.","Lucas Larsen; Redstone Consulting; Nairobi; April 13, 2018; the QuickBrew coffee maker",PERSON; ORG; GPE; DATE; PRODUCT,Lucas Larsen,Redstone Consulting,Nairobi,"April 13, 2018",,QuickBrew coffee maker
816,"The board at Cedar Grove Hospital approved a $250 investment in Helsinki after Mei Wilson's presentation on February 11, 2025.","Mei Wilson; Cedar Grove Hospital; Helsinki; February 11, 2025; $250",PERSON; ORG; GPE; DATE; MONEY,Mei Wilson,Cedar Grove Hospital,Helsinki,"February 11, 2025",$250,
817,"The board at Lakeside Medical Center approved a $199 investment in Amsterdam after Grace King's presentation on May 10, 2019.","Grace King; Lakeside Medical Center; Amsterdam; May 10, 2019; $199",PERSON; ORG; GPE; DATE; MONEY,Grace King,Lakeside Medical Center,Amsterdam,"May 10, 2019",$199,
818,"During the conference in Wellington, Omar Lewis from Golden Gate Retailers unveiled the GreenLeaf water bottle priced at $89.99.",Omar Lewis; Golden Gate Retailers; Wellington; $89.99; the GreenLeaf water bottle,PERSON; ORG; GPE; MONEY; PRODUCT,Omar Lewis,Golden Gate Retailers,Wellington,,$89.99,GreenLeaf water bottle
819,"Delta Cloud Services partnered with a university in Austin to research the QuickBrew coffee maker technology, Victor Novak reported.",Victor Novak; Delta Cloud Services; Austin; the QuickBrew coffee maker,PERSON; ORG; GPE; PRODUCT,Victor Novak,Delta Cloud Services,Austin,,,QuickBrew coffee maker
820,Hassan Chen traveled from Manila to Osaka to negotiate a deal worth $199 with Meridian Financial Group.,Hassan Chen; Meridian Financial Group; Manila; Osaka; $199,PERSON; ORG; GPE; GPE; MONEY,Hassan Chen,Meridian Financial Group,"Manila, Osaka",,$199,
821,"Olivia Brown, a spokesperson for Ironwood Steel Works, confirmed the release of a RoadMaster bicycle for $199 on August 23, 2019.","Olivia Brown; Ironwood Steel Works; August 23, 2019; $199; a RoadMaster bicycle",PERSON; ORG; DATE; MONEY; PRODUCT,Olivia Brown,Ironwood Steel Works,,"August 23, 2019",$199,RoadMaster bicycle
822,"Chloe Smith, a spokesperson for Quantum Innovations, confirmed the release of the ChefMate blender for $350 on February 4, 2020.","Chloe Smith; Quantum Innovations; February 4, 2020; $350; the ChefMate blender",PERSON; ORG; DATE; MONEY; PRODUCT,Chloe Smith,Quantum Innovations,,"February 4, 2020",$350,ChefMate blender
823,Wei Yamamoto traveled from Santiago to Marrakesh to negotiate a deal worth $49.99 with Ironwood Steel Works.,Wei Yamamoto; Ironwood Steel Works; Marrakesh; Santiago; $49.99,PERSON; ORG; GPE; GPE; MONEY,Wei Yamamoto,Ironwood Steel Works,"Marrakesh, Santiago",,$49.99,
824,"Jack Hall joined Skyline Real Estate in Buenos Aires on September 19, 2015 to launch a PureGlow skincare set.","Jack Hall; Skyline Real Estate; Buenos Aires; September 19, 2015; a PureGlow skincare set",PERSON; ORG; GPE; DATE; PRODUCT,Jack Hall,Skyline Real Estate,Buenos Aires,"September 19, 2015",,PureGlow skincare set
825,"Skyline Real Estate partnered with a university in Austin to research the SmartHome Hub technology, Sara Kowalski reported.",Sara Kowalski; Skyline Real Estate; Austin; the SmartHome Hub,PERSON; ORG; GPE; PRODUCT,Sara Kowalski,Skyline Real Estate,Austin,,,SmartHome Hub
826,"Brightline Technologies announced that Maria Yamamoto will lead the new office in Marrakesh starting October 17, 2024.","Maria Yamamoto; Brightline Technologies; Marrakesh; October 17, 2024",PERSON; ORG; GPE; DATE,Maria Yamamoto,Brightline Technologies,Marrakesh,"October 17, 2024",,
827,Felix Smith traveled from Lisbon to Buenos Aires to negotiate a deal worth $9.99 with BrightFuture Foundation.,Felix Smith; BrightFuture Foundation; Buenos Aires; Lisbon; $9.99,PERSON; ORG; GPE; GPE; MONEY,Felix Smith,BrightFuture Foundation,"Buenos Aires, Lisbon",,$9.99,
828,"During the conference in Toronto, Elena Nguyen from Skyline Real Estate unveiled a SnapShot camera priced at $99.",Elena Nguyen; Skyline Real Estate; Toronto; $99; a SnapShot camera,PERSON; ORG; GPE; MONEY; PRODUCT,Elena Nguyen,Skyline Real Estate,Toronto,,$99,SnapShot camera
829,"During the conference in Zurich, Fatima Silva from NextGen Software Labs unveiled a TrailRunner backpack priced at $89.99.",Fatima Silva; NextGen Software Labs; Zurich; $89.99; a TrailRunner backpack,PERSON; ORG; GPE; MONEY; PRODUCT,Fatima Silva,NextGen Software Labs,Zurich,,$89.99,TrailRunner backpack
830,"Olivia Dubois, a spokesperson for Pioneer Research Institute, confirmed the release of a ProGrip tennis racket for $1,200 on December 15, 2018.","Olivia Dubois; Pioneer Research Institute; December 15, 2018; $1,200; a ProGrip tennis racket",PERSON; ORG; DATE; MONEY; PRODUCT,Olivia Dubois,Pioneer Research Institute,,"December 15, 2018","$1,200",ProGrip tennis racket
831,"Skyline Real Estate partnered with a university in Denver to research a SoundWave headset technology, Ethan Rossi reported.",Ethan Rossi; Skyline Real Estate; Denver; a SoundWave headset,PERSON; ORG; GPE; PRODUCT,Ethan Rossi,Skyline Real Estate,Denver,,,SoundWave headset
832,"Ibrahim Wilson, a spokesperson for Blue Horizon Airlines, confirmed the release of a SunBeam solar charger for $499.99 on August 5, 2016.","Ibrahim Wilson; Blue Horizon Airlines; August 5, 2016; $499.99; a SunBeam solar charger",PERSON; ORG; DATE; MONEY; PRODUCT,Ibrahim Wilson,Blue Horizon Airlines,,"August 5, 2016",$499.99,SunBeam solar charger
833,"Silverline Motors announced that Priya Wright will lead the new office in Manila starting March 27, 2015.","Priya Wright; Silverline Motors; Manila; March 27, 2015",PERSON; ORG; GPE; DATE,Priya Wright,Silverline Motors,Manila,"March 27, 2015",,
834,"Riverside Bank announced that Elena Okafor will lead the new office in Helsinki starting June 18, 2020.","Elena Okafor; Riverside Bank; Helsinki; June 18, 2020",PERSON; ORG; GPE; DATE,Elena Okafor,Riverside Bank,Helsinki,"June 18, 2020",,
835,"Redstone Consulting partnered with a university in Nairobi to research the CloudDesk chair technology, James Walker reported.",James Walker; Redstone Consulting; Nairobi; the CloudDesk chair,PERSON; ORG; GPE; PRODUCT,James Walker,Redstone Consulting,Nairobi,,,CloudDesk chair
836,"Ingrid Wright joined BrightFuture Foundation in Prague on February 1, 2016 to launch a PureGlow skincare set.","Ingrid Wright; BrightFuture Foundation; Prague; February 1, 2016; a PureGlow skincare set",PERSON; ORG; GPE; DATE; PRODUCT,Ingrid Wright,BrightFuture Foundation,Prague,"February 1, 2016",,PureGlow skincare set
837,"The board at Riverside Bank approved a $19.99 investment in Manila after Samuel Khan's presentation on April 20, 2021.","Samuel Khan; Riverside Bank; Manila; April 20, 2021; $19.99",PERSON; ORG; GPE; DATE; MONEY,Samuel Khan,Riverside Bank,Manila,"April 20, 2021",$19.99,
838,"During the conference in Helsinki, Tom Larsen from Delta Cloud Services unveiled the ChefMate blender priced at $15.",Tom Larsen; Delta Cloud Services; Helsinki; $15; the ChefMate blender,PERSON; ORG; GPE; MONEY; PRODUCT,Tom Larsen,Delta Cloud Services,Helsinki,,$15,ChefMate blender
839,"The board at Aurora Data Systems approved a $49.99 investment in Helsinki after Victor Wright's presentation on August 27, 2017.","Victor Wright; Aurora Data Systems; Helsinki; August 27, 2017; $49.99",PERSON; ORG; GPE; DATE; MONEY,Victor Wright,Aurora Data Systems,Helsinki,"August 27, 2017",$49.99,
840,"During the conference in Denver, Aisha Müller from Silverline Motors unveiled a TrailRunner backpack priced at $89.99.",Aisha Müller; Silverline Motors; Denver; $89.99; a TrailRunner backpack,PERSON; ORG; GPE; MONEY; PRODUCT,Aisha Müller,Silverline Motors,Denver,,$89.99,TrailRunner backpack
841,"During the conference in Mumbai, Sara Fernandez from Skyline Real Estate unveiled the FlexFit yoga mat priced at $75.",Sara Fernandez; Skyline Real Estate; Mumbai; $75; the FlexFit yoga mat,PERSON; ORG; GPE; MONEY; PRODUCT,Sara Fernandez,Skyline Real Estate,Mumbai,,$75,FlexFit yogmat
842,"Mark Larsen, a spokesperson for BrightFuture Foundation, confirmed the release of the GreenLeaf water bottle for $19.99 on October 17, 2024.","Mark Larsen; BrightFuture Foundation; October 17, 2024; $19.99; the GreenLeaf water bottle",PERSON; ORG; DATE; MONEY; PRODUCT,Mark Larsen,BrightFuture Foundation,,"October 17, 2024",$19.99,GreenLeaf water bottle
843,"On November 17, 2022, Coastal Insurance Co. opened a new branch in Bangkok, Indonesia, appointing Ibrahim Wright as director.","Ibrahim Wright; Coastal Insurance Co.; Bangkok; Indonesia; November 17, 2022",PERSON; ORG; GPE; GPE; DATE,Ibrahim Wright,Coastal Insurance Co.,"Bangkok, Indonesia","November 17, 2022",,
844,"Golden Gate Retailers announced that Daniel Patel will lead the new office in Amsterdam starting May 1, 2022.","Daniel Patel; Golden Gate Retailers; Amsterdam; May 1, 2022",PERSON; ORG; GPE; DATE,Daniel Patel,Golden Gate Retailers,Amsterdam,"May 1, 2022",,
845,"David Costa joined Redstone Consulting in Stockholm on December 27, 2024 to launch a RoadMaster bicycle.","David Costa; Redstone Consulting; Stockholm; December 27, 2024; a RoadMaster bicycle",PERSON; ORG; GPE; DATE; PRODUCT,David Costa,Redstone Consulting,Stockholm,"December 27, 2024",,RoadMaster bicycle
846,"During the conference in Copenhagen, James Anderson from BrightFuture Foundation unveiled a SunBeam solar charger priced at $120.",James Anderson; BrightFuture Foundation; Copenhagen; $120; a SunBeam solar charger,PERSON; ORG; GPE; MONEY; PRODUCT,James Anderson,BrightFuture Foundation,Copenhagen,,$120,SunBeam solar charger
847,"Charlotte Chen, a spokesperson for Redstone Consulting, confirmed the release of the GreenLeaf water bottle for $250 on November 10, 2025.","Charlotte Chen; Redstone Consulting; November 10, 2025; $250; the GreenLeaf water bottle",PERSON; ORG; DATE; MONEY; PRODUCT,Charlotte Chen,Redstone Consulting,,"November 10, 2025",$250,GreenLeaf water bottle
848,"Skyline Real Estate announced that Victor Moore will lead the new office in Cape Town starting July 21, 2019.","Victor Moore; Skyline Real Estate; Cape Town; July 21, 2019",PERSON; ORG; GPE; DATE,Victor Moore,Skyline Real Estate,Cape Town,"July 21, 2019",,
849,"Silverline Motors partnered with a university in Amsterdam to research the CloudDesk chair technology, Jack Walker reported.",Jack Walker; Silverline Motors; Amsterdam; the CloudDesk chair,PERSON; ORG; GPE; PRODUCT,Jack Walker,Silverline Motors,Amsterdam,,,CloudDesk chair
850,Aisha Larsen traveled from Helsinki to Kuala Lumpur to negotiate a deal worth $75 with Oakwood Publishing House.,Aisha Larsen; Oakwood Publishing House; Helsinki; Kuala Lumpur; $75,PERSON; ORG; GPE; GPE; MONEY,Aisha Larsen,Oakwood Publishing House,"Helsinki, Kuala Lumpur",,$75,
851,"During the conference in Copenhagen, Victor King from Cedar Grove Hospital unveiled a RoadMaster bicycle priced at $89.99.",Victor King; Cedar Grove Hospital; Copenhagen; $89.99; a RoadMaster bicycle,PERSON; ORG; GPE; MONEY; PRODUCT,Victor King,Cedar Grove Hospital,Copenhagen,,$89.99,RoadMaster bicycle
852,"Wei Okafor joined Quantum Innovations in Prague on January 12, 2021 to launch a RoadMaster bicycle.","Wei Okafor; Quantum Innovations; Prague; January 12, 2021; a RoadMaster bicycle",PERSON; ORG; GPE; DATE; PRODUCT,Wei Okafor,Quantum Innovations,Prague,"January 12, 2021",,RoadMaster bicycle
853,"Anna Wilson, a spokesperson for Northfield University, confirmed the release of a PureGlow skincare set for $45.50 on January 17, 2019.","Anna Wilson; Northfield University; January 17, 2019; $45.50; a PureGlow skincare set",PERSON; ORG; DATE; MONEY; PRODUCT,Anna Wilson,Northfield University,,"January 17, 2019",$45.50,PureGlow skincare set
854,"On February 1, 2025, Oakwood Publishing House opened a new branch in Warsaw, Ireland, appointing Amara Lewis as director.","Amara Lewis; Oakwood Publishing House; Ireland; Warsaw; February 1, 2025",PERSON; ORG; GPE; GPE; DATE,Amara Lewis,Oakwood Publishing House,"Ireland, Warsaw","February 1, 2025",,
855,"Emma Green, a spokesperson for Evergreen Energy Co., confirmed the release of a TrailRunner backpack for $199 on October 15, 2015.","Emma Green; Evergreen Energy Co.; October 15, 2015; $199; a TrailRunner backpack",PERSON; ORG; DATE; MONEY; PRODUCT,Emma Green,Evergreen Energy Co.,,"October 15, 2015",$199,TrailRunner backpack
856,"During the conference in Austin, Ingrid Young from Falcon Logistics unveiled the SmartHome Hub priced at $350.",Ingrid Young; Falcon Logistics; Austin; $350; the SmartHome Hub,PERSON; ORG; GPE; MONEY; PRODUCT,Ingrid Young,Falcon Logistics,Austin,,$350,SmartHome Hub
857,Elena Khan traveled from Wellington to Helsinki to negotiate a deal worth $15 with Evergreen Energy Co..,Elena Khan; Evergreen Energy Co.; Helsinki; Wellington; $15,PERSON; ORG; GPE; GPE; MONEY,Elena Khan,Evergreen Energy Co.,"Helsinki, Wellington",,$15,
858,"Aurora Data Systems announced that Sofia Wilson will lead the new office in Berlin starting October 12, 2016.","Sofia Wilson; Aurora Data Systems; Berlin; October 12, 2016",PERSON; ORG; GPE; DATE,Sofia Wilson,Aurora Data Systems,Berlin,"October 12, 2016",,
859,"The board at Harborview College approved a $499.99 investment in Osaka after Ibrahim Moore's presentation on October 25, 2025.","Ibrahim Moore; Harborview College; Osaka; October 25, 2025; $499.99",PERSON; ORG; GPE; DATE; MONEY,Ibrahim Moore,Harborview College,Osaka,"October 25, 2025",$499.99,
860,"Victor Chen, a spokesperson for Evergreen Energy Co., confirmed the release of a PureGlow skincare set for $99 on October 20, 2015.","Victor Chen; Evergreen Energy Co.; October 20, 2015; $99; a PureGlow skincare set",PERSON; ORG; DATE; MONEY; PRODUCT,Victor Chen,Evergreen Energy Co.,,"October 20, 2015",$99,PureGlow skincare set
861,Lucas Smith traveled from Helsinki to Dublin to negotiate a deal worth $99 with Delta Cloud Services.,Lucas Smith; Delta Cloud Services; Dublin; Helsinki; $99,PERSON; ORG; GPE; GPE; MONEY,Lucas Smith,Delta Cloud Services,"Dublin, Helsinki",,$99,
862,"Jack Rossi joined Aurora Data Systems in Cape Town on February 17, 2018 to launch the TravelLite suitcase.","Jack Rossi; Aurora Data Systems; Cape Town; February 17, 2018; the TravelLite suitcase",PERSON; ORG; GPE; DATE; PRODUCT,Jack Rossi,Aurora Data Systems,Cape Town,"February 17, 2018",,TravelLite suitcase
863,"During the conference in Dublin, Carlos Moore from Summit Robotics Inc. unveiled the FreshAir purifier priced at $49.99.",Carlos Moore; Summit Robotics Inc.; Dublin; $49.99; the FreshAir purifier,PERSON; ORG; GPE; MONEY; PRODUCT,Carlos Moore,Summit Robotics Inc.,Dublin,,$49.99,FreshAir purifier
864,"Lucas Larsen joined Aurora Data Systems in Lisbon on April 1, 2016 to launch the CloudDesk chair.","Lucas Larsen; Aurora Data Systems; Lisbon; April 1, 2016; the CloudDesk chair",PERSON; ORG; GPE; DATE; PRODUCT,Lucas Larsen,Aurora Data Systems,Lisbon,"April 1, 2016",,CloudDesk chair
865,"The board at Union Manufacturing Corp. approved a $99 investment in Vancouver after Daniel Chen's presentation on November 3, 2025.","Daniel Chen; Union Manufacturing Corp.; Vancouver; November 3, 2025; $99",PERSON; ORG; GPE; DATE; MONEY,Daniel Chen,Union Manufacturing Corp.,Vancouver,"November 3, 2025",$99,
866,"On October 8, 2015, Redstone Consulting opened a new branch in Melbourne, the Philippines, appointing Emma Chen as director.","Emma Chen; Redstone Consulting; Melbourne; the Philippines; October 8, 2015",PERSON; ORG; GPE; GPE; DATE,Emma Chen,Redstone Consulting,"Melbourne, the Philippines","October 8, 2015",,
867,Chloe Yamamoto traveled from Stockholm to Buenos Aires to negotiate a deal worth $89.99 with Maple Street School District.,Chloe Yamamoto; Maple Street School District; Buenos Aires; Stockholm; $89.99,PERSON; ORG; GPE; GPE; MONEY,Chloe Yamamoto,Maple Street School District,"Buenos Aires, Stockholm",,$89.99,
868,"On August 4, 2019, Blue Horizon Airlines opened a new branch in Nairobi, Japan, appointing Nina Scott as director.","Nina Scott; Blue Horizon Airlines; Japan; Nairobi; August 4, 2019",PERSON; ORG; GPE; GPE; DATE,Nina Scott,Blue Horizon Airlines,"Japan, Nairobi","August 4, 2019",,
869,"During the conference in Wellington, Priya Johansson from Vertex Analytics unveiled a StreamCast speaker priced at $120.",Priya Johansson; Vertex Analytics; Wellington; $120; a StreamCast speaker,PERSON; ORG; GPE; MONEY; PRODUCT,Priya Johansson,Vertex Analytics,Wellington,,$120,StreamCast speaker
870,Felix Ivanov traveled from Cairo to Jakarta to negotiate a deal worth $350 with BrightFuture Foundation.,Felix Ivanov; BrightFuture Foundation; Cairo; Jakarta; $350,PERSON; ORG; GPE; GPE; MONEY,Felix Ivanov,BrightFuture Foundation,"Cairo, Jakarta",,$350,
871,Zainab King traveled from Buenos Aires to Cairo to negotiate a deal worth $89.99 with Aurora Data Systems.,Zainab King; Aurora Data Systems; Buenos Aires; Cairo; $89.99,PERSON; ORG; GPE; GPE; MONEY,Zainab King,Aurora Data Systems,"Buenos Aires, Cairo",,$89.99,
872,"Charlotte Wilson joined Global Trade Partners in Marrakesh on January 13, 2016 to launch a NightOwl reading lamp.","Charlotte Wilson; Global Trade Partners; Marrakesh; January 13, 2016; a NightOwl reading lamp",PERSON; ORG; GPE; DATE; PRODUCT,Charlotte Wilson,Global Trade Partners,Marrakesh,"January 13, 2016",,NightOwl reading lamp
873,"The board at Evergreen Energy Co. approved a $30.75 investment in Mumbai after Julia Kim's presentation on November 19, 2023.","Julia Kim; Evergreen Energy Co.; Mumbai; November 19, 2023; $30.75",PERSON; ORG; GPE; DATE; MONEY,Julia Kim,Evergreen Energy Co.,Mumbai,"November 19, 2023",$30.75,
874,"On October 11, 2022, Silverline Motors opened a new branch in Nairobi, Argentina, appointing Omar Müller as director.","Omar Müller; Silverline Motors; Argentina; Nairobi; October 11, 2022",PERSON; ORG; GPE; GPE; DATE,Omar Müller,Silverline Motors,"Argentina, Nairobi","October 11, 2022",,
875,"During the conference in Jakarta, Ahmed Patel from Zenith Pharmaceuticals unveiled the GreenLeaf water bottle priced at $350.",Ahmed Patel; Zenith Pharmaceuticals; Jakarta; $350; the GreenLeaf water bottle,PERSON; ORG; GPE; MONEY; PRODUCT,Ahmed Patel,Zenith Pharmaceuticals,Jakarta,,$350,GreenLeaf water bottle
876,"During the conference in Mumbai, Ethan Taylor from Coastal Insurance Co. unveiled the ChefMate blender priced at $30.75.",Ethan Taylor; Coastal Insurance Co.; Mumbai; $30.75; the ChefMate blender,PERSON; ORG; GPE; MONEY; PRODUCT,Ethan Taylor,Coastal Insurance Co.,Mumbai,,$30.75,ChefMate blender
877,"The board at Coastal Insurance Co. approved a $499.99 investment in Mumbai after Mark Dubois's presentation on August 19, 2024.","Mark Dubois; Coastal Insurance Co.; Mumbai; August 19, 2024; $499.99",PERSON; ORG; GPE; DATE; MONEY,Mark Dubois,Coastal Insurance Co.,Mumbai,"August 19, 2024",$499.99,
878,"During the conference in Kuala Lumpur, Priya Fernandez from BrightFuture Foundation unveiled a TrailRunner backpack priced at $24.50.",Priya Fernandez; BrightFuture Foundation; Kuala Lumpur; $24.50; a TrailRunner backpack,PERSON; ORG; GPE; MONEY; PRODUCT,Priya Fernandez,BrightFuture Foundation,Kuala Lumpur,,$24.50,TrailRunner backpack
879,Ethan Anderson traveled from Amsterdam to Stockholm to negotiate a deal worth $89.99 with Cedar Grove Hospital.,Ethan Anderson; Cedar Grove Hospital; Amsterdam; Stockholm; $89.99,PERSON; ORG; GPE; GPE; MONEY,Ethan Anderson,Cedar Grove Hospital,"Amsterdam, Stockholm",,$89.99,
880,"During the conference in Edinburgh, Victor Novak from Global Trade Partners unveiled the FlexFit yoga mat priced at $24.50.",Victor Novak; Global Trade Partners; Edinburgh; $24.50; the FlexFit yoga mat,PERSON; ORG; GPE; MONEY; PRODUCT,Victor Novak,Global Trade Partners,Edinburgh,,$24.50,FlexFit yogmat
881,"During the conference in Edinburgh, Ahmed Silva from Skyline Real Estate unveiled the TravelLite suitcase priced at $120.",Ahmed Silva; Skyline Real Estate; Edinburgh; $120; the TravelLite suitcase,PERSON; ORG; GPE; MONEY; PRODUCT,Ahmed Silva,Skyline Real Estate,Edinburgh,,$120,TravelLite suitcase
882,"The board at Golden Gate Retailers approved a $89.99 investment in Edinburgh after Sofia Smith's presentation on September 26, 2017.","Sofia Smith; Golden Gate Retailers; Edinburgh; September 26, 2017; $89.99",PERSON; ORG; GPE; DATE; MONEY,Sofia Smith,Golden Gate Retailers,Edinburgh,"September 26, 2017",$89.99,
883,"Coastal Insurance Co. announced that Daniel Novak will lead the new office in Cairo starting June 3, 2021.","Daniel Novak; Coastal Insurance Co.; Cairo; June 3, 2021",PERSON; ORG; GPE; DATE,Daniel Novak,Coastal Insurance Co.,Cairo,"June 3, 2021",,
884,"During the conference in Manila, Chen Osei from Riverside Bank unveiled the GreenLeaf water bottle priced at $89.99.",Chen Osei; Riverside Bank; Manila; $89.99; the GreenLeaf water bottle,PERSON; ORG; GPE; MONEY; PRODUCT,Chen Osei,Riverside Bank,Manila,,$89.99,GreenLeaf water bottle
885,"Isabella Young joined NextGen Software Labs in Edinburgh on August 18, 2025 to launch the ChefMate blender.","Isabella Young; NextGen Software Labs; Edinburgh; August 18, 2025; the ChefMate blender",PERSON; ORG; GPE; DATE; PRODUCT,Isabella Young,NextGen Software Labs,Edinburgh,"August 18, 2025",,ChefMate blender
886,Layla Smith traveled from Jakarta to Edinburgh to negotiate a deal worth $250 with Cedar Grove Hospital.,Layla Smith; Cedar Grove Hospital; Edinburgh; Jakarta; $250,PERSON; ORG; GPE; GPE; MONEY,Layla Smith,Cedar Grove Hospital,"Edinburgh, Jakarta",,$250,
887,"Grace Garcia joined Coastal Insurance Co. in Jakarta on May 12, 2024 to launch a RoadMaster bicycle.","Grace Garcia; Coastal Insurance Co.; Jakarta; May 12, 2024; a RoadMaster bicycle",PERSON; ORG; GPE; DATE; PRODUCT,Grace Garcia,Coastal Insurance Co.,Jakarta,"May 12, 2024",,RoadMaster bicycle
888,"The board at Meridian Financial Group approved a $250 investment in Warsaw after James Patel's presentation on June 16, 2018.","James Patel; Meridian Financial Group; Warsaw; June 16, 2018; $250",PERSON; ORG; GPE; DATE; MONEY,James Patel,Meridian Financial Group,Warsaw,"June 16, 2018",$250,
889,"Northfield University partnered with a university in Edinburgh to research the ChefMate blender technology, Chen Hall reported.",Chen Hall; Northfield University; Edinburgh; the ChefMate blender,PERSON; ORG; GPE; PRODUCT,Chen Hall,Northfield University,Edinburgh,,,ChefMate blender
890,"On January 6, 2018, Pioneer Research Institute opened a new branch in Seoul, the Netherlands, appointing Anna Haddad as director.","Anna Haddad; Pioneer Research Institute; Seoul; the Netherlands; January 6, 2018",PERSON; ORG; GPE; GPE; DATE,Anna Haddad,Pioneer Research Institute,"Seoul, the Netherlands","January 6, 2018",,
891,"On September 24, 2025, Summit Robotics Inc. opened a new branch in Toronto, Poland, appointing Kevin Rossi as director.","Kevin Rossi; Summit Robotics Inc.; Poland; Toronto; September 24, 2025",PERSON; ORG; GPE; GPE; DATE,Kevin Rossi,Summit Robotics Inc.,"Poland, Toronto","September 24, 2025",,
892,"Vertex Analytics partnered with a university in Bangkok to research a PureGlow skincare set technology, Ibrahim Haddad reported.",Ibrahim Haddad; Vertex Analytics; Bangkok; a PureGlow skincare set,PERSON; ORG; GPE; PRODUCT,Ibrahim Haddad,Vertex Analytics,Bangkok,,,PureGlow skincare set
893,"The board at Northfield University approved a $45.50 investment in Wellington after Peter Okafor's presentation on August 25, 2021.","Peter Okafor; Northfield University; Wellington; August 25, 2021; $45.50",PERSON; ORG; GPE; DATE; MONEY,Peter Okafor,Northfield University,Wellington,"August 25, 2021",$45.50,
894,"The board at Golden Gate Retailers approved a $499.99 investment in Toronto after Sofia Okafor's presentation on May 26, 2020.","Sofia Okafor; Golden Gate Retailers; Toronto; May 26, 2020; $499.99",PERSON; ORG; GPE; DATE; MONEY,Sofia Okafor,Golden Gate Retailers,Toronto,"May 26, 2020",$499.99,
895,"The board at Coastal Insurance Co. approved a $350 investment in Zurich after Grace Chen's presentation on November 12, 2022.","Grace Chen; Coastal Insurance Co.; Zurich; November 12, 2022; $350",PERSON; ORG; GPE; DATE; MONEY,Grace Chen,Coastal Insurance Co.,Zurich,"November 12, 2022",$350,
896,"Daniel Brown, a spokesperson for Meridian Financial Group, confirmed the release of a NightOwl reading lamp for $350 on December 9, 2023.","Daniel Brown; Meridian Financial Group; December 9, 2023; $350; a NightOwl reading lamp",PERSON; ORG; DATE; MONEY; PRODUCT,Daniel Brown,Meridian Financial Group,,"December 9, 2023",$350,NightOwl reading lamp
897,"Victor Patel, a spokesperson for Harborview College, confirmed the release of a NightOwl reading lamp for $75 on August 20, 2021.","Victor Patel; Harborview College; August 20, 2021; $75; a NightOwl reading lamp",PERSON; ORG; DATE; MONEY; PRODUCT,Victor Patel,Harborview College,,"August 20, 2021",$75,NightOwl reading lamp
898,"During the conference in Buenos Aires, James Garcia from Falcon Logistics unveiled the FlexFit yoga mat priced at $350.",James Garcia; Falcon Logistics; Buenos Aires; $350; the FlexFit yoga mat,PERSON; ORG; GPE; MONEY; PRODUCT,James Garcia,Falcon Logistics,Buenos Aires,,$350,FlexFit yogmat
899,"On July 28, 2022, Blue Horizon Airlines opened a new branch in Marrakesh, the Netherlands, appointing Maria Kim as director.","Maria Kim; Blue Horizon Airlines; Marrakesh; the Netherlands; July 28, 2022",PERSON; ORG; GPE; GPE; DATE,Maria Kim,Blue Horizon Airlines,"Marrakesh, the Netherlands","July 28, 2022",,
900,Victor Garcia traveled from Zurich to Buenos Aires to negotiate a deal worth $199 with Meridian Financial Group.,Victor Garcia; Meridian Financial Group; Buenos Aires; Zurich; $199,PERSON; ORG; GPE; GPE; MONEY,Victor Garcia,Meridian Financial Group,"Buenos Aires, Zurich",,$199,
901,"Lakeside Medical Center announced that Elena Okafor will lead the new office in Cape Town starting March 17, 2024.","Elena Okafor; Lakeside Medical Center; Cape Town; March 17, 2024",PERSON; ORG; GPE; DATE,Elena Okafor,Lakeside Medical Center,Cape Town,"March 17, 2024",,
902,"Blue Horizon Airlines announced that Anna Okafor will lead the new office in Cairo starting March 13, 2020.","Anna Okafor; Blue Horizon Airlines; Cairo; March 13, 2020",PERSON; ORG; GPE; DATE,Anna Okafor,Blue Horizon Airlines,Cairo,"March 13, 2020",,
903,"Zainab Garcia traveled from Osaka to Jakarta to negotiate a deal worth $1,200 with Evergreen Energy Co..","Zainab Garcia; Evergreen Energy Co.; Jakarta; Osaka; $1,200",PERSON; ORG; GPE; GPE; MONEY,Zainab Garcia,Evergreen Energy Co.,"Jakarta, Osaka",,"$1,200",
904,"During the conference in Vancouver, Charlotte King from Skyline Real Estate unveiled a SoundWave headset priced at $499.99.",Charlotte King; Skyline Real Estate; Vancouver; $499.99; a SoundWave headset,PERSON; ORG; GPE; MONEY; PRODUCT,Charlotte King,Skyline Real Estate,Vancouver,,$499.99,SoundWave headset
905,"Redstone Consulting announced that Peter Anderson will lead the new office in Denver starting April 21, 2017.","Peter Anderson; Redstone Consulting; Denver; April 21, 2017",PERSON; ORG; GPE; DATE,Peter Anderson,Redstone Consulting,Denver,"April 21, 2017",,
906,"On February 20, 2024, Golden Gate Retailers opened a new branch in Zurich, Malaysia, appointing Peter Larsen as director.","Peter Larsen; Golden Gate Retailers; Malaysia; Zurich; February 20, 2024",PERSON; ORG; GPE; GPE; DATE,Peter Larsen,Golden Gate Retailers,"Malaysia, Zurich","February 20, 2024",,
907,"Victor Silva, a spokesperson for Evergreen Energy Co., confirmed the release of the AeroFit smartwatch for $199 on July 7, 2025.","Victor Silva; Evergreen Energy Co.; July 7, 2025; $199; the AeroFit smartwatch",PERSON; ORG; DATE; MONEY; PRODUCT,Victor Silva,Evergreen Energy Co.,,"July 7, 2025",$199,AeroFit smartwatch
908,"The board at Coastal Insurance Co. approved a $30.75 investment in Austin after Aisha Müller's presentation on December 18, 2021.","Aisha Müller; Coastal Insurance Co.; Austin; December 18, 2021; $30.75",PERSON; ORG; GPE; DATE; MONEY,Aisha Müller,Coastal Insurance Co.,Austin,"December 18, 2021",$30.75,
909,"Cedar Grove Hospital announced that Elena Baker will lead the new office in Cairo starting January 9, 2021.","Elena Baker; Cedar Grove Hospital; Cairo; January 9, 2021",PERSON; ORG; GPE; DATE,Elena Baker,Cedar Grove Hospital,Cairo,"January 9, 2021",,
910,"The board at Vertex Analytics approved a $45.50 investment in Buenos Aires after Lucas Moore's presentation on September 26, 2015.","Lucas Moore; Vertex Analytics; Buenos Aires; September 26, 2015; $45.50",PERSON; ORG; GPE; DATE; MONEY,Lucas Moore,Vertex Analytics,Buenos Aires,"September 26, 2015",$45.50,
911,Ingrid Larsen traveled from Seoul to Cape Town to negotiate a deal worth $30.75 with Maple Street School District.,Ingrid Larsen; Maple Street School District; Cape Town; Seoul; $30.75,PERSON; ORG; GPE; GPE; MONEY,Ingrid Larsen,Maple Street School District,"Cape Town, Seoul",,$30.75,
912,Hassan Moore traveled from Mumbai to Nairobi to negotiate a deal worth $99 with Falcon Logistics.,Hassan Moore; Falcon Logistics; Mumbai; Nairobi; $99,PERSON; ORG; GPE; GPE; MONEY,Hassan Moore,Falcon Logistics,"Mumbai, Nairobi",,$99,
913,"During the conference in Osaka, Ahmed Johansson from Northfield University unveiled a StreamCast speaker priced at $499.99.",Ahmed Johansson; Northfield University; Osaka; $499.99; a StreamCast speaker,PERSON; ORG; GPE; MONEY; PRODUCT,Ahmed Johansson,Northfield University,Osaka,,$499.99,StreamCast speaker
914,"Nadia Young joined Meridian Financial Group in Edinburgh on September 20, 2021 to launch a TrailRunner backpack.","Nadia Young; Meridian Financial Group; Edinburgh; September 20, 2021; a TrailRunner backpack",PERSON; ORG; GPE; DATE; PRODUCT,Nadia Young,Meridian Financial Group,Edinburgh,"September 20, 2021",,TrailRunner backpack
915,"Riverside Bank partnered with a university in Austin to research the QuickBrew coffee maker technology, Aisha Wright reported.",Aisha Wright; Riverside Bank; Austin; the QuickBrew coffee maker,PERSON; ORG; GPE; PRODUCT,Aisha Wright,Riverside Bank,Austin,,,QuickBrew coffee maker
916,Elena Khan traveled from Amsterdam to Prague to negotiate a deal worth $49.99 with Lakeside Medical Center.,Elena Khan; Lakeside Medical Center; Amsterdam; Prague; $49.99,PERSON; ORG; GPE; GPE; MONEY,Elena Khan,Lakeside Medical Center,"Amsterdam, Prague",,$49.99,
917,"Evergreen Energy Co. partnered with a university in Vancouver to research the GreenLeaf water bottle technology, Aisha Hall reported.",Aisha Hall; Evergreen Energy Co.; Vancouver; the GreenLeaf water bottle,PERSON; ORG; GPE; PRODUCT,Aisha Hall,Evergreen Energy Co.,Vancouver,,,GreenLeaf water bottle
918,"Delta Cloud Services announced that George Young will lead the new office in Cape Town starting August 10, 2018.","George Young; Delta Cloud Services; Cape Town; August 10, 2018",PERSON; ORG; GPE; DATE,George Young,Delta Cloud Services,Cape Town,"August 10, 2018",,
919,"Vertex Analytics partnered with a university in Marrakesh to research a PureGlow skincare set technology, Peter Wright reported.",Peter Wright; Vertex Analytics; Marrakesh; a PureGlow skincare set,PERSON; ORG; GPE; PRODUCT,Peter Wright,Vertex Analytics,Marrakesh,,,PureGlow skincare set
920,"The board at Pioneer Research Institute approved a $49.99 investment in Seoul after Chen Moore's presentation on February 23, 2017.","Chen Moore; Pioneer Research Institute; Seoul; February 23, 2017; $49.99",PERSON; ORG; GPE; DATE; MONEY,Chen Moore,Pioneer Research Institute,Seoul,"February 23, 2017",$49.99,
921,Fatima Moore traveled from Kuala Lumpur to Cape Town to negotiate a deal worth $75 with Ironwood Steel Works.,Fatima Moore; Ironwood Steel Works; Cape Town; Kuala Lumpur; $75,PERSON; ORG; GPE; GPE; MONEY,Fatima Moore,Ironwood Steel Works,"Cape Town, Kuala Lumpur",,$75,
922,"On April 12, 2021, Maple Street School District opened a new branch in Berlin, the Netherlands, appointing James Silva as director.","James Silva; Maple Street School District; Berlin; the Netherlands; April 12, 2021",PERSON; ORG; GPE; GPE; DATE,James Silva,Maple Street School District,"Berlin, the Netherlands","April 12, 2021",,
923,"Priya Johansson, a spokesperson for Union Manufacturing Corp., confirmed the release of a SunBeam solar charger for $24.50 on March 11, 2025.","Priya Johansson; Union Manufacturing Corp.; March 11, 2025; $24.50; a SunBeam solar charger",PERSON; ORG; DATE; MONEY; PRODUCT,Priya Johansson,Union Manufacturing Corp.,,"March 11, 2025",$24.50,SunBeam solar charger
924,"The board at Coastal Insurance Co. approved a $15 investment in Stockholm after Samuel Chen's presentation on April 3, 2024.","Samuel Chen; Coastal Insurance Co.; Stockholm; April 3, 2024; $15",PERSON; ORG; GPE; DATE; MONEY,Samuel Chen,Coastal Insurance Co.,Stockholm,"April 3, 2024",$15,
925,"On February 12, 2022, Lakeside Medical Center opened a new branch in Buenos Aires, the Netherlands, appointing Chen Nguyen as director.","Chen Nguyen; Lakeside Medical Center; Buenos Aires; the Netherlands; February 12, 2022",PERSON; ORG; GPE; GPE; DATE,Chen Nguyen,Lakeside Medical Center,"Buenos Aires, the Netherlands","February 12, 2022",,
926,"Daniel Lewis joined NextGen Software Labs in Bangkok on July 17, 2020 to launch a SnapShot camera.","Daniel Lewis; NextGen Software Labs; Bangkok; July 17, 2020; a SnapShot camera",PERSON; ORG; GPE; DATE; PRODUCT,Daniel Lewis,NextGen Software Labs,Bangkok,"July 17, 2020",,SnapShot camera
927,Aisha Haddad traveled from Cairo to Vancouver to negotiate a deal worth $250 with NextGen Software Labs.,Aisha Haddad; NextGen Software Labs; Cairo; Vancouver; $250,PERSON; ORG; GPE; GPE; MONEY,Aisha Haddad,NextGen Software Labs,"Cairo, Vancouver",,$250,
928,"Elena Larsen, a spokesperson for Crescent Media Group, confirmed the release of a ProGrip tennis racket for $199 on December 12, 2017.","Elena Larsen; Crescent Media Group; December 12, 2017; $199; a ProGrip tennis racket",PERSON; ORG; DATE; MONEY; PRODUCT,Elena Larsen,Crescent Media Group,,"December 12, 2017",$199,ProGrip tennis racket
929,"Coastal Insurance Co. announced that Peter Taylor will lead the new office in Edinburgh starting April 17, 2020.","Peter Taylor; Coastal Insurance Co.; Edinburgh; April 17, 2020",PERSON; ORG; GPE; DATE,Peter Taylor,Coastal Insurance Co.,Edinburgh,"April 17, 2020",,
930,"Ethan Green, a spokesperson for Cedar Grove Hospital, confirmed the release of a NightOwl reading lamp for $120 on September 5, 2021.","Ethan Green; Cedar Grove Hospital; September 5, 2021; $120; a NightOwl reading lamp",PERSON; ORG; DATE; MONEY; PRODUCT,Ethan Green,Cedar Grove Hospital,,"September 5, 2021",$120,NightOwl reading lamp
931,"Meridian Financial Group announced that Yuki Garcia will lead the new office in Amsterdam starting September 24, 2015.","Yuki Garcia; Meridian Financial Group; Amsterdam; September 24, 2015",PERSON; ORG; GPE; DATE,Yuki Garcia,Meridian Financial Group,Amsterdam,"September 24, 2015",,
932,"Elena Rossi joined Global Trade Partners in Mumbai on January 5, 2016 to launch the SmartHome Hub.","Elena Rossi; Global Trade Partners; Mumbai; January 5, 2016; the SmartHome Hub",PERSON; ORG; GPE; DATE; PRODUCT,Elena Rossi,Global Trade Partners,Mumbai,"January 5, 2016",,SmartHome Hub
933,"Silverline Motors partnered with a university in Kuala Lumpur to research a RoadMaster bicycle technology, Mateus Baker reported.",Mateus Baker; Silverline Motors; Kuala Lumpur; a RoadMaster bicycle,PERSON; ORG; GPE; PRODUCT,Mateus Baker,Silverline Motors,Kuala Lumpur,,,RoadMaster bicycle
934,"Charlotte Khan joined Oakwood Publishing House in Helsinki on October 6, 2016 to launch a NightOwl reading lamp.","Charlotte Khan; Oakwood Publishing House; Helsinki; October 6, 2016; a NightOwl reading lamp",PERSON; ORG; GPE; DATE; PRODUCT,Charlotte Khan,Oakwood Publishing House,Helsinki,"October 6, 2016",,NightOwl reading lamp
935,"Kevin Ivanov, a spokesperson for Falcon Logistics, confirmed the release of the QuickBrew coffee maker for $15 on April 8, 2017.","Kevin Ivanov; Falcon Logistics; April 8, 2017; $15; the QuickBrew coffee maker",PERSON; ORG; DATE; MONEY; PRODUCT,Kevin Ivanov,Falcon Logistics,,"April 8, 2017",$15,QuickBrew coffee maker
936,"Daniel Müller, a spokesperson for Oakwood Publishing House, confirmed the release of the ChefMate blender for $9.99 on November 22, 2020.","Daniel Müller; Oakwood Publishing House; November 22, 2020; $9.99; the ChefMate blender",PERSON; ORG; DATE; MONEY; PRODUCT,Daniel Müller,Oakwood Publishing House,,"November 22, 2020",$9.99,ChefMate blender
937,"Zainab Hall, a spokesperson for Riverside Bank, confirmed the release of the ChefMate blender for $75 on September 9, 2015.","Zainab Hall; Riverside Bank; September 9, 2015; $75; the ChefMate blender",PERSON; ORG; DATE; MONEY; PRODUCT,Zainab Hall,Riverside Bank,,"September 9, 2015",$75,ChefMate blender
938,"The board at Golden Gate Retailers approved a $350 investment in Lisbon after Isabella Khan's presentation on February 1, 2022.","Isabella Khan; Golden Gate Retailers; Lisbon; February 1, 2022; $350",PERSON; ORG; GPE; DATE; MONEY,Isabella Khan,Golden Gate Retailers,Lisbon,"February 1, 2022",$350,
939,"During the conference in Prague, Daniel Rossi from Oakwood Publishing House unveiled a NightOwl reading lamp priced at $45.50.",Daniel Rossi; Oakwood Publishing House; Prague; $45.50; a NightOwl reading lamp,PERSON; ORG; GPE; MONEY; PRODUCT,Daniel Rossi,Oakwood Publishing House,Prague,,$45.50,NightOwl reading lamp
940,"On January 28, 2017, Blue Horizon Airlines opened a new branch in Seoul, Indonesia, appointing Isabella Larsen as director.","Isabella Larsen; Blue Horizon Airlines; Indonesia; Seoul; January 28, 2017",PERSON; ORG; GPE; GPE; DATE,Isabella Larsen,Blue Horizon Airlines,"Indonesia, Seoul","January 28, 2017",,
941,Priya Osei traveled from Marrakesh to Austin to negotiate a deal worth $350 with Maple Street School District.,Priya Osei; Maple Street School District; Austin; Marrakesh; $350,PERSON; ORG; GPE; GPE; MONEY,Priya Osei,Maple Street School District,"Austin, Marrakesh",,$350,
942,"Maple Street School District partnered with a university in Edinburgh to research the PixelView monitor technology, Ravi Lewis reported.",Ravi Lewis; Maple Street School District; Edinburgh; the PixelView monitor,PERSON; ORG; GPE; PRODUCT,Ravi Lewis,Maple Street School District,Edinburgh,,,PixelView monitor
943,"Falcon Logistics announced that Adaeze Taylor will lead the new office in Seoul starting March 16, 2025.","Adaeze Taylor; Falcon Logistics; Seoul; March 16, 2025",PERSON; ORG; GPE; DATE,Adaeze Taylor,Falcon Logistics,Seoul,"March 16, 2025",,
944,"The board at Blue Horizon Airlines approved a $30.75 investment in Zurich after Victor Novak's presentation on December 21, 2019.","Victor Novak; Blue Horizon Airlines; Zurich; December 21, 2019; $30.75",PERSON; ORG; GPE; DATE; MONEY,Victor Novak,Blue Horizon Airlines,Zurich,"December 21, 2019",$30.75,
945,"The board at BrightFuture Foundation approved a $499.99 investment in Lisbon after Nadia Kowalski's presentation on March 24, 2017.","Nadia Kowalski; BrightFuture Foundation; Lisbon; March 24, 2017; $499.99",PERSON; ORG; GPE; DATE; MONEY,Nadia Kowalski,BrightFuture Foundation,Lisbon,"March 24, 2017",$499.99,
946,"Hassan Chen joined Vertex Analytics in Cape Town on October 12, 2018 to launch a TrailRunner backpack.","Hassan Chen; Vertex Analytics; Cape Town; October 12, 2018; a TrailRunner backpack",PERSON; ORG; GPE; DATE; PRODUCT,Hassan Chen,Vertex Analytics,Cape Town,"October 12, 2018",,TrailRunner backpack
947,"Ahmed Costa joined Lakeside Medical Center in Osaka on June 6, 2024 to launch a NightOwl reading lamp.","Ahmed Costa; Lakeside Medical Center; Osaka; June 6, 2024; a NightOwl reading lamp",PERSON; ORG; GPE; DATE; PRODUCT,Ahmed Costa,Lakeside Medical Center,Osaka,"June 6, 2024",,NightOwl reading lamp
948,"Noah Garcia, a spokesperson for Blue Horizon Airlines, confirmed the release of a SoundWave headset for $1,200 on September 3, 2018.","Noah Garcia; Blue Horizon Airlines; September 3, 2018; $1,200; a SoundWave headset",PERSON; ORG; DATE; MONEY; PRODUCT,Noah Garcia,Blue Horizon Airlines,,"September 3, 2018","$1,200",SoundWave headset
949,"BrightFuture Foundation partnered with a university in Marrakesh to research a SnapShot camera technology, Wei Clark reported.",Wei Clark; BrightFuture Foundation; Marrakesh; a SnapShot camera,PERSON; ORG; GPE; PRODUCT,Wei Clark,BrightFuture Foundation,Marrakesh,,,SnapShot camera
950,Hana Chen traveled from Austin to Amsterdam to negotiate a deal worth $49.99 with Summit Robotics Inc..,Hana Chen; Summit Robotics Inc.; Amsterdam; Austin; $49.99,PERSON; ORG; GPE; GPE; MONEY,Hana Chen,Summit Robotics Inc.,"Amsterdam, Austin",,$49.99,
951,"Maple Street School District partnered with a university in Melbourne to research the GreenLeaf water bottle technology, Mark Larsen reported.",Mark Larsen; Maple Street School District; Melbourne; the GreenLeaf water bottle,PERSON; ORG; GPE; PRODUCT,Mark Larsen,Maple Street School District,Melbourne,,,GreenLeaf water bottle
952,"Hana Johansson, a spokesperson for Aurora Data Systems, confirmed the release of the SmartHome Hub for $45.50 on December 21, 2020.","Hana Johansson; Aurora Data Systems; December 21, 2020; $45.50; the SmartHome Hub",PERSON; ORG; DATE; MONEY; PRODUCT,Hana Johansson,Aurora Data Systems,,"December 21, 2020",$45.50,SmartHome Hub
953,Yuki Lewis traveled from Lisbon to Amsterdam to negotiate a deal worth $199 with Crescent Media Group.,Yuki Lewis; Crescent Media Group; Amsterdam; Lisbon; $199,PERSON; ORG; GPE; GPE; MONEY,Yuki Lewis,Crescent Media Group,"Amsterdam, Lisbon",,$199,
954,"On June 2, 2025, Quantum Innovations opened a new branch in Melbourne, South Africa, appointing Zainab Clark as director.","Zainab Clark; Quantum Innovations; Melbourne; South Africa; June 2, 2025",PERSON; ORG; GPE; GPE; DATE,Zainab Clark,Quantum Innovations,"Melbourne, South Africa","June 2, 2025",,
955,"Victor Fernandez, a spokesperson for Pioneer Research Institute, confirmed the release of a SnapShot camera for $30.75 on September 6, 2016.","Victor Fernandez; Pioneer Research Institute; September 6, 2016; $30.75; a SnapShot camera",PERSON; ORG; DATE; MONEY; PRODUCT,Victor Fernandez,Pioneer Research Institute,,"September 6, 2016",$30.75,SnapShot camera
956,"Falcon Logistics partnered with a university in Kuala Lumpur to research the PixelView monitor technology, Liam Yamamoto reported.",Liam Yamamoto; Falcon Logistics; Kuala Lumpur; the PixelView monitor,PERSON; ORG; GPE; PRODUCT,Liam Yamamoto,Falcon Logistics,Kuala Lumpur,,,PixelView monitor
957,"Meridian Financial Group partnered with a university in Cape Town to research the ChefMate blender technology, Nina Hall reported.",Nina Hall; Meridian Financial Group; Cape Town; the ChefMate blender,PERSON; ORG; GPE; PRODUCT,Nina Hall,Meridian Financial Group,Cape Town,,,ChefMate blender
958,Mateus Müller traveled from Zurich to Toronto to negotiate a deal worth $49.99 with Evergreen Energy Co..,Mateus Müller; Evergreen Energy Co.; Toronto; Zurich; $49.99,PERSON; ORG; GPE; GPE; MONEY,Mateus Müller,Evergreen Energy Co.,"Toronto, Zurich",,$49.99,
959,"Sara Kim, a spokesperson for Maple Street School District, confirmed the release of the SmartHome Hub for $19.99 on January 22, 2017.","Sara Kim; Maple Street School District; January 22, 2017; $19.99; the SmartHome Hub",PERSON; ORG; DATE; MONEY; PRODUCT,Sara Kim,Maple Street School District,,"January 22, 2017",$19.99,SmartHome Hub
960,Anna Smith traveled from Amsterdam to Prague to negotiate a deal worth $350 with Pioneer Research Institute.,Anna Smith; Pioneer Research Institute; Amsterdam; Prague; $350,PERSON; ORG; GPE; GPE; MONEY,Anna Smith,Pioneer Research Institute,"Amsterdam, Prague",,$350,
961,"Vertex Analytics announced that Hana Larsen will lead the new office in Austin starting October 10, 2019.","Hana Larsen; Vertex Analytics; Austin; October 10, 2019",PERSON; ORG; GPE; DATE,Hana Larsen,Vertex Analytics,Austin,"October 10, 2019",,
962,"David Larsen, a spokesperson for Falcon Logistics, confirmed the release of a SnapShot camera for $1,200 on January 23, 2024.","David Larsen; Falcon Logistics; January 23, 2024; $1,200; a SnapShot camera",PERSON; ORG; DATE; MONEY; PRODUCT,David Larsen,Falcon Logistics,,"January 23, 2024","$1,200",SnapShot camera
963,"Evergreen Energy Co. announced that Nadia Patel will lead the new office in Toronto starting July 26, 2023.","Nadia Patel; Evergreen Energy Co.; Toronto; July 26, 2023",PERSON; ORG; GPE; DATE,Nadia Patel,Evergreen Energy Co.,Toronto,"July 26, 2023",,
964,"During the conference in Cairo, Zainab Young from BrightFuture Foundation unveiled a NovaBook Pro laptop priced at $24.50.",Zainab Young; BrightFuture Foundation; Cairo; $24.50; a NovaBook Pro laptop,PERSON; ORG; GPE; MONEY; PRODUCT,Zainab Young,BrightFuture Foundation,Cairo,,$24.50,NovaBook Pro laptop
965,"During the conference in Zurich, Sara Costa from BrightFuture Foundation unveiled the CloudDesk chair priced at $19.99.",Sara Costa; BrightFuture Foundation; Zurich; $19.99; the CloudDesk chair,PERSON; ORG; GPE; MONEY; PRODUCT,Sara Costa,BrightFuture Foundation,Zurich,,$19.99,CloudDesk chair
966,"Julia Smith, a spokesperson for Oakwood Publishing House, confirmed the release of a PureGlow skincare set for $15 on November 24, 2023.","Julia Smith; Oakwood Publishing House; November 24, 2023; $15; a PureGlow skincare set",PERSON; ORG; DATE; MONEY; PRODUCT,Julia Smith,Oakwood Publishing House,,"November 24, 2023",$15,PureGlow skincare set
967,"Evergreen Energy Co. partnered with a university in Denver to research the FreshAir purifier technology, Carlos Ivanov reported.",Carlos Ivanov; Evergreen Energy Co.; Denver; the FreshAir purifier,PERSON; ORG; GPE; PRODUCT,Carlos Ivanov,Evergreen Energy Co.,Denver,,,FreshAir purifier
968,"On April 28, 2022, Delta Cloud Services opened a new branch in Copenhagen, Finland, appointing Victor Larsen as director.","Victor Larsen; Delta Cloud Services; Copenhagen; Finland; April 28, 2022",PERSON; ORG; GPE; GPE; DATE,Victor Larsen,Delta Cloud Services,"Copenhagen, Finland","April 28, 2022",,
969,"Amara Costa joined BrightFuture Foundation in Berlin on May 6, 2025 to launch the TravelLite suitcase.","Amara Costa; BrightFuture Foundation; Berlin; May 6, 2025; the TravelLite suitcase",PERSON; ORG; GPE; DATE; PRODUCT,Amara Costa,BrightFuture Foundation,Berlin,"May 6, 2025",,TravelLite suitcase
970,"The board at Silverline Motors approved a $99 investment in Warsaw after Kevin Taylor's presentation on July 15, 2017.","Kevin Taylor; Silverline Motors; Warsaw; July 15, 2017; $99",PERSON; ORG; GPE; DATE; MONEY,Kevin Taylor,Silverline Motors,Warsaw,"July 15, 2017",$99,
971,"Summit Robotics Inc. announced that Priya Kim will lead the new office in Denver starting April 20, 2015.","Priya Kim; Summit Robotics Inc.; Denver; April 20, 2015",PERSON; ORG; GPE; DATE,Priya Kim,Summit Robotics Inc.,Denver,"April 20, 2015",,
972,"The board at Pioneer Research Institute approved a $45.50 investment in Buenos Aires after Nadia Brown's presentation on December 8, 2020.","Nadia Brown; Pioneer Research Institute; Buenos Aires; December 8, 2020; $45.50",PERSON; ORG; GPE; DATE; MONEY,Nadia Brown,Pioneer Research Institute,Buenos Aires,"December 8, 2020",$45.50,
973,"The board at Ironwood Steel Works approved a $1,200 investment in Nairobi after Leila Clark's presentation on August 9, 2018.","Leila Clark; Ironwood Steel Works; Nairobi; August 9, 2018; $1,200",PERSON; ORG; GPE; DATE; MONEY,Leila Clark,Ironwood Steel Works,Nairobi,"August 9, 2018","$1,200",
974,"Harborview College announced that Kevin Anderson will lead the new office in Denver starting June 8, 2020.","Kevin Anderson; Harborview College; Denver; June 8, 2020",PERSON; ORG; GPE; DATE,Kevin Anderson,Harborview College,Denver,"June 8, 2020",,
975,"Grace Müller, a spokesperson for Union Manufacturing Corp., confirmed the release of a SnapShot camera for $350 on April 9, 2015.","Grace Müller; Union Manufacturing Corp.; April 9, 2015; $350; a SnapShot camera",PERSON; ORG; DATE; MONEY; PRODUCT,Grace Müller,Union Manufacturing Corp.,,"April 9, 2015",$350,SnapShot camera
976,"Crescent Media Group announced that Samuel Costa will lead the new office in Santiago starting March 4, 2021.","Samuel Costa; Crescent Media Group; Santiago; March 4, 2021",PERSON; ORG; GPE; DATE,Samuel Costa,Crescent Media Group,Santiago,"March 4, 2021",,
977,"Charlotte Lewis, a spokesperson for Golden Gate Retailers, confirmed the release of the AeroFit smartwatch for $30.75 on August 5, 2016.","Charlotte Lewis; Golden Gate Retailers; August 5, 2016; $30.75; the AeroFit smartwatch",PERSON; ORG; DATE; MONEY; PRODUCT,Charlotte Lewis,Golden Gate Retailers,,"August 5, 2016",$30.75,AeroFit smartwatch
978,Nina Patel traveled from Cape Town to Prague to negotiate a deal worth $499.99 with NextGen Software Labs.,Nina Patel; NextGen Software Labs; Cape Town; Prague; $499.99,PERSON; ORG; GPE; GPE; MONEY,Nina Patel,NextGen Software Labs,"Cape Town, Prague",,$499.99,
979,"Crescent Media Group partnered with a university in Vancouver to research the FreshAir purifier technology, Priya Ivanov reported.",Priya Ivanov; Crescent Media Group; Vancouver; the FreshAir purifier,PERSON; ORG; GPE; PRODUCT,Priya Ivanov,Crescent Media Group,Vancouver,,,FreshAir purifier
980,"The board at NextGen Software Labs approved a $30.75 investment in Austin after Noah Suzuki's presentation on June 25, 2018.","Noah Suzuki; NextGen Software Labs; Austin; June 25, 2018; $30.75",PERSON; ORG; GPE; DATE; MONEY,Noah Suzuki,NextGen Software Labs,Austin,"June 25, 2018",$30.75,
981,"Julia Nguyen, a spokesperson for Golden Gate Retailers, confirmed the release of a NovaBook Pro laptop for $30.75 on January 28, 2017.","Julia Nguyen; Golden Gate Retailers; January 28, 2017; $30.75; a NovaBook Pro laptop",PERSON; ORG; DATE; MONEY; PRODUCT,Julia Nguyen,Golden Gate Retailers,,"January 28, 2017",$30.75,NovaBook Pro laptop
982,Adaeze Garcia traveled from Helsinki to Bangkok to negotiate a deal worth $15 with Summit Robotics Inc..,Adaeze Garcia; Summit Robotics Inc.; Bangkok; Helsinki; $15,PERSON; ORG; GPE; GPE; MONEY,Adaeze Garcia,Summit Robotics Inc.,"Bangkok, Helsinki",,$15,
983,"Riverside Bank partnered with a university in Edinburgh to research the TravelLite suitcase technology, James Ivanov reported.",James Ivanov; Riverside Bank; Edinburgh; the TravelLite suitcase,PERSON; ORG; GPE; PRODUCT,James Ivanov,Riverside Bank,Edinburgh,,,TravelLite suitcase
984,"Coastal Insurance Co. announced that Leila Scott will lead the new office in Edinburgh starting November 24, 2019.","Leila Scott; Coastal Insurance Co.; Edinburgh; November 24, 2019",PERSON; ORG; GPE; DATE,Leila Scott,Coastal Insurance Co.,Edinburgh,"November 24, 2019",,
985,"Maple Street School District announced that Lucas Scott will lead the new office in Prague starting August 15, 2021.","Lucas Scott; Maple Street School District; Prague; August 15, 2021",PERSON; ORG; GPE; DATE,Lucas Scott,Maple Street School District,Prague,"August 15, 2021",,
986,Nina Lewis traveled from Cairo to Jakarta to negotiate a deal worth $89.99 with Evergreen Energy Co..,Nina Lewis; Evergreen Energy Co.; Cairo; Jakarta; $89.99,PERSON; ORG; GPE; GPE; MONEY,Nina Lewis,Evergreen Energy Co.,"Cairo, Jakarta",,$89.99,
987,"Aisha Silva joined Harborview College in Edinburgh on July 13, 2023 to launch the GreenLeaf water bottle.","Aisha Silva; Harborview College; Edinburgh; July 13, 2023; the GreenLeaf water bottle",PERSON; ORG; GPE; DATE; PRODUCT,Aisha Silva,Harborview College,Edinburgh,"July 13, 2023",,GreenLeaf water bottle
988,Elena Silva traveled from Cape Town to Edinburgh to negotiate a deal worth $24.50 with Brightline Technologies.,Elena Silva; Brightline Technologies; Cape Town; Edinburgh; $24.50,PERSON; ORG; GPE; GPE; MONEY,Elena Silva,Brightline Technologies,"Cape Town, Edinburgh",,$24.50,
989,"The board at Crescent Media Group approved a $9.99 investment in Toronto after Fatima Garcia's presentation on September 9, 2016.","Fatima Garcia; Crescent Media Group; Toronto; September 9, 2016; $9.99",PERSON; ORG; GPE; DATE; MONEY,Fatima Garcia,Crescent Media Group,Toronto,"September 9, 2016",$9.99,
990,"On July 1, 2021, Union Manufacturing Corp. opened a new branch in Manila, Sweden, appointing George Wright as director.","George Wright; Union Manufacturing Corp.; Manila; Sweden; July 1, 2021",PERSON; ORG; GPE; GPE; DATE,George Wright,Union Manufacturing Corp.,"Manila, Sweden","July 1, 2021",,
991,"On September 21, 2016, Redstone Consulting opened a new branch in Toronto, India, appointing Tom Wright as director.","Tom Wright; Redstone Consulting; India; Toronto; September 21, 2016",PERSON; ORG; GPE; GPE; DATE,Tom Wright,Redstone Consulting,"India, Toronto","September 21, 2016",,
992,"The board at Maple Street School District approved a $499.99 investment in Denver after Ravi Patel's presentation on August 14, 2017.","Ravi Patel; Maple Street School District; Denver; August 14, 2017; $499.99",PERSON; ORG; GPE; DATE; MONEY,Ravi Patel,Maple Street School District,Denver,"August 14, 2017",$499.99,
993,"Priya King joined Golden Gate Retailers in Zurich on October 1, 2019 to launch the PixelView monitor.","Priya King; Golden Gate Retailers; Zurich; October 1, 2019; the PixelView monitor",PERSON; ORG; GPE; DATE; PRODUCT,Priya King,Golden Gate Retailers,Zurich,"October 1, 2019",,PixelView monitor
994,"Maria Larsen joined Crescent Media Group in Zurich on September 13, 2018 to launch the CloudDesk chair.","Maria Larsen; Crescent Media Group; Zurich; September 13, 2018; the CloudDesk chair",PERSON; ORG; GPE; DATE; PRODUCT,Maria Larsen,Crescent Media Group,Zurich,"September 13, 2018",,CloudDesk chair
995,"On April 12, 2023, Evergreen Energy Co. opened a new branch in Prague, Germany, appointing Mei Kim as director.","Mei Kim; Evergreen Energy Co.; Germany; Prague; April 12, 2023",PERSON; ORG; GPE; GPE; DATE,Mei Kim,Evergreen Energy Co.,"Germany, Prague","April 12, 2023",,
996,Sara Anderson traveled from Cairo to Amsterdam to negotiate a deal worth $75 with Falcon Logistics.,Sara Anderson; Falcon Logistics; Amsterdam; Cairo; $75,PERSON; ORG; GPE; GPE; MONEY,Sara Anderson,Falcon Logistics,"Amsterdam, Cairo",,$75,
997,"Priya Green joined Ironwood Steel Works in Nairobi on January 6, 2020 to launch the SmartHome Hub.","Priya Green; Ironwood Steel Works; Nairobi; January 6, 2020; the SmartHome Hub",PERSON; ORG; GPE; DATE; PRODUCT,Priya Green,Ironwood Steel Works,Nairobi,"January 6, 2020",,SmartHome Hub
998,"During the conference in Cape Town, Sara Chen from Harborview College unveiled the TravelLite suitcase priced at $19.99.",Sara Chen; Harborview College; Cape Town; $19.99; the TravelLite suitcase,PERSON; ORG; GPE; MONEY; PRODUCT,Sara Chen,Harborview College,Cape Town,,$19.99,TravelLite suitcase
999,"Peter Costa, a spokesperson for Maple Street School District, confirmed the release of a TrailRunner backpack for $15 on December 13, 2021.","Peter Costa; Maple Street School District; December 13, 2021; $15; a TrailRunner backpack",PERSON; ORG; DATE; MONEY; PRODUCT,Peter Costa,Maple Street School District,,"December 13, 2021",$15,TrailRunner backpack
1000,"On August 3, 2020, Falcon Logistics opened a new branch in Edinburgh, Germany, appointing Daniel Müller as director.","Daniel Müller; Falcon Logistics; Edinburgh; Germany; August 3, 2020",PERSON; ORG; GPE; GPE; DATE,Daniel Müller,Falcon Logistics,"Edinburgh, Germany","August 3, 2020",,
1001,"Nina Nguyen, a spokesperson for Cedar Grove Hospital, confirmed the release of the QuickBrew coffee maker for $49.99 on April 1, 2015.","Nina Nguyen; Cedar Grove Hospital; April 1, 2015; $49.99; the QuickBrew coffee maker",PERSON; ORG; DATE; MONEY; PRODUCT,Nina Nguyen,Cedar Grove Hospital,,"April 1, 2015",$49.99,QuickBrew coffee maker
1002,"The board at Harborview College approved a $499.99 investment in Helsinki after Hassan Rossi's presentation on August 21, 2023.","Hassan Rossi; Harborview College; Helsinki; August 21, 2023; $499.99",PERSON; ORG; GPE; DATE; MONEY,Hassan Rossi,Harborview College,Helsinki,"August 21, 2023",$499.99,
1003,"Vertex Analytics announced that Isabella Dubois will lead the new office in Kuala Lumpur starting February 16, 2025.","Isabella Dubois; Vertex Analytics; Kuala Lumpur; February 16, 2025",PERSON; ORG; GPE; DATE,Isabella Dubois,Vertex Analytics,Kuala Lumpur,"February 16, 2025",,
1004,Priya Patel traveled from Zurich to Cairo to negotiate a deal worth $499.99 with Global Trade Partners.,Priya Patel; Global Trade Partners; Cairo; Zurich; $499.99,PERSON; ORG; GPE; GPE; MONEY,Priya Patel,Global Trade Partners,"Cairo, Zurich",,$499.99,
1005,"The board at Blue Horizon Airlines approved a $199 investment in Austin after Isabella Anderson's presentation on December 25, 2023.","Isabella Anderson; Blue Horizon Airlines; Austin; December 25, 2023; $199",PERSON; ORG; GPE; DATE; MONEY,Isabella Anderson,Blue Horizon Airlines,Austin,"December 25, 2023",$199,
1006,"During the conference in Marrakesh, Isabella King from Northfield University unveiled the FlexFit yoga mat priced at $99.",Isabella King; Northfield University; Marrakesh; $99; the FlexFit yoga mat,PERSON; ORG; GPE; MONEY; PRODUCT,Isabella King,Northfield University,Marrakesh,,$99,FlexFit yogmat
1007,"During the conference in Lisbon, Sara Okafor from BrightFuture Foundation unveiled the PixelView monitor priced at $99.",Sara Okafor; BrightFuture Foundation; Lisbon; $99; the PixelView monitor,PERSON; ORG; GPE; MONEY; PRODUCT,Sara Okafor,BrightFuture Foundation,Lisbon,,$99,PixelView monitor
1008,"The board at Global Trade Partners approved a $15 investment in Berlin after Ibrahim Müller's presentation on May 10, 2025.","Ibrahim Müller; Global Trade Partners; Berlin; May 10, 2025; $15",PERSON; ORG; GPE; DATE; MONEY,Ibrahim Müller,Global Trade Partners,Berlin,"May 10, 2025",$15,
1009,Samuel Anderson traveled from Copenhagen to Cape Town to negotiate a deal worth $120 with Evergreen Energy Co..,Samuel Anderson; Evergreen Energy Co.; Cape Town; Copenhagen; $120,PERSON; ORG; GPE; GPE; MONEY,Samuel Anderson,Evergreen Energy Co.,"Cape Town, Copenhagen",,$120,
1010,"Daniel Kim, a spokesperson for Falcon Logistics, confirmed the release of the QuickBrew coffee maker for $49.99 on March 1, 2015.","Daniel Kim; Falcon Logistics; March 1, 2015; $49.99; the QuickBrew coffee maker",PERSON; ORG; DATE; MONEY; PRODUCT,Daniel Kim,Falcon Logistics,,"March 1, 2015",$49.99,QuickBrew coffee maker
1011,"NextGen Software Labs partnered with a university in Copenhagen to research a ProGrip tennis racket technology, Ethan Costa reported.",Ethan Costa; NextGen Software Labs; Copenhagen; a ProGrip tennis racket,PERSON; ORG; GPE; PRODUCT,Ethan Costa,NextGen Software Labs,Copenhagen,,,ProGrip tennis racket
1012,"During the conference in Amsterdam, Liam Osei from NextGen Software Labs unveiled the CloudDesk chair priced at $250.",Liam Osei; NextGen Software Labs; Amsterdam; $250; the CloudDesk chair,PERSON; ORG; GPE; MONEY; PRODUCT,Liam Osei,NextGen Software Labs,Amsterdam,,$250,CloudDesk chair
1013,"Aurora Data Systems partnered with a university in Cairo to research the FreshAir purifier technology, David Anderson reported.",David Anderson; Aurora Data Systems; Cairo; the FreshAir purifier,PERSON; ORG; GPE; PRODUCT,David Anderson,Aurora Data Systems,Cairo,,,FreshAir purifier
1014,"On October 24, 2016, Quantum Innovations opened a new branch in Austin, New Zealand, appointing Daniel Müller as director.","Daniel Müller; Quantum Innovations; Austin; New Zealand; October 24, 2016",PERSON; ORG; GPE; GPE; DATE,Daniel Müller,Quantum Innovations,"Austin, New Zealand","October 24, 2016",,
1015,"Ingrid Green joined Union Manufacturing Corp. in Jakarta on June 3, 2017 to launch the ChefMate blender.","Ingrid Green; Union Manufacturing Corp.; Jakarta; June 3, 2017; the ChefMate blender",PERSON; ORG; GPE; DATE; PRODUCT,Ingrid Green,Union Manufacturing Corp.,Jakarta,"June 3, 2017",,ChefMate blender
1016,"Yuki Lewis joined Pioneer Research Institute in Manila on April 15, 2022 to launch a SoundWave headset.","Yuki Lewis; Pioneer Research Institute; Manila; April 15, 2022; a SoundWave headset",PERSON; ORG; GPE; DATE; PRODUCT,Yuki Lewis,Pioneer Research Institute,Manila,"April 15, 2022",,SoundWave headset
1017,"Hana Dubois, a spokesperson for NextGen Software Labs, confirmed the release of a SunBeam solar charger for $89.99 on January 12, 2016.","Hana Dubois; NextGen Software Labs; January 12, 2016; $89.99; a SunBeam solar charger",PERSON; ORG; DATE; MONEY; PRODUCT,Hana Dubois,NextGen Software Labs,,"January 12, 2016",$89.99,SunBeam solar charger
1018,"George Baker joined NextGen Software Labs in Toronto on November 26, 2015 to launch a ProGrip tennis racket.","George Baker; NextGen Software Labs; Toronto; November 26, 2015; a ProGrip tennis racket",PERSON; ORG; GPE; DATE; PRODUCT,George Baker,NextGen Software Labs,Toronto,"November 26, 2015",,ProGrip tennis racket
1019,Adaeze Müller traveled from Austin to Manila to negotiate a deal worth $89.99 with Union Manufacturing Corp..,Adaeze Müller; Union Manufacturing Corp.; Austin; Manila; $89.99,PERSON; ORG; GPE; GPE; MONEY,Adaeze Müller,Union Manufacturing Corp.,"Austin, Manila",,$89.99,
1020,Peter Walker traveled from Toronto to Cape Town to negotiate a deal worth $499.99 with Summit Robotics Inc..,Peter Walker; Summit Robotics Inc.; Cape Town; Toronto; $499.99,PERSON; ORG; GPE; GPE; MONEY,Peter Walker,Summit Robotics Inc.,"Cape Town, Toronto",,$499.99,
1021,Ethan Garcia traveled from Vancouver to Cape Town to negotiate a deal worth $24.50 with Northfield University.,Ethan Garcia; Northfield University; Cape Town; Vancouver; $24.50,PERSON; ORG; GPE; GPE; MONEY,Ethan Garcia,Northfield University,"Cape Town, Vancouver",,$24.50,
1022,"During the conference in Amsterdam, Julia Osei from NextGen Software Labs unveiled the QuickBrew coffee maker priced at $89.99.",Julia Osei; NextGen Software Labs; Amsterdam; $89.99; the QuickBrew coffee maker,PERSON; ORG; GPE; MONEY; PRODUCT,Julia Osei,NextGen Software Labs,Amsterdam,,$89.99,QuickBrew coffee maker
1023,"Mateus Fernandez joined Meridian Financial Group in Marrakesh on January 26, 2025 to launch the FreshAir purifier.","Mateus Fernandez; Meridian Financial Group; Marrakesh; January 26, 2025; the FreshAir purifier",PERSON; ORG; GPE; DATE; PRODUCT,Mateus Fernandez,Meridian Financial Group,Marrakesh,"January 26, 2025",,FreshAir purifier
1024,"Emma Baker joined Pioneer Research Institute in Marrakesh on August 18, 2021 to launch the TravelLite suitcase.","Emma Baker; Pioneer Research Institute; Marrakesh; August 18, 2021; the TravelLite suitcase",PERSON; ORG; GPE; DATE; PRODUCT,Emma Baker,Pioneer Research Institute,Marrakesh,"August 18, 2021",,TravelLite suitcase
1025,"Pioneer Research Institute announced that Mark Costa will lead the new office in Prague starting August 24, 2024.","Mark Costa; Pioneer Research Institute; Prague; August 24, 2024",PERSON; ORG; GPE; DATE,Mark Costa,Pioneer Research Institute,Prague,"August 24, 2024",,
1026,"Crescent Media Group partnered with a university in Bangkok to research a NightOwl reading lamp technology, Noah Smith reported.",Noah Smith; Crescent Media Group; Bangkok; a NightOwl reading lamp,PERSON; ORG; GPE; PRODUCT,Noah Smith,Crescent Media Group,Bangkok,,,NightOwl reading lamp
1027,"The board at Vertex Analytics approved a $30.75 investment in Amsterdam after Ibrahim Lewis's presentation on October 2, 2024.","Ibrahim Lewis; Vertex Analytics; Amsterdam; October 2, 2024; $30.75",PERSON; ORG; GPE; DATE; MONEY,Ibrahim Lewis,Vertex Analytics,Amsterdam,"October 2, 2024",$30.75,
1028,"The board at Global Trade Partners approved a $45.50 investment in Copenhagen after Tom Fernandez's presentation on October 16, 2025.","Tom Fernandez; Global Trade Partners; Copenhagen; October 16, 2025; $45.50",PERSON; ORG; GPE; DATE; MONEY,Tom Fernandez,Global Trade Partners,Copenhagen,"October 16, 2025",$45.50,
1029,"Carlos Scott, a spokesperson for Zenith Pharmaceuticals, confirmed the release of the PixelView monitor for $120 on November 19, 2021.","Carlos Scott; Zenith Pharmaceuticals; November 19, 2021; $120; the PixelView monitor",PERSON; ORG; DATE; MONEY; PRODUCT,Carlos Scott,Zenith Pharmaceuticals,,"November 19, 2021",$120,PixelView monitor
1030,"During the conference in Melbourne, Carlos Kowalski from Crescent Media Group unveiled the CloudDesk chair priced at $24.50.",Carlos Kowalski; Crescent Media Group; Melbourne; $24.50; the CloudDesk chair,PERSON; ORG; GPE; MONEY; PRODUCT,Carlos Kowalski,Crescent Media Group,Melbourne,,$24.50,CloudDesk chair
1031,"During the conference in Cape Town, Maria Scott from NextGen Software Labs unveiled a PureGlow skincare set priced at $350.",Maria Scott; NextGen Software Labs; Cape Town; $350; a PureGlow skincare set,PERSON; ORG; GPE; MONEY; PRODUCT,Maria Scott,NextGen Software Labs,Cape Town,,$350,PureGlow skincare set
1032,"The board at Redstone Consulting approved a $89.99 investment in Buenos Aires after Amara King's presentation on March 12, 2025.","Amara King; Redstone Consulting; Buenos Aires; March 12, 2025; $89.99",PERSON; ORG; GPE; DATE; MONEY,Amara King,Redstone Consulting,Buenos Aires,"March 12, 2025",$89.99,
1033,"During the conference in Lisbon, Leila Müller from Maple Street School District unveiled a RoadMaster bicycle priced at $30.75.",Leila Müller; Maple Street School District; Lisbon; $30.75; a RoadMaster bicycle,PERSON; ORG; GPE; MONEY; PRODUCT,Leila Müller,Maple Street School District,Lisbon,,$30.75,RoadMaster bicycle
1034,Olivia Scott traveled from Dublin to Vancouver to negotiate a deal worth $99 with Maple Street School District.,Olivia Scott; Maple Street School District; Dublin; Vancouver; $99,PERSON; ORG; GPE; GPE; MONEY,Olivia Scott,Maple Street School District,"Dublin, Vancouver",,$99,
1035,"The board at Meridian Financial Group approved a $15 investment in Toronto after Omar Fernandez's presentation on February 24, 2018.","Omar Fernandez; Meridian Financial Group; Toronto; February 24, 2018; $15",PERSON; ORG; GPE; DATE; MONEY,Omar Fernandez,Meridian Financial Group,Toronto,"February 24, 2018",$15,
1036,Tom Hall traveled from Melbourne to Edinburgh to negotiate a deal worth $89.99 with Crescent Media Group.,Tom Hall; Crescent Media Group; Edinburgh; Melbourne; $89.99,PERSON; ORG; GPE; GPE; MONEY,Tom Hall,Crescent Media Group,"Edinburgh, Melbourne",,$89.99,
1037,"Global Trade Partners partnered with a university in Cape Town to research a TrailRunner backpack technology, Zainab Walker reported.",Zainab Walker; Global Trade Partners; Cape Town; a TrailRunner backpack,PERSON; ORG; GPE; PRODUCT,Zainab Walker,Global Trade Partners,Cape Town,,,TrailRunner backpack
1038,"NextGen Software Labs partnered with a university in Prague to research a ProGrip tennis racket technology, Ethan Fernandez reported.",Ethan Fernandez; NextGen Software Labs; Prague; a ProGrip tennis racket,PERSON; ORG; GPE; PRODUCT,Ethan Fernandez,NextGen Software Labs,Prague,,,ProGrip tennis racket
1039,"Delta Cloud Services announced that Peter Patel will lead the new office in Mumbai starting July 20, 2024.","Peter Patel; Delta Cloud Services; Mumbai; July 20, 2024",PERSON; ORG; GPE; DATE,Peter Patel,Delta Cloud Services,Mumbai,"July 20, 2024",,
1040,Noah Dubois traveled from Edinburgh to Dublin to negotiate a deal worth $45.50 with Evergreen Energy Co..,Noah Dubois; Evergreen Energy Co.; Dublin; Edinburgh; $45.50,PERSON; ORG; GPE; GPE; MONEY,Noah Dubois,Evergreen Energy Co.,"Dublin, Edinburgh",,$45.50,
1041,"Samuel Hall joined Redstone Consulting in Vancouver on June 17, 2020 to launch the GreenLeaf water bottle.","Samuel Hall; Redstone Consulting; Vancouver; June 17, 2020; the GreenLeaf water bottle",PERSON; ORG; GPE; DATE; PRODUCT,Samuel Hall,Redstone Consulting,Vancouver,"June 17, 2020",,GreenLeaf water bottle
1042,"On December 17, 2021, Summit Robotics Inc. opened a new branch in Warsaw, South Africa, appointing Carlos Green as director.","Carlos Green; Summit Robotics Inc.; South Africa; Warsaw; December 17, 2021",PERSON; ORG; GPE; GPE; DATE,Carlos Green,Summit Robotics Inc.,"South Africa, Warsaw","December 17, 2021",,
1043,"Golden Gate Retailers partnered with a university in Dublin to research the FreshAir purifier technology, Olivia Green reported.",Olivia Green; Golden Gate Retailers; Dublin; the FreshAir purifier,PERSON; ORG; GPE; PRODUCT,Olivia Green,Golden Gate Retailers,Dublin,,,FreshAir purifier
1044,"Layla Costa, a spokesperson for NextGen Software Labs, confirmed the release of a SnapShot camera for $89.99 on November 6, 2017.","Layla Costa; NextGen Software Labs; November 6, 2017; $89.99; a SnapShot camera",PERSON; ORG; DATE; MONEY; PRODUCT,Layla Costa,NextGen Software Labs,,"November 6, 2017",$89.99,SnapShot camera
1045,"During the conference in Osaka, Felix Baker from Harborview College unveiled a SoundWave headset priced at $499.99.",Felix Baker; Harborview College; Osaka; $499.99; a SoundWave headset,PERSON; ORG; GPE; MONEY; PRODUCT,Felix Baker,Harborview College,Osaka,,$499.99,SoundWave headset
1046,"The board at Delta Cloud Services approved a $1,200 investment in Vancouver after Elena Khan's presentation on August 1, 2025.","Elena Khan; Delta Cloud Services; Vancouver; August 1, 2025; $1,200",PERSON; ORG; GPE; DATE; MONEY,Elena Khan,Delta Cloud Services,Vancouver,"August 1, 2025","$1,200",
1047,"Kevin Suzuki, a spokesperson for Pioneer Research Institute, confirmed the release of a NovaBook Pro laptop for $15 on August 15, 2022.","Kevin Suzuki; Pioneer Research Institute; August 15, 2022; $15; a NovaBook Pro laptop",PERSON; ORG; DATE; MONEY; PRODUCT,Kevin Suzuki,Pioneer Research Institute,,"August 15, 2022",$15,NovaBook Pro laptop
1048,"Liam Scott, a spokesperson for Blue Horizon Airlines, confirmed the release of the QuickBrew coffee maker for $15 on June 24, 2020.","Liam Scott; Blue Horizon Airlines; June 24, 2020; $15; the QuickBrew coffee maker",PERSON; ORG; DATE; MONEY; PRODUCT,Liam Scott,Blue Horizon Airlines,,"June 24, 2020",$15,QuickBrew coffee maker
1049,"BrightFuture Foundation partnered with a university in Edinburgh to research the GreenLeaf water bottle technology, Sara Moore reported.",Sara Moore; BrightFuture Foundation; Edinburgh; the GreenLeaf water bottle,PERSON; ORG; GPE; PRODUCT,Sara Moore,BrightFuture Foundation,Edinburgh,,,GreenLeaf water bottle
1050,"Adaeze Lewis joined Coastal Insurance Co. in Wellington on September 4, 2025 to launch a SoundWave headset.","Adaeze Lewis; Coastal Insurance Co.; Wellington; September 4, 2025; a SoundWave headset",PERSON; ORG; GPE; DATE; PRODUCT,Adaeze Lewis,Coastal Insurance Co.,Wellington,"September 4, 2025",,SoundWave headset
1051,"Isabella Kowalski joined Global Trade Partners in Warsaw on May 21, 2019 to launch a PureGlow skincare set.","Isabella Kowalski; Global Trade Partners; Warsaw; May 21, 2019; a PureGlow skincare set",PERSON; ORG; GPE; DATE; PRODUCT,Isabella Kowalski,Global Trade Partners,Warsaw,"May 21, 2019",,PureGlow skincare set
1052,"Harborview College partnered with a university in Berlin to research the FlexFit yoga mat technology, James Larsen reported.",James Larsen; Harborview College; Berlin; the FlexFit yoga mat,PERSON; ORG; GPE; PRODUCT,James Larsen,Harborview College,Berlin,,,FlexFit yogmat
1053,"NextGen Software Labs announced that Anna Müller will lead the new office in Amsterdam starting January 3, 2017.","Anna Müller; NextGen Software Labs; Amsterdam; January 3, 2017",PERSON; ORG; GPE; DATE,Anna Müller,NextGen Software Labs,Amsterdam,"January 3, 2017",,
1054,"Global Trade Partners announced that David Suzuki will lead the new office in Dublin starting January 14, 2024.","David Suzuki; Global Trade Partners; Dublin; January 14, 2024",PERSON; ORG; GPE; DATE,David Suzuki,Global Trade Partners,Dublin,"January 14, 2024",,
1055,"The board at Vertex Analytics approved a $75 investment in Toronto after Felix Walker's presentation on August 5, 2017.","Felix Walker; Vertex Analytics; Toronto; August 5, 2017; $75",PERSON; ORG; GPE; DATE; MONEY,Felix Walker,Vertex Analytics,Toronto,"August 5, 2017",$75,
1056,"The board at Falcon Logistics approved a $19.99 investment in Cairo after Tom Lewis's presentation on December 2, 2023.","Tom Lewis; Falcon Logistics; Cairo; December 2, 2023; $19.99",PERSON; ORG; GPE; DATE; MONEY,Tom Lewis,Falcon Logistics,Cairo,"December 2, 2023",$19.99,
1057,"The board at Evergreen Energy Co. approved a $24.50 investment in Berlin after Yuki Chen's presentation on July 11, 2024.","Yuki Chen; Evergreen Energy Co.; Berlin; July 11, 2024; $24.50",PERSON; ORG; GPE; DATE; MONEY,Yuki Chen,Evergreen Energy Co.,Berlin,"July 11, 2024",$24.50,
1058,"Pioneer Research Institute announced that Zainab Novak will lead the new office in Amsterdam starting September 24, 2015.","Zainab Novak; Pioneer Research Institute; Amsterdam; September 24, 2015",PERSON; ORG; GPE; DATE,Zainab Novak,Pioneer Research Institute,Amsterdam,"September 24, 2015",,
1059,"Grace Young, a spokesperson for Oakwood Publishing House, confirmed the release of a PureGlow skincare set for $24.50 on October 10, 2020.","Grace Young; Oakwood Publishing House; October 10, 2020; $24.50; a PureGlow skincare set",PERSON; ORG; DATE; MONEY; PRODUCT,Grace Young,Oakwood Publishing House,,"October 10, 2020",$24.50,PureGlow skincare set
1060,"The board at Silverline Motors approved a $1,200 investment in Mumbai after Maria Garcia's presentation on September 5, 2018.","Maria Garcia; Silverline Motors; Mumbai; September 5, 2018; $1,200",PERSON; ORG; GPE; DATE; MONEY,Maria Garcia,Silverline Motors,Mumbai,"September 5, 2018","$1,200",
1061,"George Green joined Northfield University in Stockholm on February 26, 2024 to launch the FreshAir purifier.","George Green; Northfield University; Stockholm; February 26, 2024; the FreshAir purifier",PERSON; ORG; GPE; DATE; PRODUCT,George Green,Northfield University,Stockholm,"February 26, 2024",,FreshAir purifier
1062,"Chloe Wright traveled from Denver to Vancouver to negotiate a deal worth $1,200 with Coastal Insurance Co..","Chloe Wright; Coastal Insurance Co.; Denver; Vancouver; $1,200",PERSON; ORG; GPE; GPE; MONEY,Chloe Wright,Coastal Insurance Co.,"Denver, Vancouver",,"$1,200",
1063,"Brightline Technologies announced that Chen Dubois will lead the new office in Helsinki starting May 25, 2016.","Chen Dubois; Brightline Technologies; Helsinki; May 25, 2016",PERSON; ORG; GPE; DATE,Chen Dubois,Brightline Technologies,Helsinki,"May 25, 2016",,
1064,"Hassan Baker traveled from Marrakesh to Edinburgh to negotiate a deal worth $1,200 with Brightline Technologies.","Hassan Baker; Brightline Technologies; Edinburgh; Marrakesh; $1,200",PERSON; ORG; GPE; GPE; MONEY,Hassan Baker,Brightline Technologies,"Edinburgh, Marrakesh",,"$1,200",
1065,Ravi Yamamoto traveled from Nairobi to Wellington to negotiate a deal worth $75 with BrightFuture Foundation.,Ravi Yamamoto; BrightFuture Foundation; Nairobi; Wellington; $75,PERSON; ORG; GPE; GPE; MONEY,Ravi Yamamoto,BrightFuture Foundation,"Nairobi, Wellington",,$75,
1066,"On March 9, 2023, BrightFuture Foundation opened a new branch in Berlin, Sweden, appointing Leila Fernandez as director.","Leila Fernandez; BrightFuture Foundation; Berlin; Sweden; March 9, 2023",PERSON; ORG; GPE; GPE; DATE,Leila Fernandez,BrightFuture Foundation,"Berlin, Sweden","March 9, 2023",,
1067,"Lucas King, a spokesperson for Blue Horizon Airlines, confirmed the release of the CloudDesk chair for $45.50 on March 13, 2024.","Lucas King; Blue Horizon Airlines; March 13, 2024; $45.50; the CloudDesk chair",PERSON; ORG; DATE; MONEY; PRODUCT,Lucas King,Blue Horizon Airlines,,"March 13, 2024",$45.50,CloudDesk chair
1068,Peter Anderson traveled from Mumbai to Santiago to negotiate a deal worth $120 with Maple Street School District.,Peter Anderson; Maple Street School District; Mumbai; Santiago; $120,PERSON; ORG; GPE; GPE; MONEY,Peter Anderson,Maple Street School District,"Mumbai, Santiago",,$120,
1069,"Redstone Consulting announced that Leila Kim will lead the new office in Amsterdam starting March 3, 2016.","Leila Kim; Redstone Consulting; Amsterdam; March 3, 2016",PERSON; ORG; GPE; DATE,Leila Kim,Redstone Consulting,Amsterdam,"March 3, 2016",,
1070,"Fatima Baker joined Harborview College in Nairobi on November 15, 2021 to launch a NightOwl reading lamp.","Fatima Baker; Harborview College; Nairobi; November 15, 2021; a NightOwl reading lamp",PERSON; ORG; GPE; DATE; PRODUCT,Fatima Baker,Harborview College,Nairobi,"November 15, 2021",,NightOwl reading lamp
1071,"Elena Müller joined Silverline Motors in Lisbon on April 1, 2024 to launch the PixelView monitor.","Elena Müller; Silverline Motors; Lisbon; April 1, 2024; the PixelView monitor",PERSON; ORG; GPE; DATE; PRODUCT,Elena Müller,Silverline Motors,Lisbon,"April 1, 2024",,PixelView monitor
1072,"On April 1, 2016, Delta Cloud Services opened a new branch in Prague, Egypt, appointing Charlotte Green as director.","Charlotte Green; Delta Cloud Services; Egypt; Prague; April 1, 2016",PERSON; ORG; GPE; GPE; DATE,Charlotte Green,Delta Cloud Services,"Egypt, Prague","April 1, 2016",,
1073,"George Wright, a spokesperson for BrightFuture Foundation, confirmed the release of the QuickBrew coffee maker for $499.99 on January 11, 2018.","George Wright; BrightFuture Foundation; January 11, 2018; $499.99; the QuickBrew coffee maker",PERSON; ORG; DATE; MONEY; PRODUCT,George Wright,BrightFuture Foundation,,"January 11, 2018",$499.99,QuickBrew coffee maker
1074,"Isabella Smith joined Oakwood Publishing House in Prague on December 15, 2016 to launch a PureGlow skincare set.","Isabella Smith; Oakwood Publishing House; Prague; December 15, 2016; a PureGlow skincare set",PERSON; ORG; GPE; DATE; PRODUCT,Isabella Smith,Oakwood Publishing House,Prague,"December 15, 2016",,PureGlow skincare set
1075,"Ethan Haddad, a spokesperson for Redstone Consulting, confirmed the release of a SnapShot camera for $9.99 on February 18, 2016.","Ethan Haddad; Redstone Consulting; February 18, 2016; $9.99; a SnapShot camera",PERSON; ORG; DATE; MONEY; PRODUCT,Ethan Haddad,Redstone Consulting,,"February 18, 2016",$9.99,SnapShot camera
1076,"Tom Yamamoto joined Quantum Innovations in Bangkok on November 1, 2025 to launch the CloudDesk chair.","Tom Yamamoto; Quantum Innovations; Bangkok; November 1, 2025; the CloudDesk chair",PERSON; ORG; GPE; DATE; PRODUCT,Tom Yamamoto,Quantum Innovations,Bangkok,"November 1, 2025",,CloudDesk chair
1077,"During the conference in Austin, Hana Wright from Oakwood Publishing House unveiled a NightOwl reading lamp priced at $75.",Hana Wright; Oakwood Publishing House; Austin; $75; a NightOwl reading lamp,PERSON; ORG; GPE; MONEY; PRODUCT,Hana Wright,Oakwood Publishing House,Austin,,$75,NightOwl reading lamp
1078,"The board at BrightFuture Foundation approved a $1,200 investment in Helsinki after Jack Müller's presentation on January 16, 2020.","Jack Müller; BrightFuture Foundation; Helsinki; January 16, 2020; $1,200",PERSON; ORG; GPE; DATE; MONEY,Jack Müller,BrightFuture Foundation,Helsinki,"January 16, 2020","$1,200",
1079,"During the conference in Marrakesh, Sofia Petrov from Silverline Motors unveiled a SnapShot camera priced at $49.99.",Sofia Petrov; Silverline Motors; Marrakesh; $49.99; a SnapShot camera,PERSON; ORG; GPE; MONEY; PRODUCT,Sofia Petrov,Silverline Motors,Marrakesh,,$49.99,SnapShot camera
1080,"Brightline Technologies partnered with a university in Toronto to research a StreamCast speaker technology, Nadia Lewis reported.",Nadia Lewis; Brightline Technologies; Toronto; a StreamCast speaker,PERSON; ORG; GPE; PRODUCT,Nadia Lewis,Brightline Technologies,Toronto,,,StreamCast speaker
1081,Liam Anderson traveled from Jakarta to Santiago to negotiate a deal worth $19.99 with Harborview College.,Liam Anderson; Harborview College; Jakarta; Santiago; $19.99,PERSON; ORG; GPE; GPE; MONEY,Liam Anderson,Harborview College,"Jakarta, Santiago",,$19.99,
1082,"On July 14, 2025, Ironwood Steel Works opened a new branch in Amsterdam, the Philippines, appointing Mark Silva as director.","Mark Silva; Ironwood Steel Works; Amsterdam; the Philippines; July 14, 2025",PERSON; ORG; GPE; GPE; DATE,Mark Silva,Ironwood Steel Works,"Amsterdam, the Philippines","July 14, 2025",,
1083,"Chen Scott joined Cedar Grove Hospital in Dublin on September 26, 2022 to launch a SoundWave headset.","Chen Scott; Cedar Grove Hospital; Dublin; September 26, 2022; a SoundWave headset",PERSON; ORG; GPE; DATE; PRODUCT,Chen Scott,Cedar Grove Hospital,Dublin,"September 26, 2022",,SoundWave headset
1084,"Cedar Grove Hospital partnered with a university in Kuala Lumpur to research a RoadMaster bicycle technology, Mateus Wright reported.",Mateus Wright; Cedar Grove Hospital; Kuala Lumpur; a RoadMaster bicycle,PERSON; ORG; GPE; PRODUCT,Mateus Wright,Cedar Grove Hospital,Kuala Lumpur,,,RoadMaster bicycle
1085,"Aisha Müller joined Blue Horizon Airlines in Manila on March 4, 2021 to launch the CloudDesk chair.","Aisha Müller; Blue Horizon Airlines; Manila; March 4, 2021; the CloudDesk chair",PERSON; ORG; GPE; DATE; PRODUCT,Aisha Müller,Blue Horizon Airlines,Manila,"March 4, 2021",,CloudDesk chair
1086,"On December 20, 2021, Meridian Financial Group opened a new branch in Kuala Lumpur, South Korea, appointing Maria Osei as director.","Maria Osei; Meridian Financial Group; Kuala Lumpur; South Korea; December 20, 2021",PERSON; ORG; GPE; GPE; DATE,Maria Osei,Meridian Financial Group,"Kuala Lumpur, South Korea","December 20, 2021",,
1087,"During the conference in Stockholm, Sofia Haddad from Harborview College unveiled a SnapShot camera priced at $9.99.",Sofia Haddad; Harborview College; Stockholm; $9.99; a SnapShot camera,PERSON; ORG; GPE; MONEY; PRODUCT,Sofia Haddad,Harborview College,Stockholm,,$9.99,SnapShot camera
1088,"Crescent Media Group partnered with a university in Cairo to research the GreenLeaf water bottle technology, Mateus Green reported.",Mateus Green; Crescent Media Group; Cairo; the GreenLeaf water bottle,PERSON; ORG; GPE; PRODUCT,Mateus Green,Crescent Media Group,Cairo,,,GreenLeaf water bottle
1089,"Felix Hall, a spokesperson for Northfield University, confirmed the release of the TravelLite suitcase for $89.99 on January 1, 2015.","Felix Hall; Northfield University; January 1, 2015; $89.99; the TravelLite suitcase",PERSON; ORG; DATE; MONEY; PRODUCT,Felix Hall,Northfield University,,"January 1, 2015",$89.99,TravelLite suitcase
1090,"Blue Horizon Airlines announced that Leila Larsen will lead the new office in Osaka starting June 28, 2022.","Leila Larsen; Blue Horizon Airlines; Osaka; June 28, 2022",PERSON; ORG; GPE; DATE,Leila Larsen,Blue Horizon Airlines,Osaka,"June 28, 2022",,
1091,"On December 26, 2015, Redstone Consulting opened a new branch in Edinburgh, Denmark, appointing Jack Hall as director.","Jack Hall; Redstone Consulting; Denmark; Edinburgh; December 26, 2015",PERSON; ORG; GPE; GPE; DATE,Jack Hall,Redstone Consulting,"Denmark, Edinburgh","December 26, 2015",,
1092,"Adaeze Baker, a spokesperson for Redstone Consulting, confirmed the release of a SunBeam solar charger for $24.50 on July 8, 2020.","Adaeze Baker; Redstone Consulting; July 8, 2020; $24.50; a SunBeam solar charger",PERSON; ORG; DATE; MONEY; PRODUCT,Adaeze Baker,Redstone Consulting,,"July 8, 2020",$24.50,SunBeam solar charger
1093,"Charlotte Osei joined Union Manufacturing Corp. in Austin on September 18, 2021 to launch a SunBeam solar charger.","Charlotte Osei; Union Manufacturing Corp.; Austin; September 18, 2021; a SunBeam solar charger",PERSON; ORG; GPE; DATE; PRODUCT,Charlotte Osei,Union Manufacturing Corp.,Austin,"September 18, 2021",,SunBeam solar charger
1094,"During the conference in Lisbon, David Rossi from Zenith Pharmaceuticals unveiled the QuickBrew coffee maker priced at $49.99.",David Rossi; Zenith Pharmaceuticals; Lisbon; $49.99; the QuickBrew coffee maker,PERSON; ORG; GPE; MONEY; PRODUCT,David Rossi,Zenith Pharmaceuticals,Lisbon,,$49.99,QuickBrew coffee maker
1095,"Mei Smith, a spokesperson for Lakeside Medical Center, confirmed the release of the FlexFit yoga mat for $19.99 on August 6, 2022.","Mei Smith; Lakeside Medical Center; August 6, 2022; $19.99; the FlexFit yoga mat",PERSON; ORG; DATE; MONEY; PRODUCT,Mei Smith,Lakeside Medical Center,,"August 6, 2022",$19.99,FlexFit yogmat
1096,"The board at Brightline Technologies approved a $19.99 investment in Copenhagen after Hana Anderson's presentation on November 12, 2021.","Hana Anderson; Brightline Technologies; Copenhagen; November 12, 2021; $19.99",PERSON; ORG; GPE; DATE; MONEY,Hana Anderson,Brightline Technologies,Copenhagen,"November 12, 2021",$19.99,
1097,"Julia Hall, a spokesperson for Summit Robotics Inc., confirmed the release of a RoadMaster bicycle for $15 on January 19, 2017.","Julia Hall; Summit Robotics Inc.; January 19, 2017; $15; a RoadMaster bicycle",PERSON; ORG; DATE; MONEY; PRODUCT,Julia Hall,Summit Robotics Inc.,,"January 19, 2017",$15,RoadMaster bicycle
1098,"The board at Delta Cloud Services approved a $15 investment in Kuala Lumpur after David Chen's presentation on November 19, 2018.","David Chen; Delta Cloud Services; Kuala Lumpur; November 19, 2018; $15",PERSON; ORG; GPE; DATE; MONEY,David Chen,Delta Cloud Services,Kuala Lumpur,"November 19, 2018",$15,
1099,"Meridian Financial Group announced that Liam Hall will lead the new office in Seoul starting March 5, 2025.","Liam Hall; Meridian Financial Group; Seoul; March 5, 2025",PERSON; ORG; GPE; DATE,Liam Hall,Meridian Financial Group,Seoul,"March 5, 2025",,
1100,"Amara Patel, a spokesperson for Global Trade Partners, confirmed the release of a SunBeam solar charger for $19.99 on June 26, 2019.","Amara Patel; Global Trade Partners; June 26, 2019; $19.99; a SunBeam solar charger",PERSON; ORG; DATE; MONEY; PRODUCT,Amara Patel,Global Trade Partners,,"June 26, 2019",$19.99,SunBeam solar charger
1101,"On October 25, 2017, Ironwood Steel Works opened a new branch in Melbourne, the Netherlands, appointing Liam Garcia as director.","Liam Garcia; Ironwood Steel Works; Melbourne; the Netherlands; October 25, 2017",PERSON; ORG; GPE; GPE; DATE,Liam Garcia,Ironwood Steel Works,"Melbourne, the Netherlands","October 25, 2017",,
1102,"During the conference in Lisbon, Yuki Brown from Aurora Data Systems unveiled a SunBeam solar charger priced at $499.99.",Yuki Brown; Aurora Data Systems; Lisbon; $499.99; a SunBeam solar charger,PERSON; ORG; GPE; MONEY; PRODUCT,Yuki Brown,Aurora Data Systems,Lisbon,,$499.99,SunBeam solar charger
1103,"Ironwood Steel Works announced that Adaeze Taylor will lead the new office in Vancouver starting May 7, 2024.","Adaeze Taylor; Ironwood Steel Works; Vancouver; May 7, 2024",PERSON; ORG; GPE; DATE,Adaeze Taylor,Ironwood Steel Works,Vancouver,"May 7, 2024",,
1104,"Priya Anderson joined Lakeside Medical Center in Osaka on July 7, 2017 to launch a PureGlow skincare set.","Priya Anderson; Lakeside Medical Center; Osaka; July 7, 2017; a PureGlow skincare set",PERSON; ORG; GPE; DATE; PRODUCT,Priya Anderson,Lakeside Medical Center,Osaka,"July 7, 2017",,PureGlow skincare set
1105,"Chen Costa joined Northfield University in Amsterdam on January 2, 2019 to launch the QuickBrew coffee maker.","Chen Costa; Northfield University; Amsterdam; January 2, 2019; the QuickBrew coffee maker",PERSON; ORG; GPE; DATE; PRODUCT,Chen Costa,Northfield University,Amsterdam,"January 2, 2019",,QuickBrew coffee maker
1106,"Quantum Innovations announced that Leila Okafor will lead the new office in Osaka starting July 27, 2024.","Leila Okafor; Quantum Innovations; Osaka; July 27, 2024",PERSON; ORG; GPE; DATE,Leila Okafor,Quantum Innovations,Osaka,"July 27, 2024",,
1107,Anna Kim traveled from Osaka to Santiago to negotiate a deal worth $45.50 with Evergreen Energy Co..,Anna Kim; Evergreen Energy Co.; Osaka; Santiago; $45.50,PERSON; ORG; GPE; GPE; MONEY,Anna Kim,Evergreen Energy Co.,"Osaka, Santiago",,$45.50,
1108,"Meridian Financial Group partnered with a university in Amsterdam to research a ProGrip tennis racket technology, Sofia Hall reported.",Sofia Hall; Meridian Financial Group; Amsterdam; a ProGrip tennis racket,PERSON; ORG; GPE; PRODUCT,Sofia Hall,Meridian Financial Group,Amsterdam,,,ProGrip tennis racket
1109,"Quantum Innovations partnered with a university in Toronto to research the ChefMate blender technology, Liam Young reported.",Liam Young; Quantum Innovations; Toronto; the ChefMate blender,PERSON; ORG; GPE; PRODUCT,Liam Young,Quantum Innovations,Toronto,,,ChefMate blender
1110,"Isabella Walker, a spokesperson for Meridian Financial Group, confirmed the release of a NovaBook Pro laptop for $89.99 on August 12, 2015.","Isabella Walker; Meridian Financial Group; August 12, 2015; $89.99; a NovaBook Pro laptop",PERSON; ORG; DATE; MONEY; PRODUCT,Isabella Walker,Meridian Financial Group,,"August 12, 2015",$89.99,NovaBook Pro laptop
1111,"During the conference in Kuala Lumpur, Sara Chen from Aurora Data Systems unveiled the CloudDesk chair priced at $15.",Sara Chen; Aurora Data Systems; Kuala Lumpur; $15; the CloudDesk chair,PERSON; ORG; GPE; MONEY; PRODUCT,Sara Chen,Aurora Data Systems,Kuala Lumpur,,$15,CloudDesk chair
1112,Ethan Taylor traveled from Kuala Lumpur to Bangkok to negotiate a deal worth $250 with Oakwood Publishing House.,Ethan Taylor; Oakwood Publishing House; Bangkok; Kuala Lumpur; $250,PERSON; ORG; GPE; GPE; MONEY,Ethan Taylor,Oakwood Publishing House,"Bangkok, Kuala Lumpur",,$250,
1113,"George Costa, a spokesperson for Silverline Motors, confirmed the release of the CloudDesk chair for $199 on October 2, 2024.","George Costa; Silverline Motors; October 2, 2024; $199; the CloudDesk chair",PERSON; ORG; DATE; MONEY; PRODUCT,George Costa,Silverline Motors,,"October 2, 2024",$199,CloudDesk chair
1114,"Meridian Financial Group partnered with a university in Wellington to research the TravelLite suitcase technology, Yuki Moore reported.",Yuki Moore; Meridian Financial Group; Wellington; the TravelLite suitcase,PERSON; ORG; GPE; PRODUCT,Yuki Moore,Meridian Financial Group,Wellington,,,TravelLite suitcase
1115,"David Johansson, a spokesperson for Redstone Consulting, confirmed the release of a TrailRunner backpack for $24.50 on May 28, 2016.","David Johansson; Redstone Consulting; May 28, 2016; $24.50; a TrailRunner backpack",PERSON; ORG; DATE; MONEY; PRODUCT,David Johansson,Redstone Consulting,,"May 28, 2016",$24.50,TrailRunner backpack
1116,"The board at Lakeside Medical Center approved a $9.99 investment in Prague after Noah Rossi's presentation on April 7, 2022.","Noah Rossi; Lakeside Medical Center; Prague; April 7, 2022; $9.99",PERSON; ORG; GPE; DATE; MONEY,Noah Rossi,Lakeside Medical Center,Prague,"April 7, 2022",$9.99,
1117,"Lucas Smith, a spokesperson for Pioneer Research Institute, confirmed the release of the ChefMate blender for $9.99 on February 6, 2025.","Lucas Smith; Pioneer Research Institute; February 6, 2025; $9.99; the ChefMate blender",PERSON; ORG; DATE; MONEY; PRODUCT,Lucas Smith,Pioneer Research Institute,,"February 6, 2025",$9.99,ChefMate blender
1118,Priya Smith traveled from Prague to Manila to negotiate a deal worth $99 with Falcon Logistics.,Priya Smith; Falcon Logistics; Manila; Prague; $99,PERSON; ORG; GPE; GPE; MONEY,Priya Smith,Falcon Logistics,"Manila, Prague",,$99,
1119,"Lakeside Medical Center partnered with a university in Austin to research a ProGrip tennis racket technology, Ingrid Fernandez reported.",Ingrid Fernandez; Lakeside Medical Center; Austin; a ProGrip tennis racket,PERSON; ORG; GPE; PRODUCT,Ingrid Fernandez,Lakeside Medical Center,Austin,,,ProGrip tennis racket
1120,Mei Clark traveled from Austin to Denver to negotiate a deal worth $49.99 with NextGen Software Labs.,Mei Clark; NextGen Software Labs; Austin; Denver; $49.99,PERSON; ORG; GPE; GPE; MONEY,Mei Clark,NextGen Software Labs,"Austin, Denver",,$49.99,
1121,"Coastal Insurance Co. announced that Adaeze Novak will lead the new office in Edinburgh starting May 16, 2020.","Adaeze Novak; Coastal Insurance Co.; Edinburgh; May 16, 2020",PERSON; ORG; GPE; DATE,Adaeze Novak,Coastal Insurance Co.,Edinburgh,"May 16, 2020",,
1122,"During the conference in Zurich, Emma King from Quantum Innovations unveiled the CloudDesk chair priced at $89.99.",Emma King; Quantum Innovations; Zurich; $89.99; the CloudDesk chair,PERSON; ORG; GPE; MONEY; PRODUCT,Emma King,Quantum Innovations,Zurich,,$89.99,CloudDesk chair
1123,"On February 10, 2021, Maple Street School District opened a new branch in Marrakesh, the Czech Republic, appointing Aisha Wilson as director.","Aisha Wilson; Maple Street School District; Marrakesh; the Czech Republic; February 10, 2021",PERSON; ORG; GPE; GPE; DATE,Aisha Wilson,Maple Street School District,"Marrakesh, the Czech Republic","February 10, 2021",,
1124,"Summit Robotics Inc. announced that Layla Müller will lead the new office in Buenos Aires starting October 20, 2017.","Layla Müller; Summit Robotics Inc.; Buenos Aires; October 20, 2017",PERSON; ORG; GPE; DATE,Layla Müller,Summit Robotics Inc.,Buenos Aires,"October 20, 2017",,
1125,"Tom Walker, a spokesperson for Blue Horizon Airlines, confirmed the release of a NightOwl reading lamp for $45.50 on January 4, 2022.","Tom Walker; Blue Horizon Airlines; January 4, 2022; $45.50; a NightOwl reading lamp",PERSON; ORG; DATE; MONEY; PRODUCT,Tom Walker,Blue Horizon Airlines,,"January 4, 2022",$45.50,NightOwl reading lamp
1126,"During the conference in Prague, Hana Scott from BrightFuture Foundation unveiled the TravelLite suitcase priced at $99.",Hana Scott; BrightFuture Foundation; Prague; $99; the TravelLite suitcase,PERSON; ORG; GPE; MONEY; PRODUCT,Hana Scott,BrightFuture Foundation,Prague,,$99,TravelLite suitcase
1127,"George Walker, a spokesperson for Lakeside Medical Center, confirmed the release of a SoundWave headset for $250 on September 14, 2022.","George Walker; Lakeside Medical Center; September 14, 2022; $250; a SoundWave headset",PERSON; ORG; DATE; MONEY; PRODUCT,George Walker,Lakeside Medical Center,,"September 14, 2022",$250,SoundWave headset
1128,"Isabella Suzuki, a spokesperson for NextGen Software Labs, confirmed the release of a SoundWave headset for $499.99 on June 12, 2018.","Isabella Suzuki; NextGen Software Labs; June 12, 2018; $499.99; a SoundWave headset",PERSON; ORG; DATE; MONEY; PRODUCT,Isabella Suzuki,NextGen Software Labs,,"June 12, 2018",$499.99,SoundWave headset
1129,"Noah Fernandez, a spokesperson for Zenith Pharmaceuticals, confirmed the release of the TravelLite suitcase for $250 on September 18, 2025.","Noah Fernandez; Zenith Pharmaceuticals; September 18, 2025; $250; the TravelLite suitcase",PERSON; ORG; DATE; MONEY; PRODUCT,Noah Fernandez,Zenith Pharmaceuticals,,"September 18, 2025",$250,TravelLite suitcase
1130,"Lucas Baker, a spokesperson for Brightline Technologies, confirmed the release of a SoundWave headset for $1,200 on February 12, 2022.","Lucas Baker; Brightline Technologies; February 12, 2022; $1,200; a SoundWave headset",PERSON; ORG; DATE; MONEY; PRODUCT,Lucas Baker,Brightline Technologies,,"February 12, 2022","$1,200",SoundWave headset
1131,Liam Kim traveled from Zurich to Amsterdam to negotiate a deal worth $75 with Global Trade Partners.,Liam Kim; Global Trade Partners; Amsterdam; Zurich; $75,PERSON; ORG; GPE; GPE; MONEY,Liam Kim,Global Trade Partners,"Amsterdam, Zurich",,$75,
1132,"Zainab Fernandez, a spokesperson for Cedar Grove Hospital, confirmed the release of a ProGrip tennis racket for $499.99 on January 6, 2022.","Zainab Fernandez; Cedar Grove Hospital; January 6, 2022; $499.99; a ProGrip tennis racket",PERSON; ORG; DATE; MONEY; PRODUCT,Zainab Fernandez,Cedar Grove Hospital,,"January 6, 2022",$499.99,ProGrip tennis racket
1133,"On November 2, 2025, Ironwood Steel Works opened a new branch in Denver, India, appointing Leila King as director.","Leila King; Ironwood Steel Works; Denver; India; November 2, 2025",PERSON; ORG; GPE; GPE; DATE,Leila King,Ironwood Steel Works,"Denver, India","November 2, 2025",,
1134,"Ethan Clark, a spokesperson for Riverside Bank, confirmed the release of the GreenLeaf water bottle for $24.50 on July 13, 2025.","Ethan Clark; Riverside Bank; July 13, 2025; $24.50; the GreenLeaf water bottle",PERSON; ORG; DATE; MONEY; PRODUCT,Ethan Clark,Riverside Bank,,"July 13, 2025",$24.50,GreenLeaf water bottle
1135,"The board at Redstone Consulting approved a $499.99 investment in Copenhagen after Nina King's presentation on October 11, 2025.","Nina King; Redstone Consulting; Copenhagen; October 11, 2025; $499.99",PERSON; ORG; GPE; DATE; MONEY,Nina King,Redstone Consulting,Copenhagen,"October 11, 2025",$499.99,
1136,Samuel Wright traveled from Lisbon to Denver to negotiate a deal worth $24.50 with Coastal Insurance Co..,Samuel Wright; Coastal Insurance Co.; Denver; Lisbon; $24.50,PERSON; ORG; GPE; GPE; MONEY,Samuel Wright,Coastal Insurance Co.,"Denver, Lisbon",,$24.50,
1137,"Tom Wright, a spokesperson for Crescent Media Group, confirmed the release of the AeroFit smartwatch for $199 on October 23, 2017.","Tom Wright; Crescent Media Group; October 23, 2017; $199; the AeroFit smartwatch",PERSON; ORG; DATE; MONEY; PRODUCT,Tom Wright,Crescent Media Group,,"October 23, 2017",$199,AeroFit smartwatch
1138,"Ahmed Garcia, a spokesperson for Summit Robotics Inc., confirmed the release of the AeroFit smartwatch for $350 on January 16, 2020.","Ahmed Garcia; Summit Robotics Inc.; January 16, 2020; $350; the AeroFit smartwatch",PERSON; ORG; DATE; MONEY; PRODUCT,Ahmed Garcia,Summit Robotics Inc.,,"January 16, 2020",$350,AeroFit smartwatch
1139,"During the conference in Berlin, Aisha Osei from Northfield University unveiled a RoadMaster bicycle priced at $24.50.",Aisha Osei; Northfield University; Berlin; $24.50; a RoadMaster bicycle,PERSON; ORG; GPE; MONEY; PRODUCT,Aisha Osei,Northfield University,Berlin,,$24.50,RoadMaster bicycle
1140,Zainab Wright traveled from Manila to Wellington to negotiate a deal worth $350 with Golden Gate Retailers.,Zainab Wright; Golden Gate Retailers; Manila; Wellington; $350,PERSON; ORG; GPE; GPE; MONEY,Zainab Wright,Golden Gate Retailers,"Manila, Wellington",,$350,
1141,"Riverside Bank partnered with a university in Manila to research a SnapShot camera technology, Adaeze Nguyen reported.",Adaeze Nguyen; Riverside Bank; Manila; a SnapShot camera,PERSON; ORG; GPE; PRODUCT,Adaeze Nguyen,Riverside Bank,Manila,,,SnapShot camera
1142,"On April 4, 2025, Vertex Analytics opened a new branch in Vancouver, the Czech Republic, appointing Omar Clark as director.","Omar Clark; Vertex Analytics; Vancouver; the Czech Republic; April 4, 2025",PERSON; ORG; GPE; GPE; DATE,Omar Clark,Vertex Analytics,"Vancouver, the Czech Republic","April 4, 2025",,
1143,"Wei Kowalski, a spokesperson for Blue Horizon Airlines, confirmed the release of a RoadMaster bicycle for $45.50 on June 16, 2022.","Wei Kowalski; Blue Horizon Airlines; June 16, 2022; $45.50; a RoadMaster bicycle",PERSON; ORG; DATE; MONEY; PRODUCT,Wei Kowalski,Blue Horizon Airlines,,"June 16, 2022",$45.50,RoadMaster bicycle
1144,"Carlos Chen joined Maple Street School District in Bangkok on June 24, 2018 to launch the SmartHome Hub.","Carlos Chen; Maple Street School District; Bangkok; June 24, 2018; the SmartHome Hub",PERSON; ORG; GPE; DATE; PRODUCT,Carlos Chen,Maple Street School District,Bangkok,"June 24, 2018",,SmartHome Hub
1145,"The board at Crescent Media Group approved a $499.99 investment in Kuala Lumpur after Yuki Novak's presentation on March 9, 2018.","Yuki Novak; Crescent Media Group; Kuala Lumpur; March 9, 2018; $499.99",PERSON; ORG; GPE; DATE; MONEY,Yuki Novak,Crescent Media Group,Kuala Lumpur,"March 9, 2018",$499.99,
1146,Aisha Haddad traveled from Cape Town to Helsinki to negotiate a deal worth $75 with Redstone Consulting.,Aisha Haddad; Redstone Consulting; Cape Town; Helsinki; $75,PERSON; ORG; GPE; GPE; MONEY,Aisha Haddad,Redstone Consulting,"Cape Town, Helsinki",,$75,
1147,"Isabella Lewis joined Skyline Real Estate in Cairo on June 20, 2018 to launch the PixelView monitor.","Isabella Lewis; Skyline Real Estate; Cairo; June 20, 2018; the PixelView monitor",PERSON; ORG; GPE; DATE; PRODUCT,Isabella Lewis,Skyline Real Estate,Cairo,"June 20, 2018",,PixelView monitor
1148,"Meridian Financial Group partnered with a university in Osaka to research a SnapShot camera technology, David Wright reported.",David Wright; Meridian Financial Group; Osaka; a SnapShot camera,PERSON; ORG; GPE; PRODUCT,David Wright,Meridian Financial Group,Osaka,,,SnapShot camera
1149,"Coastal Insurance Co. partnered with a university in Cairo to research the CloudDesk chair technology, Zainab Wright reported.",Zainab Wright; Coastal Insurance Co.; Cairo; the CloudDesk chair,PERSON; ORG; GPE; PRODUCT,Zainab Wright,Coastal Insurance Co.,Cairo,,,CloudDesk chair
1150,"During the conference in Toronto, Ahmed Brown from NextGen Software Labs unveiled the PixelView monitor priced at $19.99.",Ahmed Brown; NextGen Software Labs; Toronto; $19.99; the PixelView monitor,PERSON; ORG; GPE; MONEY; PRODUCT,Ahmed Brown,NextGen Software Labs,Toronto,,$19.99,PixelView monitor
1151,"Lakeside Medical Center announced that Hassan Brown will lead the new office in Vancouver starting January 4, 2020.","Hassan Brown; Lakeside Medical Center; Vancouver; January 4, 2020",PERSON; ORG; GPE; DATE,Hassan Brown,Lakeside Medical Center,Vancouver,"January 4, 2020",,
1152,"Mateus Clark, a spokesperson for Crescent Media Group, confirmed the release of a PureGlow skincare set for $49.99 on August 18, 2022.","Mateus Clark; Crescent Media Group; August 18, 2022; $49.99; a PureGlow skincare set",PERSON; ORG; DATE; MONEY; PRODUCT,Mateus Clark,Crescent Media Group,,"August 18, 2022",$49.99,PureGlow skincare set
1153,"Global Trade Partners announced that Emma Khan will lead the new office in Manila starting November 6, 2025.","Emma Khan; Global Trade Partners; Manila; November 6, 2025",PERSON; ORG; GPE; DATE,Emma Khan,Global Trade Partners,Manila,"November 6, 2025",,
1154,"The board at Lakeside Medical Center approved a $9.99 investment in Osaka after James Baker's presentation on May 25, 2025.","James Baker; Lakeside Medical Center; Osaka; May 25, 2025; $9.99",PERSON; ORG; GPE; DATE; MONEY,James Baker,Lakeside Medical Center,Osaka,"May 25, 2025",$9.99,
1155,"Mei Baker joined Crescent Media Group in Seoul on October 23, 2019 to launch a PureGlow skincare set.","Mei Baker; Crescent Media Group; Seoul; October 23, 2019; a PureGlow skincare set",PERSON; ORG; GPE; DATE; PRODUCT,Mei Baker,Crescent Media Group,Seoul,"October 23, 2019",,PureGlow skincare set
1156,"During the conference in Santiago, Priya Suzuki from Falcon Logistics unveiled the FlexFit yoga mat priced at $15.",Priya Suzuki; Falcon Logistics; Santiago; $15; the FlexFit yoga mat,PERSON; ORG; GPE; MONEY; PRODUCT,Priya Suzuki,Falcon Logistics,Santiago,,$15,FlexFit yogmat
1157,"Noah Yamamoto, a spokesperson for Summit Robotics Inc., confirmed the release of a NovaBook Pro laptop for $45.50 on June 15, 2025.","Noah Yamamoto; Summit Robotics Inc.; June 15, 2025; $45.50; a NovaBook Pro laptop",PERSON; ORG; DATE; MONEY; PRODUCT,Noah Yamamoto,Summit Robotics Inc.,,"June 15, 2025",$45.50,NovaBook Pro laptop
1158,"On September 9, 2019, BrightFuture Foundation opened a new branch in Bangkok, Ireland, appointing Aisha Wilson as director.","Aisha Wilson; BrightFuture Foundation; Bangkok; Ireland; September 9, 2019",PERSON; ORG; GPE; GPE; DATE,Aisha Wilson,BrightFuture Foundation,"Bangkok, Ireland","September 9, 2019",,
1159,"Ingrid Johansson, a spokesperson for Silverline Motors, confirmed the release of a NightOwl reading lamp for $89.99 on April 24, 2018.","Ingrid Johansson; Silverline Motors; April 24, 2018; $89.99; a NightOwl reading lamp",PERSON; ORG; DATE; MONEY; PRODUCT,Ingrid Johansson,Silverline Motors,,"April 24, 2018",$89.99,NightOwl reading lamp
1160,Carlos Moore traveled from Amsterdam to Mumbai to negotiate a deal worth $120 with NextGen Software Labs.,Carlos Moore; NextGen Software Labs; Amsterdam; Mumbai; $120,PERSON; ORG; GPE; GPE; MONEY,Carlos Moore,NextGen Software Labs,"Amsterdam, Mumbai",,$120,
1161,"During the conference in Dublin, Ethan Green from Meridian Financial Group unveiled the PixelView monitor priced at $9.99.",Ethan Green; Meridian Financial Group; Dublin; $9.99; the PixelView monitor,PERSON; ORG; GPE; MONEY; PRODUCT,Ethan Green,Meridian Financial Group,Dublin,,$9.99,PixelView monitor
1162,"Coastal Insurance Co. partnered with a university in Cape Town to research the QuickBrew coffee maker technology, Ingrid Suzuki reported.",Ingrid Suzuki; Coastal Insurance Co.; Cape Town; the QuickBrew coffee maker,PERSON; ORG; GPE; PRODUCT,Ingrid Suzuki,Coastal Insurance Co.,Cape Town,,,QuickBrew coffee maker
1163,"On June 5, 2019, Union Manufacturing Corp. opened a new branch in Marrakesh, the United States, appointing Noah Yamamoto as director.","Noah Yamamoto; Union Manufacturing Corp.; Marrakesh; the United States; June 5, 2019",PERSON; ORG; GPE; GPE; DATE,Noah Yamamoto,Union Manufacturing Corp.,"Marrakesh, the United States","June 5, 2019",,
1164,"The board at Lakeside Medical Center approved a $99 investment in Lisbon after Carlos Silva's presentation on July 1, 2023.","Carlos Silva; Lakeside Medical Center; Lisbon; July 1, 2023; $99",PERSON; ORG; GPE; DATE; MONEY,Carlos Silva,Lakeside Medical Center,Lisbon,"July 1, 2023",$99,
1165,"Fatima Silva joined Silverline Motors in Bangkok on April 5, 2024 to launch a SnapShot camera.","Fatima Silva; Silverline Motors; Bangkok; April 5, 2024; a SnapShot camera",PERSON; ORG; GPE; DATE; PRODUCT,Fatima Silva,Silverline Motors,Bangkok,"April 5, 2024",,SnapShot camera
1166,Jack Khan traveled from Berlin to Marrakesh to negotiate a deal worth $45.50 with Meridian Financial Group.,Jack Khan; Meridian Financial Group; Berlin; Marrakesh; $45.50,PERSON; ORG; GPE; GPE; MONEY,Jack Khan,Meridian Financial Group,"Berlin, Marrakesh",,$45.50,
1167,"Golden Gate Retailers announced that Nina Haddad will lead the new office in Wellington starting November 18, 2025.","Nina Haddad; Golden Gate Retailers; Wellington; November 18, 2025",PERSON; ORG; GPE; DATE,Nina Haddad,Golden Gate Retailers,Wellington,"November 18, 2025",,
1168,"Liam Moore, a spokesperson for Cedar Grove Hospital, confirmed the release of a StreamCast speaker for $75 on February 22, 2017.","Liam Moore; Cedar Grove Hospital; February 22, 2017; $75; a StreamCast speaker",PERSON; ORG; DATE; MONEY; PRODUCT,Liam Moore,Cedar Grove Hospital,,"February 22, 2017",$75,StreamCast speaker
1169,Ravi Garcia traveled from Denver to Jakarta to negotiate a deal worth $15 with Lakeside Medical Center.,Ravi Garcia; Lakeside Medical Center; Denver; Jakarta; $15,PERSON; ORG; GPE; GPE; MONEY,Ravi Garcia,Lakeside Medical Center,"Denver, Jakarta",,$15,
1170,"Mei Moore joined Golden Gate Retailers in Berlin on December 8, 2017 to launch a SoundWave headset.","Mei Moore; Golden Gate Retailers; Berlin; December 8, 2017; a SoundWave headset",PERSON; ORG; GPE; DATE; PRODUCT,Mei Moore,Golden Gate Retailers,Berlin,"December 8, 2017",,SoundWave headset
1171,"The board at Redstone Consulting approved a $24.50 investment in Vancouver after Lucas Yamamoto's presentation on November 7, 2019.","Lucas Yamamoto; Redstone Consulting; Vancouver; November 7, 2019; $24.50",PERSON; ORG; GPE; DATE; MONEY,Lucas Yamamoto,Redstone Consulting,Vancouver,"November 7, 2019",$24.50,
1172,"Yuki Fernandez joined Zenith Pharmaceuticals in Berlin on May 7, 2024 to launch the TravelLite suitcase.","Yuki Fernandez; Zenith Pharmaceuticals; Berlin; May 7, 2024; the TravelLite suitcase",PERSON; ORG; GPE; DATE; PRODUCT,Yuki Fernandez,Zenith Pharmaceuticals,Berlin,"May 7, 2024",,TravelLite suitcase
1173,"Samuel Nguyen, a spokesperson for Quantum Innovations, confirmed the release of a NovaBook Pro laptop for $89.99 on June 26, 2021.","Samuel Nguyen; Quantum Innovations; June 26, 2021; $89.99; a NovaBook Pro laptop",PERSON; ORG; DATE; MONEY; PRODUCT,Samuel Nguyen,Quantum Innovations,,"June 26, 2021",$89.99,NovaBook Pro laptop
1174,"Lakeside Medical Center announced that Tom Rossi will lead the new office in Marrakesh starting March 5, 2017.","Tom Rossi; Lakeside Medical Center; Marrakesh; March 5, 2017",PERSON; ORG; GPE; DATE,Tom Rossi,Lakeside Medical Center,Marrakesh,"March 5, 2017",,
1175,"BrightFuture Foundation partnered with a university in Melbourne to research the CloudDesk chair technology, Aisha Baker reported.",Aisha Baker; BrightFuture Foundation; Melbourne; the CloudDesk chair,PERSON; ORG; GPE; PRODUCT,Aisha Baker,BrightFuture Foundation,Melbourne,,,CloudDesk chair
1176,"Ethan Costa joined Meridian Financial Group in Helsinki on December 10, 2016 to launch the CloudDesk chair.","Ethan Costa; Meridian Financial Group; Helsinki; December 10, 2016; the CloudDesk chair",PERSON; ORG; GPE; DATE; PRODUCT,Ethan Costa,Meridian Financial Group,Helsinki,"December 10, 2016",,CloudDesk chair
1177,"On December 19, 2016, Golden Gate Retailers opened a new branch in Zurich, Kenya, appointing Mei Costa as director.","Mei Costa; Golden Gate Retailers; Kenya; Zurich; December 19, 2016",PERSON; ORG; GPE; GPE; DATE,Mei Costa,Golden Gate Retailers,"Kenya, Zurich","December 19, 2016",,
1178,"Cedar Grove Hospital announced that Hassan Brown will lead the new office in Nairobi starting February 10, 2020.","Hassan Brown; Cedar Grove Hospital; Nairobi; February 10, 2020",PERSON; ORG; GPE; DATE,Hassan Brown,Cedar Grove Hospital,Nairobi,"February 10, 2020",,
1179,"The board at Falcon Logistics approved a $199 investment in Austin after Wei Kowalski's presentation on May 23, 2024.","Wei Kowalski; Falcon Logistics; Austin; May 23, 2024; $199",PERSON; ORG; GPE; DATE; MONEY,Wei Kowalski,Falcon Logistics,Austin,"May 23, 2024",$199,
1180,"Crescent Media Group partnered with a university in Denver to research the GreenLeaf water bottle technology, Mark Silva reported.",Mark Silva; Crescent Media Group; Denver; the GreenLeaf water bottle,PERSON; ORG; GPE; PRODUCT,Mark Silva,Crescent Media Group,Denver,,,GreenLeaf water bottle
1181,"The board at Zenith Pharmaceuticals approved a $24.50 investment in Edinburgh after Ingrid Baker's presentation on July 7, 2017.","Ingrid Baker; Zenith Pharmaceuticals; Edinburgh; July 7, 2017; $24.50",PERSON; ORG; GPE; DATE; MONEY,Ingrid Baker,Zenith Pharmaceuticals,Edinburgh,"July 7, 2017",$24.50,
1182,"Pioneer Research Institute announced that Samuel Ivanov will lead the new office in Prague starting December 3, 2021.","Samuel Ivanov; Pioneer Research Institute; Prague; December 3, 2021",PERSON; ORG; GPE; DATE,Samuel Ivanov,Pioneer Research Institute,Prague,"December 3, 2021",,
1183,Fatima Silva traveled from Melbourne to Helsinki to negotiate a deal worth $350 with Meridian Financial Group.,Fatima Silva; Meridian Financial Group; Helsinki; Melbourne; $350,PERSON; ORG; GPE; GPE; MONEY,Fatima Silva,Meridian Financial Group,"Helsinki, Melbourne",,$350,
1184,"The board at Global Trade Partners approved a $9.99 investment in Lisbon after Wei Chen's presentation on May 21, 2019.","Wei Chen; Global Trade Partners; Lisbon; May 21, 2019; $9.99",PERSON; ORG; GPE; DATE; MONEY,Wei Chen,Global Trade Partners,Lisbon,"May 21, 2019",$9.99,
1185,"Harborview College partnered with a university in Jakarta to research the CloudDesk chair technology, Grace Lewis reported.",Grace Lewis; Harborview College; Jakarta; the CloudDesk chair,PERSON; ORG; GPE; PRODUCT,Grace Lewis,Harborview College,Jakarta,,,CloudDesk chair
1186,"On May 8, 2025, Falcon Logistics opened a new branch in Marrakesh, India, appointing Mark King as director.","Mark King; Falcon Logistics; India; Marrakesh; May 8, 2025",PERSON; ORG; GPE; GPE; DATE,Mark King,Falcon Logistics,"India, Marrakesh","May 8, 2025",,
1187,"During the conference in Wellington, Leila Garcia from Meridian Financial Group unveiled a NovaBook Pro laptop priced at $350.",Leila Garcia; Meridian Financial Group; Wellington; $350; a NovaBook Pro laptop,PERSON; ORG; GPE; MONEY; PRODUCT,Leila Garcia,Meridian Financial Group,Wellington,,$350,NovaBook Pro laptop
1188,"Ravi Lewis, a spokesperson for Brightline Technologies, confirmed the release of the FreshAir purifier for $499.99 on April 19, 2023.","Ravi Lewis; Brightline Technologies; April 19, 2023; $499.99; the FreshAir purifier",PERSON; ORG; DATE; MONEY; PRODUCT,Ravi Lewis,Brightline Technologies,,"April 19, 2023",$499.99,FreshAir purifier
1189,"Nadia Wright joined Silverline Motors in Copenhagen on November 4, 2019 to launch a SoundWave headset.","Nadia Wright; Silverline Motors; Copenhagen; November 4, 2019; a SoundWave headset",PERSON; ORG; GPE; DATE; PRODUCT,Nadia Wright,Silverline Motors,Copenhagen,"November 4, 2019",,SoundWave headset
1190,"During the conference in Helsinki, Kevin Anderson from BrightFuture Foundation unveiled the TravelLite suitcase priced at $19.99.",Kevin Anderson; BrightFuture Foundation; Helsinki; $19.99; the TravelLite suitcase,PERSON; ORG; GPE; MONEY; PRODUCT,Kevin Anderson,BrightFuture Foundation,Helsinki,,$19.99,TravelLite suitcase
1191,"During the conference in Copenhagen, Priya Wright from Riverside Bank unveiled a ProGrip tennis racket priced at $24.50.",Priya Wright; Riverside Bank; Copenhagen; $24.50; a ProGrip tennis racket,PERSON; ORG; GPE; MONEY; PRODUCT,Priya Wright,Riverside Bank,Copenhagen,,$24.50,ProGrip tennis racket
1192,"Hana King joined Vertex Analytics in Wellington on May 26, 2022 to launch the FlexFit yoga mat.","Hana King; Vertex Analytics; Wellington; May 26, 2022; the FlexFit yoga mat",PERSON; ORG; GPE; DATE; PRODUCT,Hana King,Vertex Analytics,Wellington,"May 26, 2022",,FlexFit yogmat
1193,"Ironwood Steel Works announced that Chen Novak will lead the new office in Cairo starting May 26, 2025.","Chen Novak; Ironwood Steel Works; Cairo; May 26, 2025",PERSON; ORG; GPE; DATE,Chen Novak,Ironwood Steel Works,Cairo,"May 26, 2025",,
1194,"Priya Patel joined Brightline Technologies in Edinburgh on March 7, 2020 to launch the QuickBrew coffee maker.","Priya Patel; Brightline Technologies; Edinburgh; March 7, 2020; the QuickBrew coffee maker",PERSON; ORG; GPE; DATE; PRODUCT,Priya Patel,Brightline Technologies,Edinburgh,"March 7, 2020",,QuickBrew coffee maker
1195,"Tom Osei joined Delta Cloud Services in Denver on September 27, 2018 to launch the AeroFit smartwatch.","Tom Osei; Delta Cloud Services; Denver; September 27, 2018; the AeroFit smartwatch",PERSON; ORG; GPE; DATE; PRODUCT,Tom Osei,Delta Cloud Services,Denver,"September 27, 2018",,AeroFit smartwatch
1196,"During the conference in Vancouver, Mark Clark from Quantum Innovations unveiled the FlexFit yoga mat priced at $49.99.",Mark Clark; Quantum Innovations; Vancouver; $49.99; the FlexFit yoga mat,PERSON; ORG; GPE; MONEY; PRODUCT,Mark Clark,Quantum Innovations,Vancouver,,$49.99,FlexFit yogmat
1197,"Priya Wright, a spokesperson for Ironwood Steel Works, confirmed the release of a SunBeam solar charger for $49.99 on April 6, 2024.","Priya Wright; Ironwood Steel Works; April 6, 2024; $49.99; a SunBeam solar charger",PERSON; ORG; DATE; MONEY; PRODUCT,Priya Wright,Ironwood Steel Works,,"April 6, 2024",$49.99,SunBeam solar charger
1198,"Union Manufacturing Corp. announced that Tom Moore will lead the new office in Cape Town starting April 17, 2021.","Tom Moore; Union Manufacturing Corp.; Cape Town; April 17, 2021",PERSON; ORG; GPE; DATE,Tom Moore,Union Manufacturing Corp.,Cape Town,"April 17, 2021",,
1199,"During the conference in Vancouver, Leila Novak from Coastal Insurance Co. unveiled a NightOwl reading lamp priced at $199.",Leila Novak; Coastal Insurance Co.; Vancouver; $199; a NightOwl reading lamp,PERSON; ORG; GPE; MONEY; PRODUCT,Leila Novak,Coastal Insurance Co.,Vancouver,,$199,NightOwl reading lamp
1200,"Felix Novak, a spokesperson for BrightFuture Foundation, confirmed the release of the QuickBrew coffee maker for $120 on September 19, 2017.","Felix Novak; BrightFuture Foundation; September 19, 2017; $120; the QuickBrew coffee maker",PERSON; ORG; DATE; MONEY; PRODUCT,Felix Novak,BrightFuture Foundation,,"September 19, 2017",$120,QuickBrew coffee maker
1201,"Meridian Financial Group partnered with a university in Bangkok to research a SunBeam solar charger technology, James Clark reported.",James Clark; Meridian Financial Group; Bangkok; a SunBeam solar charger,PERSON; ORG; GPE; PRODUCT,James Clark,Meridian Financial Group,Bangkok,,,SunBeam solar charger
1202,"On December 11, 2025, Cedar Grove Hospital opened a new branch in Amsterdam, India, appointing Charlotte Costa as director.","Charlotte Costa; Cedar Grove Hospital; Amsterdam; India; December 11, 2025",PERSON; ORG; GPE; GPE; DATE,Charlotte Costa,Cedar Grove Hospital,"Amsterdam, India","December 11, 2025",,
1203,"Chloe Silva joined Coastal Insurance Co. in Denver on August 9, 2022 to launch a NovaBook Pro laptop.","Chloe Silva; Coastal Insurance Co.; Denver; August 9, 2022; a NovaBook Pro laptop",PERSON; ORG; GPE; DATE; PRODUCT,Chloe Silva,Coastal Insurance Co.,Denver,"August 9, 2022",,NovaBook Pro laptop
1204,"Cedar Grove Hospital announced that Nadia Larsen will lead the new office in Mumbai starting February 1, 2016.","Nadia Larsen; Cedar Grove Hospital; Mumbai; February 1, 2016",PERSON; ORG; GPE; DATE,Nadia Larsen,Cedar Grove Hospital,Mumbai,"February 1, 2016",,
1205,Hassan Taylor traveled from Bangkok to Nairobi to negotiate a deal worth $9.99 with Zenith Pharmaceuticals.,Hassan Taylor; Zenith Pharmaceuticals; Bangkok; Nairobi; $9.99,PERSON; ORG; GPE; GPE; MONEY,Hassan Taylor,Zenith Pharmaceuticals,"Bangkok, Nairobi",,$9.99,
1206,"Aurora Data Systems announced that Mark Yamamoto will lead the new office in Stockholm starting March 6, 2024.","Mark Yamamoto; Aurora Data Systems; Stockholm; March 6, 2024",PERSON; ORG; GPE; DATE,Mark Yamamoto,Aurora Data Systems,Stockholm,"March 6, 2024",,
1207,"Chloe Rossi joined Zenith Pharmaceuticals in Mumbai on September 7, 2019 to launch the GreenLeaf water bottle.","Chloe Rossi; Zenith Pharmaceuticals; Mumbai; September 7, 2019; the GreenLeaf water bottle",PERSON; ORG; GPE; DATE; PRODUCT,Chloe Rossi,Zenith Pharmaceuticals,Mumbai,"September 7, 2019",,GreenLeaf water bottle
1208,"The board at Ironwood Steel Works approved a $499.99 investment in Dublin after Victor Khan's presentation on May 12, 2017.","Victor Khan; Ironwood Steel Works; Dublin; May 12, 2017; $499.99",PERSON; ORG; GPE; DATE; MONEY,Victor Khan,Ironwood Steel Works,Dublin,"May 12, 2017",$499.99,
1209,"Blue Horizon Airlines announced that Omar Kowalski will lead the new office in Zurich starting September 22, 2015.","Omar Kowalski; Blue Horizon Airlines; Zurich; September 22, 2015",PERSON; ORG; GPE; DATE,Omar Kowalski,Blue Horizon Airlines,Zurich,"September 22, 2015",,
1210,"Zainab Suzuki joined Brightline Technologies in Berlin on November 20, 2018 to launch a SunBeam solar charger.","Zainab Suzuki; Brightline Technologies; Berlin; November 20, 2018; a SunBeam solar charger",PERSON; ORG; GPE; DATE; PRODUCT,Zainab Suzuki,Brightline Technologies,Berlin,"November 20, 2018",,SunBeam solar charger
1211,"On July 28, 2020, Pioneer Research Institute opened a new branch in Nairobi, the Czech Republic, appointing Aisha Haddad as director.","Aisha Haddad; Pioneer Research Institute; Nairobi; the Czech Republic; July 28, 2020",PERSON; ORG; GPE; GPE; DATE,Aisha Haddad,Pioneer Research Institute,"Nairobi, the Czech Republic","July 28, 2020",,
1212,"Ahmed Dubois, a spokesperson for Oakwood Publishing House, confirmed the release of the FlexFit yoga mat for $49.99 on October 2, 2018.","Ahmed Dubois; Oakwood Publishing House; October 2, 2018; $49.99; the FlexFit yoga mat",PERSON; ORG; DATE; MONEY; PRODUCT,Ahmed Dubois,Oakwood Publishing House,,"October 2, 2018",$49.99,FlexFit yogmat
1213,"Cedar Grove Hospital partnered with a university in Santiago to research a SunBeam solar charger technology, Aisha Kowalski reported.",Aisha Kowalski; Cedar Grove Hospital; Santiago; a SunBeam solar charger,PERSON; ORG; GPE; PRODUCT,Aisha Kowalski,Cedar Grove Hospital,Santiago,,,SunBeam solar charger
1214,"On October 5, 2018, Falcon Logistics opened a new branch in Mumbai, South Korea, appointing Noah Suzuki as director.","Noah Suzuki; Falcon Logistics; Mumbai; South Korea; October 5, 2018",PERSON; ORG; GPE; GPE; DATE,Noah Suzuki,Falcon Logistics,"Mumbai, South Korea","October 5, 2018",,
1215,"On May 12, 2018, Union Manufacturing Corp. opened a new branch in Stockholm, New Zealand, appointing Daniel Okafor as director.","Daniel Okafor; Union Manufacturing Corp.; New Zealand; Stockholm; May 12, 2018",PERSON; ORG; GPE; GPE; DATE,Daniel Okafor,Union Manufacturing Corp.,"New Zealand, Stockholm","May 12, 2018",,
1216,"Ingrid Garcia joined Silverline Motors in Manila on December 4, 2025 to launch the FreshAir purifier.","Ingrid Garcia; Silverline Motors; Manila; December 4, 2025; the FreshAir purifier",PERSON; ORG; GPE; DATE; PRODUCT,Ingrid Garcia,Silverline Motors,Manila,"December 4, 2025",,FreshAir purifier
1217,"The board at Riverside Bank approved a $250 investment in Melbourne after Carlos Johansson's presentation on November 28, 2021.","Carlos Johansson; Riverside Bank; Melbourne; November 28, 2021; $250",PERSON; ORG; GPE; DATE; MONEY,Carlos Johansson,Riverside Bank,Melbourne,"November 28, 2021",$250,
1218,"Crescent Media Group partnered with a university in Toronto to research a ProGrip tennis racket technology, Yuki Wright reported.",Yuki Wright; Crescent Media Group; Toronto; a ProGrip tennis racket,PERSON; ORG; GPE; PRODUCT,Yuki Wright,Crescent Media Group,Toronto,,,ProGrip tennis racket
1219,"The board at Global Trade Partners approved a $19.99 investment in Berlin after Chloe Brown's presentation on September 3, 2021.","Chloe Brown; Global Trade Partners; Berlin; September 3, 2021; $19.99",PERSON; ORG; GPE; DATE; MONEY,Chloe Brown,Global Trade Partners,Berlin,"September 3, 2021",$19.99,
1220,"On July 23, 2022, NextGen Software Labs opened a new branch in Wellington, Denmark, appointing Liam Okafor as director.","Liam Okafor; NextGen Software Labs; Denmark; Wellington; July 23, 2022",PERSON; ORG; GPE; GPE; DATE,Liam Okafor,NextGen Software Labs,"Denmark, Wellington","July 23, 2022",,
1221,"During the conference in Lisbon, Isabella Kowalski from Aurora Data Systems unveiled the SmartHome Hub priced at $9.99.",Isabella Kowalski; Aurora Data Systems; Lisbon; $9.99; the SmartHome Hub,PERSON; ORG; GPE; MONEY; PRODUCT,Isabella Kowalski,Aurora Data Systems,Lisbon,,$9.99,SmartHome Hub
1222,"Coastal Insurance Co. partnered with a university in Nairobi to research the TravelLite suitcase technology, Leila Osei reported.",Leila Osei; Coastal Insurance Co.; Nairobi; the TravelLite suitcase,PERSON; ORG; GPE; PRODUCT,Leila Osei,Coastal Insurance Co.,Nairobi,,,TravelLite suitcase
1223,"Isabella Walker, a spokesperson for Evergreen Energy Co., confirmed the release of the QuickBrew coffee maker for $1,200 on May 2, 2025.","Isabella Walker; Evergreen Energy Co.; May 2, 2025; $1,200; the QuickBrew coffee maker",PERSON; ORG; DATE; MONEY; PRODUCT,Isabella Walker,Evergreen Energy Co.,,"May 2, 2025","$1,200",QuickBrew coffee maker
1224,"During the conference in Helsinki, Nadia Petrov from Aurora Data Systems unveiled the ChefMate blender priced at $99.",Nadia Petrov; Aurora Data Systems; Helsinki; $99; the ChefMate blender,PERSON; ORG; GPE; MONEY; PRODUCT,Nadia Petrov,Aurora Data Systems,Helsinki,,$99,ChefMate blender
1225,"Hassan Dubois, a spokesperson for Golden Gate Retailers, confirmed the release of a RoadMaster bicycle for $15 on April 15, 2015.","Hassan Dubois; Golden Gate Retailers; April 15, 2015; $15; a RoadMaster bicycle",PERSON; ORG; DATE; MONEY; PRODUCT,Hassan Dubois,Golden Gate Retailers,,"April 15, 2015",$15,RoadMaster bicycle
1226,"On January 1, 2018, Northfield University opened a new branch in Toronto, India, appointing David Brown as director.","David Brown; Northfield University; India; Toronto; January 1, 2018",PERSON; ORG; GPE; GPE; DATE,David Brown,Northfield University,"India, Toronto","January 1, 2018",,
1227,"Olivia Johansson joined Blue Horizon Airlines in Marrakesh on June 3, 2015 to launch a SoundWave headset.","Olivia Johansson; Blue Horizon Airlines; Marrakesh; June 3, 2015; a SoundWave headset",PERSON; ORG; GPE; DATE; PRODUCT,Olivia Johansson,Blue Horizon Airlines,Marrakesh,"June 3, 2015",,SoundWave headset
1228,"The board at Vertex Analytics approved a $199 investment in Amsterdam after Mark Brown's presentation on October 3, 2023.","Mark Brown; Vertex Analytics; Amsterdam; October 3, 2023; $199",PERSON; ORG; GPE; DATE; MONEY,Mark Brown,Vertex Analytics,Amsterdam,"October 3, 2023",$199,
1229,"On September 11, 2019, Brightline Technologies opened a new branch in Berlin, Sweden, appointing Layla Petrov as director.","Layla Petrov; Brightline Technologies; Berlin; Sweden; September 11, 2019",PERSON; ORG; GPE; GPE; DATE,Layla Petrov,Brightline Technologies,"Berlin, Sweden","September 11, 2019",,
1230,"The board at Evergreen Energy Co. approved a $49.99 investment in Zurich after Wei Kowalski's presentation on March 1, 2017.","Wei Kowalski; Evergreen Energy Co.; Zurich; March 1, 2017; $49.99",PERSON; ORG; GPE; DATE; MONEY,Wei Kowalski,Evergreen Energy Co.,Zurich,"March 1, 2017",$49.99,
1231,"The board at Brightline Technologies approved a $45.50 investment in Marrakesh after Ethan Taylor's presentation on July 27, 2024.","Ethan Taylor; Brightline Technologies; Marrakesh; July 27, 2024; $45.50",PERSON; ORG; GPE; DATE; MONEY,Ethan Taylor,Brightline Technologies,Marrakesh,"July 27, 2024",$45.50,
1232,"Chloe Rossi, a spokesperson for Coastal Insurance Co., confirmed the release of a NovaBook Pro laptop for $120 on August 5, 2016.","Chloe Rossi; Coastal Insurance Co.; August 5, 2016; $120; a NovaBook Pro laptop",PERSON; ORG; DATE; MONEY; PRODUCT,Chloe Rossi,Coastal Insurance Co.,,"August 5, 2016",$120,NovaBook Pro laptop
1233,"During the conference in Berlin, Amara Larsen from Oakwood Publishing House unveiled a SunBeam solar charger priced at $199.",Amara Larsen; Oakwood Publishing House; Berlin; $199; a SunBeam solar charger,PERSON; ORG; GPE; MONEY; PRODUCT,Amara Larsen,Oakwood Publishing House,Berlin,,$199,SunBeam solar charger
1234,"Fatima Wilson joined Skyline Real Estate in Manila on July 3, 2022 to launch the ChefMate blender.","Fatima Wilson; Skyline Real Estate; Manila; July 3, 2022; the ChefMate blender",PERSON; ORG; GPE; DATE; PRODUCT,Fatima Wilson,Skyline Real Estate,Manila,"July 3, 2022",,ChefMate blender
1235,Wei Young traveled from Melbourne to Warsaw to negotiate a deal worth $75 with Aurora Data Systems.,Wei Young; Aurora Data Systems; Melbourne; Warsaw; $75,PERSON; ORG; GPE; GPE; MONEY,Wei Young,Aurora Data Systems,"Melbourne, Warsaw",,$75,
1236,"On October 19, 2024, Vertex Analytics opened a new branch in Amsterdam, South Africa, appointing Ingrid Lewis as director.","Ingrid Lewis; Vertex Analytics; Amsterdam; South Africa; October 19, 2024",PERSON; ORG; GPE; GPE; DATE,Ingrid Lewis,Vertex Analytics,"Amsterdam, South Africa","October 19, 2024",,
1237,"Sofia Garcia, a spokesperson for Zenith Pharmaceuticals, confirmed the release of a StreamCast speaker for $15 on May 15, 2022.","Sofia Garcia; Zenith Pharmaceuticals; May 15, 2022; $15; a StreamCast speaker",PERSON; ORG; DATE; MONEY; PRODUCT,Sofia Garcia,Zenith Pharmaceuticals,,"May 15, 2022",$15,StreamCast speaker
1238,"Peter Wright joined Silverline Motors in Edinburgh on March 9, 2025 to launch the PixelView monitor.","Peter Wright; Silverline Motors; Edinburgh; March 9, 2025; the PixelView monitor",PERSON; ORG; GPE; DATE; PRODUCT,Peter Wright,Silverline Motors,Edinburgh,"March 9, 2025",,PixelView monitor
1239,"Charlotte Moore, a spokesperson for Silverline Motors, confirmed the release of a ProGrip tennis racket for $350 on March 8, 2018.","Charlotte Moore; Silverline Motors; March 8, 2018; $350; a ProGrip tennis racket",PERSON; ORG; DATE; MONEY; PRODUCT,Charlotte Moore,Silverline Motors,,"March 8, 2018",$350,ProGrip tennis racket
1240,"On February 14, 2016, Coastal Insurance Co. opened a new branch in Zurich, Egypt, appointing James Okafor as director.","James Okafor; Coastal Insurance Co.; Egypt; Zurich; February 14, 2016",PERSON; ORG; GPE; GPE; DATE,James Okafor,Coastal Insurance Co.,"Egypt, Zurich","February 14, 2016",,
1241,"NextGen Software Labs announced that Chen Ivanov will lead the new office in Wellington starting August 24, 2019.","Chen Ivanov; NextGen Software Labs; Wellington; August 24, 2019",PERSON; ORG; GPE; DATE,Chen Ivanov,NextGen Software Labs,Wellington,"August 24, 2019",,
1242,"James Clark joined Union Manufacturing Corp. in Jakarta on July 21, 2016 to launch a ProGrip tennis racket.","James Clark; Union Manufacturing Corp.; Jakarta; July 21, 2016; a ProGrip tennis racket",PERSON; ORG; GPE; DATE; PRODUCT,James Clark,Union Manufacturing Corp.,Jakarta,"July 21, 2016",,ProGrip tennis racket
1243,"Harborview College partnered with a university in Copenhagen to research the GreenLeaf water bottle technology, Ibrahim Garcia reported.",Ibrahim Garcia; Harborview College; Copenhagen; the GreenLeaf water bottle,PERSON; ORG; GPE; PRODUCT,Ibrahim Garcia,Harborview College,Copenhagen,,,GreenLeaf water bottle
1244,"Samuel Nguyen joined Maple Street School District in Seoul on December 9, 2023 to launch the PixelView monitor.","Samuel Nguyen; Maple Street School District; Seoul; December 9, 2023; the PixelView monitor",PERSON; ORG; GPE; DATE; PRODUCT,Samuel Nguyen,Maple Street School District,Seoul,"December 9, 2023",,PixelView monitor
1245,"BrightFuture Foundation partnered with a university in Vancouver to research a SoundWave headset technology, Ethan Taylor reported.",Ethan Taylor; BrightFuture Foundation; Vancouver; a SoundWave headset,PERSON; ORG; GPE; PRODUCT,Ethan Taylor,BrightFuture Foundation,Vancouver,,,SoundWave headset
1246,"Ibrahim Khan joined Zenith Pharmaceuticals in Prague on August 16, 2023 to launch the CloudDesk chair.","Ibrahim Khan; Zenith Pharmaceuticals; Prague; August 16, 2023; the CloudDesk chair",PERSON; ORG; GPE; DATE; PRODUCT,Ibrahim Khan,Zenith Pharmaceuticals,Prague,"August 16, 2023",,CloudDesk chair
1247,"Chloe Brown, a spokesperson for Coastal Insurance Co., confirmed the release of the QuickBrew coffee maker for $19.99 on June 19, 2018.","Chloe Brown; Coastal Insurance Co.; June 19, 2018; $19.99; the QuickBrew coffee maker",PERSON; ORG; DATE; MONEY; PRODUCT,Chloe Brown,Coastal Insurance Co.,,"June 19, 2018",$19.99,QuickBrew coffee maker
1248,"During the conference in Seoul, Liam Scott from Golden Gate Retailers unveiled the CloudDesk chair priced at $30.75.",Liam Scott; Golden Gate Retailers; Seoul; $30.75; the CloudDesk chair,PERSON; ORG; GPE; MONEY; PRODUCT,Liam Scott,Golden Gate Retailers,Seoul,,$30.75,CloudDesk chair
1249,Elena Osei traveled from Melbourne to Zurich to negotiate a deal worth $49.99 with Aurora Data Systems.,Elena Osei; Aurora Data Systems; Melbourne; Zurich; $49.99,PERSON; ORG; GPE; GPE; MONEY,Elena Osei,Aurora Data Systems,"Melbourne, Zurich",,$49.99,
1250,"Golden Gate Retailers partnered with a university in Lisbon to research the SmartHome Hub technology, Ibrahim Petrov reported.",Ibrahim Petrov; Golden Gate Retailers; Lisbon; the SmartHome Hub,PERSON; ORG; GPE; PRODUCT,Ibrahim Petrov,Golden Gate Retailers,Lisbon,,,SmartHome Hub
1251,"Falcon Logistics partnered with a university in Seoul to research a NightOwl reading lamp technology, Chloe Ivanov reported.",Chloe Ivanov; Falcon Logistics; Seoul; a NightOwl reading lamp,PERSON; ORG; GPE; PRODUCT,Chloe Ivanov,Falcon Logistics,Seoul,,,NightOwl reading lamp
1252,"During the conference in Prague, Mateus Wright from Golden Gate Retailers unveiled the FlexFit yoga mat priced at $49.99.",Mateus Wright; Golden Gate Retailers; Prague; $49.99; the FlexFit yoga mat,PERSON; ORG; GPE; MONEY; PRODUCT,Mateus Wright,Golden Gate Retailers,Prague,,$49.99,FlexFit yogmat
1253,"Aisha Haddad, a spokesperson for Quantum Innovations, confirmed the release of a NightOwl reading lamp for $199 on July 19, 2016.","Aisha Haddad; Quantum Innovations; July 19, 2016; $199; a NightOwl reading lamp",PERSON; ORG; DATE; MONEY; PRODUCT,Aisha Haddad,Quantum Innovations,,"July 19, 2016",$199,NightOwl reading lamp
1254,"The board at Vertex Analytics approved a $499.99 investment in Toronto after James Suzuki's presentation on May 8, 2016.","James Suzuki; Vertex Analytics; Toronto; May 8, 2016; $499.99",PERSON; ORG; GPE; DATE; MONEY,James Suzuki,Vertex Analytics,Toronto,"May 8, 2016",$499.99,
1255,"Emma Okafor, a spokesperson for Lakeside Medical Center, confirmed the release of a PureGlow skincare set for $9.99 on October 16, 2016.","Emma Okafor; Lakeside Medical Center; October 16, 2016; $9.99; a PureGlow skincare set",PERSON; ORG; DATE; MONEY; PRODUCT,Emma Okafor,Lakeside Medical Center,,"October 16, 2016",$9.99,PureGlow skincare set
1256,Amara Haddad traveled from Kuala Lumpur to Cape Town to negotiate a deal worth $350 with Harborview College.,Amara Haddad; Harborview College; Cape Town; Kuala Lumpur; $350,PERSON; ORG; GPE; GPE; MONEY,Amara Haddad,Harborview College,"Cape Town, Kuala Lumpur",,$350,
1257,"Leila Young joined Riverside Bank in Marrakesh on October 4, 2024 to launch the GreenLeaf water bottle.","Leila Young; Riverside Bank; Marrakesh; October 4, 2024; the GreenLeaf water bottle",PERSON; ORG; GPE; DATE; PRODUCT,Leila Young,Riverside Bank,Marrakesh,"October 4, 2024",,GreenLeaf water bottle
1258,"On July 15, 2023, Golden Gate Retailers opened a new branch in Cairo, the United States, appointing Julia Scott as director.","Julia Scott; Golden Gate Retailers; Cairo; the United States; July 15, 2023",PERSON; ORG; GPE; GPE; DATE,Julia Scott,Golden Gate Retailers,"Cairo, the United States","July 15, 2023",,
1259,"On October 3, 2017, Evergreen Energy Co. opened a new branch in Berlin, the United States, appointing Sara Costa as director.","Sara Costa; Evergreen Energy Co.; Berlin; the United States; October 3, 2017",PERSON; ORG; GPE; GPE; DATE,Sara Costa,Evergreen Energy Co.,"Berlin, the United States","October 3, 2017",,
1260,"Sara Nguyen joined Skyline Real Estate in Zurich on August 23, 2022 to launch the CloudDesk chair.","Sara Nguyen; Skyline Real Estate; Zurich; August 23, 2022; the CloudDesk chair",PERSON; ORG; GPE; DATE; PRODUCT,Sara Nguyen,Skyline Real Estate,Zurich,"August 23, 2022",,CloudDesk chair
1261,"Ironwood Steel Works announced that Hana Ivanov will lead the new office in Marrakesh starting February 23, 2024.","Hana Ivanov; Ironwood Steel Works; Marrakesh; February 23, 2024",PERSON; ORG; GPE; DATE,Hana Ivanov,Ironwood Steel Works,Marrakesh,"February 23, 2024",,
1262,"During the conference in Berlin, Zainab Kim from Harborview College unveiled the CloudDesk chair priced at $1,200.","Zainab Kim; Harborview College; Berlin; $1,200; the CloudDesk chair",PERSON; ORG; GPE; MONEY; PRODUCT,Zainab Kim,Harborview College,Berlin,,"$1,200",CloudDesk chair
1263,"George Kowalski, a spokesperson for Meridian Financial Group, confirmed the release of a PureGlow skincare set for $1,200 on May 25, 2015.","George Kowalski; Meridian Financial Group; May 25, 2015; $1,200; a PureGlow skincare set",PERSON; ORG; DATE; MONEY; PRODUCT,George Kowalski,Meridian Financial Group,,"May 25, 2015","$1,200",PureGlow skincare set
1264,"Wei Walker, a spokesperson for Summit Robotics Inc., confirmed the release of a StreamCast speaker for $9.99 on December 7, 2017.","Wei Walker; Summit Robotics Inc.; December 7, 2017; $9.99; a StreamCast speaker",PERSON; ORG; DATE; MONEY; PRODUCT,Wei Walker,Summit Robotics Inc.,,"December 7, 2017",$9.99,StreamCast speaker
1265,"On September 1, 2018, Crescent Media Group opened a new branch in Wellington, Malaysia, appointing Anna Patel as director.","Anna Patel; Crescent Media Group; Malaysia; Wellington; September 1, 2018",PERSON; ORG; GPE; GPE; DATE,Anna Patel,Crescent Media Group,"Malaysia, Wellington","September 1, 2018",,
1266,"Quantum Innovations partnered with a university in Lisbon to research a TrailRunner backpack technology, Julia Garcia reported.",Julia Garcia; Quantum Innovations; Lisbon; a TrailRunner backpack,PERSON; ORG; GPE; PRODUCT,Julia Garcia,Quantum Innovations,Lisbon,,,TrailRunner backpack
1267,"During the conference in Melbourne, Chen Hall from Pioneer Research Institute unveiled a StreamCast speaker priced at $1,200.","Chen Hall; Pioneer Research Institute; Melbourne; $1,200; a StreamCast speaker",PERSON; ORG; GPE; MONEY; PRODUCT,Chen Hall,Pioneer Research Institute,Melbourne,,"$1,200",StreamCast speaker
1268,"Riverside Bank partnered with a university in Austin to research the AeroFit smartwatch technology, James Garcia reported.",James Garcia; Riverside Bank; Austin; the AeroFit smartwatch,PERSON; ORG; GPE; PRODUCT,James Garcia,Riverside Bank,Austin,,,AeroFit smartwatch
1269,"On November 21, 2017, Vertex Analytics opened a new branch in Toronto, the United States, appointing Charlotte Green as director.","Charlotte Green; Vertex Analytics; Toronto; the United States; November 21, 2017",PERSON; ORG; GPE; GPE; DATE,Charlotte Green,Vertex Analytics,"Toronto, the United States","November 21, 2017",,
1270,"Charlotte Okafor joined Delta Cloud Services in Marrakesh on June 24, 2015 to launch the CloudDesk chair.","Charlotte Okafor; Delta Cloud Services; Marrakesh; June 24, 2015; the CloudDesk chair",PERSON; ORG; GPE; DATE; PRODUCT,Charlotte Okafor,Delta Cloud Services,Marrakesh,"June 24, 2015",,CloudDesk chair
1271,Sofia Green traveled from Austin to Jakarta to negotiate a deal worth $49.99 with Summit Robotics Inc..,Sofia Green; Summit Robotics Inc.; Austin; Jakarta; $49.99,PERSON; ORG; GPE; GPE; MONEY,Sofia Green,Summit Robotics Inc.,"Austin, Jakarta",,$49.99,
1272,"Sofia Wright, a spokesperson for Northfield University, confirmed the release of the CloudDesk chair for $9.99 on December 20, 2017.","Sofia Wright; Northfield University; December 20, 2017; $9.99; the CloudDesk chair",PERSON; ORG; DATE; MONEY; PRODUCT,Sofia Wright,Northfield University,,"December 20, 2017",$9.99,CloudDesk chair
1273,"The board at Global Trade Partners approved a $15 investment in Dublin after Ahmed Haddad's presentation on January 9, 2019.","Ahmed Haddad; Global Trade Partners; Dublin; January 9, 2019; $15",PERSON; ORG; GPE; DATE; MONEY,Ahmed Haddad,Global Trade Partners,Dublin,"January 9, 2019",$15,
1274,"On November 14, 2020, Lakeside Medical Center opened a new branch in Amsterdam, Sweden, appointing Olivia Haddad as director.","Olivia Haddad; Lakeside Medical Center; Amsterdam; Sweden; November 14, 2020",PERSON; ORG; GPE; GPE; DATE,Olivia Haddad,Lakeside Medical Center,"Amsterdam, Sweden","November 14, 2020",,
1275,"The board at Ironwood Steel Works approved a $49.99 investment in Jakarta after Priya Silva's presentation on March 16, 2021.","Priya Silva; Ironwood Steel Works; Jakarta; March 16, 2021; $49.99",PERSON; ORG; GPE; DATE; MONEY,Priya Silva,Ironwood Steel Works,Jakarta,"March 16, 2021",$49.99,
1276,"The board at Lakeside Medical Center approved a $75 investment in Bangkok after Felix Rossi's presentation on June 10, 2023.","Felix Rossi; Lakeside Medical Center; Bangkok; June 10, 2023; $75",PERSON; ORG; GPE; DATE; MONEY,Felix Rossi,Lakeside Medical Center,Bangkok,"June 10, 2023",$75,
1277,"During the conference in Seoul, Chen Costa from Global Trade Partners unveiled a NovaBook Pro laptop priced at $15.",Chen Costa; Global Trade Partners; Seoul; $15; a NovaBook Pro laptop,PERSON; ORG; GPE; MONEY; PRODUCT,Chen Costa,Global Trade Partners,Seoul,,$15,NovaBook Pro laptop
1278,"Lakeside Medical Center announced that Hassan King will lead the new office in Kuala Lumpur starting October 27, 2021.","Hassan King; Lakeside Medical Center; Kuala Lumpur; October 27, 2021",PERSON; ORG; GPE; DATE,Hassan King,Lakeside Medical Center,Kuala Lumpur,"October 27, 2021",,
1279,"James Wright, a spokesperson for Summit Robotics Inc., confirmed the release of a StreamCast speaker for $19.99 on May 5, 2021.","James Wright; Summit Robotics Inc.; May 5, 2021; $19.99; a StreamCast speaker",PERSON; ORG; DATE; MONEY; PRODUCT,James Wright,Summit Robotics Inc.,,"May 5, 2021",$19.99,StreamCast speaker
1280,"The board at Falcon Logistics approved a $89.99 investment in Santiago after Mark Müller's presentation on April 11, 2025.","Mark Müller; Falcon Logistics; Santiago; April 11, 2025; $89.99",PERSON; ORG; GPE; DATE; MONEY,Mark Müller,Falcon Logistics,Santiago,"April 11, 2025",$89.99,
1281,Ahmed Yamamoto traveled from Copenhagen to Edinburgh to negotiate a deal worth $24.50 with Lakeside Medical Center.,Ahmed Yamamoto; Lakeside Medical Center; Copenhagen; Edinburgh; $24.50,PERSON; ORG; GPE; GPE; MONEY,Ahmed Yamamoto,Lakeside Medical Center,"Copenhagen, Edinburgh",,$24.50,
1282,Jack Lewis traveled from Zurich to Berlin to negotiate a deal worth $15 with Falcon Logistics.,Jack Lewis; Falcon Logistics; Berlin; Zurich; $15,PERSON; ORG; GPE; GPE; MONEY,Jack Lewis,Falcon Logistics,"Berlin, Zurich",,$15,
1283,"During the conference in Helsinki, Ahmed Smith from Harborview College unveiled the TravelLite suitcase priced at $1,200.","Ahmed Smith; Harborview College; Helsinki; $1,200; the TravelLite suitcase",PERSON; ORG; GPE; MONEY; PRODUCT,Ahmed Smith,Harborview College,Helsinki,,"$1,200",TravelLite suitcase
1284,"The board at Meridian Financial Group approved a $199 investment in Cairo after Sara Anderson's presentation on September 2, 2024.","Sara Anderson; Meridian Financial Group; Cairo; September 2, 2024; $199",PERSON; ORG; GPE; DATE; MONEY,Sara Anderson,Meridian Financial Group,Cairo,"September 2, 2024",$199,
1285,"The board at Zenith Pharmaceuticals approved a $499.99 investment in Helsinki after Victor Yamamoto's presentation on October 10, 2016.","Victor Yamamoto; Zenith Pharmaceuticals; Helsinki; October 10, 2016; $499.99",PERSON; ORG; GPE; DATE; MONEY,Victor Yamamoto,Zenith Pharmaceuticals,Helsinki,"October 10, 2016",$499.99,
1286,"Ironwood Steel Works announced that Emma Patel will lead the new office in Jakarta starting January 1, 2016.","Emma Patel; Ironwood Steel Works; Jakarta; January 1, 2016",PERSON; ORG; GPE; DATE,Emma Patel,Ironwood Steel Works,Jakarta,"January 1, 2016",,
1287,"Golden Gate Retailers announced that Leila Patel will lead the new office in Berlin starting April 2, 2017.","Leila Patel; Golden Gate Retailers; Berlin; April 2, 2017",PERSON; ORG; GPE; DATE,Leila Patel,Golden Gate Retailers,Berlin,"April 2, 2017",,
1288,"On August 26, 2020, Falcon Logistics opened a new branch in Jakarta, Japan, appointing Ravi Okafor as director.","Ravi Okafor; Falcon Logistics; Jakarta; Japan; August 26, 2020",PERSON; ORG; GPE; GPE; DATE,Ravi Okafor,Falcon Logistics,"Jakarta, Japan","August 26, 2020",,
1289,"During the conference in Marrakesh, Nina Chen from Union Manufacturing Corp. unveiled the TravelLite suitcase priced at $199.",Nina Chen; Union Manufacturing Corp.; Marrakesh; $199; the TravelLite suitcase,PERSON; ORG; GPE; MONEY; PRODUCT,Nina Chen,Union Manufacturing Corp.,Marrakesh,,$199,TravelLite suitcase
1290,"Silverline Motors announced that Mei Petrov will lead the new office in Dublin starting February 24, 2016.","Mei Petrov; Silverline Motors; Dublin; February 24, 2016",PERSON; ORG; GPE; DATE,Mei Petrov,Silverline Motors,Dublin,"February 24, 2016",,
1291,"On March 25, 2016, Pioneer Research Institute opened a new branch in Osaka, India, appointing Victor Wilson as director.","Victor Wilson; Pioneer Research Institute; India; Osaka; March 25, 2016",PERSON; ORG; GPE; GPE; DATE,Victor Wilson,Pioneer Research Institute,"India, Osaka","March 25, 2016",,
1292,"Mateus Wright joined Union Manufacturing Corp. in Lisbon on March 18, 2022 to launch a NovaBook Pro laptop.","Mateus Wright; Union Manufacturing Corp.; Lisbon; March 18, 2022; a NovaBook Pro laptop",PERSON; ORG; GPE; DATE; PRODUCT,Mateus Wright,Union Manufacturing Corp.,Lisbon,"March 18, 2022",,NovaBook Pro laptop
1293,"The board at Quantum Innovations approved a $24.50 investment in Berlin after Mark Johansson's presentation on February 15, 2018.","Mark Johansson; Quantum Innovations; Berlin; February 15, 2018; $24.50",PERSON; ORG; GPE; DATE; MONEY,Mark Johansson,Quantum Innovations,Berlin,"February 15, 2018",$24.50,
1294,"Northfield University announced that Charlotte Baker will lead the new office in Denver starting July 5, 2022.","Charlotte Baker; Northfield University; Denver; July 5, 2022",PERSON; ORG; GPE; DATE,Charlotte Baker,Northfield University,Denver,"July 5, 2022",,
1295,Wei King traveled from Helsinki to Cairo to negotiate a deal worth $199 with Cedar Grove Hospital.,Wei King; Cedar Grove Hospital; Cairo; Helsinki; $199,PERSON; ORG; GPE; GPE; MONEY,Wei King,Cedar Grove Hospital,"Cairo, Helsinki",,$199,
1296,"On May 10, 2019, Lakeside Medical Center opened a new branch in Wellington, the Netherlands, appointing Ethan Silva as director.","Ethan Silva; Lakeside Medical Center; Wellington; the Netherlands; May 10, 2019",PERSON; ORG; GPE; GPE; DATE,Ethan Silva,Lakeside Medical Center,"Wellington, the Netherlands","May 10, 2019",,
1297,"Maple Street School District partnered with a university in Stockholm to research a NovaBook Pro laptop technology, Tom Novak reported.",Tom Novak; Maple Street School District; Stockholm; a NovaBook Pro laptop,PERSON; ORG; GPE; PRODUCT,Tom Novak,Maple Street School District,Stockholm,,,NovaBook Pro laptop
1298,"Elena Silva joined Lakeside Medical Center in Denver on May 26, 2018 to launch the SmartHome Hub.","Elena Silva; Lakeside Medical Center; Denver; May 26, 2018; the SmartHome Hub",PERSON; ORG; GPE; DATE; PRODUCT,Elena Silva,Lakeside Medical Center,Denver,"May 26, 2018",,SmartHome Hub
1299,"The board at Redstone Consulting approved a $350 investment in Marrakesh after Priya Kowalski's presentation on December 25, 2024.","Priya Kowalski; Redstone Consulting; Marrakesh; December 25, 2024; $350",PERSON; ORG; GPE; DATE; MONEY,Priya Kowalski,Redstone Consulting,Marrakesh,"December 25, 2024",$350,
1300,"Aurora Data Systems announced that George Johansson will lead the new office in Cape Town starting January 2, 2019.","George Johansson; Aurora Data Systems; Cape Town; January 2, 2019",PERSON; ORG; GPE; DATE,George Johansson,Aurora Data Systems,Cape Town,"January 2, 2019",,
1301,"Vertex Analytics announced that Sofia Suzuki will lead the new office in Manila starting November 25, 2022.","Sofia Suzuki; Vertex Analytics; Manila; November 25, 2022",PERSON; ORG; GPE; DATE,Sofia Suzuki,Vertex Analytics,Manila,"November 25, 2022",,
1302,"Vertex Analytics announced that Amara Costa will lead the new office in Nairobi starting August 24, 2020.","Amara Costa; Vertex Analytics; Nairobi; August 24, 2020",PERSON; ORG; GPE; DATE,Amara Costa,Vertex Analytics,Nairobi,"August 24, 2020",,
1303,"Vertex Analytics announced that Charlotte Baker will lead the new office in Lisbon starting March 5, 2024.","Charlotte Baker; Vertex Analytics; Lisbon; March 5, 2024",PERSON; ORG; GPE; DATE,Charlotte Baker,Vertex Analytics,Lisbon,"March 5, 2024",,
1304,"Blue Horizon Airlines partnered with a university in Toronto to research the SmartHome Hub technology, Samuel Kowalski reported.",Samuel Kowalski; Blue Horizon Airlines; Toronto; the SmartHome Hub,PERSON; ORG; GPE; PRODUCT,Samuel Kowalski,Blue Horizon Airlines,Toronto,,,SmartHome Hub
1305,"Skyline Real Estate announced that Sofia Moore will lead the new office in Kuala Lumpur starting October 5, 2019.","Sofia Moore; Skyline Real Estate; Kuala Lumpur; October 5, 2019",PERSON; ORG; GPE; DATE,Sofia Moore,Skyline Real Estate,Kuala Lumpur,"October 5, 2019",,
1306,"The board at Delta Cloud Services approved a $199 investment in Helsinki after Amara Novak's presentation on September 14, 2016.","Amara Novak; Delta Cloud Services; Helsinki; September 14, 2016; $199",PERSON; ORG; GPE; DATE; MONEY,Amara Novak,Delta Cloud Services,Helsinki,"September 14, 2016",$199,
1307,"Quantum Innovations partnered with a university in Manila to research the GreenLeaf water bottle technology, Julia Anderson reported.",Julia Anderson; Quantum Innovations; Manila; the GreenLeaf water bottle,PERSON; ORG; GPE; PRODUCT,Julia Anderson,Quantum Innovations,Manila,,,GreenLeaf water bottle
1308,"Kevin Johansson joined Evergreen Energy Co. in Austin on June 3, 2017 to launch the TravelLite suitcase.","Kevin Johansson; Evergreen Energy Co.; Austin; June 3, 2017; the TravelLite suitcase",PERSON; ORG; GPE; DATE; PRODUCT,Kevin Johansson,Evergreen Energy Co.,Austin,"June 3, 2017",,TravelLite suitcase
1309,"Harborview College announced that Victor Fernandez will lead the new office in Cape Town starting June 26, 2017.","Victor Fernandez; Harborview College; Cape Town; June 26, 2017",PERSON; ORG; GPE; DATE,Victor Fernandez,Harborview College,Cape Town,"June 26, 2017",,
1310,"The board at Falcon Logistics approved a $350 investment in Marrakesh after Lucas Kowalski's presentation on March 1, 2022.","Lucas Kowalski; Falcon Logistics; Marrakesh; March 1, 2022; $350",PERSON; ORG; GPE; DATE; MONEY,Lucas Kowalski,Falcon Logistics,Marrakesh,"March 1, 2022",$350,
1311,"Skyline Real Estate partnered with a university in Kuala Lumpur to research the FlexFit yoga mat technology, Leila Brown reported.",Leila Brown; Skyline Real Estate; Kuala Lumpur; the FlexFit yoga mat,PERSON; ORG; GPE; PRODUCT,Leila Brown,Skyline Real Estate,Kuala Lumpur,,,FlexFit yogmat
1312,Ibrahim Larsen traveled from Denver to Cairo to negotiate a deal worth $19.99 with Meridian Financial Group.,Ibrahim Larsen; Meridian Financial Group; Cairo; Denver; $19.99,PERSON; ORG; GPE; GPE; MONEY,Ibrahim Larsen,Meridian Financial Group,"Cairo, Denver",,$19.99,
1313,"The board at Skyline Real Estate approved a $250 investment in Vancouver after Mark Fernandez's presentation on November 14, 2015.","Mark Fernandez; Skyline Real Estate; Vancouver; November 14, 2015; $250",PERSON; ORG; GPE; DATE; MONEY,Mark Fernandez,Skyline Real Estate,Vancouver,"November 14, 2015",$250,
1314,"The board at Delta Cloud Services approved a $15 investment in Edinburgh after Sofia Rossi's presentation on April 11, 2021.","Sofia Rossi; Delta Cloud Services; Edinburgh; April 11, 2021; $15",PERSON; ORG; GPE; DATE; MONEY,Sofia Rossi,Delta Cloud Services,Edinburgh,"April 11, 2021",$15,
1315,"On September 16, 2024, Falcon Logistics opened a new branch in Mumbai, Denmark, appointing Chen Khan as director.","Chen Khan; Falcon Logistics; Denmark; Mumbai; September 16, 2024",PERSON; ORG; GPE; GPE; DATE,Chen Khan,Falcon Logistics,"Denmark, Mumbai","September 16, 2024",,
1316,"During the conference in Edinburgh, Carlos Okafor from Cedar Grove Hospital unveiled the CloudDesk chair priced at $49.99.",Carlos Okafor; Cedar Grove Hospital; Edinburgh; $49.99; the CloudDesk chair,PERSON; ORG; GPE; MONEY; PRODUCT,Carlos Okafor,Cedar Grove Hospital,Edinburgh,,$49.99,CloudDesk chair
1317,Hassan Young traveled from Copenhagen to Cape Town to negotiate a deal worth $199 with Maple Street School District.,Hassan Young; Maple Street School District; Cape Town; Copenhagen; $199,PERSON; ORG; GPE; GPE; MONEY,Hassan Young,Maple Street School District,"Cape Town, Copenhagen",,$199,
1318,"Chen Petrov, a spokesperson for Union Manufacturing Corp., confirmed the release of the FreshAir purifier for $49.99 on February 26, 2020.","Chen Petrov; Union Manufacturing Corp.; February 26, 2020; $49.99; the FreshAir purifier",PERSON; ORG; DATE; MONEY; PRODUCT,Chen Petrov,Union Manufacturing Corp.,,"February 26, 2020",$49.99,FreshAir purifier
1319,"The board at Meridian Financial Group approved a $75 investment in Marrakesh after Priya Anderson's presentation on June 15, 2015.","Priya Anderson; Meridian Financial Group; Marrakesh; June 15, 2015; $75",PERSON; ORG; GPE; DATE; MONEY,Priya Anderson,Meridian Financial Group,Marrakesh,"June 15, 2015",$75,
1320,"During the conference in Seoul, Felix Dubois from NextGen Software Labs unveiled a StreamCast speaker priced at $45.50.",Felix Dubois; NextGen Software Labs; Seoul; $45.50; a StreamCast speaker,PERSON; ORG; GPE; MONEY; PRODUCT,Felix Dubois,NextGen Software Labs,Seoul,,$45.50,StreamCast speaker
1321,"On August 13, 2017, Pioneer Research Institute opened a new branch in Edinburgh, Malaysia, appointing Julia Suzuki as director.","Julia Suzuki; Pioneer Research Institute; Edinburgh; Malaysia; August 13, 2017",PERSON; ORG; GPE; GPE; DATE,Julia Suzuki,Pioneer Research Institute,"Edinburgh, Malaysia","August 13, 2017",,
1322,Chloe Patel traveled from Lisbon to Wellington to negotiate a deal worth $19.99 with Harborview College.,Chloe Patel; Harborview College; Lisbon; Wellington; $19.99,PERSON; ORG; GPE; GPE; MONEY,Chloe Patel,Harborview College,"Lisbon, Wellington",,$19.99,
1323,"During the conference in Helsinki, Ibrahim Novak from Skyline Real Estate unveiled the SmartHome Hub priced at $75.",Ibrahim Novak; Skyline Real Estate; Helsinki; $75; the SmartHome Hub,PERSON; ORG; GPE; MONEY; PRODUCT,Ibrahim Novak,Skyline Real Estate,Helsinki,,$75,SmartHome Hub
1324,"The board at Harborview College approved a $199 investment in Nairobi after Amara Patel's presentation on September 26, 2023.","Amara Patel; Harborview College; Nairobi; September 26, 2023; $199",PERSON; ORG; GPE; DATE; MONEY,Amara Patel,Harborview College,Nairobi,"September 26, 2023",$199,
1325,"The board at Cedar Grove Hospital approved a $75 investment in Denver after Mateus Rossi's presentation on September 7, 2022.","Mateus Rossi; Cedar Grove Hospital; Denver; September 7, 2022; $75",PERSON; ORG; GPE; DATE; MONEY,Mateus Rossi,Cedar Grove Hospital,Denver,"September 7, 2022",$75,
1326,Adaeze Larsen traveled from Nairobi to Santiago to negotiate a deal worth $250 with Brightline Technologies.,Adaeze Larsen; Brightline Technologies; Nairobi; Santiago; $250,PERSON; ORG; GPE; GPE; MONEY,Adaeze Larsen,Brightline Technologies,"Nairobi, Santiago",,$250,
1327,"The board at Pioneer Research Institute approved a $45.50 investment in Jakarta after Noah Silva's presentation on December 13, 2024.","Noah Silva; Pioneer Research Institute; Jakarta; December 13, 2024; $45.50",PERSON; ORG; GPE; DATE; MONEY,Noah Silva,Pioneer Research Institute,Jakarta,"December 13, 2024",$45.50,
1328,"Meridian Financial Group announced that Fatima King will lead the new office in Helsinki starting April 25, 2018.","Fatima King; Meridian Financial Group; Helsinki; April 25, 2018",PERSON; ORG; GPE; DATE,Fatima King,Meridian Financial Group,Helsinki,"April 25, 2018",,
1329,"Layla Haddad, a spokesperson for Union Manufacturing Corp., confirmed the release of the SmartHome Hub for $99 on August 17, 2019.","Layla Haddad; Union Manufacturing Corp.; August 17, 2019; $99; the SmartHome Hub",PERSON; ORG; DATE; MONEY; PRODUCT,Layla Haddad,Union Manufacturing Corp.,,"August 17, 2019",$99,SmartHome Hub
1330,"Vertex Analytics announced that Priya Wright will lead the new office in Nairobi starting June 19, 2015.","Priya Wright; Vertex Analytics; Nairobi; June 19, 2015",PERSON; ORG; GPE; DATE,Priya Wright,Vertex Analytics,Nairobi,"June 19, 2015",,
1331,"On November 15, 2024, Pioneer Research Institute opened a new branch in Melbourne, Canada, appointing David Rossi as director.","David Rossi; Pioneer Research Institute; Canada; Melbourne; November 15, 2024",PERSON; ORG; GPE; GPE; DATE,David Rossi,Pioneer Research Institute,"Canada, Melbourne","November 15, 2024",,
1332,"Peter Taylor joined Crescent Media Group in Zurich on December 15, 2016 to launch a SoundWave headset.","Peter Taylor; Crescent Media Group; Zurich; December 15, 2016; a SoundWave headset",PERSON; ORG; GPE; DATE; PRODUCT,Peter Taylor,Crescent Media Group,Zurich,"December 15, 2016",,SoundWave headset
1333,"The board at Maple Street School District approved a $99 investment in Wellington after Olivia Patel's presentation on June 7, 2018.","Olivia Patel; Maple Street School District; Wellington; June 7, 2018; $99",PERSON; ORG; GPE; DATE; MONEY,Olivia Patel,Maple Street School District,Wellington,"June 7, 2018",$99,
1334,"Carlos Wilson, a spokesperson for Golden Gate Retailers, confirmed the release of a RoadMaster bicycle for $9.99 on January 23, 2025.","Carlos Wilson; Golden Gate Retailers; January 23, 2025; $9.99; a RoadMaster bicycle",PERSON; ORG; DATE; MONEY; PRODUCT,Carlos Wilson,Golden Gate Retailers,,"January 23, 2025",$9.99,RoadMaster bicycle
1335,"The board at Harborview College approved a $250 investment in Mumbai after Mark Wright's presentation on September 26, 2019.","Mark Wright; Harborview College; Mumbai; September 26, 2019; $250",PERSON; ORG; GPE; DATE; MONEY,Mark Wright,Harborview College,Mumbai,"September 26, 2019",$250,
1336,"Tom Patel, a spokesperson for Delta Cloud Services, confirmed the release of the SmartHome Hub for $24.50 on April 18, 2015.","Tom Patel; Delta Cloud Services; April 18, 2015; $24.50; the SmartHome Hub",PERSON; ORG; DATE; MONEY; PRODUCT,Tom Patel,Delta Cloud Services,,"April 18, 2015",$24.50,SmartHome Hub
1337,"Ibrahim Scott joined Maple Street School District in Osaka on May 21, 2020 to launch a TrailRunner backpack.","Ibrahim Scott; Maple Street School District; Osaka; May 21, 2020; a TrailRunner backpack",PERSON; ORG; GPE; DATE; PRODUCT,Ibrahim Scott,Maple Street School District,Osaka,"May 21, 2020",,TrailRunner backpack
1338,"During the conference in Jakarta, Felix Green from NextGen Software Labs unveiled the FreshAir purifier priced at $49.99.",Felix Green; NextGen Software Labs; Jakarta; $49.99; the FreshAir purifier,PERSON; ORG; GPE; MONEY; PRODUCT,Felix Green,NextGen Software Labs,Jakarta,,$49.99,FreshAir purifier
1339,"The board at Brightline Technologies approved a $24.50 investment in Prague after Chen Brown's presentation on September 15, 2015.","Chen Brown; Brightline Technologies; Prague; September 15, 2015; $24.50",PERSON; ORG; GPE; DATE; MONEY,Chen Brown,Brightline Technologies,Prague,"September 15, 2015",$24.50,
1340,"During the conference in Stockholm, Noah Chen from Delta Cloud Services unveiled a NovaBook Pro laptop priced at $45.50.",Noah Chen; Delta Cloud Services; Stockholm; $45.50; a NovaBook Pro laptop,PERSON; ORG; GPE; MONEY; PRODUCT,Noah Chen,Delta Cloud Services,Stockholm,,$45.50,NovaBook Pro laptop
1341,"Harborview College announced that Nadia Osei will lead the new office in Austin starting August 15, 2016.","Nadia Osei; Harborview College; Austin; August 15, 2016",PERSON; ORG; GPE; DATE,Nadia Osei,Harborview College,Austin,"August 15, 2016",,
1342,"Omar Osei joined Crescent Media Group in Buenos Aires on February 24, 2022 to launch a TrailRunner backpack.","Omar Osei; Crescent Media Group; Buenos Aires; February 24, 2022; a TrailRunner backpack",PERSON; ORG; GPE; DATE; PRODUCT,Omar Osei,Crescent Media Group,Buenos Aires,"February 24, 2022",,TrailRunner backpack
1343,"The board at Harborview College approved a $1,200 investment in Santiago after Maria Patel's presentation on September 20, 2016.","Maria Patel; Harborview College; Santiago; September 20, 2016; $1,200",PERSON; ORG; GPE; DATE; MONEY,Maria Patel,Harborview College,Santiago,"September 20, 2016","$1,200",
1344,Fatima Kim traveled from Seoul to Osaka to negotiate a deal worth $89.99 with Brightline Technologies.,Fatima Kim; Brightline Technologies; Osaka; Seoul; $89.99,PERSON; ORG; GPE; GPE; MONEY,Fatima Kim,Brightline Technologies,"Osaka, Seoul",,$89.99,
1345,"David Chen joined Brightline Technologies in Buenos Aires on May 15, 2021 to launch a ProGrip tennis racket.","David Chen; Brightline Technologies; Buenos Aires; May 15, 2021; a ProGrip tennis racket",PERSON; ORG; GPE; DATE; PRODUCT,David Chen,Brightline Technologies,Buenos Aires,"May 15, 2021",,ProGrip tennis racket
1346,"Skyline Real Estate announced that Aisha Müller will lead the new office in Kuala Lumpur starting December 21, 2022.","Aisha Müller; Skyline Real Estate; Kuala Lumpur; December 21, 2022",PERSON; ORG; GPE; DATE,Aisha Müller,Skyline Real Estate,Kuala Lumpur,"December 21, 2022",,
1347,"On April 7, 2024, Cedar Grove Hospital opened a new branch in Copenhagen, Germany, appointing Chloe Garcia as director.","Chloe Garcia; Cedar Grove Hospital; Copenhagen; Germany; April 7, 2024",PERSON; ORG; GPE; GPE; DATE,Chloe Garcia,Cedar Grove Hospital,"Copenhagen, Germany","April 7, 2024",,
1348,"Mateus King, a spokesperson for Northfield University, confirmed the release of a TrailRunner backpack for $45.50 on October 13, 2015.","Mateus King; Northfield University; October 13, 2015; $45.50; a TrailRunner backpack",PERSON; ORG; DATE; MONEY; PRODUCT,Mateus King,Northfield University,,"October 13, 2015",$45.50,TrailRunner backpack
1349,"Delta Cloud Services announced that Layla King will lead the new office in Denver starting September 21, 2024.","Layla King; Delta Cloud Services; Denver; September 21, 2024",PERSON; ORG; GPE; DATE,Layla King,Delta Cloud Services,Denver,"September 21, 2024",,
1350,"On November 1, 2017, Maple Street School District opened a new branch in Lisbon, the Czech Republic, appointing Grace Garcia as director.","Grace Garcia; Maple Street School District; Lisbon; the Czech Republic; November 1, 2017",PERSON; ORG; GPE; GPE; DATE,Grace Garcia,Maple Street School District,"Lisbon, the Czech Republic","November 1, 2017",,
1351,"Hassan Larsen, a spokesperson for Maple Street School District, confirmed the release of a StreamCast speaker for $250 on October 25, 2015.","Hassan Larsen; Maple Street School District; October 25, 2015; $250; a StreamCast speaker",PERSON; ORG; DATE; MONEY; PRODUCT,Hassan Larsen,Maple Street School District,,"October 25, 2015",$250,StreamCast speaker
1352,"The board at Maple Street School District approved a $30.75 investment in Osaka after Mateus Moore's presentation on April 11, 2015.","Mateus Moore; Maple Street School District; Osaka; April 11, 2015; $30.75",PERSON; ORG; GPE; DATE; MONEY,Mateus Moore,Maple Street School District,Osaka,"April 11, 2015",$30.75,
1353,"Evergreen Energy Co. partnered with a university in Mumbai to research the FlexFit yoga mat technology, Layla Wright reported.",Layla Wright; Evergreen Energy Co.; Mumbai; the FlexFit yoga mat,PERSON; ORG; GPE; PRODUCT,Layla Wright,Evergreen Energy Co.,Mumbai,,,FlexFit yogmat
1354,"On October 16, 2016, Meridian Financial Group opened a new branch in Amsterdam, Ireland, appointing Zainab Suzuki as director.","Zainab Suzuki; Meridian Financial Group; Amsterdam; Ireland; October 16, 2016",PERSON; ORG; GPE; GPE; DATE,Zainab Suzuki,Meridian Financial Group,"Amsterdam, Ireland","October 16, 2016",,
1355,"Jack Wright joined Global Trade Partners in Edinburgh on March 9, 2020 to launch a ProGrip tennis racket.","Jack Wright; Global Trade Partners; Edinburgh; March 9, 2020; a ProGrip tennis racket",PERSON; ORG; GPE; DATE; PRODUCT,Jack Wright,Global Trade Partners,Edinburgh,"March 9, 2020",,ProGrip tennis racket
1356,"Nadia Chen, a spokesperson for Ironwood Steel Works, confirmed the release of the ChefMate blender for $499.99 on August 21, 2019.","Nadia Chen; Ironwood Steel Works; August 21, 2019; $499.99; the ChefMate blender",PERSON; ORG; DATE; MONEY; PRODUCT,Nadia Chen,Ironwood Steel Works,,"August 21, 2019",$499.99,ChefMate blender
1357,"The board at Cedar Grove Hospital approved a $89.99 investment in Osaka after Mei Anderson's presentation on July 27, 2025.","Mei Anderson; Cedar Grove Hospital; Osaka; July 27, 2025; $89.99",PERSON; ORG; GPE; DATE; MONEY,Mei Anderson,Cedar Grove Hospital,Osaka,"July 27, 2025",$89.99,
1358,"On December 4, 2016, Harborview College opened a new branch in Buenos Aires, Portugal, appointing Adaeze Moore as director.","Adaeze Moore; Harborview College; Buenos Aires; Portugal; December 4, 2016",PERSON; ORG; GPE; GPE; DATE,Adaeze Moore,Harborview College,"Buenos Aires, Portugal","December 4, 2016",,
1359,"On April 5, 2024, Ironwood Steel Works opened a new branch in Jakarta, Malaysia, appointing Leila Brown as director.","Leila Brown; Ironwood Steel Works; Jakarta; Malaysia; April 5, 2024",PERSON; ORG; GPE; GPE; DATE,Leila Brown,Ironwood Steel Works,"Jakarta, Malaysia","April 5, 2024",,
1360,"During the conference in Stockholm, George Costa from Vertex Analytics unveiled a ProGrip tennis racket priced at $499.99.",George Costa; Vertex Analytics; Stockholm; $499.99; a ProGrip tennis racket,PERSON; ORG; GPE; MONEY; PRODUCT,George Costa,Vertex Analytics,Stockholm,,$499.99,ProGrip tennis racket
1361,"Chen Petrov, a spokesperson for Evergreen Energy Co., confirmed the release of the QuickBrew coffee maker for $45.50 on September 27, 2018.","Chen Petrov; Evergreen Energy Co.; September 27, 2018; $45.50; the QuickBrew coffee maker",PERSON; ORG; DATE; MONEY; PRODUCT,Chen Petrov,Evergreen Energy Co.,,"September 27, 2018",$45.50,QuickBrew coffee maker
1362,"During the conference in Osaka, Wei Fernandez from BrightFuture Foundation unveiled a StreamCast speaker priced at $350.",Wei Fernandez; BrightFuture Foundation; Osaka; $350; a StreamCast speaker,PERSON; ORG; GPE; MONEY; PRODUCT,Wei Fernandez,BrightFuture Foundation,Osaka,,$350,StreamCast speaker
1363,"Zainab Clark joined Falcon Logistics in Berlin on June 5, 2018 to launch the AeroFit smartwatch.","Zainab Clark; Falcon Logistics; Berlin; June 5, 2018; the AeroFit smartwatch",PERSON; ORG; GPE; DATE; PRODUCT,Zainab Clark,Falcon Logistics,Berlin,"June 5, 2018",,AeroFit smartwatch
1364,"Yuki Dubois joined Golden Gate Retailers in Lisbon on December 15, 2025 to launch a RoadMaster bicycle.","Yuki Dubois; Golden Gate Retailers; Lisbon; December 15, 2025; a RoadMaster bicycle",PERSON; ORG; GPE; DATE; PRODUCT,Yuki Dubois,Golden Gate Retailers,Lisbon,"December 15, 2025",,RoadMaster bicycle
1365,"The board at Ironwood Steel Works approved a $120 investment in Amsterdam after Carlos Chen's presentation on September 20, 2025.","Carlos Chen; Ironwood Steel Works; Amsterdam; September 20, 2025; $120",PERSON; ORG; GPE; DATE; MONEY,Carlos Chen,Ironwood Steel Works,Amsterdam,"September 20, 2025",$120,
1366,"Maria Walker joined Redstone Consulting in Toronto on January 26, 2019 to launch the PixelView monitor.","Maria Walker; Redstone Consulting; Toronto; January 26, 2019; the PixelView monitor",PERSON; ORG; GPE; DATE; PRODUCT,Maria Walker,Redstone Consulting,Toronto,"January 26, 2019",,PixelView monitor
1367,"Falcon Logistics announced that Aisha Taylor will lead the new office in Seoul starting September 20, 2019.","Aisha Taylor; Falcon Logistics; Seoul; September 20, 2019",PERSON; ORG; GPE; DATE,Aisha Taylor,Falcon Logistics,Seoul,"September 20, 2019",,
1368,"The board at Silverline Motors approved a $1,200 investment in Stockholm after Chloe Rossi's presentation on March 18, 2025.","Chloe Rossi; Silverline Motors; Stockholm; March 18, 2025; $1,200",PERSON; ORG; GPE; DATE; MONEY,Chloe Rossi,Silverline Motors,Stockholm,"March 18, 2025","$1,200",
1369,Hassan Haddad traveled from Austin to Cape Town to negotiate a deal worth $19.99 with Delta Cloud Services.,Hassan Haddad; Delta Cloud Services; Austin; Cape Town; $19.99,PERSON; ORG; GPE; GPE; MONEY,Hassan Haddad,Delta Cloud Services,"Austin, Cape Town",,$19.99,
1370,"The board at Global Trade Partners approved a $19.99 investment in Bangkok after Grace Ivanov's presentation on November 3, 2017.","Grace Ivanov; Global Trade Partners; Bangkok; November 3, 2017; $19.99",PERSON; ORG; GPE; DATE; MONEY,Grace Ivanov,Global Trade Partners,Bangkok,"November 3, 2017",$19.99,
1371,Peter Smith traveled from Santiago to Edinburgh to negotiate a deal worth $15 with Blue Horizon Airlines.,Peter Smith; Blue Horizon Airlines; Edinburgh; Santiago; $15,PERSON; ORG; GPE; GPE; MONEY,Peter Smith,Blue Horizon Airlines,"Edinburgh, Santiago",,$15,
1372,Daniel Dubois traveled from Austin to Osaka to negotiate a deal worth $350 with Ironwood Steel Works.,Daniel Dubois; Ironwood Steel Works; Austin; Osaka; $350,PERSON; ORG; GPE; GPE; MONEY,Daniel Dubois,Ironwood Steel Works,"Austin, Osaka",,$350,
1373,"On May 8, 2024, Falcon Logistics opened a new branch in Buenos Aires, the United States, appointing Daniel Khan as director.","Daniel Khan; Falcon Logistics; Buenos Aires; the United States; May 8, 2024",PERSON; ORG; GPE; GPE; DATE,Daniel Khan,Falcon Logistics,"Buenos Aires, the United States","May 8, 2024",,
1374,"Pioneer Research Institute partnered with a university in Wellington to research a RoadMaster bicycle technology, Chloe Anderson reported.",Chloe Anderson; Pioneer Research Institute; Wellington; a RoadMaster bicycle,PERSON; ORG; GPE; PRODUCT,Chloe Anderson,Pioneer Research Institute,Wellington,,,RoadMaster bicycle
1375,"During the conference in Nairobi, Chen Garcia from Golden Gate Retailers unveiled a StreamCast speaker priced at $250.",Chen Garcia; Golden Gate Retailers; Nairobi; $250; a StreamCast speaker,PERSON; ORG; GPE; MONEY; PRODUCT,Chen Garcia,Golden Gate Retailers,Nairobi,,$250,StreamCast speaker
1376,"David Lewis joined Falcon Logistics in Seoul on July 20, 2021 to launch a NightOwl reading lamp.","David Lewis; Falcon Logistics; Seoul; July 20, 2021; a NightOwl reading lamp",PERSON; ORG; GPE; DATE; PRODUCT,David Lewis,Falcon Logistics,Seoul,"July 20, 2021",,NightOwl reading lamp
1377,"During the conference in Manila, Sara Okafor from Brightline Technologies unveiled a RoadMaster bicycle priced at $99.",Sara Okafor; Brightline Technologies; Manila; $99; a RoadMaster bicycle,PERSON; ORG; GPE; MONEY; PRODUCT,Sara Okafor,Brightline Technologies,Manila,,$99,RoadMaster bicycle
1378,"Summit Robotics Inc. partnered with a university in Cape Town to research the PixelView monitor technology, James Novak reported.",James Novak; Summit Robotics Inc.; Cape Town; the PixelView monitor,PERSON; ORG; GPE; PRODUCT,James Novak,Summit Robotics Inc.,Cape Town,,,PixelView monitor
1379,"The board at Cedar Grove Hospital approved a $250 investment in Helsinki after Mark Hall's presentation on June 21, 2023.","Mark Hall; Cedar Grove Hospital; Helsinki; June 21, 2023; $250",PERSON; ORG; GPE; DATE; MONEY,Mark Hall,Cedar Grove Hospital,Helsinki,"June 21, 2023",$250,
1380,"Blue Horizon Airlines announced that Victor Silva will lead the new office in Cairo starting February 27, 2022.","Victor Silva; Blue Horizon Airlines; Cairo; February 27, 2022",PERSON; ORG; GPE; DATE,Victor Silva,Blue Horizon Airlines,Cairo,"February 27, 2022",,
1381,"Falcon Logistics announced that Jack Petrov will lead the new office in Manila starting May 16, 2017.","Jack Petrov; Falcon Logistics; Manila; May 16, 2017",PERSON; ORG; GPE; DATE,Jack Petrov,Falcon Logistics,Manila,"May 16, 2017",,
1382,"Harborview College partnered with a university in Bangkok to research the ChefMate blender technology, Sofia Okafor reported.",Sofia Okafor; Harborview College; Bangkok; the ChefMate blender,PERSON; ORG; GPE; PRODUCT,Sofia Okafor,Harborview College,Bangkok,,,ChefMate blender
1383,"During the conference in Austin, Julia Wilson from Global Trade Partners unveiled a RoadMaster bicycle priced at $99.",Julia Wilson; Global Trade Partners; Austin; $99; a RoadMaster bicycle,PERSON; ORG; GPE; MONEY; PRODUCT,Julia Wilson,Global Trade Partners,Austin,,$99,RoadMaster bicycle
1384,"Skyline Real Estate partnered with a university in Stockholm to research a SoundWave headset technology, Emma Wright reported.",Emma Wright; Skyline Real Estate; Stockholm; a SoundWave headset,PERSON; ORG; GPE; PRODUCT,Emma Wright,Skyline Real Estate,Stockholm,,,SoundWave headset
1385,"During the conference in Dublin, Daniel Suzuki from Coastal Insurance Co. unveiled a StreamCast speaker priced at $199.",Daniel Suzuki; Coastal Insurance Co.; Dublin; $199; a StreamCast speaker,PERSON; ORG; GPE; MONEY; PRODUCT,Daniel Suzuki,Coastal Insurance Co.,Dublin,,$199,StreamCast speaker
1386,"Sara Ivanov joined Vertex Analytics in Stockholm on March 2, 2015 to launch a SunBeam solar charger.","Sara Ivanov; Vertex Analytics; Stockholm; March 2, 2015; a SunBeam solar charger",PERSON; ORG; GPE; DATE; PRODUCT,Sara Ivanov,Vertex Analytics,Stockholm,"March 2, 2015",,SunBeam solar charger
1387,"During the conference in Lisbon, Hassan Taylor from Cedar Grove Hospital unveiled the TravelLite suitcase priced at $49.99.",Hassan Taylor; Cedar Grove Hospital; Lisbon; $49.99; the TravelLite suitcase,PERSON; ORG; GPE; MONEY; PRODUCT,Hassan Taylor,Cedar Grove Hospital,Lisbon,,$49.99,TravelLite suitcase
1388,Nadia Rossi traveled from Kuala Lumpur to Cape Town to negotiate a deal worth $45.50 with Zenith Pharmaceuticals.,Nadia Rossi; Zenith Pharmaceuticals; Cape Town; Kuala Lumpur; $45.50,PERSON; ORG; GPE; GPE; MONEY,Nadia Rossi,Zenith Pharmaceuticals,"Cape Town, Kuala Lumpur",,$45.50,
1389,"On November 2, 2016, Lakeside Medical Center opened a new branch in Osaka, Germany, appointing Isabella Young as director.","Isabella Young; Lakeside Medical Center; Germany; Osaka; November 2, 2016",PERSON; ORG; GPE; GPE; DATE,Isabella Young,Lakeside Medical Center,"Germany, Osaka","November 2, 2016",,
1390,"During the conference in Jakarta, Ahmed Novak from Redstone Consulting unveiled a SoundWave headset priced at $30.75.",Ahmed Novak; Redstone Consulting; Jakarta; $30.75; a SoundWave headset,PERSON; ORG; GPE; MONEY; PRODUCT,Ahmed Novak,Redstone Consulting,Jakarta,,$30.75,SoundWave headset
1391,"During the conference in Osaka, Ibrahim Dubois from Coastal Insurance Co. unveiled the ChefMate blender priced at $1,200.","Ibrahim Dubois; Coastal Insurance Co.; Osaka; $1,200; the ChefMate blender",PERSON; ORG; GPE; MONEY; PRODUCT,Ibrahim Dubois,Coastal Insurance Co.,Osaka,,"$1,200",ChefMate blender
1392,David Kowalski traveled from Dublin to Stockholm to negotiate a deal worth $45.50 with Delta Cloud Services.,David Kowalski; Delta Cloud Services; Dublin; Stockholm; $45.50,PERSON; ORG; GPE; GPE; MONEY,David Kowalski,Delta Cloud Services,"Dublin, Stockholm",,$45.50,
1393,"Ironwood Steel Works partnered with a university in Copenhagen to research a NightOwl reading lamp technology, Hana Kowalski reported.",Hana Kowalski; Ironwood Steel Works; Copenhagen; a NightOwl reading lamp,PERSON; ORG; GPE; PRODUCT,Hana Kowalski,Ironwood Steel Works,Copenhagen,,,NightOwl reading lamp
1394,"Lakeside Medical Center announced that Yuki Smith will lead the new office in Lisbon starting December 4, 2023.","Yuki Smith; Lakeside Medical Center; Lisbon; December 4, 2023",PERSON; ORG; GPE; DATE,Yuki Smith,Lakeside Medical Center,Lisbon,"December 4, 2023",,
1395,"Priya Rossi joined Golden Gate Retailers in Stockholm on March 26, 2024 to launch the SmartHome Hub.","Priya Rossi; Golden Gate Retailers; Stockholm; March 26, 2024; the SmartHome Hub",PERSON; ORG; GPE; DATE; PRODUCT,Priya Rossi,Golden Gate Retailers,Stockholm,"March 26, 2024",,SmartHome Hub
1396,"The board at Meridian Financial Group approved a $199 investment in Cape Town after Omar Nguyen's presentation on January 26, 2024.","Omar Nguyen; Meridian Financial Group; Cape Town; January 26, 2024; $199",PERSON; ORG; GPE; DATE; MONEY,Omar Nguyen,Meridian Financial Group,Cape Town,"January 26, 2024",$199,
1397,"During the conference in Helsinki, Grace Yamamoto from Lakeside Medical Center unveiled the PixelView monitor priced at $499.99.",Grace Yamamoto; Lakeside Medical Center; Helsinki; $499.99; the PixelView monitor,PERSON; ORG; GPE; MONEY; PRODUCT,Grace Yamamoto,Lakeside Medical Center,Helsinki,,$499.99,PixelView monitor
1398,Sara Müller traveled from Dublin to Nairobi to negotiate a deal worth $9.99 with Zenith Pharmaceuticals.,Sara Müller; Zenith Pharmaceuticals; Dublin; Nairobi; $9.99,PERSON; ORG; GPE; GPE; MONEY,Sara Müller,Zenith Pharmaceuticals,"Dublin, Nairobi",,$9.99,
1399,"During the conference in Austin, Anna Kowalski from Blue Horizon Airlines unveiled a StreamCast speaker priced at $75.",Anna Kowalski; Blue Horizon Airlines; Austin; $75; a StreamCast speaker,PERSON; ORG; GPE; MONEY; PRODUCT,Anna Kowalski,Blue Horizon Airlines,Austin,,$75,StreamCast speaker
1400,"The board at Golden Gate Retailers approved a $499.99 investment in Austin after Mark Nguyen's presentation on November 23, 2023.","Mark Nguyen; Golden Gate Retailers; Austin; November 23, 2023; $499.99",PERSON; ORG; GPE; DATE; MONEY,Mark Nguyen,Golden Gate Retailers,Austin,"November 23, 2023",$499.99,
1401,"Delta Cloud Services announced that Hana Taylor will lead the new office in Vancouver starting July 26, 2021.","Hana Taylor; Delta Cloud Services; Vancouver; July 26, 2021",PERSON; ORG; GPE; DATE,Hana Taylor,Delta Cloud Services,Vancouver,"July 26, 2021",,
1402,"Elena Brown joined NextGen Software Labs in Osaka on May 9, 2015 to launch the PixelView monitor.","Elena Brown; NextGen Software Labs; Osaka; May 9, 2015; the PixelView monitor",PERSON; ORG; GPE; DATE; PRODUCT,Elena Brown,NextGen Software Labs,Osaka,"May 9, 2015",,PixelView monitor
1403,"Leila Smith, a spokesperson for Delta Cloud Services, confirmed the release of the GreenLeaf water bottle for $199 on March 5, 2025.","Leila Smith; Delta Cloud Services; March 5, 2025; $199; the GreenLeaf water bottle",PERSON; ORG; DATE; MONEY; PRODUCT,Leila Smith,Delta Cloud Services,,"March 5, 2025",$199,GreenLeaf water bottle
1404,"Ahmed Young, a spokesperson for Falcon Logistics, confirmed the release of the FreshAir purifier for $45.50 on April 19, 2021.","Ahmed Young; Falcon Logistics; April 19, 2021; $45.50; the FreshAir purifier",PERSON; ORG; DATE; MONEY; PRODUCT,Ahmed Young,Falcon Logistics,,"April 19, 2021",$45.50,FreshAir purifier
1405,"Sofia Yamamoto joined Coastal Insurance Co. in Zurich on January 17, 2024 to launch the GreenLeaf water bottle.","Sofia Yamamoto; Coastal Insurance Co.; Zurich; January 17, 2024; the GreenLeaf water bottle",PERSON; ORG; GPE; DATE; PRODUCT,Sofia Yamamoto,Coastal Insurance Co.,Zurich,"January 17, 2024",,GreenLeaf water bottle
1406,"On August 28, 2017, Skyline Real Estate opened a new branch in Buenos Aires, Denmark, appointing Fatima Lewis as director.","Fatima Lewis; Skyline Real Estate; Buenos Aires; Denmark; August 28, 2017",PERSON; ORG; GPE; GPE; DATE,Fatima Lewis,Skyline Real Estate,"Buenos Aires, Denmark","August 28, 2017",,
1407,"Meridian Financial Group partnered with a university in Bangkok to research a TrailRunner backpack technology, Grace Young reported.",Grace Young; Meridian Financial Group; Bangkok; a TrailRunner backpack,PERSON; ORG; GPE; PRODUCT,Grace Young,Meridian Financial Group,Bangkok,,,TrailRunner backpack
1408,"On July 22, 2025, Quantum Innovations opened a new branch in Denver, Chile, appointing Noah Okafor as director.","Noah Okafor; Quantum Innovations; Chile; Denver; July 22, 2025",PERSON; ORG; GPE; GPE; DATE,Noah Okafor,Quantum Innovations,"Chile, Denver","July 22, 2025",,
1409,"Daniel Müller joined Falcon Logistics in Copenhagen on October 26, 2017 to launch the QuickBrew coffee maker.","Daniel Müller; Falcon Logistics; Copenhagen; October 26, 2017; the QuickBrew coffee maker",PERSON; ORG; GPE; DATE; PRODUCT,Daniel Müller,Falcon Logistics,Copenhagen,"October 26, 2017",,QuickBrew coffee maker
1410,"Global Trade Partners announced that Amara Silva will lead the new office in Buenos Aires starting September 8, 2018.","Amara Silva; Global Trade Partners; Buenos Aires; September 8, 2018",PERSON; ORG; GPE; DATE,Amara Silva,Global Trade Partners,Buenos Aires,"September 8, 2018",,
1411,"On July 15, 2018, Riverside Bank opened a new branch in Vancouver, Australia, appointing Lucas Wright as director.","Lucas Wright; Riverside Bank; Australia; Vancouver; July 15, 2018",PERSON; ORG; GPE; GPE; DATE,Lucas Wright,Riverside Bank,"Australia, Vancouver","July 15, 2018",,
1412,"Ahmed King, a spokesperson for Oakwood Publishing House, confirmed the release of the AeroFit smartwatch for $30.75 on May 16, 2017.","Ahmed King; Oakwood Publishing House; May 16, 2017; $30.75; the AeroFit smartwatch",PERSON; ORG; DATE; MONEY; PRODUCT,Ahmed King,Oakwood Publishing House,,"May 16, 2017",$30.75,AeroFit smartwatch
1413,"Hassan Fernandez, a spokesperson for BrightFuture Foundation, confirmed the release of the CloudDesk chair for $99 on February 17, 2023.","Hassan Fernandez; BrightFuture Foundation; February 17, 2023; $99; the CloudDesk chair",PERSON; ORG; DATE; MONEY; PRODUCT,Hassan Fernandez,BrightFuture Foundation,,"February 17, 2023",$99,CloudDesk chair
1414,"The board at Riverside Bank approved a $120 investment in Warsaw after Samuel Osei's presentation on October 27, 2022.","Samuel Osei; Riverside Bank; Warsaw; October 27, 2022; $120",PERSON; ORG; GPE; DATE; MONEY,Samuel Osei,Riverside Bank,Warsaw,"October 27, 2022",$120,
1415,"The board at Redstone Consulting approved a $9.99 investment in Warsaw after Ethan Lewis's presentation on February 8, 2024.","Ethan Lewis; Redstone Consulting; Warsaw; February 8, 2024; $9.99",PERSON; ORG; GPE; DATE; MONEY,Ethan Lewis,Redstone Consulting,Warsaw,"February 8, 2024",$9.99,
1416,"During the conference in Cape Town, Mark Okafor from Brightline Technologies unveiled the FlexFit yoga mat priced at $24.50.",Mark Okafor; Brightline Technologies; Cape Town; $24.50; the FlexFit yoga mat,PERSON; ORG; GPE; MONEY; PRODUCT,Mark Okafor,Brightline Technologies,Cape Town,,$24.50,FlexFit yogmat
1417,"Ironwood Steel Works partnered with a university in Helsinki to research a SunBeam solar charger technology, Daniel Young reported.",Daniel Young; Ironwood Steel Works; Helsinki; a SunBeam solar charger,PERSON; ORG; GPE; PRODUCT,Daniel Young,Ironwood Steel Works,Helsinki,,,SunBeam solar charger
1418,"On September 21, 2018, Golden Gate Retailers opened a new branch in Austin, Finland, appointing Fatima Wright as director.","Fatima Wright; Golden Gate Retailers; Austin; Finland; September 21, 2018",PERSON; ORG; GPE; GPE; DATE,Fatima Wright,Golden Gate Retailers,"Austin, Finland","September 21, 2018",,
1419,"Isabella Smith joined NextGen Software Labs in Nairobi on November 19, 2019 to launch a RoadMaster bicycle.","Isabella Smith; NextGen Software Labs; Nairobi; November 19, 2019; a RoadMaster bicycle",PERSON; ORG; GPE; DATE; PRODUCT,Isabella Smith,NextGen Software Labs,Nairobi,"November 19, 2019",,RoadMaster bicycle
1420,"On June 5, 2020, Evergreen Energy Co. opened a new branch in Kuala Lumpur, Chile, appointing Aisha Silva as director.","Aisha Silva; Evergreen Energy Co.; Chile; Kuala Lumpur; June 5, 2020",PERSON; ORG; GPE; GPE; DATE,Aisha Silva,Evergreen Energy Co.,"Chile, Kuala Lumpur","June 5, 2020",,
1421,"During the conference in Mumbai, Hassan Anderson from Redstone Consulting unveiled the TravelLite suitcase priced at $1,200.","Hassan Anderson; Redstone Consulting; Mumbai; $1,200; the TravelLite suitcase",PERSON; ORG; GPE; MONEY; PRODUCT,Hassan Anderson,Redstone Consulting,Mumbai,,"$1,200",TravelLite suitcase
1422,"On July 5, 2019, Zenith Pharmaceuticals opened a new branch in Prague, Malaysia, appointing Peter Haddad as director.","Peter Haddad; Zenith Pharmaceuticals; Malaysia; Prague; July 5, 2019",PERSON; ORG; GPE; GPE; DATE,Peter Haddad,Zenith Pharmaceuticals,"Malaysia, Prague","July 5, 2019",,
1423,"Oakwood Publishing House partnered with a university in Prague to research a SunBeam solar charger technology, Elena Green reported.",Elena Green; Oakwood Publishing House; Prague; a SunBeam solar charger,PERSON; ORG; GPE; PRODUCT,Elena Green,Oakwood Publishing House,Prague,,,SunBeam solar charger
1424,"On December 2, 2023, Riverside Bank opened a new branch in Stockholm, Argentina, appointing Layla Wright as director.","Layla Wright; Riverside Bank; Argentina; Stockholm; December 2, 2023",PERSON; ORG; GPE; GPE; DATE,Layla Wright,Riverside Bank,"Argentina, Stockholm","December 2, 2023",,
1425,"Riverside Bank announced that Zainab Müller will lead the new office in Mumbai starting March 13, 2019.","Zainab Müller; Riverside Bank; Mumbai; March 13, 2019",PERSON; ORG; GPE; DATE,Zainab Müller,Riverside Bank,Mumbai,"March 13, 2019",,
1426,"On November 27, 2022, Vertex Analytics opened a new branch in Kuala Lumpur, Malaysia, appointing Peter Anderson as director.","Peter Anderson; Vertex Analytics; Kuala Lumpur; Malaysia; November 27, 2022",PERSON; ORG; GPE; GPE; DATE,Peter Anderson,Vertex Analytics,"Kuala Lumpur, Malaysia","November 27, 2022",,
1427,"The board at NextGen Software Labs approved a $199 investment in Amsterdam after Mark Kowalski's presentation on September 24, 2017.","Mark Kowalski; NextGen Software Labs; Amsterdam; September 24, 2017; $199",PERSON; ORG; GPE; DATE; MONEY,Mark Kowalski,NextGen Software Labs,Amsterdam,"September 24, 2017",$199,
1428,"Noah Suzuki, a spokesperson for Northfield University, confirmed the release of a SoundWave headset for $350 on December 20, 2021.","Noah Suzuki; Northfield University; December 20, 2021; $350; a SoundWave headset",PERSON; ORG; DATE; MONEY; PRODUCT,Noah Suzuki,Northfield University,,"December 20, 2021",$350,SoundWave headset
1429,"On June 18, 2021, NextGen Software Labs opened a new branch in Austin, South Africa, appointing Hana Walker as director.","Hana Walker; NextGen Software Labs; Austin; South Africa; June 18, 2021",PERSON; ORG; GPE; GPE; DATE,Hana Walker,NextGen Software Labs,"Austin, South Africa","June 18, 2021",,
1430,"Lucas Silva, a spokesperson for NextGen Software Labs, confirmed the release of a PureGlow skincare set for $499.99 on March 17, 2016.","Lucas Silva; NextGen Software Labs; March 17, 2016; $499.99; a PureGlow skincare set",PERSON; ORG; DATE; MONEY; PRODUCT,Lucas Silva,NextGen Software Labs,,"March 17, 2016",$499.99,PureGlow skincare set
1431,"Golden Gate Retailers announced that Omar Brown will lead the new office in Bangkok starting July 22, 2022.","Omar Brown; Golden Gate Retailers; Bangkok; July 22, 2022",PERSON; ORG; GPE; DATE,Omar Brown,Golden Gate Retailers,Bangkok,"July 22, 2022",,
1432,"During the conference in Kuala Lumpur, Anna King from Summit Robotics Inc. unveiled a SoundWave headset priced at $350.",Anna King; Summit Robotics Inc.; Kuala Lumpur; $350; a SoundWave headset,PERSON; ORG; GPE; MONEY; PRODUCT,Anna King,Summit Robotics Inc.,Kuala Lumpur,,$350,SoundWave headset
1433,"On April 1, 2018, Evergreen Energy Co. opened a new branch in Jakarta, Kenya, appointing Carlos Silva as director.","Carlos Silva; Evergreen Energy Co.; Jakarta; Kenya; April 1, 2018",PERSON; ORG; GPE; GPE; DATE,Carlos Silva,Evergreen Energy Co.,"Jakarta, Kenya","April 1, 2018",,
1434,"Mei Patel joined Quantum Innovations in Denver on March 25, 2023 to launch the ChefMate blender.","Mei Patel; Quantum Innovations; Denver; March 25, 2023; the ChefMate blender",PERSON; ORG; GPE; DATE; PRODUCT,Mei Patel,Quantum Innovations,Denver,"March 25, 2023",,ChefMate blender
1435,"The board at NextGen Software Labs approved a $45.50 investment in Vancouver after Peter Garcia's presentation on February 2, 2023.","Peter Garcia; NextGen Software Labs; Vancouver; February 2, 2023; $45.50",PERSON; ORG; GPE; DATE; MONEY,Peter Garcia,NextGen Software Labs,Vancouver,"February 2, 2023",$45.50,
1436,"On December 27, 2023, Ironwood Steel Works opened a new branch in Vancouver, South Korea, appointing Kevin King as director.","Kevin King; Ironwood Steel Works; South Korea; Vancouver; December 27, 2023",PERSON; ORG; GPE; GPE; DATE,Kevin King,Ironwood Steel Works,"South Korea, Vancouver","December 27, 2023",,
1437,"The board at BrightFuture Foundation approved a $89.99 investment in Warsaw after Samuel Baker's presentation on September 6, 2023.","Samuel Baker; BrightFuture Foundation; Warsaw; September 6, 2023; $89.99",PERSON; ORG; GPE; DATE; MONEY,Samuel Baker,BrightFuture Foundation,Warsaw,"September 6, 2023",$89.99,
1438,"The board at Delta Cloud Services approved a $89.99 investment in Bangkok after James Hall's presentation on September 16, 2024.","James Hall; Delta Cloud Services; Bangkok; September 16, 2024; $89.99",PERSON; ORG; GPE; DATE; MONEY,James Hall,Delta Cloud Services,Bangkok,"September 16, 2024",$89.99,
1439,"Falcon Logistics partnered with a university in Berlin to research a PureGlow skincare set technology, Aisha Ivanov reported.",Aisha Ivanov; Falcon Logistics; Berlin; a PureGlow skincare set,PERSON; ORG; GPE; PRODUCT,Aisha Ivanov,Falcon Logistics,Berlin,,,PureGlow skincare set
1440,"During the conference in Edinburgh, Grace Novak from Delta Cloud Services unveiled the QuickBrew coffee maker priced at $250.",Grace Novak; Delta Cloud Services; Edinburgh; $250; the QuickBrew coffee maker,PERSON; ORG; GPE; MONEY; PRODUCT,Grace Novak,Delta Cloud Services,Edinburgh,,$250,QuickBrew coffee maker
1441,Nina Osei traveled from Mumbai to Buenos Aires to negotiate a deal worth $24.50 with Riverside Bank.,Nina Osei; Riverside Bank; Buenos Aires; Mumbai; $24.50,PERSON; ORG; GPE; GPE; MONEY,Nina Osei,Riverside Bank,"Buenos Aires, Mumbai",,$24.50,
1442,"Noah Taylor joined Union Manufacturing Corp. in Marrakesh on April 13, 2023 to launch the AeroFit smartwatch.","Noah Taylor; Union Manufacturing Corp.; Marrakesh; April 13, 2023; the AeroFit smartwatch",PERSON; ORG; GPE; DATE; PRODUCT,Noah Taylor,Union Manufacturing Corp.,Marrakesh,"April 13, 2023",,AeroFit smartwatch
1443,"During the conference in Helsinki, Priya Costa from Silverline Motors unveiled a StreamCast speaker priced at $199.",Priya Costa; Silverline Motors; Helsinki; $199; a StreamCast speaker,PERSON; ORG; GPE; MONEY; PRODUCT,Priya Costa,Silverline Motors,Helsinki,,$199,StreamCast speaker
1444,"Sara Costa, a spokesperson for Skyline Real Estate, confirmed the release of a PureGlow skincare set for $75 on March 15, 2023.","Sara Costa; Skyline Real Estate; March 15, 2023; $75; a PureGlow skincare set",PERSON; ORG; DATE; MONEY; PRODUCT,Sara Costa,Skyline Real Estate,,"March 15, 2023",$75,PureGlow skincare set
1445,"During the conference in Melbourne, Liam Garcia from Vertex Analytics unveiled the GreenLeaf water bottle priced at $250.",Liam Garcia; Vertex Analytics; Melbourne; $250; the GreenLeaf water bottle,PERSON; ORG; GPE; MONEY; PRODUCT,Liam Garcia,Vertex Analytics,Melbourne,,$250,GreenLeaf water bottle
1446,"On September 20, 2020, Golden Gate Retailers opened a new branch in Vancouver, Denmark, appointing Leila Taylor as director.","Leila Taylor; Golden Gate Retailers; Denmark; Vancouver; September 20, 2020",PERSON; ORG; GPE; GPE; DATE,Leila Taylor,Golden Gate Retailers,"Denmark, Vancouver","September 20, 2020",,
1447,"During the conference in Kuala Lumpur, Grace Silva from BrightFuture Foundation unveiled the FreshAir purifier priced at $350.",Grace Silva; BrightFuture Foundation; Kuala Lumpur; $350; the FreshAir purifier,PERSON; ORG; GPE; MONEY; PRODUCT,Grace Silva,BrightFuture Foundation,Kuala Lumpur,,$350,FreshAir purifier
1448,"On December 8, 2021, Quantum Innovations opened a new branch in Nairobi, Argentina, appointing Nadia Anderson as director.","Nadia Anderson; Quantum Innovations; Argentina; Nairobi; December 8, 2021",PERSON; ORG; GPE; GPE; DATE,Nadia Anderson,Quantum Innovations,"Argentina, Nairobi","December 8, 2021",,
1449,"Samuel Novak traveled from Seoul to Jakarta to negotiate a deal worth $1,200 with Aurora Data Systems.","Samuel Novak; Aurora Data Systems; Jakarta; Seoul; $1,200",PERSON; ORG; GPE; GPE; MONEY,Samuel Novak,Aurora Data Systems,"Jakarta, Seoul",,"$1,200",
1450,"Wei Patel, a spokesperson for Meridian Financial Group, confirmed the release of the TravelLite suitcase for $19.99 on August 16, 2019.","Wei Patel; Meridian Financial Group; August 16, 2019; $19.99; the TravelLite suitcase",PERSON; ORG; DATE; MONEY; PRODUCT,Wei Patel,Meridian Financial Group,,"August 16, 2019",$19.99,TravelLite suitcase
1451,"The board at Delta Cloud Services approved a $45.50 investment in Jakarta after Maria Suzuki's presentation on May 22, 2019.","Maria Suzuki; Delta Cloud Services; Jakarta; May 22, 2019; $45.50",PERSON; ORG; GPE; DATE; MONEY,Maria Suzuki,Delta Cloud Services,Jakarta,"May 22, 2019",$45.50,
1452,"During the conference in Santiago, Mark Garcia from Evergreen Energy Co. unveiled the QuickBrew coffee maker priced at $120.",Mark Garcia; Evergreen Energy Co.; Santiago; $120; the QuickBrew coffee maker,PERSON; ORG; GPE; MONEY; PRODUCT,Mark Garcia,Evergreen Energy Co.,Santiago,,$120,QuickBrew coffee maker
1453,"The board at Pioneer Research Institute approved a $89.99 investment in Manila after Zainab Okafor's presentation on July 8, 2021.","Zainab Okafor; Pioneer Research Institute; Manila; July 8, 2021; $89.99",PERSON; ORG; GPE; DATE; MONEY,Zainab Okafor,Pioneer Research Institute,Manila,"July 8, 2021",$89.99,
1454,"During the conference in Jakarta, Nina Scott from Blue Horizon Airlines unveiled the QuickBrew coffee maker priced at $99.",Nina Scott; Blue Horizon Airlines; Jakarta; $99; the QuickBrew coffee maker,PERSON; ORG; GPE; MONEY; PRODUCT,Nina Scott,Blue Horizon Airlines,Jakarta,,$99,QuickBrew coffee maker
1455,Liam Chen traveled from Berlin to Denver to negotiate a deal worth $350 with Falcon Logistics.,Liam Chen; Falcon Logistics; Berlin; Denver; $350,PERSON; ORG; GPE; GPE; MONEY,Liam Chen,Falcon Logistics,"Berlin, Denver",,$350,
1456,"The board at Northfield University approved a $499.99 investment in Toronto after Chen Chen's presentation on December 11, 2016.","Chen Chen; Northfield University; Toronto; December 11, 2016; $499.99",PERSON; ORG; GPE; DATE; MONEY,Chen Chen,Northfield University,Toronto,"December 11, 2016",$499.99,
1457,"The board at Aurora Data Systems approved a $89.99 investment in Prague after Ingrid Wright's presentation on July 15, 2017.","Ingrid Wright; Aurora Data Systems; Prague; July 15, 2017; $89.99",PERSON; ORG; GPE; DATE; MONEY,Ingrid Wright,Aurora Data Systems,Prague,"July 15, 2017",$89.99,
1458,"Maple Street School District partnered with a university in Marrakesh to research a RoadMaster bicycle technology, Samuel Taylor reported.",Samuel Taylor; Maple Street School District; Marrakesh; a RoadMaster bicycle,PERSON; ORG; GPE; PRODUCT,Samuel Taylor,Maple Street School District,Marrakesh,,,RoadMaster bicycle
1459,"During the conference in Bangkok, Priya Moore from BrightFuture Foundation unveiled a StreamCast speaker priced at $350.",Priya Moore; BrightFuture Foundation; Bangkok; $350; a StreamCast speaker,PERSON; ORG; GPE; MONEY; PRODUCT,Priya Moore,BrightFuture Foundation,Bangkok,,$350,StreamCast speaker
1460,"Silverline Motors partnered with a university in Stockholm to research a NightOwl reading lamp technology, Nina Green reported.",Nina Green; Silverline Motors; Stockholm; a NightOwl reading lamp,PERSON; ORG; GPE; PRODUCT,Nina Green,Silverline Motors,Stockholm,,,NightOwl reading lamp
1461,"The board at Falcon Logistics approved a $75 investment in Cairo after Hana Moore's presentation on December 9, 2017.","Hana Moore; Falcon Logistics; Cairo; December 9, 2017; $75",PERSON; ORG; GPE; DATE; MONEY,Hana Moore,Falcon Logistics,Cairo,"December 9, 2017",$75,
1462,"Layla Osei joined Ironwood Steel Works in Mumbai on September 5, 2017 to launch the ChefMate blender.","Layla Osei; Ironwood Steel Works; Mumbai; September 5, 2017; the ChefMate blender",PERSON; ORG; GPE; DATE; PRODUCT,Layla Osei,Ironwood Steel Works,Mumbai,"September 5, 2017",,ChefMate blender
1463,"Tom Anderson joined Pioneer Research Institute in Marrakesh on September 27, 2021 to launch a SoundWave headset.","Tom Anderson; Pioneer Research Institute; Marrakesh; September 27, 2021; a SoundWave headset",PERSON; ORG; GPE; DATE; PRODUCT,Tom Anderson,Pioneer Research Institute,Marrakesh,"September 27, 2021",,SoundWave headset
1464,Tom Taylor traveled from Dublin to Mumbai to negotiate a deal worth $30.75 with Delta Cloud Services.,Tom Taylor; Delta Cloud Services; Dublin; Mumbai; $30.75,PERSON; ORG; GPE; GPE; MONEY,Tom Taylor,Delta Cloud Services,"Dublin, Mumbai",,$30.75,
1465,"Daniel Patel, a spokesperson for Coastal Insurance Co., confirmed the release of a NovaBook Pro laptop for $75 on June 20, 2019.","Daniel Patel; Coastal Insurance Co.; June 20, 2019; $75; a NovaBook Pro laptop",PERSON; ORG; DATE; MONEY; PRODUCT,Daniel Patel,Coastal Insurance Co.,,"June 20, 2019",$75,NovaBook Pro laptop
1466,"On July 26, 2022, Summit Robotics Inc. opened a new branch in Buenos Aires, Germany, appointing Chloe Scott as director.","Chloe Scott; Summit Robotics Inc.; Buenos Aires; Germany; July 26, 2022",PERSON; ORG; GPE; GPE; DATE,Chloe Scott,Summit Robotics Inc.,"Buenos Aires, Germany","July 26, 2022",,
1467,"Grace Müller joined Cedar Grove Hospital in Marrakesh on February 5, 2018 to launch a StreamCast speaker.","Grace Müller; Cedar Grove Hospital; Marrakesh; February 5, 2018; a StreamCast speaker",PERSON; ORG; GPE; DATE; PRODUCT,Grace Müller,Cedar Grove Hospital,Marrakesh,"February 5, 2018",,StreamCast speaker
1468,"Ironwood Steel Works partnered with a university in Amsterdam to research the ChefMate blender technology, Liam Walker reported.",Liam Walker; Ironwood Steel Works; Amsterdam; the ChefMate blender,PERSON; ORG; GPE; PRODUCT,Liam Walker,Ironwood Steel Works,Amsterdam,,,ChefMate blender
1469,"Golden Gate Retailers announced that Elena Osei will lead the new office in Buenos Aires starting April 20, 2024.","Elena Osei; Golden Gate Retailers; Buenos Aires; April 20, 2024",PERSON; ORG; GPE; DATE,Elena Osei,Golden Gate Retailers,Buenos Aires,"April 20, 2024",,
1470,"During the conference in Dublin, Nadia Green from Zenith Pharmaceuticals unveiled a ProGrip tennis racket priced at $89.99.",Nadia Green; Zenith Pharmaceuticals; Dublin; $89.99; a ProGrip tennis racket,PERSON; ORG; GPE; MONEY; PRODUCT,Nadia Green,Zenith Pharmaceuticals,Dublin,,$89.99,ProGrip tennis racket
1471,"Blue Horizon Airlines partnered with a university in Jakarta to research a NightOwl reading lamp technology, Priya Yamamoto reported.",Priya Yamamoto; Blue Horizon Airlines; Jakarta; a NightOwl reading lamp,PERSON; ORG; GPE; PRODUCT,Priya Yamamoto,Blue Horizon Airlines,Jakarta,,,NightOwl reading lamp
1472,"The board at Delta Cloud Services approved a $49.99 investment in Edinburgh after Leila Rossi's presentation on August 27, 2025.","Leila Rossi; Delta Cloud Services; Edinburgh; August 27, 2025; $49.99",PERSON; ORG; GPE; DATE; MONEY,Leila Rossi,Delta Cloud Services,Edinburgh,"August 27, 2025",$49.99,
1473,"On November 15, 2023, Meridian Financial Group opened a new branch in Manila, the Netherlands, appointing Yuki Wright as director.","Yuki Wright; Meridian Financial Group; Manila; the Netherlands; November 15, 2023",PERSON; ORG; GPE; GPE; DATE,Yuki Wright,Meridian Financial Group,"Manila, the Netherlands","November 15, 2023",,
1474,"During the conference in Lisbon, Mateus Lewis from Vertex Analytics unveiled a SnapShot camera priced at $24.50.",Mateus Lewis; Vertex Analytics; Lisbon; $24.50; a SnapShot camera,PERSON; ORG; GPE; MONEY; PRODUCT,Mateus Lewis,Vertex Analytics,Lisbon,,$24.50,SnapShot camera
1475,"Quantum Innovations announced that Leila Garcia will lead the new office in Denver starting April 12, 2022.","Leila Garcia; Quantum Innovations; Denver; April 12, 2022",PERSON; ORG; GPE; DATE,Leila Garcia,Quantum Innovations,Denver,"April 12, 2022",,
1476,"Maria Okafor, a spokesperson for Blue Horizon Airlines, confirmed the release of a PureGlow skincare set for $1,200 on November 8, 2018.","Maria Okafor; Blue Horizon Airlines; November 8, 2018; $1,200; a PureGlow skincare set",PERSON; ORG; DATE; MONEY; PRODUCT,Maria Okafor,Blue Horizon Airlines,,"November 8, 2018","$1,200",PureGlow skincare set
1477,"Jack Larsen, a spokesperson for Silverline Motors, confirmed the release of the PixelView monitor for $89.99 on January 24, 2025.","Jack Larsen; Silverline Motors; January 24, 2025; $89.99; the PixelView monitor",PERSON; ORG; DATE; MONEY; PRODUCT,Jack Larsen,Silverline Motors,,"January 24, 2025",$89.99,PixelView monitor
1478,George Osei traveled from Edinburgh to Melbourne to negotiate a deal worth $250 with BrightFuture Foundation.,George Osei; BrightFuture Foundation; Edinburgh; Melbourne; $250,PERSON; ORG; GPE; GPE; MONEY,George Osei,BrightFuture Foundation,"Edinburgh, Melbourne",,$250,
1479,Liam Wright traveled from Jakarta to Nairobi to negotiate a deal worth $120 with Vertex Analytics.,Liam Wright; Vertex Analytics; Jakarta; Nairobi; $120,PERSON; ORG; GPE; GPE; MONEY,Liam Wright,Vertex Analytics,"Jakarta, Nairobi",,$120,
1480,Charlotte Petrov traveled from Copenhagen to Stockholm to negotiate a deal worth $30.75 with Riverside Bank.,Charlotte Petrov; Riverside Bank; Copenhagen; Stockholm; $30.75,PERSON; ORG; GPE; GPE; MONEY,Charlotte Petrov,Riverside Bank,"Copenhagen, Stockholm",,$30.75,
1481,"Maria King joined Ironwood Steel Works in Melbourne on September 8, 2015 to launch a SunBeam solar charger.","Maria King; Ironwood Steel Works; Melbourne; September 8, 2015; a SunBeam solar charger",PERSON; ORG; GPE; DATE; PRODUCT,Maria King,Ironwood Steel Works,Melbourne,"September 8, 2015",,SunBeam solar charger
1482,Lucas Hall traveled from Austin to Edinburgh to negotiate a deal worth $99 with Falcon Logistics.,Lucas Hall; Falcon Logistics; Austin; Edinburgh; $99,PERSON; ORG; GPE; GPE; MONEY,Lucas Hall,Falcon Logistics,"Austin, Edinburgh",,$99,
1483,"During the conference in Stockholm, Charlotte Yamamoto from Coastal Insurance Co. unveiled the PixelView monitor priced at $9.99.",Charlotte Yamamoto; Coastal Insurance Co.; Stockholm; $9.99; the PixelView monitor,PERSON; ORG; GPE; MONEY; PRODUCT,Charlotte Yamamoto,Coastal Insurance Co.,Stockholm,,$9.99,PixelView monitor
1484,"Falcon Logistics announced that Ibrahim Brown will lead the new office in Melbourne starting October 25, 2015.","Ibrahim Brown; Falcon Logistics; Melbourne; October 25, 2015",PERSON; ORG; GPE; DATE,Ibrahim Brown,Falcon Logistics,Melbourne,"October 25, 2015",,
1485,"Aisha Garcia joined Blue Horizon Airlines in Marrakesh on July 18, 2015 to launch the PixelView monitor.","Aisha Garcia; Blue Horizon Airlines; Marrakesh; July 18, 2015; the PixelView monitor",PERSON; ORG; GPE; DATE; PRODUCT,Aisha Garcia,Blue Horizon Airlines,Marrakesh,"July 18, 2015",,PixelView monitor
1486,"Maple Street School District announced that Tom Wright will lead the new office in Dublin starting January 13, 2022.","Tom Wright; Maple Street School District; Dublin; January 13, 2022",PERSON; ORG; GPE; DATE,Tom Wright,Maple Street School District,Dublin,"January 13, 2022",,
1487,"The board at Meridian Financial Group approved a $49.99 investment in Marrakesh after Nadia Rossi's presentation on March 23, 2025.","Nadia Rossi; Meridian Financial Group; Marrakesh; March 23, 2025; $49.99",PERSON; ORG; GPE; DATE; MONEY,Nadia Rossi,Meridian Financial Group,Marrakesh,"March 23, 2025",$49.99,
1488,"The board at Vertex Analytics approved a $30.75 investment in Bangkok after Kevin Rossi's presentation on December 4, 2025.","Kevin Rossi; Vertex Analytics; Bangkok; December 4, 2025; $30.75",PERSON; ORG; GPE; DATE; MONEY,Kevin Rossi,Vertex Analytics,Bangkok,"December 4, 2025",$30.75,
1489,"Skyline Real Estate announced that Noah Green will lead the new office in Prague starting March 27, 2015.","Noah Green; Skyline Real Estate; Prague; March 27, 2015",PERSON; ORG; GPE; DATE,Noah Green,Skyline Real Estate,Prague,"March 27, 2015",,
1490,"During the conference in Jakarta, Julia Clark from Meridian Financial Group unveiled a NightOwl reading lamp priced at $99.",Julia Clark; Meridian Financial Group; Jakarta; $99; a NightOwl reading lamp,PERSON; ORG; GPE; MONEY; PRODUCT,Julia Clark,Meridian Financial Group,Jakarta,,$99,NightOwl reading lamp
1491,"Union Manufacturing Corp. partnered with a university in Mumbai to research a StreamCast speaker technology, Julia Kim reported.",Julia Kim; Union Manufacturing Corp.; Mumbai; a StreamCast speaker,PERSON; ORG; GPE; PRODUCT,Julia Kim,Union Manufacturing Corp.,Mumbai,,,StreamCast speaker
1492,Mark Young traveled from Bangkok to Santiago to negotiate a deal worth $120 with Riverside Bank.,Mark Young; Riverside Bank; Bangkok; Santiago; $120,PERSON; ORG; GPE; GPE; MONEY,Mark Young,Riverside Bank,"Bangkok, Santiago",,$120,
1493,"During the conference in Dublin, Aisha Novak from Golden Gate Retailers unveiled the FreshAir purifier priced at $99.",Aisha Novak; Golden Gate Retailers; Dublin; $99; the FreshAir purifier,PERSON; ORG; GPE; MONEY; PRODUCT,Aisha Novak,Golden Gate Retailers,Dublin,,$99,FreshAir purifier
1494,Lucas Moore traveled from Cape Town to Toronto to negotiate a deal worth $30.75 with Vertex Analytics.,Lucas Moore; Vertex Analytics; Cape Town; Toronto; $30.75,PERSON; ORG; GPE; GPE; MONEY,Lucas Moore,Vertex Analytics,"Cape Town, Toronto",,$30.75,
1495,"Wei Okafor joined Zenith Pharmaceuticals in Manila on December 16, 2018 to launch the ChefMate blender.","Wei Okafor; Zenith Pharmaceuticals; Manila; December 16, 2018; the ChefMate blender",PERSON; ORG; GPE; DATE; PRODUCT,Wei Okafor,Zenith Pharmaceuticals,Manila,"December 16, 2018",,ChefMate blender
1496,"During the conference in Austin, Noah Taylor from Global Trade Partners unveiled a TrailRunner backpack priced at $30.75.",Noah Taylor; Global Trade Partners; Austin; $30.75; a TrailRunner backpack,PERSON; ORG; GPE; MONEY; PRODUCT,Noah Taylor,Global Trade Partners,Austin,,$30.75,TrailRunner backpack
1497,"The board at Evergreen Energy Co. approved a $1,200 investment in Toronto after George Dubois's presentation on December 27, 2022.","George Dubois; Evergreen Energy Co.; Toronto; December 27, 2022; $1,200",PERSON; ORG; GPE; DATE; MONEY,George Dubois,Evergreen Energy Co.,Toronto,"December 27, 2022","$1,200",
1498,"During the conference in Denver, Mark Wilson from Ironwood Steel Works unveiled the GreenLeaf water bottle priced at $199.",Mark Wilson; Ironwood Steel Works; Denver; $199; the GreenLeaf water bottle,PERSON; ORG; GPE; MONEY; PRODUCT,Mark Wilson,Ironwood Steel Works,Denver,,$199,GreenLeaf water bottle
1499,"Mateus Osei, a spokesperson for Oakwood Publishing House, confirmed the release of the CloudDesk chair for $99 on January 22, 2024.","Mateus Osei; Oakwood Publishing House; January 22, 2024; $99; the CloudDesk chair",PERSON; ORG; DATE; MONEY; PRODUCT,Mateus Osei,Oakwood Publishing House,,"January 22, 2024",$99,CloudDesk chair
1500,"On December 19, 2021, Lakeside Medical Center opened a new branch in Melbourne, Germany, appointing Hana Scott as director.","Hana Scott; Lakeside Medical Center; Germany; Melbourne; December 19, 2021",PERSON; ORG; GPE; GPE; DATE,Hana Scott,Lakeside Medical Center,"Germany, Melbourne","December 19, 2021",,
1501,"During the conference in Berlin, Amara Okafor from Coastal Insurance Co. unveiled the QuickBrew coffee maker priced at $19.99.",Amara Okafor; Coastal Insurance Co.; Berlin; $19.99; the QuickBrew coffee maker,PERSON; ORG; GPE; MONEY; PRODUCT,Amara Okafor,Coastal Insurance Co.,Berlin,,$19.99,QuickBrew coffee maker
1502,"Silverline Motors announced that Ingrid Brown will lead the new office in Buenos Aires starting October 2, 2024.","Ingrid Brown; Silverline Motors; Buenos Aires; October 2, 2024",PERSON; ORG; GPE; DATE,Ingrid Brown,Silverline Motors,Buenos Aires,"October 2, 2024",,
1503,"Silverline Motors partnered with a university in Edinburgh to research the CloudDesk chair technology, Olivia Silva reported.",Olivia Silva; Silverline Motors; Edinburgh; the CloudDesk chair,PERSON; ORG; GPE; PRODUCT,Olivia Silva,Silverline Motors,Edinburgh,,,CloudDesk chair
1504,"During the conference in Denver, Mei King from Golden Gate Retailers unveiled a StreamCast speaker priced at $75.",Mei King; Golden Gate Retailers; Denver; $75; a StreamCast speaker,PERSON; ORG; GPE; MONEY; PRODUCT,Mei King,Golden Gate Retailers,Denver,,$75,StreamCast speaker
1505,"NextGen Software Labs partnered with a university in Kuala Lumpur to research a TrailRunner backpack technology, Aisha Khan reported.",Aisha Khan; NextGen Software Labs; Kuala Lumpur; a TrailRunner backpack,PERSON; ORG; GPE; PRODUCT,Aisha Khan,NextGen Software Labs,Kuala Lumpur,,,TrailRunner backpack
1506,"Oakwood Publishing House announced that Sofia Green will lead the new office in Osaka starting May 13, 2020.","Sofia Green; Oakwood Publishing House; Osaka; May 13, 2020",PERSON; ORG; GPE; DATE,Sofia Green,Oakwood Publishing House,Osaka,"May 13, 2020",,
1507,"The board at Riverside Bank approved a $1,200 investment in Vancouver after Omar Nguyen's presentation on July 21, 2019.","Omar Nguyen; Riverside Bank; Vancouver; July 21, 2019; $1,200",PERSON; ORG; GPE; DATE; MONEY,Omar Nguyen,Riverside Bank,Vancouver,"July 21, 2019","$1,200",
1508,Felix Haddad traveled from Kuala Lumpur to Buenos Aires to negotiate a deal worth $30.75 with Coastal Insurance Co..,Felix Haddad; Coastal Insurance Co.; Buenos Aires; Kuala Lumpur; $30.75,PERSON; ORG; GPE; GPE; MONEY,Felix Haddad,Coastal Insurance Co.,"Buenos Aires, Kuala Lumpur",,$30.75,
1509,"BrightFuture Foundation announced that Sara Khan will lead the new office in Cape Town starting January 28, 2018.","Sara Khan; BrightFuture Foundation; Cape Town; January 28, 2018",PERSON; ORG; GPE; DATE,Sara Khan,BrightFuture Foundation,Cape Town,"January 28, 2018",,
1510,"Golden Gate Retailers announced that Grace Green will lead the new office in Osaka starting November 21, 2020.","Grace Green; Golden Gate Retailers; Osaka; November 21, 2020",PERSON; ORG; GPE; DATE,Grace Green,Golden Gate Retailers,Osaka,"November 21, 2020",,
1511,"Tom Müller, a spokesperson for Skyline Real Estate, confirmed the release of the PixelView monitor for $24.50 on October 1, 2021.","Tom Müller; Skyline Real Estate; October 1, 2021; $24.50; the PixelView monitor",PERSON; ORG; DATE; MONEY; PRODUCT,Tom Müller,Skyline Real Estate,,"October 1, 2021",$24.50,PixelView monitor
1512,"Northfield University announced that Yuki Johansson will lead the new office in Helsinki starting February 27, 2015.","Yuki Johansson; Northfield University; Helsinki; February 27, 2015",PERSON; ORG; GPE; DATE,Yuki Johansson,Northfield University,Helsinki,"February 27, 2015",,
1513,"The board at Falcon Logistics approved a $250 investment in Melbourne after Mei Taylor's presentation on May 19, 2020.","Mei Taylor; Falcon Logistics; Melbourne; May 19, 2020; $250",PERSON; ORG; GPE; DATE; MONEY,Mei Taylor,Falcon Logistics,Melbourne,"May 19, 2020",$250,
1514,"During the conference in Santiago, Tom Johansson from Ironwood Steel Works unveiled the TravelLite suitcase priced at $19.99.",Tom Johansson; Ironwood Steel Works; Santiago; $19.99; the TravelLite suitcase,PERSON; ORG; GPE; MONEY; PRODUCT,Tom Johansson,Ironwood Steel Works,Santiago,,$19.99,TravelLite suitcase
1515,"During the conference in Dublin, Nina Larsen from Brightline Technologies unveiled a StreamCast speaker priced at $75.",Nina Larsen; Brightline Technologies; Dublin; $75; a StreamCast speaker,PERSON; ORG; GPE; MONEY; PRODUCT,Nina Larsen,Brightline Technologies,Dublin,,$75,StreamCast speaker
1516,"Harborview College partnered with a university in Lisbon to research a TrailRunner backpack technology, Charlotte Anderson reported.",Charlotte Anderson; Harborview College; Lisbon; a TrailRunner backpack,PERSON; ORG; GPE; PRODUCT,Charlotte Anderson,Harborview College,Lisbon,,,TrailRunner backpack
1517,Chen Suzuki traveled from Lisbon to Copenhagen to negotiate a deal worth $19.99 with Summit Robotics Inc..,Chen Suzuki; Summit Robotics Inc.; Copenhagen; Lisbon; $19.99,PERSON; ORG; GPE; GPE; MONEY,Chen Suzuki,Summit Robotics Inc.,"Copenhagen, Lisbon",,$19.99,
1518,"Mark Novak, a spokesperson for Golden Gate Retailers, confirmed the release of a TrailRunner backpack for $250 on January 19, 2018.","Mark Novak; Golden Gate Retailers; January 19, 2018; $250; a TrailRunner backpack",PERSON; ORG; DATE; MONEY; PRODUCT,Mark Novak,Golden Gate Retailers,,"January 19, 2018",$250,TrailRunner backpack
1519,"The board at Meridian Financial Group approved a $1,200 investment in Denver after Hassan Chen's presentation on October 17, 2023.","Hassan Chen; Meridian Financial Group; Denver; October 17, 2023; $1,200",PERSON; ORG; GPE; DATE; MONEY,Hassan Chen,Meridian Financial Group,Denver,"October 17, 2023","$1,200",
1520,"Oakwood Publishing House partnered with a university in Austin to research the FlexFit yoga mat technology, Peter Moore reported.",Peter Moore; Oakwood Publishing House; Austin; the FlexFit yoga mat,PERSON; ORG; GPE; PRODUCT,Peter Moore,Oakwood Publishing House,Austin,,,FlexFit yogmat
1521,"During the conference in Mumbai, Hassan Kim from Silverline Motors unveiled the GreenLeaf water bottle priced at $499.99.",Hassan Kim; Silverline Motors; Mumbai; $499.99; the GreenLeaf water bottle,PERSON; ORG; GPE; MONEY; PRODUCT,Hassan Kim,Silverline Motors,Mumbai,,$499.99,GreenLeaf water bottle
1522,"Pioneer Research Institute announced that George Larsen will lead the new office in Buenos Aires starting December 18, 2024.","George Larsen; Pioneer Research Institute; Buenos Aires; December 18, 2024",PERSON; ORG; GPE; DATE,George Larsen,Pioneer Research Institute,Buenos Aires,"December 18, 2024",,
1523,"Lakeside Medical Center announced that Ingrid Silva will lead the new office in Buenos Aires starting June 14, 2024.","Ingrid Silva; Lakeside Medical Center; Buenos Aires; June 14, 2024",PERSON; ORG; GPE; DATE,Ingrid Silva,Lakeside Medical Center,Buenos Aires,"June 14, 2024",,
1524,"Pioneer Research Institute partnered with a university in Copenhagen to research a SunBeam solar charger technology, Fatima Novak reported.",Fatima Novak; Pioneer Research Institute; Copenhagen; a SunBeam solar charger,PERSON; ORG; GPE; PRODUCT,Fatima Novak,Pioneer Research Institute,Copenhagen,,,SunBeam solar charger
1525,"Nina Smith joined Crescent Media Group in Vancouver on October 14, 2016 to launch the FreshAir purifier.","Nina Smith; Crescent Media Group; Vancouver; October 14, 2016; the FreshAir purifier",PERSON; ORG; GPE; DATE; PRODUCT,Nina Smith,Crescent Media Group,Vancouver,"October 14, 2016",,FreshAir purifier
1526,Mei Ivanov traveled from Manila to Copenhagen to negotiate a deal worth $30.75 with Delta Cloud Services.,Mei Ivanov; Delta Cloud Services; Copenhagen; Manila; $30.75,PERSON; ORG; GPE; GPE; MONEY,Mei Ivanov,Delta Cloud Services,"Copenhagen, Manila",,$30.75,
1527,"Maple Street School District announced that Anna Taylor will lead the new office in Marrakesh starting June 22, 2019.","Anna Taylor; Maple Street School District; Marrakesh; June 22, 2019",PERSON; ORG; GPE; DATE,Anna Taylor,Maple Street School District,Marrakesh,"June 22, 2019",,
1528,"Riverside Bank partnered with a university in Zurich to research a NightOwl reading lamp technology, Chen Scott reported.",Chen Scott; Riverside Bank; Zurich; a NightOwl reading lamp,PERSON; ORG; GPE; PRODUCT,Chen Scott,Riverside Bank,Zurich,,,NightOwl reading lamp
1529,"Ethan Hall, a spokesperson for Oakwood Publishing House, confirmed the release of the TravelLite suitcase for $250 on July 27, 2018.","Ethan Hall; Oakwood Publishing House; July 27, 2018; $250; the TravelLite suitcase",PERSON; ORG; DATE; MONEY; PRODUCT,Ethan Hall,Oakwood Publishing House,,"July 27, 2018",$250,TravelLite suitcase
1530,"On May 5, 2020, Aurora Data Systems opened a new branch in Copenhagen, Poland, appointing Samuel Lewis as director.","Samuel Lewis; Aurora Data Systems; Copenhagen; Poland; May 5, 2020",PERSON; ORG; GPE; GPE; DATE,Samuel Lewis,Aurora Data Systems,"Copenhagen, Poland","May 5, 2020",,
1531,"Daniel Scott joined Blue Horizon Airlines in Prague on March 22, 2023 to launch the CloudDesk chair.","Daniel Scott; Blue Horizon Airlines; Prague; March 22, 2023; the CloudDesk chair",PERSON; ORG; GPE; DATE; PRODUCT,Daniel Scott,Blue Horizon Airlines,Prague,"March 22, 2023",,CloudDesk chair
1532,"On November 19, 2024, Northfield University opened a new branch in Bangkok, New Zealand, appointing Charlotte Anderson as director.","Charlotte Anderson; Northfield University; Bangkok; New Zealand; November 19, 2024",PERSON; ORG; GPE; GPE; DATE,Charlotte Anderson,Northfield University,"Bangkok, New Zealand","November 19, 2024",,
1533,"On June 24, 2018, Delta Cloud Services opened a new branch in Jakarta, South Africa, appointing George Clark as director.","George Clark; Delta Cloud Services; Jakarta; South Africa; June 24, 2018",PERSON; ORG; GPE; GPE; DATE,George Clark,Delta Cloud Services,"Jakarta, South Africa","June 24, 2018",,
1534,"Delta Cloud Services partnered with a university in Melbourne to research the SmartHome Hub technology, Yuki Walker reported.",Yuki Walker; Delta Cloud Services; Melbourne; the SmartHome Hub,PERSON; ORG; GPE; PRODUCT,Yuki Walker,Delta Cloud Services,Melbourne,,,SmartHome Hub
1535,"Summit Robotics Inc. partnered with a university in Kuala Lumpur to research the PixelView monitor technology, Carlos Clark reported.",Carlos Clark; Summit Robotics Inc.; Kuala Lumpur; the PixelView monitor,PERSON; ORG; GPE; PRODUCT,Carlos Clark,Summit Robotics Inc.,Kuala Lumpur,,,PixelView monitor
1536,"Zenith Pharmaceuticals announced that Grace Nguyen will lead the new office in Amsterdam starting April 23, 2022.","Grace Nguyen; Zenith Pharmaceuticals; Amsterdam; April 23, 2022",PERSON; ORG; GPE; DATE,Grace Nguyen,Zenith Pharmaceuticals,Amsterdam,"April 23, 2022",,
1537,"Maple Street School District partnered with a university in Zurich to research the PixelView monitor technology, Daniel Wilson reported.",Daniel Wilson; Maple Street School District; Zurich; the PixelView monitor,PERSON; ORG; GPE; PRODUCT,Daniel Wilson,Maple Street School District,Zurich,,,PixelView monitor
1538,"During the conference in Zurich, Leila Petrov from Silverline Motors unveiled the QuickBrew coffee maker priced at $199.",Leila Petrov; Silverline Motors; Zurich; $199; the QuickBrew coffee maker,PERSON; ORG; GPE; MONEY; PRODUCT,Leila Petrov,Silverline Motors,Zurich,,$199,QuickBrew coffee maker
1539,"Zainab Nguyen joined BrightFuture Foundation in Stockholm on November 16, 2025 to launch the AeroFit smartwatch.","Zainab Nguyen; BrightFuture Foundation; Stockholm; November 16, 2025; the AeroFit smartwatch",PERSON; ORG; GPE; DATE; PRODUCT,Zainab Nguyen,BrightFuture Foundation,Stockholm,"November 16, 2025",,AeroFit smartwatch
1540,"Anna Wright joined Brightline Technologies in Osaka on March 15, 2015 to launch a PureGlow skincare set.","Anna Wright; Brightline Technologies; Osaka; March 15, 2015; a PureGlow skincare set",PERSON; ORG; GPE; DATE; PRODUCT,Anna Wright,Brightline Technologies,Osaka,"March 15, 2015",,PureGlow skincare set
1541,"On November 26, 2025, Silverline Motors opened a new branch in Cairo, Malaysia, appointing George Haddad as director.","George Haddad; Silverline Motors; Cairo; Malaysia; November 26, 2025",PERSON; ORG; GPE; GPE; DATE,George Haddad,Silverline Motors,"Cairo, Malaysia","November 26, 2025",,
1542,"Wei Okafor, a spokesperson for Redstone Consulting, confirmed the release of the ChefMate blender for $89.99 on June 25, 2015.","Wei Okafor; Redstone Consulting; June 25, 2015; $89.99; the ChefMate blender",PERSON; ORG; DATE; MONEY; PRODUCT,Wei Okafor,Redstone Consulting,,"June 25, 2015",$89.99,ChefMate blender
1543,"Pioneer Research Institute partnered with a university in Manila to research a RoadMaster bicycle technology, Kevin Petrov reported.",Kevin Petrov; Pioneer Research Institute; Manila; a RoadMaster bicycle,PERSON; ORG; GPE; PRODUCT,Kevin Petrov,Pioneer Research Institute,Manila,,,RoadMaster bicycle
1544,"Union Manufacturing Corp. announced that Aisha Costa will lead the new office in Stockholm starting September 25, 2017.","Aisha Costa; Union Manufacturing Corp.; Stockholm; September 25, 2017",PERSON; ORG; GPE; DATE,Aisha Costa,Union Manufacturing Corp.,Stockholm,"September 25, 2017",,
1545,"Aisha Anderson, a spokesperson for Blue Horizon Airlines, confirmed the release of the SmartHome Hub for $45.50 on July 5, 2022.","Aisha Anderson; Blue Horizon Airlines; July 5, 2022; $45.50; the SmartHome Hub",PERSON; ORG; DATE; MONEY; PRODUCT,Aisha Anderson,Blue Horizon Airlines,,"July 5, 2022",$45.50,SmartHome Hub
1546,"Julia Anderson joined Delta Cloud Services in Cape Town on October 15, 2023 to launch the CloudDesk chair.","Julia Anderson; Delta Cloud Services; Cape Town; October 15, 2023; the CloudDesk chair",PERSON; ORG; GPE; DATE; PRODUCT,Julia Anderson,Delta Cloud Services,Cape Town,"October 15, 2023",,CloudDesk chair
1547,"Mark Wright, a spokesperson for Vertex Analytics, confirmed the release of a RoadMaster bicycle for $9.99 on December 9, 2018.","Mark Wright; Vertex Analytics; December 9, 2018; $9.99; a RoadMaster bicycle",PERSON; ORG; DATE; MONEY; PRODUCT,Mark Wright,Vertex Analytics,,"December 9, 2018",$9.99,RoadMaster bicycle
1548,"During the conference in Santiago, Ethan Moore from Meridian Financial Group unveiled the FlexFit yoga mat priced at $15.",Ethan Moore; Meridian Financial Group; Santiago; $15; the FlexFit yoga mat,PERSON; ORG; GPE; MONEY; PRODUCT,Ethan Moore,Meridian Financial Group,Santiago,,$15,FlexFit yogmat
1549,"On June 12, 2024, Zenith Pharmaceuticals opened a new branch in Kuala Lumpur, Ireland, appointing James Walker as director.","James Walker; Zenith Pharmaceuticals; Ireland; Kuala Lumpur; June 12, 2024",PERSON; ORG; GPE; GPE; DATE,James Walker,Zenith Pharmaceuticals,"Ireland, Kuala Lumpur","June 12, 2024",,
1550,"Isabella Garcia, a spokesperson for Vertex Analytics, confirmed the release of a RoadMaster bicycle for $99 on January 28, 2017.","Isabella Garcia; Vertex Analytics; January 28, 2017; $99; a RoadMaster bicycle",PERSON; ORG; DATE; MONEY; PRODUCT,Isabella Garcia,Vertex Analytics,,"January 28, 2017",$99,RoadMaster bicycle
1551,"Fatima King joined Silverline Motors in Warsaw on September 8, 2018 to launch the GreenLeaf water bottle.","Fatima King; Silverline Motors; Warsaw; September 8, 2018; the GreenLeaf water bottle",PERSON; ORG; GPE; DATE; PRODUCT,Fatima King,Silverline Motors,Warsaw,"September 8, 2018",,GreenLeaf water bottle
1552,"Pioneer Research Institute partnered with a university in Copenhagen to research a SoundWave headset technology, Felix Wilson reported.",Felix Wilson; Pioneer Research Institute; Copenhagen; a SoundWave headset,PERSON; ORG; GPE; PRODUCT,Felix Wilson,Pioneer Research Institute,Copenhagen,,,SoundWave headset
1553,"On April 11, 2018, Oakwood Publishing House opened a new branch in Stockholm, Portugal, appointing Hana Wright as director.","Hana Wright; Oakwood Publishing House; Portugal; Stockholm; April 11, 2018",PERSON; ORG; GPE; GPE; DATE,Hana Wright,Oakwood Publishing House,"Portugal, Stockholm","April 11, 2018",,
1554,"Harborview College announced that Peter Young will lead the new office in Copenhagen starting December 28, 2020.","Peter Young; Harborview College; Copenhagen; December 28, 2020",PERSON; ORG; GPE; DATE,Peter Young,Harborview College,Copenhagen,"December 28, 2020",,
1555,"Ibrahim Larsen, a spokesperson for Quantum Innovations, confirmed the release of a RoadMaster bicycle for $499.99 on September 2, 2025.","Ibrahim Larsen; Quantum Innovations; September 2, 2025; $499.99; a RoadMaster bicycle",PERSON; ORG; DATE; MONEY; PRODUCT,Ibrahim Larsen,Quantum Innovations,,"September 2, 2025",$499.99,RoadMaster bicycle
1556,"The board at Coastal Insurance Co. approved a $9.99 investment in Amsterdam after Priya Rossi's presentation on December 5, 2020.","Priya Rossi; Coastal Insurance Co.; Amsterdam; December 5, 2020; $9.99",PERSON; ORG; GPE; DATE; MONEY,Priya Rossi,Coastal Insurance Co.,Amsterdam,"December 5, 2020",$9.99,
1557,Ethan Chen traveled from Nairobi to Cairo to negotiate a deal worth $49.99 with Pioneer Research Institute.,Ethan Chen; Pioneer Research Institute; Cairo; Nairobi; $49.99,PERSON; ORG; GPE; GPE; MONEY,Ethan Chen,Pioneer Research Institute,"Cairo, Nairobi",,$49.99,
1558,"On April 25, 2018, Pioneer Research Institute opened a new branch in Jakarta, South Korea, appointing Amara Novak as director.","Amara Novak; Pioneer Research Institute; Jakarta; South Korea; April 25, 2018",PERSON; ORG; GPE; GPE; DATE,Amara Novak,Pioneer Research Institute,"Jakarta, South Korea","April 25, 2018",,
1559,"George Rossi, a spokesperson for Lakeside Medical Center, confirmed the release of the QuickBrew coffee maker for $1,200 on May 16, 2023.","George Rossi; Lakeside Medical Center; May 16, 2023; $1,200; the QuickBrew coffee maker",PERSON; ORG; DATE; MONEY; PRODUCT,George Rossi,Lakeside Medical Center,,"May 16, 2023","$1,200",QuickBrew coffee maker
1560,"On October 17, 2017, Riverside Bank opened a new branch in Berlin, the Netherlands, appointing Julia Petrov as director.","Julia Petrov; Riverside Bank; Berlin; the Netherlands; October 17, 2017",PERSON; ORG; GPE; GPE; DATE,Julia Petrov,Riverside Bank,"Berlin, the Netherlands","October 17, 2017",,
1561,"Global Trade Partners announced that Julia Taylor will lead the new office in Bangkok starting October 24, 2018.","Julia Taylor; Global Trade Partners; Bangkok; October 24, 2018",PERSON; ORG; GPE; DATE,Julia Taylor,Global Trade Partners,Bangkok,"October 24, 2018",,
1562,"On August 15, 2021, Harborview College opened a new branch in Berlin, the Netherlands, appointing Liam Müller as director.","Liam Müller; Harborview College; Berlin; the Netherlands; August 15, 2021",PERSON; ORG; GPE; GPE; DATE,Liam Müller,Harborview College,"Berlin, the Netherlands","August 15, 2021",,
1563,"Elena Okafor, a spokesperson for Falcon Logistics, confirmed the release of the AeroFit smartwatch for $75 on August 20, 2016.","Elena Okafor; Falcon Logistics; August 20, 2016; $75; the AeroFit smartwatch",PERSON; ORG; DATE; MONEY; PRODUCT,Elena Okafor,Falcon Logistics,,"August 20, 2016",$75,AeroFit smartwatch
1564,Adaeze Nguyen traveled from Copenhagen to Berlin to negotiate a deal worth $24.50 with Brightline Technologies.,Adaeze Nguyen; Brightline Technologies; Berlin; Copenhagen; $24.50,PERSON; ORG; GPE; GPE; MONEY,Adaeze Nguyen,Brightline Technologies,"Berlin, Copenhagen",,$24.50,
1565,"On October 16, 2015, Cedar Grove Hospital opened a new branch in Wellington, Portugal, appointing Ethan Hall as director.","Ethan Hall; Cedar Grove Hospital; Portugal; Wellington; October 16, 2015",PERSON; ORG; GPE; GPE; DATE,Ethan Hall,Cedar Grove Hospital,"Portugal, Wellington","October 16, 2015",,
1566,"Yuki Novak traveled from Helsinki to Seoul to negotiate a deal worth $1,200 with Ironwood Steel Works.","Yuki Novak; Ironwood Steel Works; Helsinki; Seoul; $1,200",PERSON; ORG; GPE; GPE; MONEY,Yuki Novak,Ironwood Steel Works,"Helsinki, Seoul",,"$1,200",
1567,"On August 6, 2025, Blue Horizon Airlines opened a new branch in Copenhagen, Portugal, appointing Sara Rossi as director.","Sara Rossi; Blue Horizon Airlines; Copenhagen; Portugal; August 6, 2025",PERSON; ORG; GPE; GPE; DATE,Sara Rossi,Blue Horizon Airlines,"Copenhagen, Portugal","August 6, 2025",,
1568,"Chloe Novak joined Union Manufacturing Corp. in Helsinki on January 4, 2018 to launch a SunBeam solar charger.","Chloe Novak; Union Manufacturing Corp.; Helsinki; January 4, 2018; a SunBeam solar charger",PERSON; ORG; GPE; DATE; PRODUCT,Chloe Novak,Union Manufacturing Corp.,Helsinki,"January 4, 2018",,SunBeam solar charger
1569,"Silverline Motors partnered with a university in Jakarta to research a PureGlow skincare set technology, Nadia King reported.",Nadia King; Silverline Motors; Jakarta; a PureGlow skincare set,PERSON; ORG; GPE; PRODUCT,Nadia King,Silverline Motors,Jakarta,,,PureGlow skincare set
1570,"The board at Union Manufacturing Corp. approved a $120 investment in Cairo after Elena Anderson's presentation on March 10, 2025.","Elena Anderson; Union Manufacturing Corp.; Cairo; March 10, 2025; $120",PERSON; ORG; GPE; DATE; MONEY,Elena Anderson,Union Manufacturing Corp.,Cairo,"March 10, 2025",$120,
1571,"Mateus Baker, a spokesperson for Zenith Pharmaceuticals, confirmed the release of a NovaBook Pro laptop for $499.99 on April 22, 2020.","Mateus Baker; Zenith Pharmaceuticals; April 22, 2020; $499.99; a NovaBook Pro laptop",PERSON; ORG; DATE; MONEY; PRODUCT,Mateus Baker,Zenith Pharmaceuticals,,"April 22, 2020",$499.99,NovaBook Pro laptop
1572,"Blue Horizon Airlines announced that Sofia Clark will lead the new office in Santiago starting April 7, 2015.","Sofia Clark; Blue Horizon Airlines; Santiago; April 7, 2015",PERSON; ORG; GPE; DATE,Sofia Clark,Blue Horizon Airlines,Santiago,"April 7, 2015",,
1573,"Riverside Bank partnered with a university in Marrakesh to research the GreenLeaf water bottle technology, Sara Kowalski reported.",Sara Kowalski; Riverside Bank; Marrakesh; the GreenLeaf water bottle,PERSON; ORG; GPE; PRODUCT,Sara Kowalski,Riverside Bank,Marrakesh,,,GreenLeaf water bottle
1574,"Golden Gate Retailers announced that Mark King will lead the new office in Bangkok starting December 4, 2017.","Mark King; Golden Gate Retailers; Bangkok; December 4, 2017",PERSON; ORG; GPE; DATE,Mark King,Golden Gate Retailers,Bangkok,"December 4, 2017",,
1575,Amara Khan traveled from Kuala Lumpur to Santiago to negotiate a deal worth $49.99 with Delta Cloud Services.,Amara Khan; Delta Cloud Services; Kuala Lumpur; Santiago; $49.99,PERSON; ORG; GPE; GPE; MONEY,Amara Khan,Delta Cloud Services,"Kuala Lumpur, Santiago",,$49.99,
1576,"Aisha Lewis, a spokesperson for Cedar Grove Hospital, confirmed the release of a SnapShot camera for $75 on November 19, 2019.","Aisha Lewis; Cedar Grove Hospital; November 19, 2019; $75; a SnapShot camera",PERSON; ORG; DATE; MONEY; PRODUCT,Aisha Lewis,Cedar Grove Hospital,,"November 19, 2019",$75,SnapShot camera
1577,"Cedar Grove Hospital announced that Carlos Moore will lead the new office in Wellington starting November 16, 2021.","Carlos Moore; Cedar Grove Hospital; Wellington; November 16, 2021",PERSON; ORG; GPE; DATE,Carlos Moore,Cedar Grove Hospital,Wellington,"November 16, 2021",,
1578,"Fatima Young, a spokesperson for Skyline Real Estate, confirmed the release of a NovaBook Pro laptop for $24.50 on November 7, 2020.","Fatima Young; Skyline Real Estate; November 7, 2020; $24.50; a NovaBook Pro laptop",PERSON; ORG; DATE; MONEY; PRODUCT,Fatima Young,Skyline Real Estate,,"November 7, 2020",$24.50,NovaBook Pro laptop
1579,"Layla Kowalski, a spokesperson for Delta Cloud Services, confirmed the release of the AeroFit smartwatch for $1,200 on May 16, 2019.","Layla Kowalski; Delta Cloud Services; May 16, 2019; $1,200; the AeroFit smartwatch",PERSON; ORG; DATE; MONEY; PRODUCT,Layla Kowalski,Delta Cloud Services,,"May 16, 2019","$1,200",AeroFit smartwatch
1580,"On January 1, 2025, Harborview College opened a new branch in Zurich, Ireland, appointing Wei Dubois as director.","Wei Dubois; Harborview College; Ireland; Zurich; January 1, 2025",PERSON; ORG; GPE; GPE; DATE,Wei Dubois,Harborview College,"Ireland, Zurich","January 1, 2025",,
1581,"Golden Gate Retailers announced that Zainab Green will lead the new office in Manila starting May 5, 2017.","Zainab Green; Golden Gate Retailers; Manila; May 5, 2017",PERSON; ORG; GPE; DATE,Zainab Green,Golden Gate Retailers,Manila,"May 5, 2017",,
1582,Ethan Costa traveled from Stockholm to Buenos Aires to negotiate a deal worth $75 with Meridian Financial Group.,Ethan Costa; Meridian Financial Group; Buenos Aires; Stockholm; $75,PERSON; ORG; GPE; GPE; MONEY,Ethan Costa,Meridian Financial Group,"Buenos Aires, Stockholm",,$75,
1583,"Vertex Analytics partnered with a university in Toronto to research the CloudDesk chair technology, Ingrid King reported.",Ingrid King; Vertex Analytics; Toronto; the CloudDesk chair,PERSON; ORG; GPE; PRODUCT,Ingrid King,Vertex Analytics,Toronto,,,CloudDesk chair
1584,"Ibrahim Green joined Evergreen Energy Co. in Osaka on March 9, 2018 to launch a NightOwl reading lamp.","Ibrahim Green; Evergreen Energy Co.; Osaka; March 9, 2018; a NightOwl reading lamp",PERSON; ORG; GPE; DATE; PRODUCT,Ibrahim Green,Evergreen Energy Co.,Osaka,"March 9, 2018",,NightOwl reading lamp
1585,"Olivia Kim joined Skyline Real Estate in Mumbai on October 25, 2017 to launch a PureGlow skincare set.","Olivia Kim; Skyline Real Estate; Mumbai; October 25, 2017; a PureGlow skincare set",PERSON; ORG; GPE; DATE; PRODUCT,Olivia Kim,Skyline Real Estate,Mumbai,"October 25, 2017",,PureGlow skincare set
1586,"Charlotte Clark joined Harborview College in Austin on August 22, 2015 to launch the GreenLeaf water bottle.","Charlotte Clark; Harborview College; Austin; August 22, 2015; the GreenLeaf water bottle",PERSON; ORG; GPE; DATE; PRODUCT,Charlotte Clark,Harborview College,Austin,"August 22, 2015",,GreenLeaf water bottle
1587,"On March 27, 2016, NextGen Software Labs opened a new branch in Copenhagen, Thailand, appointing Carlos Khan as director.","Carlos Khan; NextGen Software Labs; Copenhagen; Thailand; March 27, 2016",PERSON; ORG; GPE; GPE; DATE,Carlos Khan,NextGen Software Labs,"Copenhagen, Thailand","March 27, 2016",,
1588,Nadia Moore traveled from Lisbon to Dublin to negotiate a deal worth $45.50 with Cedar Grove Hospital.,Nadia Moore; Cedar Grove Hospital; Dublin; Lisbon; $45.50,PERSON; ORG; GPE; GPE; MONEY,Nadia Moore,Cedar Grove Hospital,"Dublin, Lisbon",,$45.50,
1589,Elena Suzuki traveled from Jakarta to Nairobi to negotiate a deal worth $120 with BrightFuture Foundation.,Elena Suzuki; BrightFuture Foundation; Jakarta; Nairobi; $120,PERSON; ORG; GPE; GPE; MONEY,Elena Suzuki,BrightFuture Foundation,"Jakarta, Nairobi",,$120,
1590,"Omar Anderson joined Riverside Bank in Edinburgh on October 14, 2020 to launch the QuickBrew coffee maker.","Omar Anderson; Riverside Bank; Edinburgh; October 14, 2020; the QuickBrew coffee maker",PERSON; ORG; GPE; DATE; PRODUCT,Omar Anderson,Riverside Bank,Edinburgh,"October 14, 2020",,QuickBrew coffee maker
1591,"Chloe Walker joined Meridian Financial Group in Austin on January 18, 2017 to launch a SoundWave headset.","Chloe Walker; Meridian Financial Group; Austin; January 18, 2017; a SoundWave headset",PERSON; ORG; GPE; DATE; PRODUCT,Chloe Walker,Meridian Financial Group,Austin,"January 18, 2017",,SoundWave headset
1592,"NextGen Software Labs announced that Olivia Silva will lead the new office in Cairo starting April 1, 2025.","Olivia Silva; NextGen Software Labs; Cairo; April 1, 2025",PERSON; ORG; GPE; DATE,Olivia Silva,NextGen Software Labs,Cairo,"April 1, 2025",,
1593,"Pioneer Research Institute partnered with a university in Santiago to research a SoundWave headset technology, Mateus Scott reported.",Mateus Scott; Pioneer Research Institute; Santiago; a SoundWave headset,PERSON; ORG; GPE; PRODUCT,Mateus Scott,Pioneer Research Institute,Santiago,,,SoundWave headset
1594,"During the conference in Prague, Daniel Nguyen from Brightline Technologies unveiled a TrailRunner backpack priced at $199.",Daniel Nguyen; Brightline Technologies; Prague; $199; a TrailRunner backpack,PERSON; ORG; GPE; MONEY; PRODUCT,Daniel Nguyen,Brightline Technologies,Prague,,$199,TrailRunner backpack
1595,"During the conference in Mumbai, Felix Ivanov from Zenith Pharmaceuticals unveiled a RoadMaster bicycle priced at $350.",Felix Ivanov; Zenith Pharmaceuticals; Mumbai; $350; a RoadMaster bicycle,PERSON; ORG; GPE; MONEY; PRODUCT,Felix Ivanov,Zenith Pharmaceuticals,Mumbai,,$350,RoadMaster bicycle
1596,"Skyline Real Estate partnered with a university in Stockholm to research the SmartHome Hub technology, David Rossi reported.",David Rossi; Skyline Real Estate; Stockholm; the SmartHome Hub,PERSON; ORG; GPE; PRODUCT,David Rossi,Skyline Real Estate,Stockholm,,,SmartHome Hub
1597,Mateus Yamamoto traveled from Austin to Helsinki to negotiate a deal worth $250 with Maple Street School District.,Mateus Yamamoto; Maple Street School District; Austin; Helsinki; $250,PERSON; ORG; GPE; GPE; MONEY,Mateus Yamamoto,Maple Street School District,"Austin, Helsinki",,$250,
1598,Mark Wilson traveled from Stockholm to Bangkok to negotiate a deal worth $49.99 with Falcon Logistics.,Mark Wilson; Falcon Logistics; Bangkok; Stockholm; $49.99,PERSON; ORG; GPE; GPE; MONEY,Mark Wilson,Falcon Logistics,"Bangkok, Stockholm",,$49.99,
1599,"During the conference in Denver, Ethan Müller from Vertex Analytics unveiled the TravelLite suitcase priced at $9.99.",Ethan Müller; Vertex Analytics; Denver; $9.99; the TravelLite suitcase,PERSON; ORG; GPE; MONEY; PRODUCT,Ethan Müller,Vertex Analytics,Denver,,$9.99,TravelLite suitcase
1600,"Liam Rossi joined Crescent Media Group in Jakarta on March 15, 2025 to launch a NovaBook Pro laptop.","Liam Rossi; Crescent Media Group; Jakarta; March 15, 2025; a NovaBook Pro laptop",PERSON; ORG; GPE; DATE; PRODUCT,Liam Rossi,Crescent Media Group,Jakarta,"March 15, 2025",,NovaBook Pro laptop
1601,"On January 5, 2020, Pioneer Research Institute opened a new branch in Mumbai, the Netherlands, appointing Julia Chen as director.","Julia Chen; Pioneer Research Institute; Mumbai; the Netherlands; January 5, 2020",PERSON; ORG; GPE; GPE; DATE,Julia Chen,Pioneer Research Institute,"Mumbai, the Netherlands","January 5, 2020",,
1602,"Riverside Bank partnered with a university in Mumbai to research the AeroFit smartwatch technology, Maria Okafor reported.",Maria Okafor; Riverside Bank; Mumbai; the AeroFit smartwatch,PERSON; ORG; GPE; PRODUCT,Maria Okafor,Riverside Bank,Mumbai,,,AeroFit smartwatch
1603,"Meridian Financial Group partnered with a university in Prague to research the FlexFit yoga mat technology, Mei Young reported.",Mei Young; Meridian Financial Group; Prague; the FlexFit yoga mat,PERSON; ORG; GPE; PRODUCT,Mei Young,Meridian Financial Group,Prague,,,FlexFit yogmat
1604,"On July 1, 2025, Union Manufacturing Corp. opened a new branch in Dublin, the Philippines, appointing Maria Garcia as director.","Maria Garcia; Union Manufacturing Corp.; Dublin; the Philippines; July 1, 2025",PERSON; ORG; GPE; GPE; DATE,Maria Garcia,Union Manufacturing Corp.,"Dublin, the Philippines","July 1, 2025",,
1605,"Crescent Media Group announced that Zainab Kowalski will lead the new office in Lisbon starting August 5, 2017.","Zainab Kowalski; Crescent Media Group; Lisbon; August 5, 2017",PERSON; ORG; GPE; DATE,Zainab Kowalski,Crescent Media Group,Lisbon,"August 5, 2017",,
1606,Tom Johansson traveled from Marrakesh to Melbourne to negotiate a deal worth $9.99 with Lakeside Medical Center.,Tom Johansson; Lakeside Medical Center; Marrakesh; Melbourne; $9.99,PERSON; ORG; GPE; GPE; MONEY,Tom Johansson,Lakeside Medical Center,"Marrakesh, Melbourne",,$9.99,
1607,"Grace Brown joined Riverside Bank in Mumbai on December 12, 2017 to launch a StreamCast speaker.","Grace Brown; Riverside Bank; Mumbai; December 12, 2017; a StreamCast speaker",PERSON; ORG; GPE; DATE; PRODUCT,Grace Brown,Riverside Bank,Mumbai,"December 12, 2017",,StreamCast speaker
1608,"Cedar Grove Hospital partnered with a university in Helsinki to research a SnapShot camera technology, Nina Suzuki reported.",Nina Suzuki; Cedar Grove Hospital; Helsinki; a SnapShot camera,PERSON; ORG; GPE; PRODUCT,Nina Suzuki,Cedar Grove Hospital,Helsinki,,,SnapShot camera
1609,"Lakeside Medical Center announced that Chloe Taylor will lead the new office in Lisbon starting December 20, 2020.","Chloe Taylor; Lakeside Medical Center; Lisbon; December 20, 2020",PERSON; ORG; GPE; DATE,Chloe Taylor,Lakeside Medical Center,Lisbon,"December 20, 2020",,
1610,"On April 22, 2024, Ironwood Steel Works opened a new branch in Denver, Indonesia, appointing Anna Wilson as director.","Anna Wilson; Ironwood Steel Works; Denver; Indonesia; April 22, 2024",PERSON; ORG; GPE; GPE; DATE,Anna Wilson,Ironwood Steel Works,"Denver, Indonesia","April 22, 2024",,
1611,"Kevin Okafor, a spokesperson for Crescent Media Group, confirmed the release of a SunBeam solar charger for $24.50 on July 21, 2015.","Kevin Okafor; Crescent Media Group; July 21, 2015; $24.50; a SunBeam solar charger",PERSON; ORG; DATE; MONEY; PRODUCT,Kevin Okafor,Crescent Media Group,,"July 21, 2015",$24.50,SunBeam solar charger
1612,"Hassan Wilson joined Cedar Grove Hospital in Bangkok on December 14, 2016 to launch a NovaBook Pro laptop.","Hassan Wilson; Cedar Grove Hospital; Bangkok; December 14, 2016; a NovaBook Pro laptop",PERSON; ORG; GPE; DATE; PRODUCT,Hassan Wilson,Cedar Grove Hospital,Bangkok,"December 14, 2016",,NovaBook Pro laptop
1613,"Union Manufacturing Corp. announced that Samuel Fernandez will lead the new office in Seoul starting June 27, 2021.","Samuel Fernandez; Union Manufacturing Corp.; Seoul; June 27, 2021",PERSON; ORG; GPE; DATE,Samuel Fernandez,Union Manufacturing Corp.,Seoul,"June 27, 2021",,
1614,Ethan Larsen traveled from Stockholm to Melbourne to negotiate a deal worth $199 with Cedar Grove Hospital.,Ethan Larsen; Cedar Grove Hospital; Melbourne; Stockholm; $199,PERSON; ORG; GPE; GPE; MONEY,Ethan Larsen,Cedar Grove Hospital,"Melbourne, Stockholm",,$199,
1615,"Hassan Nguyen, a spokesperson for Summit Robotics Inc., confirmed the release of the QuickBrew coffee maker for $89.99 on July 13, 2019.","Hassan Nguyen; Summit Robotics Inc.; July 13, 2019; $89.99; the QuickBrew coffee maker",PERSON; ORG; DATE; MONEY; PRODUCT,Hassan Nguyen,Summit Robotics Inc.,,"July 13, 2019",$89.99,QuickBrew coffee maker
1616,Fatima Silva traveled from Austin to Warsaw to negotiate a deal worth $250 with Skyline Real Estate.,Fatima Silva; Skyline Real Estate; Austin; Warsaw; $250,PERSON; ORG; GPE; GPE; MONEY,Fatima Silva,Skyline Real Estate,"Austin, Warsaw",,$250,
1617,"During the conference in Seoul, Peter Brown from Crescent Media Group unveiled the QuickBrew coffee maker priced at $49.99.",Peter Brown; Crescent Media Group; Seoul; $49.99; the QuickBrew coffee maker,PERSON; ORG; GPE; MONEY; PRODUCT,Peter Brown,Crescent Media Group,Seoul,,$49.99,QuickBrew coffee maker
1618,"During the conference in Nairobi, Mateus Baker from Global Trade Partners unveiled a ProGrip tennis racket priced at $250.",Mateus Baker; Global Trade Partners; Nairobi; $250; a ProGrip tennis racket,PERSON; ORG; GPE; MONEY; PRODUCT,Mateus Baker,Global Trade Partners,Nairobi,,$250,ProGrip tennis racket
1619,"Coastal Insurance Co. announced that Ravi Khan will lead the new office in Toronto starting August 15, 2023.","Ravi Khan; Coastal Insurance Co.; Toronto; August 15, 2023",PERSON; ORG; GPE; DATE,Ravi Khan,Coastal Insurance Co.,Toronto,"August 15, 2023",,
1620,Liam Novak traveled from Cairo to Manila to negotiate a deal worth $499.99 with Riverside Bank.,Liam Novak; Riverside Bank; Cairo; Manila; $499.99,PERSON; ORG; GPE; GPE; MONEY,Liam Novak,Riverside Bank,"Cairo, Manila",,$499.99,
1621,"Grace Rossi, a spokesperson for Summit Robotics Inc., confirmed the release of a SnapShot camera for $250 on February 15, 2019.","Grace Rossi; Summit Robotics Inc.; February 15, 2019; $250; a SnapShot camera",PERSON; ORG; DATE; MONEY; PRODUCT,Grace Rossi,Summit Robotics Inc.,,"February 15, 2019",$250,SnapShot camera
1622,"During the conference in Vancouver, Ibrahim Dubois from Pioneer Research Institute unveiled a NovaBook Pro laptop priced at $19.99.",Ibrahim Dubois; Pioneer Research Institute; Vancouver; $19.99; a NovaBook Pro laptop,PERSON; ORG; GPE; MONEY; PRODUCT,Ibrahim Dubois,Pioneer Research Institute,Vancouver,,$19.99,NovaBook Pro laptop
1623,"On March 3, 2016, Vertex Analytics opened a new branch in Vancouver, New Zealand, appointing Fatima Fernandez as director.","Fatima Fernandez; Vertex Analytics; New Zealand; Vancouver; March 3, 2016",PERSON; ORG; GPE; GPE; DATE,Fatima Fernandez,Vertex Analytics,"New Zealand, Vancouver","March 3, 2016",,
1624,"During the conference in Amsterdam, Ingrid Anderson from Summit Robotics Inc. unveiled the CloudDesk chair priced at $75.",Ingrid Anderson; Summit Robotics Inc.; Amsterdam; $75; the CloudDesk chair,PERSON; ORG; GPE; MONEY; PRODUCT,Ingrid Anderson,Summit Robotics Inc.,Amsterdam,,$75,CloudDesk chair
1625,"Emma Clark joined Summit Robotics Inc. in Stockholm on April 1, 2020 to launch a PureGlow skincare set.","Emma Clark; Summit Robotics Inc.; Stockholm; April 1, 2020; a PureGlow skincare set",PERSON; ORG; GPE; DATE; PRODUCT,Emma Clark,Summit Robotics Inc.,Stockholm,"April 1, 2020",,PureGlow skincare set
1626,"Daniel King, a spokesperson for BrightFuture Foundation, confirmed the release of a TrailRunner backpack for $24.50 on March 4, 2017.","Daniel King; BrightFuture Foundation; March 4, 2017; $24.50; a TrailRunner backpack",PERSON; ORG; DATE; MONEY; PRODUCT,Daniel King,BrightFuture Foundation,,"March 4, 2017",$24.50,TrailRunner backpack
1627,"Oakwood Publishing House partnered with a university in Warsaw to research the CloudDesk chair technology, George Novak reported.",George Novak; Oakwood Publishing House; Warsaw; the CloudDesk chair,PERSON; ORG; GPE; PRODUCT,George Novak,Oakwood Publishing House,Warsaw,,,CloudDesk chair
1628,Leila Haddad traveled from Toronto to Lisbon to negotiate a deal worth $19.99 with Crescent Media Group.,Leila Haddad; Crescent Media Group; Lisbon; Toronto; $19.99,PERSON; ORG; GPE; GPE; MONEY,Leila Haddad,Crescent Media Group,"Lisbon, Toronto",,$19.99,
1629,"The board at Quantum Innovations approved a $15 investment in Marrakesh after Ingrid Rossi's presentation on July 12, 2015.","Ingrid Rossi; Quantum Innovations; Marrakesh; July 12, 2015; $15",PERSON; ORG; GPE; DATE; MONEY,Ingrid Rossi,Quantum Innovations,Marrakesh,"July 12, 2015",$15,
1630,"Lakeside Medical Center partnered with a university in Helsinki to research a NovaBook Pro laptop technology, Layla Silva reported.",Layla Silva; Lakeside Medical Center; Helsinki; a NovaBook Pro laptop,PERSON; ORG; GPE; PRODUCT,Layla Silva,Lakeside Medical Center,Helsinki,,,NovaBook Pro laptop
1631,"On June 24, 2020, Quantum Innovations opened a new branch in Edinburgh, the Netherlands, appointing Peter Khan as director.","Peter Khan; Quantum Innovations; Edinburgh; the Netherlands; June 24, 2020",PERSON; ORG; GPE; GPE; DATE,Peter Khan,Quantum Innovations,"Edinburgh, the Netherlands","June 24, 2020",,
1632,"BrightFuture Foundation partnered with a university in Copenhagen to research the ChefMate blender technology, Tom Hall reported.",Tom Hall; BrightFuture Foundation; Copenhagen; the ChefMate blender,PERSON; ORG; GPE; PRODUCT,Tom Hall,BrightFuture Foundation,Copenhagen,,,ChefMate blender
1633,Ingrid Novak traveled from Stockholm to Warsaw to negotiate a deal worth $89.99 with Delta Cloud Services.,Ingrid Novak; Delta Cloud Services; Stockholm; Warsaw; $89.99,PERSON; ORG; GPE; GPE; MONEY,Ingrid Novak,Delta Cloud Services,"Stockholm, Warsaw",,$89.99,
1634,Priya Larsen traveled from Warsaw to Cape Town to negotiate a deal worth $19.99 with Redstone Consulting.,Priya Larsen; Redstone Consulting; Cape Town; Warsaw; $19.99,PERSON; ORG; GPE; GPE; MONEY,Priya Larsen,Redstone Consulting,"Cape Town, Warsaw",,$19.99,
1635,"During the conference in Santiago, Samuel Silva from Falcon Logistics unveiled the QuickBrew coffee maker priced at $250.",Samuel Silva; Falcon Logistics; Santiago; $250; the QuickBrew coffee maker,PERSON; ORG; GPE; MONEY; PRODUCT,Samuel Silva,Falcon Logistics,Santiago,,$250,QuickBrew coffee maker
1636,"Aisha Fernandez, a spokesperson for Global Trade Partners, confirmed the release of the QuickBrew coffee maker for $1,200 on January 9, 2020.","Aisha Fernandez; Global Trade Partners; January 9, 2020; $1,200; the QuickBrew coffee maker",PERSON; ORG; DATE; MONEY; PRODUCT,Aisha Fernandez,Global Trade Partners,,"January 9, 2020","$1,200",QuickBrew coffee maker
1637,"The board at Global Trade Partners approved a $1,200 investment in Nairobi after Chloe Moore's presentation on August 7, 2021.","Chloe Moore; Global Trade Partners; Nairobi; August 7, 2021; $1,200",PERSON; ORG; GPE; DATE; MONEY,Chloe Moore,Global Trade Partners,Nairobi,"August 7, 2021","$1,200",
1638,"During the conference in Bangkok, Hana Anderson from Falcon Logistics unveiled a SunBeam solar charger priced at $45.50.",Hana Anderson; Falcon Logistics; Bangkok; $45.50; a SunBeam solar charger,PERSON; ORG; GPE; MONEY; PRODUCT,Hana Anderson,Falcon Logistics,Bangkok,,$45.50,SunBeam solar charger
1639,"Cedar Grove Hospital announced that Samuel Costa will lead the new office in Jakarta starting March 17, 2019.","Samuel Costa; Cedar Grove Hospital; Jakarta; March 17, 2019",PERSON; ORG; GPE; DATE,Samuel Costa,Cedar Grove Hospital,Jakarta,"March 17, 2019",,
1640,"Silverline Motors partnered with a university in Santiago to research a NovaBook Pro laptop technology, Ravi Brown reported.",Ravi Brown; Silverline Motors; Santiago; a NovaBook Pro laptop,PERSON; ORG; GPE; PRODUCT,Ravi Brown,Silverline Motors,Santiago,,,NovaBook Pro laptop
1641,"Ironwood Steel Works partnered with a university in Toronto to research the FreshAir purifier technology, Omar Wright reported.",Omar Wright; Ironwood Steel Works; Toronto; the FreshAir purifier,PERSON; ORG; GPE; PRODUCT,Omar Wright,Ironwood Steel Works,Toronto,,,FreshAir purifier
1642,"Golden Gate Retailers announced that Zainab Wright will lead the new office in Jakarta starting November 2, 2023.","Zainab Wright; Golden Gate Retailers; Jakarta; November 2, 2023",PERSON; ORG; GPE; DATE,Zainab Wright,Golden Gate Retailers,Jakarta,"November 2, 2023",,
1643,"Amara Kim, a spokesperson for Summit Robotics Inc., confirmed the release of the FreshAir purifier for $19.99 on July 18, 2017.","Amara Kim; Summit Robotics Inc.; July 18, 2017; $19.99; the FreshAir purifier",PERSON; ORG; DATE; MONEY; PRODUCT,Amara Kim,Summit Robotics Inc.,,"July 18, 2017",$19.99,FreshAir purifier
1644,Priya Taylor traveled from Santiago to Edinburgh to negotiate a deal worth $120 with Northfield University.,Priya Taylor; Northfield University; Edinburgh; Santiago; $120,PERSON; ORG; GPE; GPE; MONEY,Priya Taylor,Northfield University,"Edinburgh, Santiago",,$120,
1645,"Lakeside Medical Center announced that Isabella Walker will lead the new office in Edinburgh starting January 7, 2022.","Isabella Walker; Lakeside Medical Center; Edinburgh; January 7, 2022",PERSON; ORG; GPE; DATE,Isabella Walker,Lakeside Medical Center,Edinburgh,"January 7, 2022",,
1646,"Kevin Novak traveled from Cairo to Warsaw to negotiate a deal worth $1,200 with BrightFuture Foundation.","Kevin Novak; BrightFuture Foundation; Cairo; Warsaw; $1,200",PERSON; ORG; GPE; GPE; MONEY,Kevin Novak,BrightFuture Foundation,"Cairo, Warsaw",,"$1,200",
1647,"The board at Northfield University approved a $9.99 investment in Seoul after Hana Okafor's presentation on August 19, 2019.","Hana Okafor; Northfield University; Seoul; August 19, 2019; $9.99",PERSON; ORG; GPE; DATE; MONEY,Hana Okafor,Northfield University,Seoul,"August 19, 2019",$9.99,
1648,"Olivia Novak, a spokesperson for Blue Horizon Airlines, confirmed the release of the AeroFit smartwatch for $199 on May 2, 2021.","Olivia Novak; Blue Horizon Airlines; May 2, 2021; $199; the AeroFit smartwatch",PERSON; ORG; DATE; MONEY; PRODUCT,Olivia Novak,Blue Horizon Airlines,,"May 2, 2021",$199,AeroFit smartwatch
1649,"Delta Cloud Services announced that Chen Novak will lead the new office in Osaka starting January 3, 2024.","Chen Novak; Delta Cloud Services; Osaka; January 3, 2024",PERSON; ORG; GPE; DATE,Chen Novak,Delta Cloud Services,Osaka,"January 3, 2024",,
1650,David Young traveled from Prague to Copenhagen to negotiate a deal worth $499.99 with Northfield University.,David Young; Northfield University; Copenhagen; Prague; $499.99,PERSON; ORG; GPE; GPE; MONEY,David Young,Northfield University,"Copenhagen, Prague",,$499.99,
1651,"On May 18, 2017, Crescent Media Group opened a new branch in Stockholm, Ireland, appointing Nina Okafor as director.","Nina Okafor; Crescent Media Group; Ireland; Stockholm; May 18, 2017",PERSON; ORG; GPE; GPE; DATE,Nina Okafor,Crescent Media Group,"Ireland, Stockholm","May 18, 2017",,
1652,"During the conference in Cape Town, Isabella Haddad from Meridian Financial Group unveiled the ChefMate blender priced at $250.",Isabella Haddad; Meridian Financial Group; Cape Town; $250; the ChefMate blender,PERSON; ORG; GPE; MONEY; PRODUCT,Isabella Haddad,Meridian Financial Group,Cape Town,,$250,ChefMate blender
1653,"On February 18, 2025, Falcon Logistics opened a new branch in Warsaw, the Philippines, appointing Mei Okafor as director.","Mei Okafor; Falcon Logistics; Warsaw; the Philippines; February 18, 2025",PERSON; ORG; GPE; GPE; DATE,Mei Okafor,Falcon Logistics,"Warsaw, the Philippines","February 18, 2025",,
1654,"On September 19, 2024, Redstone Consulting opened a new branch in Osaka, Sweden, appointing Kevin Kowalski as director.","Kevin Kowalski; Redstone Consulting; Osaka; Sweden; September 19, 2024",PERSON; ORG; GPE; GPE; DATE,Kevin Kowalski,Redstone Consulting,"Osaka, Sweden","September 19, 2024",,
1655,"Zainab Larsen, a spokesperson for Harborview College, confirmed the release of a StreamCast speaker for $250 on June 16, 2024.","Zainab Larsen; Harborview College; June 16, 2024; $250; a StreamCast speaker",PERSON; ORG; DATE; MONEY; PRODUCT,Zainab Larsen,Harborview College,,"June 16, 2024",$250,StreamCast speaker
1656,"During the conference in Nairobi, Lucas Wilson from Vertex Analytics unveiled the SmartHome Hub priced at $250.",Lucas Wilson; Vertex Analytics; Nairobi; $250; the SmartHome Hub,PERSON; ORG; GPE; MONEY; PRODUCT,Lucas Wilson,Vertex Analytics,Nairobi,,$250,SmartHome Hub
1657,"During the conference in Copenhagen, Charlotte Taylor from Falcon Logistics unveiled the AeroFit smartwatch priced at $30.75.",Charlotte Taylor; Falcon Logistics; Copenhagen; $30.75; the AeroFit smartwatch,PERSON; ORG; GPE; MONEY; PRODUCT,Charlotte Taylor,Falcon Logistics,Copenhagen,,$30.75,AeroFit smartwatch
1658,"Peter Scott, a spokesperson for Northfield University, confirmed the release of a StreamCast speaker for $30.75 on January 21, 2024.","Peter Scott; Northfield University; January 21, 2024; $30.75; a StreamCast speaker",PERSON; ORG; DATE; MONEY; PRODUCT,Peter Scott,Northfield University,,"January 21, 2024",$30.75,StreamCast speaker
1659,"The board at Meridian Financial Group approved a $75 investment in Stockholm after Adaeze Smith's presentation on April 21, 2018.","Adaeze Smith; Meridian Financial Group; Stockholm; April 21, 2018; $75",PERSON; ORG; GPE; DATE; MONEY,Adaeze Smith,Meridian Financial Group,Stockholm,"April 21, 2018",$75,
1660,"James Dubois, a spokesperson for Ironwood Steel Works, confirmed the release of the GreenLeaf water bottle for $9.99 on February 6, 2020.","James Dubois; Ironwood Steel Works; February 6, 2020; $9.99; the GreenLeaf water bottle",PERSON; ORG; DATE; MONEY; PRODUCT,James Dubois,Ironwood Steel Works,,"February 6, 2020",$9.99,GreenLeaf water bottle
1661,"Meridian Financial Group partnered with a university in Mumbai to research the AeroFit smartwatch technology, Noah Fernandez reported.",Noah Fernandez; Meridian Financial Group; Mumbai; the AeroFit smartwatch,PERSON; ORG; GPE; PRODUCT,Noah Fernandez,Meridian Financial Group,Mumbai,,,AeroFit smartwatch
1662,"The board at Global Trade Partners approved a $19.99 investment in Amsterdam after Nadia Dubois's presentation on December 6, 2021.","Nadia Dubois; Global Trade Partners; Amsterdam; December 6, 2021; $19.99",PERSON; ORG; GPE; DATE; MONEY,Nadia Dubois,Global Trade Partners,Amsterdam,"December 6, 2021",$19.99,
1663,"The board at Maple Street School District approved a $499.99 investment in Cape Town after Kevin Wilson's presentation on September 4, 2025.","Kevin Wilson; Maple Street School District; Cape Town; September 4, 2025; $499.99",PERSON; ORG; GPE; DATE; MONEY,Kevin Wilson,Maple Street School District,Cape Town,"September 4, 2025",$499.99,
1664,"On July 17, 2023, Crescent Media Group opened a new branch in Melbourne, Germany, appointing Aisha Nguyen as director.","Aisha Nguyen; Crescent Media Group; Germany; Melbourne; July 17, 2023",PERSON; ORG; GPE; GPE; DATE,Aisha Nguyen,Crescent Media Group,"Germany, Melbourne","July 17, 2023",,
1665,"Ironwood Steel Works partnered with a university in Mumbai to research a TrailRunner backpack technology, George Khan reported.",George Khan; Ironwood Steel Works; Mumbai; a TrailRunner backpack,PERSON; ORG; GPE; PRODUCT,George Khan,Ironwood Steel Works,Mumbai,,,TrailRunner backpack
1666,"The board at Blue Horizon Airlines approved a $89.99 investment in Marrakesh after Ahmed Chen's presentation on November 10, 2021.","Ahmed Chen; Blue Horizon Airlines; Marrakesh; November 10, 2021; $89.99",PERSON; ORG; GPE; DATE; MONEY,Ahmed Chen,Blue Horizon Airlines,Marrakesh,"November 10, 2021",$89.99,
1667,"The board at Harborview College approved a $199 investment in Helsinki after Yuki Petrov's presentation on April 19, 2016.","Yuki Petrov; Harborview College; Helsinki; April 19, 2016; $199",PERSON; ORG; GPE; DATE; MONEY,Yuki Petrov,Harborview College,Helsinki,"April 19, 2016",$199,
1668,George Moore traveled from Marrakesh to Osaka to negotiate a deal worth $89.99 with BrightFuture Foundation.,George Moore; BrightFuture Foundation; Marrakesh; Osaka; $89.99,PERSON; ORG; GPE; GPE; MONEY,George Moore,BrightFuture Foundation,"Marrakesh, Osaka",,$89.99,
1669,Grace Okafor traveled from Lisbon to Mumbai to negotiate a deal worth $250 with Skyline Real Estate.,Grace Okafor; Skyline Real Estate; Lisbon; Mumbai; $250,PERSON; ORG; GPE; GPE; MONEY,Grace Okafor,Skyline Real Estate,"Lisbon, Mumbai",,$250,
1670,"The board at Cedar Grove Hospital approved a $9.99 investment in Stockholm after Mateus Dubois's presentation on November 8, 2022.","Mateus Dubois; Cedar Grove Hospital; Stockholm; November 8, 2022; $9.99",PERSON; ORG; GPE; DATE; MONEY,Mateus Dubois,Cedar Grove Hospital,Stockholm,"November 8, 2022",$9.99,
1671,Liam King traveled from Amsterdam to Cairo to negotiate a deal worth $9.99 with Global Trade Partners.,Liam King; Global Trade Partners; Amsterdam; Cairo; $9.99,PERSON; ORG; GPE; GPE; MONEY,Liam King,Global Trade Partners,"Amsterdam, Cairo",,$9.99,
1672,"On March 14, 2016, Crescent Media Group opened a new branch in Cairo, New Zealand, appointing Nina Green as director.","Nina Green; Crescent Media Group; Cairo; New Zealand; March 14, 2016",PERSON; ORG; GPE; GPE; DATE,Nina Green,Crescent Media Group,"Cairo, New Zealand","March 14, 2016",,
1673,"During the conference in Nairobi, Isabella Scott from Brightline Technologies unveiled the SmartHome Hub priced at $15.",Isabella Scott; Brightline Technologies; Nairobi; $15; the SmartHome Hub,PERSON; ORG; GPE; MONEY; PRODUCT,Isabella Scott,Brightline Technologies,Nairobi,,$15,SmartHome Hub
1674,"On August 4, 2015, Skyline Real Estate opened a new branch in Buenos Aires, Egypt, appointing David Larsen as director.","David Larsen; Skyline Real Estate; Buenos Aires; Egypt; August 4, 2015",PERSON; ORG; GPE; GPE; DATE,David Larsen,Skyline Real Estate,"Buenos Aires, Egypt","August 4, 2015",,
1675,"The board at Evergreen Energy Co. approved a $45.50 investment in Santiago after Ethan Silva's presentation on September 3, 2016.","Ethan Silva; Evergreen Energy Co.; Santiago; September 3, 2016; $45.50",PERSON; ORG; GPE; DATE; MONEY,Ethan Silva,Evergreen Energy Co.,Santiago,"September 3, 2016",$45.50,
1676,"Ironwood Steel Works announced that Nadia Baker will lead the new office in Vancouver starting September 11, 2025.","Nadia Baker; Ironwood Steel Works; Vancouver; September 11, 2025",PERSON; ORG; GPE; DATE,Nadia Baker,Ironwood Steel Works,Vancouver,"September 11, 2025",,
1677,"NextGen Software Labs partnered with a university in Bangkok to research a PureGlow skincare set technology, Mateus Costa reported.",Mateus Costa; NextGen Software Labs; Bangkok; a PureGlow skincare set,PERSON; ORG; GPE; PRODUCT,Mateus Costa,NextGen Software Labs,Bangkok,,,PureGlow skincare set
1678,"During the conference in Manila, Elena Fernandez from Vertex Analytics unveiled the ChefMate blender priced at $89.99.",Elena Fernandez; Vertex Analytics; Manila; $89.99; the ChefMate blender,PERSON; ORG; GPE; MONEY; PRODUCT,Elena Fernandez,Vertex Analytics,Manila,,$89.99,ChefMate blender
1679,"The board at Union Manufacturing Corp. approved a $24.50 investment in Berlin after Zainab Nguyen's presentation on December 11, 2024.","Zainab Nguyen; Union Manufacturing Corp.; Berlin; December 11, 2024; $24.50",PERSON; ORG; GPE; DATE; MONEY,Zainab Nguyen,Union Manufacturing Corp.,Berlin,"December 11, 2024",$24.50,
1680,"Summit Robotics Inc. announced that Sara Kowalski will lead the new office in Zurich starting June 14, 2024.","Sara Kowalski; Summit Robotics Inc.; Zurich; June 14, 2024",PERSON; ORG; GPE; DATE,Sara Kowalski,Summit Robotics Inc.,Zurich,"June 14, 2024",,
1681,Nina Chen traveled from Seoul to Helsinki to negotiate a deal worth $75 with Summit Robotics Inc..,Nina Chen; Summit Robotics Inc.; Helsinki; Seoul; $75,PERSON; ORG; GPE; GPE; MONEY,Nina Chen,Summit Robotics Inc.,"Helsinki, Seoul",,$75,
1682,Samuel King traveled from Seoul to Zurich to negotiate a deal worth $9.99 with Redstone Consulting.,Samuel King; Redstone Consulting; Seoul; Zurich; $9.99,PERSON; ORG; GPE; GPE; MONEY,Samuel King,Redstone Consulting,"Seoul, Zurich",,$9.99,
1683,Mark Johansson traveled from Denver to Melbourne to negotiate a deal worth $19.99 with Silverline Motors.,Mark Johansson; Silverline Motors; Denver; Melbourne; $19.99,PERSON; ORG; GPE; GPE; MONEY,Mark Johansson,Silverline Motors,"Denver, Melbourne",,$19.99,
1684,"The board at Skyline Real Estate approved a $24.50 investment in Prague after Sofia Anderson's presentation on November 28, 2022.","Sofia Anderson; Skyline Real Estate; Prague; November 28, 2022; $24.50",PERSON; ORG; GPE; DATE; MONEY,Sofia Anderson,Skyline Real Estate,Prague,"November 28, 2022",$24.50,
1685,"On May 8, 2023, Oakwood Publishing House opened a new branch in Berlin, Thailand, appointing Mateus King as director.","Mateus King; Oakwood Publishing House; Berlin; Thailand; May 8, 2023",PERSON; ORG; GPE; GPE; DATE,Mateus King,Oakwood Publishing House,"Berlin, Thailand","May 8, 2023",,
1686,"Pioneer Research Institute partnered with a university in Seoul to research a NightOwl reading lamp technology, Kevin Wilson reported.",Kevin Wilson; Pioneer Research Institute; Seoul; a NightOwl reading lamp,PERSON; ORG; GPE; PRODUCT,Kevin Wilson,Pioneer Research Institute,Seoul,,,NightOwl reading lamp
1687,"The board at Global Trade Partners approved a $350 investment in Denver after Victor Anderson's presentation on July 28, 2018.","Victor Anderson; Global Trade Partners; Denver; July 28, 2018; $350",PERSON; ORG; GPE; DATE; MONEY,Victor Anderson,Global Trade Partners,Denver,"July 28, 2018",$350,
1688,"NextGen Software Labs partnered with a university in Osaka to research a SoundWave headset technology, Amara Kowalski reported.",Amara Kowalski; NextGen Software Labs; Osaka; a SoundWave headset,PERSON; ORG; GPE; PRODUCT,Amara Kowalski,NextGen Software Labs,Osaka,,,SoundWave headset
1689,"Anna Khan joined Union Manufacturing Corp. in Bangkok on January 6, 2023 to launch a RoadMaster bicycle.","Anna Khan; Union Manufacturing Corp.; Bangkok; January 6, 2023; a RoadMaster bicycle",PERSON; ORG; GPE; DATE; PRODUCT,Anna Khan,Union Manufacturing Corp.,Bangkok,"January 6, 2023",,RoadMaster bicycle
1690,"Delta Cloud Services partnered with a university in Manila to research a TrailRunner backpack technology, Wei Ivanov reported.",Wei Ivanov; Delta Cloud Services; Manila; a TrailRunner backpack,PERSON; ORG; GPE; PRODUCT,Wei Ivanov,Delta Cloud Services,Manila,,,TrailRunner backpack
1691,"Quantum Innovations announced that Maria Moore will lead the new office in Nairobi starting February 1, 2023.","Maria Moore; Quantum Innovations; Nairobi; February 1, 2023",PERSON; ORG; GPE; DATE,Maria Moore,Quantum Innovations,Nairobi,"February 1, 2023",,
1692,"Emma Nguyen, a spokesperson for Northfield University, confirmed the release of a TrailRunner backpack for $19.99 on June 12, 2015.","Emma Nguyen; Northfield University; June 12, 2015; $19.99; a TrailRunner backpack",PERSON; ORG; DATE; MONEY; PRODUCT,Emma Nguyen,Northfield University,,"June 12, 2015",$19.99,TrailRunner backpack
1693,"The board at BrightFuture Foundation approved a $199 investment in Prague after Sofia Garcia's presentation on October 19, 2022.","Sofia Garcia; BrightFuture Foundation; Prague; October 19, 2022; $199",PERSON; ORG; GPE; DATE; MONEY,Sofia Garcia,BrightFuture Foundation,Prague,"October 19, 2022",$199,
1694,"During the conference in Stockholm, Felix Okafor from Cedar Grove Hospital unveiled the FlexFit yoga mat priced at $49.99.",Felix Okafor; Cedar Grove Hospital; Stockholm; $49.99; the FlexFit yoga mat,PERSON; ORG; GPE; MONEY; PRODUCT,Felix Okafor,Cedar Grove Hospital,Stockholm,,$49.99,FlexFit yogmat
1695,"Aisha Baker joined Skyline Real Estate in Amsterdam on December 14, 2021 to launch the FreshAir purifier.","Aisha Baker; Skyline Real Estate; Amsterdam; December 14, 2021; the FreshAir purifier",PERSON; ORG; GPE; DATE; PRODUCT,Aisha Baker,Skyline Real Estate,Amsterdam,"December 14, 2021",,FreshAir purifier
1696,"Emma Wright, a spokesperson for Golden Gate Retailers, confirmed the release of a StreamCast speaker for $89.99 on December 12, 2016.","Emma Wright; Golden Gate Retailers; December 12, 2016; $89.99; a StreamCast speaker",PERSON; ORG; DATE; MONEY; PRODUCT,Emma Wright,Golden Gate Retailers,,"December 12, 2016",$89.99,StreamCast speaker
1697,Ibrahim Osei traveled from Amsterdam to Cairo to negotiate a deal worth $499.99 with Brightline Technologies.,Ibrahim Osei; Brightline Technologies; Amsterdam; Cairo; $499.99,PERSON; ORG; GPE; GPE; MONEY,Ibrahim Osei,Brightline Technologies,"Amsterdam, Cairo",,$499.99,
1698,Samuel Okafor traveled from Manila to Dublin to negotiate a deal worth $199 with Harborview College.,Samuel Okafor; Harborview College; Dublin; Manila; $199,PERSON; ORG; GPE; GPE; MONEY,Samuel Okafor,Harborview College,"Dublin, Manila",,$199,
1699,"Victor Anderson joined Riverside Bank in Helsinki on August 16, 2015 to launch the TravelLite suitcase.","Victor Anderson; Riverside Bank; Helsinki; August 16, 2015; the TravelLite suitcase",PERSON; ORG; GPE; DATE; PRODUCT,Victor Anderson,Riverside Bank,Helsinki,"August 16, 2015",,TravelLite suitcase
1700,"NextGen Software Labs partnered with a university in Vancouver to research a RoadMaster bicycle technology, Felix Khan reported.",Felix Khan; NextGen Software Labs; Vancouver; a RoadMaster bicycle,PERSON; ORG; GPE; PRODUCT,Felix Khan,NextGen Software Labs,Vancouver,,,RoadMaster bicycle
1701,"On May 17, 2023, Brightline Technologies opened a new branch in Cape Town, Thailand, appointing Zainab Okafor as director.","Zainab Okafor; Brightline Technologies; Cape Town; Thailand; May 17, 2023",PERSON; ORG; GPE; GPE; DATE,Zainab Okafor,Brightline Technologies,"Cape Town, Thailand","May 17, 2023",,
1702,"On November 22, 2018, Crescent Media Group opened a new branch in Copenhagen, Indonesia, appointing Aisha Ivanov as director.","Aisha Ivanov; Crescent Media Group; Copenhagen; Indonesia; November 22, 2018",PERSON; ORG; GPE; GPE; DATE,Aisha Ivanov,Crescent Media Group,"Copenhagen, Indonesia","November 22, 2018",,
1703,Victor Moore traveled from Osaka to Seoul to negotiate a deal worth $499.99 with BrightFuture Foundation.,Victor Moore; BrightFuture Foundation; Osaka; Seoul; $499.99,PERSON; ORG; GPE; GPE; MONEY,Victor Moore,BrightFuture Foundation,"Osaka, Seoul",,$499.99,
1704,"The board at Lakeside Medical Center approved a $1,200 investment in Toronto after Victor Brown's presentation on October 19, 2023.","Victor Brown; Lakeside Medical Center; Toronto; October 19, 2023; $1,200",PERSON; ORG; GPE; DATE; MONEY,Victor Brown,Lakeside Medical Center,Toronto,"October 19, 2023","$1,200",
1705,"On December 10, 2020, Oakwood Publishing House opened a new branch in Copenhagen, New Zealand, appointing Peter Scott as director.","Peter Scott; Oakwood Publishing House; Copenhagen; New Zealand; December 10, 2020",PERSON; ORG; GPE; GPE; DATE,Peter Scott,Oakwood Publishing House,"Copenhagen, New Zealand","December 10, 2020",,
1706,"During the conference in Vancouver, James Green from Summit Robotics Inc. unveiled the GreenLeaf water bottle priced at $1,200.","James Green; Summit Robotics Inc.; Vancouver; $1,200; the GreenLeaf water bottle",PERSON; ORG; GPE; MONEY; PRODUCT,James Green,Summit Robotics Inc.,Vancouver,,"$1,200",GreenLeaf water bottle
1707,"The board at Global Trade Partners approved a $24.50 investment in Cape Town after Noah Moore's presentation on October 21, 2025.","Noah Moore; Global Trade Partners; Cape Town; October 21, 2025; $24.50",PERSON; ORG; GPE; DATE; MONEY,Noah Moore,Global Trade Partners,Cape Town,"October 21, 2025",$24.50,
1708,Sara Brown traveled from Cape Town to Jakarta to negotiate a deal worth $250 with Golden Gate Retailers.,Sara Brown; Golden Gate Retailers; Cape Town; Jakarta; $250,PERSON; ORG; GPE; GPE; MONEY,Sara Brown,Golden Gate Retailers,"Cape Town, Jakarta",,$250,
1709,"Golden Gate Retailers announced that Chloe Wright will lead the new office in Wellington starting August 17, 2022.","Chloe Wright; Golden Gate Retailers; Wellington; August 17, 2022",PERSON; ORG; GPE; DATE,Chloe Wright,Golden Gate Retailers,Wellington,"August 17, 2022",,
1710,"Sofia Yamamoto joined Union Manufacturing Corp. in Bangkok on July 10, 2023 to launch a NightOwl reading lamp.","Sofia Yamamoto; Union Manufacturing Corp.; Bangkok; July 10, 2023; a NightOwl reading lamp",PERSON; ORG; GPE; DATE; PRODUCT,Sofia Yamamoto,Union Manufacturing Corp.,Bangkok,"July 10, 2023",,NightOwl reading lamp
1711,"During the conference in Berlin, Mateus Khan from Vertex Analytics unveiled the FlexFit yoga mat priced at $9.99.",Mateus Khan; Vertex Analytics; Berlin; $9.99; the FlexFit yoga mat,PERSON; ORG; GPE; MONEY; PRODUCT,Mateus Khan,Vertex Analytics,Berlin,,$9.99,FlexFit yogmat
1712,"During the conference in Seoul, Isabella Clark from Aurora Data Systems unveiled a SunBeam solar charger priced at $75.",Isabella Clark; Aurora Data Systems; Seoul; $75; a SunBeam solar charger,PERSON; ORG; GPE; MONEY; PRODUCT,Isabella Clark,Aurora Data Systems,Seoul,,$75,SunBeam solar charger
1713,"Ahmed Rossi, a spokesperson for Redstone Consulting, confirmed the release of a TrailRunner backpack for $99 on March 2, 2023.","Ahmed Rossi; Redstone Consulting; March 2, 2023; $99; a TrailRunner backpack",PERSON; ORG; DATE; MONEY; PRODUCT,Ahmed Rossi,Redstone Consulting,,"March 2, 2023",$99,TrailRunner backpack
1714,"During the conference in Dublin, Isabella Garcia from Evergreen Energy Co. unveiled the FreshAir purifier priced at $120.",Isabella Garcia; Evergreen Energy Co.; Dublin; $120; the FreshAir purifier,PERSON; ORG; GPE; MONEY; PRODUCT,Isabella Garcia,Evergreen Energy Co.,Dublin,,$120,FreshAir purifier
1715,Yuki Wilson traveled from Manila to Wellington to negotiate a deal worth $75 with Skyline Real Estate.,Yuki Wilson; Skyline Real Estate; Manila; Wellington; $75,PERSON; ORG; GPE; GPE; MONEY,Yuki Wilson,Skyline Real Estate,"Manila, Wellington",,$75,
1716,"On June 25, 2017, Maple Street School District opened a new branch in Melbourne, Portugal, appointing Isabella Scott as director.","Isabella Scott; Maple Street School District; Melbourne; Portugal; June 25, 2017",PERSON; ORG; GPE; GPE; DATE,Isabella Scott,Maple Street School District,"Melbourne, Portugal","June 25, 2017",,
1717,"During the conference in Vancouver, Ingrid Kim from Northfield University unveiled the FlexFit yoga mat priced at $49.99.",Ingrid Kim; Northfield University; Vancouver; $49.99; the FlexFit yoga mat,PERSON; ORG; GPE; MONEY; PRODUCT,Ingrid Kim,Northfield University,Vancouver,,$49.99,FlexFit yogmat
1718,"The board at Maple Street School District approved a $30.75 investment in Denver after Ravi Okafor's presentation on December 2, 2018.","Ravi Okafor; Maple Street School District; Denver; December 2, 2018; $30.75",PERSON; ORG; GPE; DATE; MONEY,Ravi Okafor,Maple Street School District,Denver,"December 2, 2018",$30.75,
1719,"The board at Delta Cloud Services approved a $499.99 investment in Helsinki after Hana Rossi's presentation on April 19, 2022.","Hana Rossi; Delta Cloud Services; Helsinki; April 19, 2022; $499.99",PERSON; ORG; GPE; DATE; MONEY,Hana Rossi,Delta Cloud Services,Helsinki,"April 19, 2022",$499.99,
1720,"The board at Maple Street School District approved a $49.99 investment in Bangkok after Aisha Wright's presentation on October 25, 2022.","Aisha Wright; Maple Street School District; Bangkok; October 25, 2022; $49.99",PERSON; ORG; GPE; DATE; MONEY,Aisha Wright,Maple Street School District,Bangkok,"October 25, 2022",$49.99,
1721,"Oakwood Publishing House partnered with a university in Copenhagen to research the ChefMate blender technology, Nina Johansson reported.",Nina Johansson; Oakwood Publishing House; Copenhagen; the ChefMate blender,PERSON; ORG; GPE; PRODUCT,Nina Johansson,Oakwood Publishing House,Copenhagen,,,ChefMate blender
1722,"Emma Patel, a spokesperson for Brightline Technologies, confirmed the release of the CloudDesk chair for $350 on June 11, 2023.","Emma Patel; Brightline Technologies; June 11, 2023; $350; the CloudDesk chair",PERSON; ORG; DATE; MONEY; PRODUCT,Emma Patel,Brightline Technologies,,"June 11, 2023",$350,CloudDesk chair
1723,"Sara Müller, a spokesperson for BrightFuture Foundation, confirmed the release of a PureGlow skincare set for $9.99 on December 14, 2025.","Sara Müller; BrightFuture Foundation; December 14, 2025; $9.99; a PureGlow skincare set",PERSON; ORG; DATE; MONEY; PRODUCT,Sara Müller,BrightFuture Foundation,,"December 14, 2025",$9.99,PureGlow skincare set
1724,"On May 22, 2018, Vertex Analytics opened a new branch in Amsterdam, Portugal, appointing Grace Young as director.","Grace Young; Vertex Analytics; Amsterdam; Portugal; May 22, 2018",PERSON; ORG; GPE; GPE; DATE,Grace Young,Vertex Analytics,"Amsterdam, Portugal","May 22, 2018",,
1725,"Grace Patel joined Golden Gate Retailers in Austin on November 24, 2023 to launch a NovaBook Pro laptop.","Grace Patel; Golden Gate Retailers; Austin; November 24, 2023; a NovaBook Pro laptop",PERSON; ORG; GPE; DATE; PRODUCT,Grace Patel,Golden Gate Retailers,Austin,"November 24, 2023",,NovaBook Pro laptop
1726,"Riverside Bank partnered with a university in Edinburgh to research a PureGlow skincare set technology, Kevin Baker reported.",Kevin Baker; Riverside Bank; Edinburgh; a PureGlow skincare set,PERSON; ORG; GPE; PRODUCT,Kevin Baker,Riverside Bank,Edinburgh,,,PureGlow skincare set
1727,Lucas Smith traveled from Kuala Lumpur to Wellington to negotiate a deal worth $250 with Crescent Media Group.,Lucas Smith; Crescent Media Group; Kuala Lumpur; Wellington; $250,PERSON; ORG; GPE; GPE; MONEY,Lucas Smith,Crescent Media Group,"Kuala Lumpur, Wellington",,$250,
1728,"Leila Chen, a spokesperson for Ironwood Steel Works, confirmed the release of the CloudDesk chair for $250 on August 9, 2017.","Leila Chen; Ironwood Steel Works; August 9, 2017; $250; the CloudDesk chair",PERSON; ORG; DATE; MONEY; PRODUCT,Leila Chen,Ironwood Steel Works,,"August 9, 2017",$250,CloudDesk chair
1729,Amara Okafor traveled from Cape Town to Dublin to negotiate a deal worth $99 with BrightFuture Foundation.,Amara Okafor; BrightFuture Foundation; Cape Town; Dublin; $99,PERSON; ORG; GPE; GPE; MONEY,Amara Okafor,BrightFuture Foundation,"Cape Town, Dublin",,$99,
1730,"Victor Kim joined Vertex Analytics in Vancouver on January 9, 2023 to launch the FreshAir purifier.","Victor Kim; Vertex Analytics; Vancouver; January 9, 2023; the FreshAir purifier",PERSON; ORG; GPE; DATE; PRODUCT,Victor Kim,Vertex Analytics,Vancouver,"January 9, 2023",,FreshAir purifier
1731,"Union Manufacturing Corp. announced that Kevin Müller will lead the new office in Bangkok starting October 17, 2021.","Kevin Müller; Union Manufacturing Corp.; Bangkok; October 17, 2021",PERSON; ORG; GPE; DATE,Kevin Müller,Union Manufacturing Corp.,Bangkok,"October 17, 2021",,
1732,"The board at NextGen Software Labs approved a $45.50 investment in Prague after Isabella Rossi's presentation on June 24, 2018.","Isabella Rossi; NextGen Software Labs; Prague; June 24, 2018; $45.50",PERSON; ORG; GPE; DATE; MONEY,Isabella Rossi,NextGen Software Labs,Prague,"June 24, 2018",$45.50,
1733,Aisha Osei traveled from Edinburgh to Prague to negotiate a deal worth $19.99 with BrightFuture Foundation.,Aisha Osei; BrightFuture Foundation; Edinburgh; Prague; $19.99,PERSON; ORG; GPE; GPE; MONEY,Aisha Osei,BrightFuture Foundation,"Edinburgh, Prague",,$19.99,
1734,"Tom Petrov, a spokesperson for Zenith Pharmaceuticals, confirmed the release of the ChefMate blender for $199 on September 22, 2022.","Tom Petrov; Zenith Pharmaceuticals; September 22, 2022; $199; the ChefMate blender",PERSON; ORG; DATE; MONEY; PRODUCT,Tom Petrov,Zenith Pharmaceuticals,,"September 22, 2022",$199,ChefMate blender
1735,"Felix Scott joined Redstone Consulting in Buenos Aires on September 24, 2020 to launch the ChefMate blender.","Felix Scott; Redstone Consulting; Buenos Aires; September 24, 2020; the ChefMate blender",PERSON; ORG; GPE; DATE; PRODUCT,Felix Scott,Redstone Consulting,Buenos Aires,"September 24, 2020",,ChefMate blender
1736,"Brightline Technologies announced that Chen Anderson will lead the new office in Warsaw starting August 19, 2020.","Chen Anderson; Brightline Technologies; Warsaw; August 19, 2020",PERSON; ORG; GPE; DATE,Chen Anderson,Brightline Technologies,Warsaw,"August 19, 2020",,
1737,"Mark Kowalski, a spokesperson for Ironwood Steel Works, confirmed the release of the GreenLeaf water bottle for $499.99 on January 25, 2019.","Mark Kowalski; Ironwood Steel Works; January 25, 2019; $499.99; the GreenLeaf water bottle",PERSON; ORG; DATE; MONEY; PRODUCT,Mark Kowalski,Ironwood Steel Works,,"January 25, 2019",$499.99,GreenLeaf water bottle
1738,Jack Chen traveled from Zurich to Mumbai to negotiate a deal worth $9.99 with Oakwood Publishing House.,Jack Chen; Oakwood Publishing House; Mumbai; Zurich; $9.99,PERSON; ORG; GPE; GPE; MONEY,Jack Chen,Oakwood Publishing House,"Mumbai, Zurich",,$9.99,
1739,"During the conference in Seoul, Felix Smith from Brightline Technologies unveiled the QuickBrew coffee maker priced at $120.",Felix Smith; Brightline Technologies; Seoul; $120; the QuickBrew coffee maker,PERSON; ORG; GPE; MONEY; PRODUCT,Felix Smith,Brightline Technologies,Seoul,,$120,QuickBrew coffee maker
1740,"Zainab Green, a spokesperson for Pioneer Research Institute, confirmed the release of the AeroFit smartwatch for $499.99 on November 22, 2017.","Zainab Green; Pioneer Research Institute; November 22, 2017; $499.99; the AeroFit smartwatch",PERSON; ORG; DATE; MONEY; PRODUCT,Zainab Green,Pioneer Research Institute,,"November 22, 2017",$499.99,AeroFit smartwatch
1741,Yuki Hall traveled from Dublin to Copenhagen to negotiate a deal worth $24.50 with Brightline Technologies.,Yuki Hall; Brightline Technologies; Copenhagen; Dublin; $24.50,PERSON; ORG; GPE; GPE; MONEY,Yuki Hall,Brightline Technologies,"Copenhagen, Dublin",,$24.50,
1742,"Skyline Real Estate announced that Nadia Green will lead the new office in Buenos Aires starting March 12, 2019.","Nadia Green; Skyline Real Estate; Buenos Aires; March 12, 2019",PERSON; ORG; GPE; DATE,Nadia Green,Skyline Real Estate,Buenos Aires,"March 12, 2019",,
1743,"Noah Nguyen joined Delta Cloud Services in Cape Town on June 16, 2018 to launch the AeroFit smartwatch.","Noah Nguyen; Delta Cloud Services; Cape Town; June 16, 2018; the AeroFit smartwatch",PERSON; ORG; GPE; DATE; PRODUCT,Noah Nguyen,Delta Cloud Services,Cape Town,"June 16, 2018",,AeroFit smartwatch
1744,"Emma Brown, a spokesperson for Coastal Insurance Co., confirmed the release of the TravelLite suitcase for $75 on October 27, 2020.","Emma Brown; Coastal Insurance Co.; October 27, 2020; $75; the TravelLite suitcase",PERSON; ORG; DATE; MONEY; PRODUCT,Emma Brown,Coastal Insurance Co.,,"October 27, 2020",$75,TravelLite suitcase
1745,"Emma Anderson, a spokesperson for Riverside Bank, confirmed the release of the PixelView monitor for $75 on June 23, 2023.","Emma Anderson; Riverside Bank; June 23, 2023; $75; the PixelView monitor",PERSON; ORG; DATE; MONEY; PRODUCT,Emma Anderson,Riverside Bank,,"June 23, 2023",$75,PixelView monitor
1746,"Crescent Media Group partnered with a university in Buenos Aires to research a SoundWave headset technology, Kevin Anderson reported.",Kevin Anderson; Crescent Media Group; Buenos Aires; a SoundWave headset,PERSON; ORG; GPE; PRODUCT,Kevin Anderson,Crescent Media Group,Buenos Aires,,,SoundWave headset
1747,"The board at Zenith Pharmaceuticals approved a $49.99 investment in Warsaw after Mateus Young's presentation on June 22, 2021.","Mateus Young; Zenith Pharmaceuticals; Warsaw; June 22, 2021; $49.99",PERSON; ORG; GPE; DATE; MONEY,Mateus Young,Zenith Pharmaceuticals,Warsaw,"June 22, 2021",$49.99,
1748,"Aisha Silva, a spokesperson for Golden Gate Retailers, confirmed the release of the GreenLeaf water bottle for $1,200 on May 6, 2017.","Aisha Silva; Golden Gate Retailers; May 6, 2017; $1,200; the GreenLeaf water bottle",PERSON; ORG; DATE; MONEY; PRODUCT,Aisha Silva,Golden Gate Retailers,,"May 6, 2017","$1,200",GreenLeaf water bottle
1749,"Lakeside Medical Center partnered with a university in Bangkok to research the SmartHome Hub technology, Mateus Baker reported.",Mateus Baker; Lakeside Medical Center; Bangkok; the SmartHome Hub,PERSON; ORG; GPE; PRODUCT,Mateus Baker,Lakeside Medical Center,Bangkok,,,SmartHome Hub
1750,"Samuel Rossi, a spokesperson for Coastal Insurance Co., confirmed the release of the TravelLite suitcase for $1,200 on October 8, 2025.","Samuel Rossi; Coastal Insurance Co.; October 8, 2025; $1,200; the TravelLite suitcase",PERSON; ORG; DATE; MONEY; PRODUCT,Samuel Rossi,Coastal Insurance Co.,,"October 8, 2025","$1,200",TravelLite suitcase
1751,"Hana Rossi joined Delta Cloud Services in Dublin on February 11, 2023 to launch the QuickBrew coffee maker.","Hana Rossi; Delta Cloud Services; Dublin; February 11, 2023; the QuickBrew coffee maker",PERSON; ORG; GPE; DATE; PRODUCT,Hana Rossi,Delta Cloud Services,Dublin,"February 11, 2023",,QuickBrew coffee maker
1752,"Evergreen Energy Co. announced that Chloe Baker will lead the new office in Denver starting March 22, 2023.","Chloe Baker; Evergreen Energy Co.; Denver; March 22, 2023",PERSON; ORG; GPE; DATE,Chloe Baker,Evergreen Energy Co.,Denver,"March 22, 2023",,
1753,"The board at Redstone Consulting approved a $1,200 investment in Bangkok after Noah Haddad's presentation on July 26, 2023.","Noah Haddad; Redstone Consulting; Bangkok; July 26, 2023; $1,200",PERSON; ORG; GPE; DATE; MONEY,Noah Haddad,Redstone Consulting,Bangkok,"July 26, 2023","$1,200",
1754,"George Fernandez, a spokesperson for Ironwood Steel Works, confirmed the release of the CloudDesk chair for $250 on March 7, 2017.","George Fernandez; Ironwood Steel Works; March 7, 2017; $250; the CloudDesk chair",PERSON; ORG; DATE; MONEY; PRODUCT,George Fernandez,Ironwood Steel Works,,"March 7, 2017",$250,CloudDesk chair
1755,"During the conference in Copenhagen, Felix Rossi from Blue Horizon Airlines unveiled a StreamCast speaker priced at $89.99.",Felix Rossi; Blue Horizon Airlines; Copenhagen; $89.99; a StreamCast speaker,PERSON; ORG; GPE; MONEY; PRODUCT,Felix Rossi,Blue Horizon Airlines,Copenhagen,,$89.99,StreamCast speaker
1756,"Priya Fernandez, a spokesperson for Global Trade Partners, confirmed the release of the AeroFit smartwatch for $49.99 on November 26, 2021.","Priya Fernandez; Global Trade Partners; November 26, 2021; $49.99; the AeroFit smartwatch",PERSON; ORG; DATE; MONEY; PRODUCT,Priya Fernandez,Global Trade Partners,,"November 26, 2021",$49.99,AeroFit smartwatch
1757,Ingrid Moore traveled from Manila to Melbourne to negotiate a deal worth $120 with Global Trade Partners.,Ingrid Moore; Global Trade Partners; Manila; Melbourne; $120,PERSON; ORG; GPE; GPE; MONEY,Ingrid Moore,Global Trade Partners,"Manila, Melbourne",,$120,
1758,"Redstone Consulting announced that Anna Smith will lead the new office in Bangkok starting December 17, 2024.","Anna Smith; Redstone Consulting; Bangkok; December 17, 2024",PERSON; ORG; GPE; DATE,Anna Smith,Redstone Consulting,Bangkok,"December 17, 2024",,
1759,"During the conference in Toronto, Carlos Baker from Harborview College unveiled a PureGlow skincare set priced at $15.",Carlos Baker; Harborview College; Toronto; $15; a PureGlow skincare set,PERSON; ORG; GPE; MONEY; PRODUCT,Carlos Baker,Harborview College,Toronto,,$15,PureGlow skincare set
1760,"Ethan Yamamoto joined Northfield University in Osaka on June 1, 2016 to launch a StreamCast speaker.","Ethan Yamamoto; Northfield University; Osaka; June 1, 2016; a StreamCast speaker",PERSON; ORG; GPE; DATE; PRODUCT,Ethan Yamamoto,Northfield University,Osaka,"June 1, 2016",,StreamCast speaker
1761,Elena Yamamoto traveled from Zurich to Osaka to negotiate a deal worth $89.99 with Union Manufacturing Corp..,Elena Yamamoto; Union Manufacturing Corp.; Osaka; Zurich; $89.99,PERSON; ORG; GPE; GPE; MONEY,Elena Yamamoto,Union Manufacturing Corp.,"Osaka, Zurich",,$89.99,
1762,"On February 22, 2021, Quantum Innovations opened a new branch in Mumbai, Kenya, appointing George Costa as director.","George Costa; Quantum Innovations; Kenya; Mumbai; February 22, 2021",PERSON; ORG; GPE; GPE; DATE,George Costa,Quantum Innovations,"Kenya, Mumbai","February 22, 2021",,
1763,"The board at Northfield University approved a $24.50 investment in Buenos Aires after Amara Kowalski's presentation on October 7, 2019.","Amara Kowalski; Northfield University; Buenos Aires; October 7, 2019; $24.50",PERSON; ORG; GPE; DATE; MONEY,Amara Kowalski,Northfield University,Buenos Aires,"October 7, 2019",$24.50,
1764,"Brightline Technologies partnered with a university in Berlin to research the CloudDesk chair technology, Mateus Rossi reported.",Mateus Rossi; Brightline Technologies; Berlin; the CloudDesk chair,PERSON; ORG; GPE; PRODUCT,Mateus Rossi,Brightline Technologies,Berlin,,,CloudDesk chair
1765,"The board at BrightFuture Foundation approved a $19.99 investment in Cairo after Liam Silva's presentation on May 24, 2015.","Liam Silva; BrightFuture Foundation; Cairo; May 24, 2015; $19.99",PERSON; ORG; GPE; DATE; MONEY,Liam Silva,BrightFuture Foundation,Cairo,"May 24, 2015",$19.99,
1766,"Daniel Costa joined Vertex Analytics in Warsaw on May 19, 2016 to launch a SnapShot camera.","Daniel Costa; Vertex Analytics; Warsaw; May 19, 2016; a SnapShot camera",PERSON; ORG; GPE; DATE; PRODUCT,Daniel Costa,Vertex Analytics,Warsaw,"May 19, 2016",,SnapShot camera
1767,"Vertex Analytics partnered with a university in Seoul to research the QuickBrew coffee maker technology, Zainab Young reported.",Zainab Young; Vertex Analytics; Seoul; the QuickBrew coffee maker,PERSON; ORG; GPE; PRODUCT,Zainab Young,Vertex Analytics,Seoul,,,QuickBrew coffee maker
1768,"On October 8, 2024, Redstone Consulting opened a new branch in Lisbon, New Zealand, appointing Maria Young as director.","Maria Young; Redstone Consulting; Lisbon; New Zealand; October 8, 2024",PERSON; ORG; GPE; GPE; DATE,Maria Young,Redstone Consulting,"Lisbon, New Zealand","October 8, 2024",,
1769,"Fatima Garcia, a spokesperson for Quantum Innovations, confirmed the release of the TravelLite suitcase for $89.99 on August 4, 2025.","Fatima Garcia; Quantum Innovations; August 4, 2025; $89.99; the TravelLite suitcase",PERSON; ORG; DATE; MONEY; PRODUCT,Fatima Garcia,Quantum Innovations,,"August 4, 2025",$89.99,TravelLite suitcase
1770,"The board at Silverline Motors approved a $89.99 investment in Austin after Nadia Young's presentation on September 22, 2016.","Nadia Young; Silverline Motors; Austin; September 22, 2016; $89.99",PERSON; ORG; GPE; DATE; MONEY,Nadia Young,Silverline Motors,Austin,"September 22, 2016",$89.99,
1771,"Zenith Pharmaceuticals announced that Carlos Suzuki will lead the new office in Cape Town starting March 9, 2023.","Carlos Suzuki; Zenith Pharmaceuticals; Cape Town; March 9, 2023",PERSON; ORG; GPE; DATE,Carlos Suzuki,Zenith Pharmaceuticals,Cape Town,"March 9, 2023",,
1772,"On January 7, 2016, Northfield University opened a new branch in Cairo, India, appointing Emma Scott as director.","Emma Scott; Northfield University; Cairo; India; January 7, 2016",PERSON; ORG; GPE; GPE; DATE,Emma Scott,Northfield University,"Cairo, India","January 7, 2016",,
1773,"Ironwood Steel Works announced that Grace Haddad will lead the new office in Zurich starting April 20, 2022.","Grace Haddad; Ironwood Steel Works; Zurich; April 20, 2022",PERSON; ORG; GPE; DATE,Grace Haddad,Ironwood Steel Works,Zurich,"April 20, 2022",,
1774,"On June 26, 2018, NextGen Software Labs opened a new branch in Stockholm, New Zealand, appointing Nadia Green as director.","Nadia Green; NextGen Software Labs; New Zealand; Stockholm; June 26, 2018",PERSON; ORG; GPE; GPE; DATE,Nadia Green,NextGen Software Labs,"New Zealand, Stockholm","June 26, 2018",,
1775,"Northfield University announced that Jack Yamamoto will lead the new office in Manila starting May 27, 2025.","Jack Yamamoto; Northfield University; Manila; May 27, 2025",PERSON; ORG; GPE; DATE,Jack Yamamoto,Northfield University,Manila,"May 27, 2025",,
1776,"Pioneer Research Institute announced that Omar Rossi will lead the new office in Toronto starting October 2, 2019.","Omar Rossi; Pioneer Research Institute; Toronto; October 2, 2019",PERSON; ORG; GPE; DATE,Omar Rossi,Pioneer Research Institute,Toronto,"October 2, 2019",,
1777,"The board at Lakeside Medical Center approved a $99 investment in Lisbon after Ibrahim Wilson's presentation on June 9, 2020.","Ibrahim Wilson; Lakeside Medical Center; Lisbon; June 9, 2020; $99",PERSON; ORG; GPE; DATE; MONEY,Ibrahim Wilson,Lakeside Medical Center,Lisbon,"June 9, 2020",$99,
1778,"Blue Horizon Airlines announced that Grace Kim will lead the new office in Nairobi starting May 28, 2017.","Grace Kim; Blue Horizon Airlines; Nairobi; May 28, 2017",PERSON; ORG; GPE; DATE,Grace Kim,Blue Horizon Airlines,Nairobi,"May 28, 2017",,
1779,"Summit Robotics Inc. partnered with a university in Seoul to research the SmartHome Hub technology, Grace Fernandez reported.",Grace Fernandez; Summit Robotics Inc.; Seoul; the SmartHome Hub,PERSON; ORG; GPE; PRODUCT,Grace Fernandez,Summit Robotics Inc.,Seoul,,,SmartHome Hub
1780,"During the conference in Cairo, Anna Anderson from Riverside Bank unveiled the TravelLite suitcase priced at $199.",Anna Anderson; Riverside Bank; Cairo; $199; the TravelLite suitcase,PERSON; ORG; GPE; MONEY; PRODUCT,Anna Anderson,Riverside Bank,Cairo,,$199,TravelLite suitcase
1781,"Mateus Khan joined Cedar Grove Hospital in Cairo on February 22, 2025 to launch the TravelLite suitcase.","Mateus Khan; Cedar Grove Hospital; Cairo; February 22, 2025; the TravelLite suitcase",PERSON; ORG; GPE; DATE; PRODUCT,Mateus Khan,Cedar Grove Hospital,Cairo,"February 22, 2025",,TravelLite suitcase
1782,"The board at Harborview College approved a $30.75 investment in Austin after Kevin Okafor's presentation on January 8, 2015.","Kevin Okafor; Harborview College; Austin; January 8, 2015; $30.75",PERSON; ORG; GPE; DATE; MONEY,Kevin Okafor,Harborview College,Austin,"January 8, 2015",$30.75,
1783,"The board at Oakwood Publishing House approved a $15 investment in Vancouver after Julia Costa's presentation on October 25, 2019.","Julia Costa; Oakwood Publishing House; Vancouver; October 25, 2019; $15",PERSON; ORG; GPE; DATE; MONEY,Julia Costa,Oakwood Publishing House,Vancouver,"October 25, 2019",$15,
1784,"During the conference in Stockholm, Ibrahim Clark from Zenith Pharmaceuticals unveiled the GreenLeaf water bottle priced at $199.",Ibrahim Clark; Zenith Pharmaceuticals; Stockholm; $199; the GreenLeaf water bottle,PERSON; ORG; GPE; MONEY; PRODUCT,Ibrahim Clark,Zenith Pharmaceuticals,Stockholm,,$199,GreenLeaf water bottle
1785,"During the conference in Warsaw, Mateus Brown from Golden Gate Retailers unveiled the TravelLite suitcase priced at $350.",Mateus Brown; Golden Gate Retailers; Warsaw; $350; the TravelLite suitcase,PERSON; ORG; GPE; MONEY; PRODUCT,Mateus Brown,Golden Gate Retailers,Warsaw,,$350,TravelLite suitcase
1786,"Global Trade Partners partnered with a university in Melbourne to research the FlexFit yoga mat technology, Mei Novak reported.",Mei Novak; Global Trade Partners; Melbourne; the FlexFit yoga mat,PERSON; ORG; GPE; PRODUCT,Mei Novak,Global Trade Partners,Melbourne,,,FlexFit yogmat
1787,"Chen Wright, a spokesperson for Crescent Media Group, confirmed the release of the FreshAir purifier for $99 on September 14, 2023.","Chen Wright; Crescent Media Group; September 14, 2023; $99; the FreshAir purifier",PERSON; ORG; DATE; MONEY; PRODUCT,Chen Wright,Crescent Media Group,,"September 14, 2023",$99,FreshAir purifier
1788,"Golden Gate Retailers partnered with a university in Prague to research the CloudDesk chair technology, Samuel Osei reported.",Samuel Osei; Golden Gate Retailers; Prague; the CloudDesk chair,PERSON; ORG; GPE; PRODUCT,Samuel Osei,Golden Gate Retailers,Prague,,,CloudDesk chair
1789,"Meridian Financial Group partnered with a university in Seoul to research the AeroFit smartwatch technology, Ibrahim Anderson reported.",Ibrahim Anderson; Meridian Financial Group; Seoul; the AeroFit smartwatch,PERSON; ORG; GPE; PRODUCT,Ibrahim Anderson,Meridian Financial Group,Seoul,,,AeroFit smartwatch
1790,"Zenith Pharmaceuticals announced that Jack King will lead the new office in Mumbai starting January 11, 2021.","Jack King; Zenith Pharmaceuticals; Mumbai; January 11, 2021",PERSON; ORG; GPE; DATE,Jack King,Zenith Pharmaceuticals,Mumbai,"January 11, 2021",,
1791,"Delta Cloud Services partnered with a university in Amsterdam to research the CloudDesk chair technology, Tom Green reported.",Tom Green; Delta Cloud Services; Amsterdam; the CloudDesk chair,PERSON; ORG; GPE; PRODUCT,Tom Green,Delta Cloud Services,Amsterdam,,,CloudDesk chair
1792,"During the conference in Wellington, Kevin Silva from Crescent Media Group unveiled the CloudDesk chair priced at $75.",Kevin Silva; Crescent Media Group; Wellington; $75; the CloudDesk chair,PERSON; ORG; GPE; MONEY; PRODUCT,Kevin Silva,Crescent Media Group,Wellington,,$75,CloudDesk chair
1793,"Summit Robotics Inc. partnered with a university in Nairobi to research the PixelView monitor technology, Adaeze Wright reported.",Adaeze Wright; Summit Robotics Inc.; Nairobi; the PixelView monitor,PERSON; ORG; GPE; PRODUCT,Adaeze Wright,Summit Robotics Inc.,Nairobi,,,PixelView monitor
1794,"On February 11, 2018, Harborview College opened a new branch in Denver, Chile, appointing Daniel Larsen as director.","Daniel Larsen; Harborview College; Chile; Denver; February 11, 2018",PERSON; ORG; GPE; GPE; DATE,Daniel Larsen,Harborview College,"Chile, Denver","February 11, 2018",,
1795,"The board at Union Manufacturing Corp. approved a $99 investment in Warsaw after Daniel Haddad's presentation on November 1, 2024.","Daniel Haddad; Union Manufacturing Corp.; Warsaw; November 1, 2024; $99",PERSON; ORG; GPE; DATE; MONEY,Daniel Haddad,Union Manufacturing Corp.,Warsaw,"November 1, 2024",$99,
1796,"Blue Horizon Airlines partnered with a university in Bangkok to research the TravelLite suitcase technology, Hana Suzuki reported.",Hana Suzuki; Blue Horizon Airlines; Bangkok; the TravelLite suitcase,PERSON; ORG; GPE; PRODUCT,Hana Suzuki,Blue Horizon Airlines,Bangkok,,,TravelLite suitcase
1797,"On August 25, 2025, Delta Cloud Services opened a new branch in Prague, Argentina, appointing Nina Silva as director.","Nina Silva; Delta Cloud Services; Argentina; Prague; August 25, 2025",PERSON; ORG; GPE; GPE; DATE,Nina Silva,Delta Cloud Services,"Argentina, Prague","August 25, 2025",,
1798,"On May 4, 2023, Redstone Consulting opened a new branch in Seoul, Thailand, appointing Nina Dubois as director.","Nina Dubois; Redstone Consulting; Seoul; Thailand; May 4, 2023",PERSON; ORG; GPE; GPE; DATE,Nina Dubois,Redstone Consulting,"Seoul, Thailand","May 4, 2023",,
1799,"Mei Ivanov joined BrightFuture Foundation in Manila on October 14, 2018 to launch a ProGrip tennis racket.","Mei Ivanov; BrightFuture Foundation; Manila; October 14, 2018; a ProGrip tennis racket",PERSON; ORG; GPE; DATE; PRODUCT,Mei Ivanov,BrightFuture Foundation,Manila,"October 14, 2018",,ProGrip tennis racket
1800,Sofia Müller traveled from Nairobi to Toronto to negotiate a deal worth $120 with Ironwood Steel Works.,Sofia Müller; Ironwood Steel Works; Nairobi; Toronto; $120,PERSON; ORG; GPE; GPE; MONEY,Sofia Müller,Ironwood Steel Works,"Nairobi, Toronto",,$120,
1801,"The board at Crescent Media Group approved a $45.50 investment in Melbourne after Ingrid Young's presentation on August 4, 2020.","Ingrid Young; Crescent Media Group; Melbourne; August 4, 2020; $45.50",PERSON; ORG; GPE; DATE; MONEY,Ingrid Young,Crescent Media Group,Melbourne,"August 4, 2020",$45.50,
1802,"Summit Robotics Inc. announced that Daniel Haddad will lead the new office in Zurich starting May 25, 2021.","Daniel Haddad; Summit Robotics Inc.; Zurich; May 25, 2021",PERSON; ORG; GPE; DATE,Daniel Haddad,Summit Robotics Inc.,Zurich,"May 25, 2021",,
1803,"During the conference in Lisbon, Omar Haddad from Quantum Innovations unveiled the SmartHome Hub priced at $49.99.",Omar Haddad; Quantum Innovations; Lisbon; $49.99; the SmartHome Hub,PERSON; ORG; GPE; MONEY; PRODUCT,Omar Haddad,Quantum Innovations,Lisbon,,$49.99,SmartHome Hub
1804,"On July 28, 2017, Riverside Bank opened a new branch in Denver, New Zealand, appointing Nadia Suzuki as director.","Nadia Suzuki; Riverside Bank; Denver; New Zealand; July 28, 2017",PERSON; ORG; GPE; GPE; DATE,Nadia Suzuki,Riverside Bank,"Denver, New Zealand","July 28, 2017",,
1805,"Meridian Financial Group announced that Noah Wilson will lead the new office in Edinburgh starting December 5, 2016.","Noah Wilson; Meridian Financial Group; Edinburgh; December 5, 2016",PERSON; ORG; GPE; DATE,Noah Wilson,Meridian Financial Group,Edinburgh,"December 5, 2016",,
1806,"The board at Meridian Financial Group approved a $89.99 investment in Prague after Samuel Clark's presentation on June 16, 2021.","Samuel Clark; Meridian Financial Group; Prague; June 16, 2021; $89.99",PERSON; ORG; GPE; DATE; MONEY,Samuel Clark,Meridian Financial Group,Prague,"June 16, 2021",$89.99,
1807,"Fatima Smith joined Skyline Real Estate in Berlin on September 27, 2024 to launch the FreshAir purifier.","Fatima Smith; Skyline Real Estate; Berlin; September 27, 2024; the FreshAir purifier",PERSON; ORG; GPE; DATE; PRODUCT,Fatima Smith,Skyline Real Estate,Berlin,"September 27, 2024",,FreshAir purifier
1808,"Blue Horizon Airlines partnered with a university in Cairo to research the TravelLite suitcase technology, Wei Suzuki reported.",Wei Suzuki; Blue Horizon Airlines; Cairo; the TravelLite suitcase,PERSON; ORG; GPE; PRODUCT,Wei Suzuki,Blue Horizon Airlines,Cairo,,,TravelLite suitcase
1809,"During the conference in Helsinki, Lucas Osei from Blue Horizon Airlines unveiled the CloudDesk chair priced at $45.50.",Lucas Osei; Blue Horizon Airlines; Helsinki; $45.50; the CloudDesk chair,PERSON; ORG; GPE; MONEY; PRODUCT,Lucas Osei,Blue Horizon Airlines,Helsinki,,$45.50,CloudDesk chair
1810,"Evergreen Energy Co. partnered with a university in Prague to research a NovaBook Pro laptop technology, Liam Nguyen reported.",Liam Nguyen; Evergreen Energy Co.; Prague; a NovaBook Pro laptop,PERSON; ORG; GPE; PRODUCT,Liam Nguyen,Evergreen Energy Co.,Prague,,,NovaBook Pro laptop
1811,Maria Johansson traveled from Mumbai to Cairo to negotiate a deal worth $250 with Northfield University.,Maria Johansson; Northfield University; Cairo; Mumbai; $250,PERSON; ORG; GPE; GPE; MONEY,Maria Johansson,Northfield University,"Cairo, Mumbai",,$250,
1812,"On October 4, 2018, Delta Cloud Services opened a new branch in Wellington, Thailand, appointing Ravi Larsen as director.","Ravi Larsen; Delta Cloud Services; Thailand; Wellington; October 4, 2018",PERSON; ORG; GPE; GPE; DATE,Ravi Larsen,Delta Cloud Services,"Thailand, Wellington","October 4, 2018",,
1813,"The board at Aurora Data Systems approved a $45.50 investment in Melbourne after Elena Green's presentation on December 24, 2020.","Elena Green; Aurora Data Systems; Melbourne; December 24, 2020; $45.50",PERSON; ORG; GPE; DATE; MONEY,Elena Green,Aurora Data Systems,Melbourne,"December 24, 2020",$45.50,
1814,"NextGen Software Labs announced that Olivia King will lead the new office in Seoul starting June 8, 2021.","Olivia King; NextGen Software Labs; Seoul; June 8, 2021",PERSON; ORG; GPE; DATE,Olivia King,NextGen Software Labs,Seoul,"June 8, 2021",,
1815,"The board at Quantum Innovations approved a $24.50 investment in Prague after Mei Haddad's presentation on December 15, 2017.","Mei Haddad; Quantum Innovations; Prague; December 15, 2017; $24.50",PERSON; ORG; GPE; DATE; MONEY,Mei Haddad,Quantum Innovations,Prague,"December 15, 2017",$24.50,
1816,Isabella Kowalski traveled from Seoul to Helsinki to negotiate a deal worth $89.99 with Oakwood Publishing House.,Isabella Kowalski; Oakwood Publishing House; Helsinki; Seoul; $89.99,PERSON; ORG; GPE; GPE; MONEY,Isabella Kowalski,Oakwood Publishing House,"Helsinki, Seoul",,$89.99,
1817,"The board at Evergreen Energy Co. approved a $250 investment in Toronto after Chloe Silva's presentation on January 16, 2024.","Chloe Silva; Evergreen Energy Co.; Toronto; January 16, 2024; $250",PERSON; ORG; GPE; DATE; MONEY,Chloe Silva,Evergreen Energy Co.,Toronto,"January 16, 2024",$250,
1818,"During the conference in Vancouver, Mei Green from Quantum Innovations unveiled the CloudDesk chair priced at $75.",Mei Green; Quantum Innovations; Vancouver; $75; the CloudDesk chair,PERSON; ORG; GPE; MONEY; PRODUCT,Mei Green,Quantum Innovations,Vancouver,,$75,CloudDesk chair
1819,"Union Manufacturing Corp. partnered with a university in Buenos Aires to research a PureGlow skincare set technology, Daniel Wright reported.",Daniel Wright; Union Manufacturing Corp.; Buenos Aires; a PureGlow skincare set,PERSON; ORG; GPE; PRODUCT,Daniel Wright,Union Manufacturing Corp.,Buenos Aires,,,PureGlow skincare set
1820,"Layla Moore joined Vertex Analytics in Prague on October 17, 2017 to launch the CloudDesk chair.","Layla Moore; Vertex Analytics; Prague; October 17, 2017; the CloudDesk chair",PERSON; ORG; GPE; DATE; PRODUCT,Layla Moore,Vertex Analytics,Prague,"October 17, 2017",,CloudDesk chair
1821,Omar Kim traveled from Wellington to Osaka to negotiate a deal worth $75 with Ironwood Steel Works.,Omar Kim; Ironwood Steel Works; Osaka; Wellington; $75,PERSON; ORG; GPE; GPE; MONEY,Omar Kim,Ironwood Steel Works,"Osaka, Wellington",,$75,
1822,"Oakwood Publishing House partnered with a university in Santiago to research a NightOwl reading lamp technology, Grace Nguyen reported.",Grace Nguyen; Oakwood Publishing House; Santiago; a NightOwl reading lamp,PERSON; ORG; GPE; PRODUCT,Grace Nguyen,Oakwood Publishing House,Santiago,,,NightOwl reading lamp
1823,"James Johansson joined Golden Gate Retailers in Prague on April 4, 2024 to launch a SunBeam solar charger.","James Johansson; Golden Gate Retailers; Prague; April 4, 2024; a SunBeam solar charger",PERSON; ORG; GPE; DATE; PRODUCT,James Johansson,Golden Gate Retailers,Prague,"April 4, 2024",,SunBeam solar charger
1824,"Hana King, a spokesperson for Maple Street School District, confirmed the release of the AeroFit smartwatch for $250 on January 16, 2024.","Hana King; Maple Street School District; January 16, 2024; $250; the AeroFit smartwatch",PERSON; ORG; DATE; MONEY; PRODUCT,Hana King,Maple Street School District,,"January 16, 2024",$250,AeroFit smartwatch
1825,"Sofia Khan, a spokesperson for Summit Robotics Inc., confirmed the release of the CloudDesk chair for $250 on August 27, 2015.","Sofia Khan; Summit Robotics Inc.; August 27, 2015; $250; the CloudDesk chair",PERSON; ORG; DATE; MONEY; PRODUCT,Sofia Khan,Summit Robotics Inc.,,"August 27, 2015",$250,CloudDesk chair
1826,"Ethan Garcia, a spokesperson for Quantum Innovations, confirmed the release of a NightOwl reading lamp for $120 on May 8, 2023.","Ethan Garcia; Quantum Innovations; May 8, 2023; $120; a NightOwl reading lamp",PERSON; ORG; DATE; MONEY; PRODUCT,Ethan Garcia,Quantum Innovations,,"May 8, 2023",$120,NightOwl reading lamp
1827,"Maria Hall joined Cedar Grove Hospital in Dublin on December 7, 2024 to launch a SunBeam solar charger.","Maria Hall; Cedar Grove Hospital; Dublin; December 7, 2024; a SunBeam solar charger",PERSON; ORG; GPE; DATE; PRODUCT,Maria Hall,Cedar Grove Hospital,Dublin,"December 7, 2024",,SunBeam solar charger
1828,"The board at Zenith Pharmaceuticals approved a $19.99 investment in Zurich after Julia Haddad's presentation on October 6, 2022.","Julia Haddad; Zenith Pharmaceuticals; Zurich; October 6, 2022; $19.99",PERSON; ORG; GPE; DATE; MONEY,Julia Haddad,Zenith Pharmaceuticals,Zurich,"October 6, 2022",$19.99,
1829,"Zenith Pharmaceuticals announced that Mark King will lead the new office in Mumbai starting February 16, 2019.","Mark King; Zenith Pharmaceuticals; Mumbai; February 16, 2019",PERSON; ORG; GPE; DATE,Mark King,Zenith Pharmaceuticals,Mumbai,"February 16, 2019",,
1830,"Pioneer Research Institute announced that Aisha Kim will lead the new office in Vancouver starting October 8, 2016.","Aisha Kim; Pioneer Research Institute; Vancouver; October 8, 2016",PERSON; ORG; GPE; DATE,Aisha Kim,Pioneer Research Institute,Vancouver,"October 8, 2016",,
1831,Amara Silva traveled from Zurich to Osaka to negotiate a deal worth $45.50 with Northfield University.,Amara Silva; Northfield University; Osaka; Zurich; $45.50,PERSON; ORG; GPE; GPE; MONEY,Amara Silva,Northfield University,"Osaka, Zurich",,$45.50,
1832,Chloe Lewis traveled from Seoul to Cairo to negotiate a deal worth $350 with Global Trade Partners.,Chloe Lewis; Global Trade Partners; Cairo; Seoul; $350,PERSON; ORG; GPE; GPE; MONEY,Chloe Lewis,Global Trade Partners,"Cairo, Seoul",,$350,
1833,"BrightFuture Foundation announced that Anna Petrov will lead the new office in Seoul starting July 22, 2023.","Anna Petrov; BrightFuture Foundation; Seoul; July 22, 2023",PERSON; ORG; GPE; DATE,Anna Petrov,BrightFuture Foundation,Seoul,"July 22, 2023",,
1834,"Lakeside Medical Center announced that Hassan Garcia will lead the new office in Toronto starting May 9, 2015.","Hassan Garcia; Lakeside Medical Center; Toronto; May 9, 2015",PERSON; ORG; GPE; DATE,Hassan Garcia,Lakeside Medical Center,Toronto,"May 9, 2015",,
1835,"Pioneer Research Institute partnered with a university in Stockholm to research a RoadMaster bicycle technology, Lucas Smith reported.",Lucas Smith; Pioneer Research Institute; Stockholm; a RoadMaster bicycle,PERSON; ORG; GPE; PRODUCT,Lucas Smith,Pioneer Research Institute,Stockholm,,,RoadMaster bicycle
1836,"Global Trade Partners partnered with a university in Wellington to research a SnapShot camera technology, Aisha Baker reported.",Aisha Baker; Global Trade Partners; Wellington; a SnapShot camera,PERSON; ORG; GPE; PRODUCT,Aisha Baker,Global Trade Partners,Wellington,,,SnapShot camera
1837,"Vertex Analytics partnered with a university in Copenhagen to research the SmartHome Hub technology, Nadia Nguyen reported.",Nadia Nguyen; Vertex Analytics; Copenhagen; the SmartHome Hub,PERSON; ORG; GPE; PRODUCT,Nadia Nguyen,Vertex Analytics,Copenhagen,,,SmartHome Hub
1838,"Evergreen Energy Co. announced that Layla Müller will lead the new office in Seoul starting July 5, 2021.","Layla Müller; Evergreen Energy Co.; Seoul; July 5, 2021",PERSON; ORG; GPE; DATE,Layla Müller,Evergreen Energy Co.,Seoul,"July 5, 2021",,
1839,"On August 28, 2024, Evergreen Energy Co. opened a new branch in Mumbai, Denmark, appointing Liam Wright as director.","Liam Wright; Evergreen Energy Co.; Denmark; Mumbai; August 28, 2024",PERSON; ORG; GPE; GPE; DATE,Liam Wright,Evergreen Energy Co.,"Denmark, Mumbai","August 28, 2024",,
1840,"The board at Brightline Technologies approved a $250 investment in Helsinki after Lucas Novak's presentation on June 3, 2020.","Lucas Novak; Brightline Technologies; Helsinki; June 3, 2020; $250",PERSON; ORG; GPE; DATE; MONEY,Lucas Novak,Brightline Technologies,Helsinki,"June 3, 2020",$250,
1841,"Ravi Wright, a spokesperson for Summit Robotics Inc., confirmed the release of a TrailRunner backpack for $199 on November 26, 2023.","Ravi Wright; Summit Robotics Inc.; November 26, 2023; $199; a TrailRunner backpack",PERSON; ORG; DATE; MONEY; PRODUCT,Ravi Wright,Summit Robotics Inc.,,"November 26, 2023",$199,TrailRunner backpack
1842,"The board at Maple Street School District approved a $1,200 investment in Buenos Aires after Ahmed Novak's presentation on February 21, 2018.","Ahmed Novak; Maple Street School District; Buenos Aires; February 21, 2018; $1,200",PERSON; ORG; GPE; DATE; MONEY,Ahmed Novak,Maple Street School District,Buenos Aires,"February 21, 2018","$1,200",
1843,"Lucas Müller joined Coastal Insurance Co. in Amsterdam on March 26, 2015 to launch a SnapShot camera.","Lucas Müller; Coastal Insurance Co.; Amsterdam; March 26, 2015; a SnapShot camera",PERSON; ORG; GPE; DATE; PRODUCT,Lucas Müller,Coastal Insurance Co.,Amsterdam,"March 26, 2015",,SnapShot camera
1844,"The board at Pioneer Research Institute approved a $15 investment in Cairo after Ibrahim Lewis's presentation on March 4, 2022.","Ibrahim Lewis; Pioneer Research Institute; Cairo; March 4, 2022; $15",PERSON; ORG; GPE; DATE; MONEY,Ibrahim Lewis,Pioneer Research Institute,Cairo,"March 4, 2022",$15,
1845,"Ethan Anderson, a spokesperson for Maple Street School District, confirmed the release of the CloudDesk chair for $250 on October 3, 2023.","Ethan Anderson; Maple Street School District; October 3, 2023; $250; the CloudDesk chair",PERSON; ORG; DATE; MONEY; PRODUCT,Ethan Anderson,Maple Street School District,,"October 3, 2023",$250,CloudDesk chair
1846,"Adaeze Okafor, a spokesperson for Coastal Insurance Co., confirmed the release of a SunBeam solar charger for $30.75 on August 1, 2025.","Adaeze Okafor; Coastal Insurance Co.; August 1, 2025; $30.75; a SunBeam solar charger",PERSON; ORG; DATE; MONEY; PRODUCT,Adaeze Okafor,Coastal Insurance Co.,,"August 1, 2025",$30.75,SunBeam solar charger
1847,"The board at Harborview College approved a $99 investment in Wellington after Aisha Wright's presentation on May 23, 2022.","Aisha Wright; Harborview College; Wellington; May 23, 2022; $99",PERSON; ORG; GPE; DATE; MONEY,Aisha Wright,Harborview College,Wellington,"May 23, 2022",$99,
1848,"Silverline Motors announced that Tom Okafor will lead the new office in Seoul starting March 12, 2015.","Tom Okafor; Silverline Motors; Seoul; March 12, 2015",PERSON; ORG; GPE; DATE,Tom Okafor,Silverline Motors,Seoul,"March 12, 2015",,
1849,"Quantum Innovations announced that Carlos Ivanov will lead the new office in Santiago starting September 16, 2015.","Carlos Ivanov; Quantum Innovations; Santiago; September 16, 2015",PERSON; ORG; GPE; DATE,Carlos Ivanov,Quantum Innovations,Santiago,"September 16, 2015",,
1850,Yuki Rossi traveled from Nairobi to Lisbon to negotiate a deal worth $45.50 with Summit Robotics Inc..,Yuki Rossi; Summit Robotics Inc.; Lisbon; Nairobi; $45.50,PERSON; ORG; GPE; GPE; MONEY,Yuki Rossi,Summit Robotics Inc.,"Lisbon, Nairobi",,$45.50,
1851,"During the conference in Marrakesh, Fatima Chen from Zenith Pharmaceuticals unveiled the QuickBrew coffee maker priced at $19.99.",Fatima Chen; Zenith Pharmaceuticals; Marrakesh; $19.99; the QuickBrew coffee maker,PERSON; ORG; GPE; MONEY; PRODUCT,Fatima Chen,Zenith Pharmaceuticals,Marrakesh,,$19.99,QuickBrew coffee maker
1852,"On August 24, 2021, Union Manufacturing Corp. opened a new branch in Melbourne, Australia, appointing Victor Walker as director.","Victor Walker; Union Manufacturing Corp.; Australia; Melbourne; August 24, 2021",PERSON; ORG; GPE; GPE; DATE,Victor Walker,Union Manufacturing Corp.,"Australia, Melbourne","August 24, 2021",,
1853,"Summit Robotics Inc. partnered with a university in Denver to research the TravelLite suitcase technology, Hana Hall reported.",Hana Hall; Summit Robotics Inc.; Denver; the TravelLite suitcase,PERSON; ORG; GPE; PRODUCT,Hana Hall,Summit Robotics Inc.,Denver,,,TravelLite suitcase
1854,"Adaeze Garcia joined Zenith Pharmaceuticals in Wellington on February 2, 2023 to launch a SnapShot camera.","Adaeze Garcia; Zenith Pharmaceuticals; Wellington; February 2, 2023; a SnapShot camera",PERSON; ORG; GPE; DATE; PRODUCT,Adaeze Garcia,Zenith Pharmaceuticals,Wellington,"February 2, 2023",,SnapShot camera
1855,Samuel Garcia traveled from Mumbai to Manila to negotiate a deal worth $19.99 with Coastal Insurance Co..,Samuel Garcia; Coastal Insurance Co.; Manila; Mumbai; $19.99,PERSON; ORG; GPE; GPE; MONEY,Samuel Garcia,Coastal Insurance Co.,"Manila, Mumbai",,$19.99,
1856,"The board at Summit Robotics Inc. approved a $199 investment in Osaka after Carlos Young's presentation on January 11, 2025.","Carlos Young; Summit Robotics Inc.; Osaka; January 11, 2025; $199",PERSON; ORG; GPE; DATE; MONEY,Carlos Young,Summit Robotics Inc.,Osaka,"January 11, 2025",$199,
1857,"On November 13, 2022, Redstone Consulting opened a new branch in Edinburgh, Kenya, appointing Peter Dubois as director.","Peter Dubois; Redstone Consulting; Edinburgh; Kenya; November 13, 2022",PERSON; ORG; GPE; GPE; DATE,Peter Dubois,Redstone Consulting,"Edinburgh, Kenya","November 13, 2022",,
1858,"On February 11, 2019, Northfield University opened a new branch in Amsterdam, Japan, appointing Noah Fernandez as director.","Noah Fernandez; Northfield University; Amsterdam; Japan; February 11, 2019",PERSON; ORG; GPE; GPE; DATE,Noah Fernandez,Northfield University,"Amsterdam, Japan","February 11, 2019",,
1859,"During the conference in Buenos Aires, Elena Rossi from Lakeside Medical Center unveiled the PixelView monitor priced at $250.",Elena Rossi; Lakeside Medical Center; Buenos Aires; $250; the PixelView monitor,PERSON; ORG; GPE; MONEY; PRODUCT,Elena Rossi,Lakeside Medical Center,Buenos Aires,,$250,PixelView monitor
1860,"During the conference in Helsinki, Isabella Patel from Ironwood Steel Works unveiled the GreenLeaf water bottle priced at $24.50.",Isabella Patel; Ironwood Steel Works; Helsinki; $24.50; the GreenLeaf water bottle,PERSON; ORG; GPE; MONEY; PRODUCT,Isabella Patel,Ironwood Steel Works,Helsinki,,$24.50,GreenLeaf water bottle
1861,Aisha Costa traveled from Kuala Lumpur to Copenhagen to negotiate a deal worth $99 with Cedar Grove Hospital.,Aisha Costa; Cedar Grove Hospital; Copenhagen; Kuala Lumpur; $99,PERSON; ORG; GPE; GPE; MONEY,Aisha Costa,Cedar Grove Hospital,"Copenhagen, Kuala Lumpur",,$99,
1862,"Samuel Kowalski joined Meridian Financial Group in Nairobi on June 22, 2020 to launch the QuickBrew coffee maker.","Samuel Kowalski; Meridian Financial Group; Nairobi; June 22, 2020; the QuickBrew coffee maker",PERSON; ORG; GPE; DATE; PRODUCT,Samuel Kowalski,Meridian Financial Group,Nairobi,"June 22, 2020",,QuickBrew coffee maker
1863,Wei Johansson traveled from Edinburgh to Buenos Aires to negotiate a deal worth $499.99 with Riverside Bank.,Wei Johansson; Riverside Bank; Buenos Aires; Edinburgh; $499.99,PERSON; ORG; GPE; GPE; MONEY,Wei Johansson,Riverside Bank,"Buenos Aires, Edinburgh",,$499.99,
1864,Olivia Hall traveled from Cape Town to Dublin to negotiate a deal worth $250 with Zenith Pharmaceuticals.,Olivia Hall; Zenith Pharmaceuticals; Cape Town; Dublin; $250,PERSON; ORG; GPE; GPE; MONEY,Olivia Hall,Zenith Pharmaceuticals,"Cape Town, Dublin",,$250,
1865,"Golden Gate Retailers partnered with a university in Seoul to research the QuickBrew coffee maker technology, Hana Patel reported.",Hana Patel; Golden Gate Retailers; Seoul; the QuickBrew coffee maker,PERSON; ORG; GPE; PRODUCT,Hana Patel,Golden Gate Retailers,Seoul,,,QuickBrew coffee maker
1866,"Harborview College partnered with a university in Vancouver to research the FreshAir purifier technology, Julia Ivanov reported.",Julia Ivanov; Harborview College; Vancouver; the FreshAir purifier,PERSON; ORG; GPE; PRODUCT,Julia Ivanov,Harborview College,Vancouver,,,FreshAir purifier
1867,"Brightline Technologies partnered with a university in Edinburgh to research the GreenLeaf water bottle technology, Tom Hall reported.",Tom Hall; Brightline Technologies; Edinburgh; the GreenLeaf water bottle,PERSON; ORG; GPE; PRODUCT,Tom Hall,Brightline Technologies,Edinburgh,,,GreenLeaf water bottle
1868,"Ethan Suzuki joined Coastal Insurance Co. in Zurich on May 10, 2017 to launch a PureGlow skincare set.","Ethan Suzuki; Coastal Insurance Co.; Zurich; May 10, 2017; a PureGlow skincare set",PERSON; ORG; GPE; DATE; PRODUCT,Ethan Suzuki,Coastal Insurance Co.,Zurich,"May 10, 2017",,PureGlow skincare set
1869,"Crescent Media Group partnered with a university in Nairobi to research a SoundWave headset technology, Sofia Hall reported.",Sofia Hall; Crescent Media Group; Nairobi; a SoundWave headset,PERSON; ORG; GPE; PRODUCT,Sofia Hall,Crescent Media Group,Nairobi,,,SoundWave headset
1870,"Hana Suzuki joined Skyline Real Estate in Copenhagen on December 27, 2020 to launch a ProGrip tennis racket.","Hana Suzuki; Skyline Real Estate; Copenhagen; December 27, 2020; a ProGrip tennis racket",PERSON; ORG; GPE; DATE; PRODUCT,Hana Suzuki,Skyline Real Estate,Copenhagen,"December 27, 2020",,ProGrip tennis racket
1871,"Vertex Analytics partnered with a university in Dublin to research the FreshAir purifier technology, Lucas Johansson reported.",Lucas Johansson; Vertex Analytics; Dublin; the FreshAir purifier,PERSON; ORG; GPE; PRODUCT,Lucas Johansson,Vertex Analytics,Dublin,,,FreshAir purifier
1872,Fatima Chen traveled from Lisbon to Zurich to negotiate a deal worth $99 with Riverside Bank.,Fatima Chen; Riverside Bank; Lisbon; Zurich; $99,PERSON; ORG; GPE; GPE; MONEY,Fatima Chen,Riverside Bank,"Lisbon, Zurich",,$99,
1873,"During the conference in Wellington, David Green from Union Manufacturing Corp. unveiled a PureGlow skincare set priced at $250.",David Green; Union Manufacturing Corp.; Wellington; $250; a PureGlow skincare set,PERSON; ORG; GPE; MONEY; PRODUCT,David Green,Union Manufacturing Corp.,Wellington,,$250,PureGlow skincare set
1874,"Samuel Dubois joined Golden Gate Retailers in Melbourne on February 4, 2018 to launch the PixelView monitor.","Samuel Dubois; Golden Gate Retailers; Melbourne; February 4, 2018; the PixelView monitor",PERSON; ORG; GPE; DATE; PRODUCT,Samuel Dubois,Golden Gate Retailers,Melbourne,"February 4, 2018",,PixelView monitor
1875,"During the conference in Dublin, Amara Johansson from Evergreen Energy Co. unveiled the TravelLite suitcase priced at $24.50.",Amara Johansson; Evergreen Energy Co.; Dublin; $24.50; the TravelLite suitcase,PERSON; ORG; GPE; MONEY; PRODUCT,Amara Johansson,Evergreen Energy Co.,Dublin,,$24.50,TravelLite suitcase
1876,"Maple Street School District partnered with a university in Osaka to research the TravelLite suitcase technology, Maria Wright reported.",Maria Wright; Maple Street School District; Osaka; the TravelLite suitcase,PERSON; ORG; GPE; PRODUCT,Maria Wright,Maple Street School District,Osaka,,,TravelLite suitcase
1877,"Lakeside Medical Center partnered with a university in Zurich to research a RoadMaster bicycle technology, Ethan Smith reported.",Ethan Smith; Lakeside Medical Center; Zurich; a RoadMaster bicycle,PERSON; ORG; GPE; PRODUCT,Ethan Smith,Lakeside Medical Center,Zurich,,,RoadMaster bicycle
1878,"The board at Cedar Grove Hospital approved a $199 investment in Vancouver after James Lewis's presentation on January 19, 2022.","James Lewis; Cedar Grove Hospital; Vancouver; January 19, 2022; $199",PERSON; ORG; GPE; DATE; MONEY,James Lewis,Cedar Grove Hospital,Vancouver,"January 19, 2022",$199,
1879,"Brightline Technologies partnered with a university in Denver to research the CloudDesk chair technology, Fatima Kim reported.",Fatima Kim; Brightline Technologies; Denver; the CloudDesk chair,PERSON; ORG; GPE; PRODUCT,Fatima Kim,Brightline Technologies,Denver,,,CloudDesk chair
1880,"Aurora Data Systems partnered with a university in Jakarta to research the ChefMate blender technology, Ahmed Hall reported.",Ahmed Hall; Aurora Data Systems; Jakarta; the ChefMate blender,PERSON; ORG; GPE; PRODUCT,Ahmed Hall,Aurora Data Systems,Jakarta,,,ChefMate blender
1881,"The board at Ironwood Steel Works approved a $45.50 investment in Buenos Aires after Omar Young's presentation on March 6, 2020.","Omar Young; Ironwood Steel Works; Buenos Aires; March 6, 2020; $45.50",PERSON; ORG; GPE; DATE; MONEY,Omar Young,Ironwood Steel Works,Buenos Aires,"March 6, 2020",$45.50,
1882,"On July 15, 2025, Cedar Grove Hospital opened a new branch in Stockholm, Chile, appointing Tom Garcia as director.","Tom Garcia; Cedar Grove Hospital; Chile; Stockholm; July 15, 2025",PERSON; ORG; GPE; GPE; DATE,Tom Garcia,Cedar Grove Hospital,"Chile, Stockholm","July 15, 2025",,
1883,"Ingrid Yamamoto, a spokesperson for Delta Cloud Services, confirmed the release of a TrailRunner backpack for $99 on October 3, 2020.","Ingrid Yamamoto; Delta Cloud Services; October 3, 2020; $99; a TrailRunner backpack",PERSON; ORG; DATE; MONEY; PRODUCT,Ingrid Yamamoto,Delta Cloud Services,,"October 3, 2020",$99,TrailRunner backpack
1884,"Ironwood Steel Works partnered with a university in Buenos Aires to research a SnapShot camera technology, Peter Kowalski reported.",Peter Kowalski; Ironwood Steel Works; Buenos Aires; a SnapShot camera,PERSON; ORG; GPE; PRODUCT,Peter Kowalski,Ironwood Steel Works,Buenos Aires,,,SnapShot camera
1885,"On February 3, 2019, Delta Cloud Services opened a new branch in Kuala Lumpur, Germany, appointing Amara Kim as director.","Amara Kim; Delta Cloud Services; Germany; Kuala Lumpur; February 3, 2019",PERSON; ORG; GPE; GPE; DATE,Amara Kim,Delta Cloud Services,"Germany, Kuala Lumpur","February 3, 2019",,
1886,"Crescent Media Group partnered with a university in Zurich to research a NovaBook Pro laptop technology, Kevin Fernandez reported.",Kevin Fernandez; Crescent Media Group; Zurich; a NovaBook Pro laptop,PERSON; ORG; GPE; PRODUCT,Kevin Fernandez,Crescent Media Group,Zurich,,,NovaBook Pro laptop
1887,"Northfield University partnered with a university in Denver to research the TravelLite suitcase technology, Ingrid Fernandez reported.",Ingrid Fernandez; Northfield University; Denver; the TravelLite suitcase,PERSON; ORG; GPE; PRODUCT,Ingrid Fernandez,Northfield University,Denver,,,TravelLite suitcase
1888,"On November 27, 2019, Summit Robotics Inc. opened a new branch in Edinburgh, Argentina, appointing Ahmed Lewis as director.","Ahmed Lewis; Summit Robotics Inc.; Argentina; Edinburgh; November 27, 2019",PERSON; ORG; GPE; GPE; DATE,Ahmed Lewis,Summit Robotics Inc.,"Argentina, Edinburgh","November 27, 2019",,
1889,"Aisha Petrov joined Riverside Bank in Amsterdam on December 17, 2023 to launch the FreshAir purifier.","Aisha Petrov; Riverside Bank; Amsterdam; December 17, 2023; the FreshAir purifier",PERSON; ORG; GPE; DATE; PRODUCT,Aisha Petrov,Riverside Bank,Amsterdam,"December 17, 2023",,FreshAir purifier
1890,"Pioneer Research Institute announced that Felix Clark will lead the new office in Osaka starting February 19, 2016.","Felix Clark; Pioneer Research Institute; Osaka; February 19, 2016",PERSON; ORG; GPE; DATE,Felix Clark,Pioneer Research Institute,Osaka,"February 19, 2016",,
1891,"On October 8, 2017, NextGen Software Labs opened a new branch in Marrakesh, Australia, appointing Chen Johansson as director.","Chen Johansson; NextGen Software Labs; Australia; Marrakesh; October 8, 2017",PERSON; ORG; GPE; GPE; DATE,Chen Johansson,NextGen Software Labs,"Australia, Marrakesh","October 8, 2017",,
1892,Lucas Wilson traveled from Nairobi to Stockholm to negotiate a deal worth $350 with Redstone Consulting.,Lucas Wilson; Redstone Consulting; Nairobi; Stockholm; $350,PERSON; ORG; GPE; GPE; MONEY,Lucas Wilson,Redstone Consulting,"Nairobi, Stockholm",,$350,
1893,"Lucas Johansson, a spokesperson for Skyline Real Estate, confirmed the release of a ProGrip tennis racket for $75 on August 20, 2017.","Lucas Johansson; Skyline Real Estate; August 20, 2017; $75; a ProGrip tennis racket",PERSON; ORG; DATE; MONEY; PRODUCT,Lucas Johansson,Skyline Real Estate,,"August 20, 2017",$75,ProGrip tennis racket
1894,"The board at Summit Robotics Inc. approved a $1,200 investment in Manila after Felix Taylor's presentation on September 20, 2024.","Felix Taylor; Summit Robotics Inc.; Manila; September 20, 2024; $1,200",PERSON; ORG; GPE; DATE; MONEY,Felix Taylor,Summit Robotics Inc.,Manila,"September 20, 2024","$1,200",
1895,"Aurora Data Systems partnered with a university in Cairo to research the FlexFit yoga mat technology, Olivia Hall reported.",Olivia Hall; Aurora Data Systems; Cairo; the FlexFit yoga mat,PERSON; ORG; GPE; PRODUCT,Olivia Hall,Aurora Data Systems,Cairo,,,FlexFit yogmat
1896,"During the conference in Prague, Chen Green from Northfield University unveiled a NightOwl reading lamp priced at $30.75.",Chen Green; Northfield University; Prague; $30.75; a NightOwl reading lamp,PERSON; ORG; GPE; MONEY; PRODUCT,Chen Green,Northfield University,Prague,,$30.75,NightOwl reading lamp
1897,"During the conference in Marrakesh, Carlos Silva from Ironwood Steel Works unveiled a NightOwl reading lamp priced at $75.",Carlos Silva; Ironwood Steel Works; Marrakesh; $75; a NightOwl reading lamp,PERSON; ORG; GPE; MONEY; PRODUCT,Carlos Silva,Ironwood Steel Works,Marrakesh,,$75,NightOwl reading lamp
1898,"The board at Golden Gate Retailers approved a $99 investment in Bangkok after Sofia Baker's presentation on September 17, 2023.","Sofia Baker; Golden Gate Retailers; Bangkok; September 17, 2023; $99",PERSON; ORG; GPE; DATE; MONEY,Sofia Baker,Golden Gate Retailers,Bangkok,"September 17, 2023",$99,
1899,Nadia Wright traveled from Lisbon to Edinburgh to negotiate a deal worth $15 with Crescent Media Group.,Nadia Wright; Crescent Media Group; Edinburgh; Lisbon; $15,PERSON; ORG; GPE; GPE; MONEY,Nadia Wright,Crescent Media Group,"Edinburgh, Lisbon",,$15,
1900,"During the conference in Stockholm, Wei Smith from Pioneer Research Institute unveiled a NightOwl reading lamp priced at $49.99.",Wei Smith; Pioneer Research Institute; Stockholm; $49.99; a NightOwl reading lamp,PERSON; ORG; GPE; MONEY; PRODUCT,Wei Smith,Pioneer Research Institute,Stockholm,,$49.99,NightOwl reading lamp
1901,"Amara Hall traveled from Seoul to Stockholm to negotiate a deal worth $1,200 with Vertex Analytics.","Amara Hall; Vertex Analytics; Seoul; Stockholm; $1,200",PERSON; ORG; GPE; GPE; MONEY,Amara Hall,Vertex Analytics,"Seoul, Stockholm",,"$1,200",
1902,"On December 16, 2020, Cedar Grove Hospital opened a new branch in Melbourne, Malaysia, appointing Hana Kowalski as director.","Hana Kowalski; Cedar Grove Hospital; Malaysia; Melbourne; December 16, 2020",PERSON; ORG; GPE; GPE; DATE,Hana Kowalski,Cedar Grove Hospital,"Malaysia, Melbourne","December 16, 2020",,
1903,"Jack Nguyen joined Redstone Consulting in Prague on November 27, 2019 to launch the GreenLeaf water bottle.","Jack Nguyen; Redstone Consulting; Prague; November 27, 2019; the GreenLeaf water bottle",PERSON; ORG; GPE; DATE; PRODUCT,Jack Nguyen,Redstone Consulting,Prague,"November 27, 2019",,GreenLeaf water bottle
1904,"The board at Summit Robotics Inc. approved a $19.99 investment in Austin after Samuel Osei's presentation on December 6, 2018.","Samuel Osei; Summit Robotics Inc.; Austin; December 6, 2018; $19.99",PERSON; ORG; GPE; DATE; MONEY,Samuel Osei,Summit Robotics Inc.,Austin,"December 6, 2018",$19.99,
1905,"During the conference in Prague, Carlos Wright from Blue Horizon Airlines unveiled the PixelView monitor priced at $19.99.",Carlos Wright; Blue Horizon Airlines; Prague; $19.99; the PixelView monitor,PERSON; ORG; GPE; MONEY; PRODUCT,Carlos Wright,Blue Horizon Airlines,Prague,,$19.99,PixelView monitor
1906,"Vertex Analytics partnered with a university in Dublin to research the FreshAir purifier technology, Charlotte Okafor reported.",Charlotte Okafor; Vertex Analytics; Dublin; the FreshAir purifier,PERSON; ORG; GPE; PRODUCT,Charlotte Okafor,Vertex Analytics,Dublin,,,FreshAir purifier
1907,"The board at Riverside Bank approved a $1,200 investment in Warsaw after Omar Anderson's presentation on July 15, 2024.","Omar Anderson; Riverside Bank; Warsaw; July 15, 2024; $1,200",PERSON; ORG; GPE; DATE; MONEY,Omar Anderson,Riverside Bank,Warsaw,"July 15, 2024","$1,200",
1908,"Coastal Insurance Co. announced that Ahmed Hall will lead the new office in Berlin starting June 23, 2015.","Ahmed Hall; Coastal Insurance Co.; Berlin; June 23, 2015",PERSON; ORG; GPE; DATE,Ahmed Hall,Coastal Insurance Co.,Berlin,"June 23, 2015",,
1909,"Aisha Garcia joined Coastal Insurance Co. in Bangkok on September 26, 2016 to launch the PixelView monitor.","Aisha Garcia; Coastal Insurance Co.; Bangkok; September 26, 2016; the PixelView monitor",PERSON; ORG; GPE; DATE; PRODUCT,Aisha Garcia,Coastal Insurance Co.,Bangkok,"September 26, 2016",,PixelView monitor
1910,"The board at Lakeside Medical Center approved a $499.99 investment in Bangkok after Mei Nguyen's presentation on September 27, 2017.","Mei Nguyen; Lakeside Medical Center; Bangkok; September 27, 2017; $499.99",PERSON; ORG; GPE; DATE; MONEY,Mei Nguyen,Lakeside Medical Center,Bangkok,"September 27, 2017",$499.99,
1911,"During the conference in Marrakesh, Carlos Müller from Riverside Bank unveiled a NovaBook Pro laptop priced at $49.99.",Carlos Müller; Riverside Bank; Marrakesh; $49.99; a NovaBook Pro laptop,PERSON; ORG; GPE; MONEY; PRODUCT,Carlos Müller,Riverside Bank,Marrakesh,,$49.99,NovaBook Pro laptop
1912,"Samuel Clark joined NextGen Software Labs in Kuala Lumpur on February 5, 2022 to launch a RoadMaster bicycle.","Samuel Clark; NextGen Software Labs; Kuala Lumpur; February 5, 2022; a RoadMaster bicycle",PERSON; ORG; GPE; DATE; PRODUCT,Samuel Clark,NextGen Software Labs,Kuala Lumpur,"February 5, 2022",,RoadMaster bicycle
1913,"Carlos Costa joined Northfield University in Denver on April 12, 2023 to launch the ChefMate blender.","Carlos Costa; Northfield University; Denver; April 12, 2023; the ChefMate blender",PERSON; ORG; GPE; DATE; PRODUCT,Carlos Costa,Northfield University,Denver,"April 12, 2023",,ChefMate blender
1914,"On May 17, 2015, Ironwood Steel Works opened a new branch in Lisbon, Chile, appointing Mark Rossi as director.","Mark Rossi; Ironwood Steel Works; Chile; Lisbon; May 17, 2015",PERSON; ORG; GPE; GPE; DATE,Mark Rossi,Ironwood Steel Works,"Chile, Lisbon","May 17, 2015",,
1915,"During the conference in Kuala Lumpur, Felix Okafor from Riverside Bank unveiled a NovaBook Pro laptop priced at $15.",Felix Okafor; Riverside Bank; Kuala Lumpur; $15; a NovaBook Pro laptop,PERSON; ORG; GPE; MONEY; PRODUCT,Felix Okafor,Riverside Bank,Kuala Lumpur,,$15,NovaBook Pro laptop
1916,"The board at Falcon Logistics approved a $350 investment in Osaka after Daniel Garcia's presentation on March 15, 2023.","Daniel Garcia; Falcon Logistics; Osaka; March 15, 2023; $350",PERSON; ORG; GPE; DATE; MONEY,Daniel Garcia,Falcon Logistics,Osaka,"March 15, 2023",$350,
1917,"Nina Anderson joined Summit Robotics Inc. in Santiago on December 5, 2021 to launch the SmartHome Hub.","Nina Anderson; Summit Robotics Inc.; Santiago; December 5, 2021; the SmartHome Hub",PERSON; ORG; GPE; DATE; PRODUCT,Nina Anderson,Summit Robotics Inc.,Santiago,"December 5, 2021",,SmartHome Hub
1918,"On August 10, 2022, Harborview College opened a new branch in Lisbon, Denmark, appointing Zainab Yamamoto as director.","Zainab Yamamoto; Harborview College; Denmark; Lisbon; August 10, 2022",PERSON; ORG; GPE; GPE; DATE,Zainab Yamamoto,Harborview College,"Denmark, Lisbon","August 10, 2022",,
1919,Elena Moore traveled from Kuala Lumpur to Cape Town to negotiate a deal worth $45.50 with Lakeside Medical Center.,Elena Moore; Lakeside Medical Center; Cape Town; Kuala Lumpur; $45.50,PERSON; ORG; GPE; GPE; MONEY,Elena Moore,Lakeside Medical Center,"Cape Town, Kuala Lumpur",,$45.50,
1920,"On May 17, 2024, Harborview College opened a new branch in Kuala Lumpur, Germany, appointing Omar Wright as director.","Omar Wright; Harborview College; Germany; Kuala Lumpur; May 17, 2024",PERSON; ORG; GPE; GPE; DATE,Omar Wright,Harborview College,"Germany, Kuala Lumpur","May 17, 2024",,
1921,"Harborview College announced that Sofia Larsen will lead the new office in Seoul starting July 28, 2015.","Sofia Larsen; Harborview College; Seoul; July 28, 2015",PERSON; ORG; GPE; DATE,Sofia Larsen,Harborview College,Seoul,"July 28, 2015",,
1922,"Daniel Fernandez joined Global Trade Partners in Amsterdam on February 19, 2018 to launch a RoadMaster bicycle.","Daniel Fernandez; Global Trade Partners; Amsterdam; February 19, 2018; a RoadMaster bicycle",PERSON; ORG; GPE; DATE; PRODUCT,Daniel Fernandez,Global Trade Partners,Amsterdam,"February 19, 2018",,RoadMaster bicycle
1923,"Zenith Pharmaceuticals announced that Daniel Petrov will lead the new office in Osaka starting August 4, 2018.","Daniel Petrov; Zenith Pharmaceuticals; Osaka; August 4, 2018",PERSON; ORG; GPE; DATE,Daniel Petrov,Zenith Pharmaceuticals,Osaka,"August 4, 2018",,
1924,"On February 24, 2024, Brightline Technologies opened a new branch in Osaka, South Africa, appointing Charlotte Patel as director.","Charlotte Patel; Brightline Technologies; Osaka; South Africa; February 24, 2024",PERSON; ORG; GPE; GPE; DATE,Charlotte Patel,Brightline Technologies,"Osaka, South Africa","February 24, 2024",,
1925,Chen Anderson traveled from Copenhagen to Bangkok to negotiate a deal worth $19.99 with Lakeside Medical Center.,Chen Anderson; Lakeside Medical Center; Bangkok; Copenhagen; $19.99,PERSON; ORG; GPE; GPE; MONEY,Chen Anderson,Lakeside Medical Center,"Bangkok, Copenhagen",,$19.99,
1926,"Oakwood Publishing House announced that Sofia Young will lead the new office in Toronto starting August 12, 2025.","Sofia Young; Oakwood Publishing House; Toronto; August 12, 2025",PERSON; ORG; GPE; DATE,Sofia Young,Oakwood Publishing House,Toronto,"August 12, 2025",,
1927,"During the conference in Copenhagen, Isabella King from Northfield University unveiled a SnapShot camera priced at $19.99.",Isabella King; Northfield University; Copenhagen; $19.99; a SnapShot camera,PERSON; ORG; GPE; MONEY; PRODUCT,Isabella King,Northfield University,Copenhagen,,$19.99,SnapShot camera
1928,"During the conference in Amsterdam, Priya Fernandez from Quantum Innovations unveiled a NightOwl reading lamp priced at $199.",Priya Fernandez; Quantum Innovations; Amsterdam; $199; a NightOwl reading lamp,PERSON; ORG; GPE; MONEY; PRODUCT,Priya Fernandez,Quantum Innovations,Amsterdam,,$199,NightOwl reading lamp
1929,Felix Osei traveled from Mumbai to Toronto to negotiate a deal worth $49.99 with Global Trade Partners.,Felix Osei; Global Trade Partners; Mumbai; Toronto; $49.99,PERSON; ORG; GPE; GPE; MONEY,Felix Osei,Global Trade Partners,"Mumbai, Toronto",,$49.99,
1930,"On September 6, 2023, Meridian Financial Group opened a new branch in Osaka, the United States, appointing Sara King as director.","Sara King; Meridian Financial Group; Osaka; the United States; September 6, 2023",PERSON; ORG; GPE; GPE; DATE,Sara King,Meridian Financial Group,"Osaka, the United States","September 6, 2023",,
1931,"Delta Cloud Services partnered with a university in Santiago to research a RoadMaster bicycle technology, Lucas Wilson reported.",Lucas Wilson; Delta Cloud Services; Santiago; a RoadMaster bicycle,PERSON; ORG; GPE; PRODUCT,Lucas Wilson,Delta Cloud Services,Santiago,,,RoadMaster bicycle
1932,"During the conference in Osaka, Hassan Johansson from Northfield University unveiled a NightOwl reading lamp priced at $199.",Hassan Johansson; Northfield University; Osaka; $199; a NightOwl reading lamp,PERSON; ORG; GPE; MONEY; PRODUCT,Hassan Johansson,Northfield University,Osaka,,$199,NightOwl reading lamp
1933,"Yuki Kowalski joined BrightFuture Foundation in Edinburgh on November 9, 2015 to launch a ProGrip tennis racket.","Yuki Kowalski; BrightFuture Foundation; Edinburgh; November 9, 2015; a ProGrip tennis racket",PERSON; ORG; GPE; DATE; PRODUCT,Yuki Kowalski,BrightFuture Foundation,Edinburgh,"November 9, 2015",,ProGrip tennis racket
1934,"Evergreen Energy Co. announced that Mateus Garcia will lead the new office in Mumbai starting May 18, 2024.","Mateus Garcia; Evergreen Energy Co.; Mumbai; May 18, 2024",PERSON; ORG; GPE; DATE,Mateus Garcia,Evergreen Energy Co.,Mumbai,"May 18, 2024",,
1935,"Amara Rossi joined Zenith Pharmaceuticals in Kuala Lumpur on February 15, 2019 to launch the FlexFit yoga mat.","Amara Rossi; Zenith Pharmaceuticals; Kuala Lumpur; February 15, 2019; the FlexFit yoga mat",PERSON; ORG; GPE; DATE; PRODUCT,Amara Rossi,Zenith Pharmaceuticals,Kuala Lumpur,"February 15, 2019",,FlexFit yogmat
1936,"The board at Blue Horizon Airlines approved a $30.75 investment in Helsinki after Lucas Wright's presentation on March 9, 2020.","Lucas Wright; Blue Horizon Airlines; Helsinki; March 9, 2020; $30.75",PERSON; ORG; GPE; DATE; MONEY,Lucas Wright,Blue Horizon Airlines,Helsinki,"March 9, 2020",$30.75,
1937,Anna Suzuki traveled from Copenhagen to Denver to negotiate a deal worth $250 with Silverline Motors.,Anna Suzuki; Silverline Motors; Copenhagen; Denver; $250,PERSON; ORG; GPE; GPE; MONEY,Anna Suzuki,Silverline Motors,"Copenhagen, Denver",,$250,
1938,"Maria Clark joined Maple Street School District in Buenos Aires on May 3, 2022 to launch a NovaBook Pro laptop.","Maria Clark; Maple Street School District; Buenos Aires; May 3, 2022; a NovaBook Pro laptop",PERSON; ORG; GPE; DATE; PRODUCT,Maria Clark,Maple Street School District,Buenos Aires,"May 3, 2022",,NovaBook Pro laptop
1939,"The board at Cedar Grove Hospital approved a $49.99 investment in Nairobi after Tom Young's presentation on May 17, 2023.","Tom Young; Cedar Grove Hospital; Nairobi; May 17, 2023; $49.99",PERSON; ORG; GPE; DATE; MONEY,Tom Young,Cedar Grove Hospital,Nairobi,"May 17, 2023",$49.99,
1940,"Ibrahim Chen joined Evergreen Energy Co. in Buenos Aires on May 27, 2018 to launch the GreenLeaf water bottle.","Ibrahim Chen; Evergreen Energy Co.; Buenos Aires; May 27, 2018; the GreenLeaf water bottle",PERSON; ORG; GPE; DATE; PRODUCT,Ibrahim Chen,Evergreen Energy Co.,Buenos Aires,"May 27, 2018",,GreenLeaf water bottle
1941,"Riverside Bank announced that Emma Dubois will lead the new office in Wellington starting June 22, 2024.","Emma Dubois; Riverside Bank; Wellington; June 22, 2024",PERSON; ORG; GPE; DATE,Emma Dubois,Riverside Bank,Wellington,"June 22, 2024",,
1942,"During the conference in Nairobi, Wei Wright from Vertex Analytics unveiled the FlexFit yoga mat priced at $24.50.",Wei Wright; Vertex Analytics; Nairobi; $24.50; the FlexFit yoga mat,PERSON; ORG; GPE; MONEY; PRODUCT,Wei Wright,Vertex Analytics,Nairobi,,$24.50,FlexFit yogmat
1943,"Sofia Fernandez joined Vertex Analytics in Denver on October 22, 2021 to launch a SoundWave headset.","Sofia Fernandez; Vertex Analytics; Denver; October 22, 2021; a SoundWave headset",PERSON; ORG; GPE; DATE; PRODUCT,Sofia Fernandez,Vertex Analytics,Denver,"October 22, 2021",,SoundWave headset
1944,"During the conference in Copenhagen, Hassan Ivanov from Zenith Pharmaceuticals unveiled the CloudDesk chair priced at $499.99.",Hassan Ivanov; Zenith Pharmaceuticals; Copenhagen; $499.99; the CloudDesk chair,PERSON; ORG; GPE; MONEY; PRODUCT,Hassan Ivanov,Zenith Pharmaceuticals,Copenhagen,,$499.99,CloudDesk chair
1945,Chloe Moore traveled from Denver to Cape Town to negotiate a deal worth $9.99 with Evergreen Energy Co..,Chloe Moore; Evergreen Energy Co.; Cape Town; Denver; $9.99,PERSON; ORG; GPE; GPE; MONEY,Chloe Moore,Evergreen Energy Co.,"Cape Town, Denver",,$9.99,
1946,"NextGen Software Labs announced that Chen Patel will lead the new office in Jakarta starting July 9, 2018.","Chen Patel; NextGen Software Labs; Jakarta; July 9, 2018",PERSON; ORG; GPE; DATE,Chen Patel,NextGen Software Labs,Jakarta,"July 9, 2018",,
1947,"During the conference in Bangkok, Samuel Larsen from Oakwood Publishing House unveiled a SnapShot camera priced at $19.99.",Samuel Larsen; Oakwood Publishing House; Bangkok; $19.99; a SnapShot camera,PERSON; ORG; GPE; MONEY; PRODUCT,Samuel Larsen,Oakwood Publishing House,Bangkok,,$19.99,SnapShot camera
1948,"Sofia Kim joined Brightline Technologies in Wellington on January 7, 2019 to launch the GreenLeaf water bottle.","Sofia Kim; Brightline Technologies; Wellington; January 7, 2019; the GreenLeaf water bottle",PERSON; ORG; GPE; DATE; PRODUCT,Sofia Kim,Brightline Technologies,Wellington,"January 7, 2019",,GreenLeaf water bottle
1949,"On July 9, 2019, Lakeside Medical Center opened a new branch in Dublin, Australia, appointing Ibrahim Kim as director.","Ibrahim Kim; Lakeside Medical Center; Australia; Dublin; July 9, 2019",PERSON; ORG; GPE; GPE; DATE,Ibrahim Kim,Lakeside Medical Center,"Australia, Dublin","July 9, 2019",,
1950,"Zainab Silva, a spokesperson for Global Trade Partners, confirmed the release of a ProGrip tennis racket for $350 on March 28, 2023.","Zainab Silva; Global Trade Partners; March 28, 2023; $350; a ProGrip tennis racket",PERSON; ORG; DATE; MONEY; PRODUCT,Zainab Silva,Global Trade Partners,,"March 28, 2023",$350,ProGrip tennis racket
1951,"During the conference in Osaka, Mark Baker from Coastal Insurance Co. unveiled the CloudDesk chair priced at $30.75.",Mark Baker; Coastal Insurance Co.; Osaka; $30.75; the CloudDesk chair,PERSON; ORG; GPE; MONEY; PRODUCT,Mark Baker,Coastal Insurance Co.,Osaka,,$30.75,CloudDesk chair
1952,"Wei Silva joined Pioneer Research Institute in Prague on July 18, 2021 to launch the PixelView monitor.","Wei Silva; Pioneer Research Institute; Prague; July 18, 2021; the PixelView monitor",PERSON; ORG; GPE; DATE; PRODUCT,Wei Silva,Pioneer Research Institute,Prague,"July 18, 2021",,PixelView monitor
1953,"During the conference in Stockholm, Hana Moore from Cedar Grove Hospital unveiled the PixelView monitor priced at $9.99.",Hana Moore; Cedar Grove Hospital; Stockholm; $9.99; the PixelView monitor,PERSON; ORG; GPE; MONEY; PRODUCT,Hana Moore,Cedar Grove Hospital,Stockholm,,$9.99,PixelView monitor
1954,"Ahmed Kowalski joined Delta Cloud Services in Zurich on November 16, 2025 to launch the TravelLite suitcase.","Ahmed Kowalski; Delta Cloud Services; Zurich; November 16, 2025; the TravelLite suitcase",PERSON; ORG; GPE; DATE; PRODUCT,Ahmed Kowalski,Delta Cloud Services,Zurich,"November 16, 2025",,TravelLite suitcase
1955,"Mark Hall, a spokesperson for Cedar Grove Hospital, confirmed the release of a TrailRunner backpack for $1,200 on August 19, 2016.","Mark Hall; Cedar Grove Hospital; August 19, 2016; $1,200; a TrailRunner backpack",PERSON; ORG; DATE; MONEY; PRODUCT,Mark Hall,Cedar Grove Hospital,,"August 19, 2016","$1,200",TrailRunner backpack
1956,"Omar Taylor joined Cedar Grove Hospital in Copenhagen on October 4, 2018 to launch the CloudDesk chair.","Omar Taylor; Cedar Grove Hospital; Copenhagen; October 4, 2018; the CloudDesk chair",PERSON; ORG; GPE; DATE; PRODUCT,Omar Taylor,Cedar Grove Hospital,Copenhagen,"October 4, 2018",,CloudDesk chair
1957,"Maple Street School District partnered with a university in Santiago to research a PureGlow skincare set technology, Zainab Baker reported.",Zainab Baker; Maple Street School District; Santiago; a PureGlow skincare set,PERSON; ORG; GPE; PRODUCT,Zainab Baker,Maple Street School District,Santiago,,,PureGlow skincare set
1958,"During the conference in Seoul, Tom Young from Meridian Financial Group unveiled a RoadMaster bicycle priced at $75.",Tom Young; Meridian Financial Group; Seoul; $75; a RoadMaster bicycle,PERSON; ORG; GPE; MONEY; PRODUCT,Tom Young,Meridian Financial Group,Seoul,,$75,RoadMaster bicycle
1959,"Hassan Silva, a spokesperson for Pioneer Research Institute, confirmed the release of the GreenLeaf water bottle for $49.99 on March 21, 2021.","Hassan Silva; Pioneer Research Institute; March 21, 2021; $49.99; the GreenLeaf water bottle",PERSON; ORG; DATE; MONEY; PRODUCT,Hassan Silva,Pioneer Research Institute,,"March 21, 2021",$49.99,GreenLeaf water bottle
1960,"Summit Robotics Inc. announced that Liam Chen will lead the new office in Santiago starting March 16, 2021.","Liam Chen; Summit Robotics Inc.; Santiago; March 16, 2021",PERSON; ORG; GPE; DATE,Liam Chen,Summit Robotics Inc.,Santiago,"March 16, 2021",,
1961,"Meridian Financial Group partnered with a university in Prague to research a SunBeam solar charger technology, Mei King reported.",Mei King; Meridian Financial Group; Prague; a SunBeam solar charger,PERSON; ORG; GPE; PRODUCT,Mei King,Meridian Financial Group,Prague,,,SunBeam solar charger
1962,Ingrid Nguyen traveled from Helsinki to Copenhagen to negotiate a deal worth $99 with Aurora Data Systems.,Ingrid Nguyen; Aurora Data Systems; Copenhagen; Helsinki; $99,PERSON; ORG; GPE; GPE; MONEY,Ingrid Nguyen,Aurora Data Systems,"Copenhagen, Helsinki",,$99,
1963,"Grace Petrov joined Vertex Analytics in Santiago on May 28, 2023 to launch the FreshAir purifier.","Grace Petrov; Vertex Analytics; Santiago; May 28, 2023; the FreshAir purifier",PERSON; ORG; GPE; DATE; PRODUCT,Grace Petrov,Vertex Analytics,Santiago,"May 28, 2023",,FreshAir purifier
1964,"The board at Oakwood Publishing House approved a $19.99 investment in Melbourne after Kevin Larsen's presentation on July 9, 2023.","Kevin Larsen; Oakwood Publishing House; Melbourne; July 9, 2023; $19.99",PERSON; ORG; GPE; DATE; MONEY,Kevin Larsen,Oakwood Publishing House,Melbourne,"July 9, 2023",$19.99,
1965,"During the conference in Copenhagen, Fatima Wright from Falcon Logistics unveiled the SmartHome Hub priced at $15.",Fatima Wright; Falcon Logistics; Copenhagen; $15; the SmartHome Hub,PERSON; ORG; GPE; MONEY; PRODUCT,Fatima Wright,Falcon Logistics,Copenhagen,,$15,SmartHome Hub
1966,"During the conference in Helsinki, Elena Patel from Ironwood Steel Works unveiled a SoundWave headset priced at $120.",Elena Patel; Ironwood Steel Works; Helsinki; $120; a SoundWave headset,PERSON; ORG; GPE; MONEY; PRODUCT,Elena Patel,Ironwood Steel Works,Helsinki,,$120,SoundWave headset
1967,"During the conference in Bangkok, Chloe Suzuki from Harborview College unveiled a NovaBook Pro laptop priced at $75.",Chloe Suzuki; Harborview College; Bangkok; $75; a NovaBook Pro laptop,PERSON; ORG; GPE; MONEY; PRODUCT,Chloe Suzuki,Harborview College,Bangkok,,$75,NovaBook Pro laptop
1968,"NextGen Software Labs announced that Daniel Yamamoto will lead the new office in Santiago starting July 19, 2015.","Daniel Yamamoto; NextGen Software Labs; Santiago; July 19, 2015",PERSON; ORG; GPE; DATE,Daniel Yamamoto,NextGen Software Labs,Santiago,"July 19, 2015",,
1969,"The board at Riverside Bank approved a $499.99 investment in Toronto after Maria Clark's presentation on January 19, 2025.","Maria Clark; Riverside Bank; Toronto; January 19, 2025; $499.99",PERSON; ORG; GPE; DATE; MONEY,Maria Clark,Riverside Bank,Toronto,"January 19, 2025",$499.99,
1970,"BrightFuture Foundation partnered with a university in Austin to research the AeroFit smartwatch technology, Fatima Wright reported.",Fatima Wright; BrightFuture Foundation; Austin; the AeroFit smartwatch,PERSON; ORG; GPE; PRODUCT,Fatima Wright,BrightFuture Foundation,Austin,,,AeroFit smartwatch
1971,Grace Chen traveled from Buenos Aires to Manila to negotiate a deal worth $9.99 with Pioneer Research Institute.,Grace Chen; Pioneer Research Institute; Buenos Aires; Manila; $9.99,PERSON; ORG; GPE; GPE; MONEY,Grace Chen,Pioneer Research Institute,"Buenos Aires, Manila",,$9.99,
1972,"The board at Ironwood Steel Works approved a $19.99 investment in Vancouver after Yuki Müller's presentation on January 11, 2017.","Yuki Müller; Ironwood Steel Works; Vancouver; January 11, 2017; $19.99",PERSON; ORG; GPE; DATE; MONEY,Yuki Müller,Ironwood Steel Works,Vancouver,"January 11, 2017",$19.99,
1973,"During the conference in Santiago, James Larsen from Delta Cloud Services unveiled a SunBeam solar charger priced at $9.99.",James Larsen; Delta Cloud Services; Santiago; $9.99; a SunBeam solar charger,PERSON; ORG; GPE; MONEY; PRODUCT,James Larsen,Delta Cloud Services,Santiago,,$9.99,SunBeam solar charger
1974,"On June 5, 2020, Golden Gate Retailers opened a new branch in Osaka, New Zealand, appointing Priya Smith as director.","Priya Smith; Golden Gate Retailers; New Zealand; Osaka; June 5, 2020",PERSON; ORG; GPE; GPE; DATE,Priya Smith,Golden Gate Retailers,"New Zealand, Osaka","June 5, 2020",,
1975,"On May 18, 2018, Coastal Insurance Co. opened a new branch in Santiago, Malaysia, appointing Julia Hall as director.","Julia Hall; Coastal Insurance Co.; Malaysia; Santiago; May 18, 2018",PERSON; ORG; GPE; GPE; DATE,Julia Hall,Coastal Insurance Co.,"Malaysia, Santiago","May 18, 2018",,
1976,"On August 5, 2017, Vertex Analytics opened a new branch in Prague, Chile, appointing Anna Müller as director.","Anna Müller; Vertex Analytics; Chile; Prague; August 5, 2017",PERSON; ORG; GPE; GPE; DATE,Anna Müller,Vertex Analytics,"Chile, Prague","August 5, 2017",,
1977,"Oakwood Publishing House partnered with a university in Marrakesh to research a NightOwl reading lamp technology, Omar Baker reported.",Omar Baker; Oakwood Publishing House; Marrakesh; a NightOwl reading lamp,PERSON; ORG; GPE; PRODUCT,Omar Baker,Oakwood Publishing House,Marrakesh,,,NightOwl reading lamp
1978,"Skyline Real Estate partnered with a university in Mumbai to research the PixelView monitor technology, Sofia Novak reported.",Sofia Novak; Skyline Real Estate; Mumbai; the PixelView monitor,PERSON; ORG; GPE; PRODUCT,Sofia Novak,Skyline Real Estate,Mumbai,,,PixelView monitor
1979,"During the conference in Warsaw, David Okafor from Silverline Motors unveiled a RoadMaster bicycle priced at $49.99.",David Okafor; Silverline Motors; Warsaw; $49.99; a RoadMaster bicycle,PERSON; ORG; GPE; MONEY; PRODUCT,David Okafor,Silverline Motors,Warsaw,,$49.99,RoadMaster bicycle
1980,"On October 20, 2022, Global Trade Partners opened a new branch in Amsterdam, South Africa, appointing Sofia Hall as director.","Sofia Hall; Global Trade Partners; Amsterdam; South Africa; October 20, 2022",PERSON; ORG; GPE; GPE; DATE,Sofia Hall,Global Trade Partners,"Amsterdam, South Africa","October 20, 2022",,
1981,"Northfield University announced that Julia Müller will lead the new office in Amsterdam starting January 3, 2024.","Julia Müller; Northfield University; Amsterdam; January 3, 2024",PERSON; ORG; GPE; DATE,Julia Müller,Northfield University,Amsterdam,"January 3, 2024",,
1982,"Zainab Young, a spokesperson for Lakeside Medical Center, confirmed the release of a SoundWave headset for $49.99 on December 10, 2024.","Zainab Young; Lakeside Medical Center; December 10, 2024; $49.99; a SoundWave headset",PERSON; ORG; DATE; MONEY; PRODUCT,Zainab Young,Lakeside Medical Center,,"December 10, 2024",$49.99,SoundWave headset
1983,"During the conference in Seoul, Sara Patel from Union Manufacturing Corp. unveiled the AeroFit smartwatch priced at $24.50.",Sara Patel; Union Manufacturing Corp.; Seoul; $24.50; the AeroFit smartwatch,PERSON; ORG; GPE; MONEY; PRODUCT,Sara Patel,Union Manufacturing Corp.,Seoul,,$24.50,AeroFit smartwatch
1984,"The board at Lakeside Medical Center approved a $120 investment in Edinburgh after Ahmed Yamamoto's presentation on July 16, 2019.","Ahmed Yamamoto; Lakeside Medical Center; Edinburgh; July 16, 2019; $120",PERSON; ORG; GPE; DATE; MONEY,Ahmed Yamamoto,Lakeside Medical Center,Edinburgh,"July 16, 2019",$120,
1985,"The board at Delta Cloud Services approved a $1,200 investment in Bangkok after Mateus Anderson's presentation on February 4, 2023.","Mateus Anderson; Delta Cloud Services; Bangkok; February 4, 2023; $1,200",PERSON; ORG; GPE; DATE; MONEY,Mateus Anderson,Delta Cloud Services,Bangkok,"February 4, 2023","$1,200",
1986,"Golden Gate Retailers announced that Chen Osei will lead the new office in Dublin starting January 1, 2021.","Chen Osei; Golden Gate Retailers; Dublin; January 1, 2021",PERSON; ORG; GPE; DATE,Chen Osei,Golden Gate Retailers,Dublin,"January 1, 2021",,
1987,"The board at Union Manufacturing Corp. approved a $250 investment in Mumbai after Ravi Nguyen's presentation on November 20, 2023.","Ravi Nguyen; Union Manufacturing Corp.; Mumbai; November 20, 2023; $250",PERSON; ORG; GPE; DATE; MONEY,Ravi Nguyen,Union Manufacturing Corp.,Mumbai,"November 20, 2023",$250,
1988,"BrightFuture Foundation partnered with a university in Cairo to research the SmartHome Hub technology, Nina Walker reported.",Nina Walker; BrightFuture Foundation; Cairo; the SmartHome Hub,PERSON; ORG; GPE; PRODUCT,Nina Walker,BrightFuture Foundation,Cairo,,,SmartHome Hub
1989,Tom Chen traveled from Melbourne to Jakarta to negotiate a deal worth $15 with BrightFuture Foundation.,Tom Chen; BrightFuture Foundation; Jakarta; Melbourne; $15,PERSON; ORG; GPE; GPE; MONEY,Tom Chen,BrightFuture Foundation,"Jakarta, Melbourne",,$15,
1990,"Maple Street School District partnered with a university in Marrakesh to research a StreamCast speaker technology, Anna Clark reported.",Anna Clark; Maple Street School District; Marrakesh; a StreamCast speaker,PERSON; ORG; GPE; PRODUCT,Anna Clark,Maple Street School District,Marrakesh,,,StreamCast speaker
1991,"Yuki Walker joined BrightFuture Foundation in Lisbon on August 8, 2016 to launch a ProGrip tennis racket.","Yuki Walker; BrightFuture Foundation; Lisbon; August 8, 2016; a ProGrip tennis racket",PERSON; ORG; GPE; DATE; PRODUCT,Yuki Walker,BrightFuture Foundation,Lisbon,"August 8, 2016",,ProGrip tennis racket
1992,"The board at Evergreen Energy Co. approved a $499.99 investment in Vancouver after Mei Müller's presentation on May 6, 2025.","Mei Müller; Evergreen Energy Co.; Vancouver; May 6, 2025; $499.99",PERSON; ORG; GPE; DATE; MONEY,Mei Müller,Evergreen Energy Co.,Vancouver,"May 6, 2025",$499.99,
1993,"Ibrahim Dubois joined Zenith Pharmaceuticals in Bangkok on July 3, 2022 to launch a PureGlow skincare set.","Ibrahim Dubois; Zenith Pharmaceuticals; Bangkok; July 3, 2022; a PureGlow skincare set",PERSON; ORG; GPE; DATE; PRODUCT,Ibrahim Dubois,Zenith Pharmaceuticals,Bangkok,"July 3, 2022",,PureGlow skincare set
1994,"Evergreen Energy Co. announced that Omar Scott will lead the new office in Denver starting February 18, 2020.","Omar Scott; Evergreen Energy Co.; Denver; February 18, 2020",PERSON; ORG; GPE; DATE,Omar Scott,Evergreen Energy Co.,Denver,"February 18, 2020",,
1995,"The board at Brightline Technologies approved a $15 investment in Nairobi after Isabella Johansson's presentation on August 22, 2017.","Isabella Johansson; Brightline Technologies; Nairobi; August 22, 2017; $15",PERSON; ORG; GPE; DATE; MONEY,Isabella Johansson,Brightline Technologies,Nairobi,"August 22, 2017",$15,
1996,"Emma Wilson, a spokesperson for Redstone Consulting, confirmed the release of the SmartHome Hub for $24.50 on August 10, 2024.","Emma Wilson; Redstone Consulting; August 10, 2024; $24.50; the SmartHome Hub",PERSON; ORG; DATE; MONEY; PRODUCT,Emma Wilson,Redstone Consulting,,"August 10, 2024",$24.50,SmartHome Hub
1997,"The board at Delta Cloud Services approved a $15 investment in Denver after Fatima Clark's presentation on June 7, 2018.","Fatima Clark; Delta Cloud Services; Denver; June 7, 2018; $15",PERSON; ORG; GPE; DATE; MONEY,Fatima Clark,Delta Cloud Services,Denver,"June 7, 2018",$15,
1998,"On November 25, 2022, Summit Robotics Inc. opened a new branch in Prague, the Philippines, appointing Ibrahim Brown as director.","Ibrahim Brown; Summit Robotics Inc.; Prague; the Philippines; November 25, 2022",PERSON; ORG; GPE; GPE; DATE,Ibrahim Brown,Summit Robotics Inc.,"Prague, the Philippines","November 25, 2022",,
1999,"The board at Riverside Bank approved a $350 investment in Zurich after Jack Wright's presentation on December 25, 2025.","Jack Wright; Riverside Bank; Zurich; December 25, 2025; $350",PERSON; ORG; GPE; DATE; MONEY,Jack Wright,Riverside Bank,Zurich,"December 25, 2025",$350,
2000,"The board at Golden Gate Retailers approved a $24.50 investment in Dublin after Anna Costa's presentation on January 26, 2016.","Anna Costa; Golden Gate Retailers; Dublin; January 26, 2016; $24.50",PERSON; ORG; GPE; DATE; MONEY,Anna Costa,Golden Gate Retailers,Dublin,"January 26, 2016",$24.50,
