id,text,language,sentence_length,word_count,character_count,uppercase_count,punctuation_count
1,"A retired teacher, who had monitored a collection of vintage postcards for nearly a decade, finally decided to write a detailed guide so that newcomers could avoid the same mistakes and understand the process from start to finish.",English,Long,38,230,1,3
2,A freelance writer questioned an experimental cooking recipe inside the community center within a few hours.,English,Long,16,108,1,1
3,The software engineer organized a series of jazz recordings.,English,Medium,9,60,1,1
4,The delivery driver photographed the quarterly sales figures.,English,Short,8,61,1,1
5,A curious student calculated a series of jazz recordings at a small conference in Melbourne throughout the semester.,English,Long,18,116,2,1
6,The night-shift nurse photographed a rare species of orchid after months of planning.,English,Medium,13,85,1,2
7,A curious student rehearsed the town's water supply system earlier this morning.,English,Medium,12,80,1,2
8,The city council translated the annual budget report at the university campus on a rainy Tuesday.,English,Long,16,97,2,1
9,A young entrepreneur reviewed a new hiking trail along the riverbank after months of planning.,English,Medium,15,94,1,1
10,The debate team captain reviewed a set of handwritten letters at the university campus.,English,Medium,14,87,1,1
11,"According to a recent report published by Maple Street School District, the number of people who recycle the school's science fair has increased steadily over the past three years, largely due to changing habits and greater public awareness.",English,Long,38,241,5,4
12,"A curious student spent several weeks organizing the results of the survey, and by the end of the project everyone agreed that the effort had been worthwhile, even though the process required patience, careful planning, and a fair amount of trial and error along the way.",English,Long,46,271,1,5
13,"According to a recent report published by Redstone Consulting, the number of people who discuss a collection of vintage postcards has increased steadily over the past three years, largely due to changing habits and greater public awareness.",English,Long,37,240,3,3
14,"Although the weather in Nairobi can be unpredictable during January, A curious student decided to proceed with the outdoor event, arguing that visitors would still enjoy themselves despite the occasional light rain and cooler evening temperatures.",English,Long,36,247,4,3
15,How does the new policy affect small business owners?,English,Medium,9,53,1,1
16,Her grandfather photographed several ancient manuscripts along the riverbank throughout the semester.,English,Medium,12,101,1,1
17,A group of tourists calculated the community recycling program at the university campus since last spring.,English,Long,16,106,1,1
18,Her grandfather celebrated the annual budget report earlier this morning.,English,Medium,10,73,1,1
19,"According to a recent report published by Golden Gate Retailers, the number of people who discuss a rare species of orchid has increased steadily over the past three years, largely due to changing habits and greater public awareness.",English,Long,38,233,4,3
20,Why do so many people prefer working remotely these days?,English,Medium,10,57,1,1
21,Our neighbor designed the upcoming film festival at the university campus.,English,Medium,11,74,1,1
22,"According to a recent report published by Global Trade Partners, the number of people who discuss an antique wooden clock has increased steadily over the past three years, largely due to changing habits and greater public awareness.",English,Long,37,232,4,3
23,Stop! The bridge ahead is closed for repairs.,English,Short,8,45,2,2
24,The research team sketched a collection of vintage postcards at the university campus.,English,Medium,13,86,1,1
25,The community garden volunteers recorded a collection of vintage postcards during the summer break.,English,Medium,14,99,1,1
26,A wildlife photographer designed the neighborhood's street art in the downtown office.,English,Medium,12,86,1,2
27,The new intern questioned a series of jazz recordings near the old train station throughout the semester.,English,Long,17,105,1,1
28,A young entrepreneur photographed a series of jazz recordings near the old train station within a few hours.,English,Long,18,108,1,1
29,A freelance writer questioned a new hiking trail.,English,Short,8,49,1,1
30,"The research team spent several weeks repairing a rare species of orchid, and by the end of the project everyone agreed that the effort had been worthwhile, even though the process required patience, careful planning, and a fair amount of trial and error along the way.",English,Long,46,269,1,5
31,The community garden volunteers discussed a new hiking trail in the downtown office.,English,Medium,13,84,1,1
32,"Honestly, I was not expecting such a warm welcome.",English,Medium,9,50,2,2
33,The night-shift nurse sketched an experimental cooking recipe inside the community center since last spring.,English,Medium,15,108,1,2
34,A freelance writer calculated the community recycling program near the old train station throughout the semester.,English,Long,16,113,1,1
35,A group of tourists recorded the community recycling program at a small conference in Melbourne just before sunset.,English,Long,18,115,2,1
36,What an amazing view from the top of the hill!,English,Medium,10,46,1,1
37,"Although the weather in Santiago can be unpredictable during December, A retired teacher decided to proceed with the outdoor event, arguing that visitors would still enjoy themselves despite the occasional light rain and cooler evening temperatures.",English,Long,36,249,4,3
38,A young entrepreneur planted the annual budget report on a rainy Tuesday.,English,Medium,12,73,2,1
39,"According to a recent report published by Quantum Innovations, the number of people who review a series of jazz recordings has increased steadily over the past three years, largely due to changing habits and greater public awareness.",English,Long,37,233,3,3
40,"Her grandfather spent several weeks repairing a new hiking trail, and by the end of the project everyone agreed that the effort had been worthwhile, even though the process required patience, careful planning, and a fair amount of trial and error along the way.",English,Long,44,261,1,5
41,The city council designed the neighborhood's street art along the riverbank just before sunset.,English,Medium,14,95,1,2
42,What time does the farmers market open on Sundays?,English,Medium,9,50,2,1
43,"A freelance writer, who had managed a set of handwritten letters for nearly a decade, finally decided to write a detailed guide so that newcomers could avoid the same mistakes and understand the process from start to finish.",English,Long,38,224,1,3
44,The new intern reviewed the layout of the public library during the summer break.,English,Medium,14,81,1,1
45,A group of tourists repaired the annual budget report at a small conference in Melbourne.,English,Medium,15,89,2,1
46,My younger sister measured the neighborhood's street art in the downtown office since last spring.,English,Medium,15,98,1,2
47,My best friend reviewed a rare species of orchid at the university campus every Saturday afternoon.,English,Long,16,99,2,1
48,When is the best season to visit Prague?,English,Short,8,40,2,1
49,"My younger sister, who had monitored several ancient manuscripts for nearly a decade, finally decided to write a detailed guide so that newcomers could avoid the same mistakes and understand the process from start to finish.",English,Long,36,224,1,3
50,My younger sister rehearsed a new hiking trail near the old train station on a rainy Tuesday.,English,Long,17,93,2,1
51,My best friend reviewed the volunteer schedule inside the community center after months of planning.,English,Medium,15,100,1,1
52,"Although the weather in Amsterdam can be unpredictable during December, The new intern decided to proceed with the outdoor event, arguing that visitors would still enjoy themselves despite the occasional light rain and cooler evening temperatures.",English,Long,36,247,4,3
53,"Although the weather in Vancouver can be unpredictable during April, The debate team captain decided to proceed with the outdoor event, arguing that visitors would still enjoy themselves despite the occasional light rain and cooler evening temperatures.",English,Long,37,253,4,3
54,"My younger sister spent several weeks reviewing the annual budget report, and by the end of the project everyone agreed that the effort had been worthwhile, even though the process required patience, careful planning, and a fair amount of trial and error along the way.",English,Long,45,269,1,5
55,The chess club presented the neighborhood's street art at the university campus during the summer break.,English,Long,16,104,1,2
56,"Although the weather in Buenos Aires can be unpredictable during January, The debate team captain decided to proceed with the outdoor event, arguing that visitors would still enjoy themselves despite the occasional light rain and cooler evening temperatures.",English,Long,38,258,5,3
57,The orchestra conductor sketched a rare species of orchid on a rainy Tuesday.,English,Medium,13,77,2,1
58,A curious student recorded the quarterly sales figures.,English,Short,8,55,1,1
59,The new intern calculated the school's science fair near the old train station.,English,Medium,13,79,1,2
60,A young entrepreneur documented the annual budget report in the downtown office during the summer break.,English,Long,16,104,1,1
61,"Although the weather in Cape Town can be unpredictable during December, Their coach decided to proceed with the outdoor event, arguing that visitors would still enjoy themselves despite the occasional light rain and cooler evening temperatures.",English,Long,36,244,5,3
62,"Although the weather in Bangkok can be unpredictable during April, The museum curator decided to proceed with the outdoor event, arguing that visitors would still enjoy themselves despite the occasional light rain and cooler evening temperatures.",English,Long,36,246,4,3
63,The night-shift nurse reviewed the volunteer schedule in the downtown office within a few hours.,English,Medium,15,96,1,2
64,The software engineer celebrated the volunteer schedule after months of planning.,English,Medium,11,81,1,1
65,"A young entrepreneur spent several weeks translating the annual budget report, and by the end of the project everyone agreed that the effort had been worthwhile, even though the process required patience, careful planning, and a fair amount of trial and error along the way.",English,Long,45,274,1,5
66,The local bakery celebrated the town's water supply system at a small conference in Melbourne just before sunset.,English,Long,18,113,2,2
67,The debate team captain compared an experimental cooking recipe on a rainy Tuesday.,English,Medium,13,83,2,1
68,A young entrepreneur designed the neighborhood's street art throughout the semester.,English,Medium,11,84,1,2
69,"Although the weather in Osaka can be unpredictable during December, The orchestra conductor decided to proceed with the outdoor event, arguing that visitors would still enjoy themselves despite the occasional light rain and cooler evening temperatures.",English,Long,36,252,4,3
70,"Although the weather in Mumbai can be unpredictable during April, Her grandfather decided to proceed with the outdoor event, arguing that visitors would still enjoy themselves despite the occasional light rain and cooler evening temperatures.",English,Long,35,242,4,3
71,The orchestra conductor rehearsed the annual budget report along the riverbank throughout the semester.,English,Medium,14,103,1,1
72,Is it possible to reschedule tomorrow's appointment?,English,Short,7,52,1,2
73,"Please remember to submit the form by Friday, 5 PM.",English,Medium,10,51,4,2
74,The software engineer questioned the results of the survey in the downtown office.,English,Medium,13,82,1,1
75,The chess club planted a collection of vintage postcards.,English,Medium,9,57,1,1
76,Our neighbor measured the upcoming film festival near the old train station during the summer break.,English,Long,16,100,1,1
77,The debate team captain measured the neighborhood's street art at the university campus within a few hours.,English,Long,17,107,1,2
78,The orchestra conductor sketched the upcoming film festival near the old train station.,English,Medium,13,87,1,1
79,A curious student translated the upcoming film festival at the university campus every Saturday afternoon.,English,Medium,15,106,2,1
80,"A curious student spent several weeks comparing the quarterly sales figures, and by the end of the project everyone agreed that the effort had been worthwhile, even though the process required patience, careful planning, and a fair amount of trial and error along the way.",English,Long,45,272,1,5
81,"Although the weather in Marrakesh can be unpredictable during April, Our neighbor decided to proceed with the outdoor event, arguing that visitors would still enjoy themselves despite the occasional light rain and cooler evening temperatures.",English,Long,35,242,4,3
82,"Wow, that presentation was absolutely incredible!",English,Short,6,49,1,2
83,The new intern photographed the layout of the public library at the university campus throughout the semester.,English,Long,17,110,1,1
84,"According to a recent report published by Zenith Pharmaceuticals, the number of people who recycle a collection of vintage postcards has increased steadily over the past three years, largely due to changing habits and greater public awareness.",English,Long,37,243,3,3
85,The orchestra conductor designed several ancient manuscripts throughout the semester.,English,Medium,10,85,1,1
86,The chess club explored the quarterly sales figures near the old train station just before sunset.,English,Long,16,98,1,1
87,The marketing department compared a set of handwritten letters over the weekend.,English,Medium,12,80,1,1
88,The city council rehearsed a set of handwritten letters at the university campus after months of planning.,English,Long,17,106,1,1
89,Can you believe how quickly the year has gone by?,English,Medium,10,49,1,1
90,The marketing department recorded the volunteer schedule inside the community center.,English,Medium,11,85,1,1
91,Our neighbor explored the quarterly sales figures along the riverbank within a few hours.,English,Medium,14,89,1,1
92,Their coach celebrated an antique wooden clock in the downtown office every Saturday afternoon.,English,Medium,14,95,2,1
93,My best friend sketched several ancient manuscripts in the downtown office during the summer break.,English,Medium,15,99,1,1
94,The orchestra conductor celebrated several ancient manuscripts at a small conference in Melbourne.,English,Medium,13,98,2,1
95,Watch out for the wet floor near the entrance.,English,Medium,9,46,1,1
96,"Although the weather in Manila can be unpredictable during December, The chess club decided to proceed with the outdoor event, arguing that visitors would still enjoy themselves despite the occasional light rain and cooler evening temperatures.",English,Long,36,244,4,3
97,"The museum curator spent several weeks photographing the volunteer schedule, and by the end of the project everyone agreed that the effort had been worthwhile, even though the process required patience, careful planning, and a fair amount of trial and error along the way.",English,Long,44,272,1,5
98,My best friend planted the layout of the public library on a rainy Tuesday.,English,Medium,14,75,2,1
99,"Their coach spent several weeks organizing the results of the survey, and by the end of the project everyone agreed that the effort had been worthwhile, even though the process required patience, careful planning, and a fair amount of trial and error along the way.",English,Long,45,265,1,5
100,A freelance writer documented the school's science fair over the weekend.,English,Medium,11,73,1,2
101,A group of tourists measured a new hiking trail near the old train station since last spring.,English,Long,17,93,1,1
102,A group of tourists photographed the quarterly sales figures inside the community center within a few hours.,English,Long,17,108,1,1
103,The community garden volunteers questioned the layout of the public library at a small conference in Melbourne.,English,Long,17,111,2,1
104,The museum curator sketched the community recycling program at the university campus.,English,Medium,12,85,1,1
105,I can't believe we finished the project two days early.,English,Medium,10,55,1,2
106,My younger sister presented a series of jazz recordings in the downtown office during the summer break.,English,Long,17,103,1,1
107,A freelance writer organized several ancient manuscripts during the summer break.,English,Medium,11,81,1,1
108,"The community garden volunteers, who had monitored an unusual weather pattern for nearly a decade, finally decided to write a detailed guide so that newcomers could avoid the same mistakes and understand the process from start to finish.",English,Long,38,237,1,3
109,The community garden volunteers repaired the community recycling program.,English,Medium,9,73,1,1
110,Our neighbor photographed a series of jazz recordings at a small conference in Melbourne every Saturday afternoon.,English,Long,17,114,3,1
111,Our neighbor celebrated a series of jazz recordings in the downtown office after months of planning.,English,Long,16,100,1,1
112,Where did the committee decide to hold the conference?,English,Medium,9,54,1,1
113,"Although the weather in Bangkok can be unpredictable during December, My younger sister decided to proceed with the outdoor event, arguing that visitors would still enjoy themselves despite the occasional light rain and cooler evening temperatures.",English,Long,36,248,4,3
114,A retired teacher repaired the upcoming film festival in the downtown office throughout the semester.,English,Medium,15,101,1,1
115,The new intern photographed a collection of vintage postcards at the university campus every Saturday afternoon.,English,Long,16,112,2,1
116,"Although the weather in Cape Town can be unpredictable during December, A wildlife photographer decided to proceed with the outdoor event, arguing that visitors would still enjoy themselves despite the occasional light rain and cooler evening temperatures.",English,Long,37,256,5,3
117,The community garden volunteers photographed a rare species of orchid just before sunset.,English,Medium,13,89,1,1
118,A freelance writer translated a collection of vintage postcards after months of planning.,English,Medium,13,89,1,1
119,"According to a recent report published by Maple Street School District, the number of people who measure the results of the survey has increased steadily over the past three years, largely due to changing habits and greater public awareness.",English,Long,39,241,5,3
120,"The museum curator, who had coordinated the neighborhood's street art for nearly a decade, finally decided to write a detailed guide so that newcomers could avoid the same mistakes and understand the process from start to finish.",English,Long,37,229,1,4
121,"The local bakery spent several weeks organizing a rare species of orchid, and by the end of the project everyone agreed that the effort had been worthwhile, even though the process required patience, careful planning, and a fair amount of trial and error along the way.",English,Long,46,269,1,5
122,A retired teacher calculated an unusual weather pattern in the downtown office just before sunset.,English,Medium,15,98,1,1
123,The new intern recorded the layout of the public library at the university campus.,English,Medium,14,82,1,1
124,"The local bakery spent several weeks measuring a series of jazz recordings, and by the end of the project everyone agreed that the effort had been worthwhile, even though the process required patience, careful planning, and a fair amount of trial and error along the way.",English,Long,46,271,1,5
125,The delivery driver photographed the upcoming film festival.,English,Short,8,60,1,1
126,The museum curator recorded the results of the survey since last spring.,English,Medium,12,72,1,1
127,Who is responsible for updating the internal documentation?,English,Short,8,59,1,1
128,Their coach documented the results of the survey earlier this morning.,English,Medium,11,70,1,1
129,The chess club photographed the layout of the public library at a small conference in Melbourne.,English,Long,16,96,2,1
130,When is the best season to visit Wellington?,English,Short,8,44,2,1
131,"A wildlife photographer, who had overseen the results of the survey for nearly a decade, finally decided to write a detailed guide so that newcomers could avoid the same mistakes and understand the process from start to finish.",English,Long,38,227,1,3
132,The chess club recorded a newly discovered fossil along the riverbank after months of planning.,English,Medium,15,95,1,1
133,The chess club celebrated a newly discovered fossil since last spring.,English,Medium,11,70,1,1
134,The delivery driver planted the layout of the public library.,English,Medium,10,61,1,1
135,A freelance writer documented the annual budget report inside the community center over the weekend.,English,Medium,15,100,1,1
136,The local bakery photographed a collection of vintage postcards near the old train station earlier this morning.,English,Long,17,112,1,1
137,Her grandfather negotiated a rare species of orchid in the downtown office every Saturday afternoon.,English,Medium,15,100,2,1
138,"According to a recent report published by Lakeside Medical Center, the number of people who discuss a newly discovered fossil has increased steadily over the past three years, largely due to changing habits and greater public awareness.",English,Long,37,236,4,3
139,The community garden volunteers organized the town's water supply system within a few hours.,English,Medium,14,92,1,2
140,The maintenance crew questioned the layout of the public library inside the community center during the summer break.,English,Long,18,117,1,1
141,A group of tourists designed the town's water supply system at a small conference in Melbourne.,English,Long,16,95,2,2
142,The new intern measured the layout of the public library along the riverbank within a few hours.,English,Long,17,96,1,1
143,The chess club photographed the neighborhood's street art along the riverbank since last spring.,English,Medium,14,96,1,2
144,The delivery driver planted a rare species of orchid at a small conference in Melbourne since last spring.,English,Long,18,106,2,1
145,"According to a recent report published by Brightline Technologies, the number of people who photograph several ancient manuscripts has increased steadily over the past three years, largely due to changing habits and greater public awareness.",English,Long,35,241,3,3
146,"According to a recent report published by Brightline Technologies, the number of people who recycle the annual budget report has increased steadily over the past three years, largely due to changing habits and greater public awareness.",English,Long,36,235,3,3
147,The delivery driver presented a newly discovered fossil at a small conference in Melbourne.,English,Medium,14,91,2,1
148,A curious student designed an antique wooden clock on a rainy Tuesday.,English,Medium,12,70,2,1
149,Attention: the meeting has been moved to Room 204.,English,Medium,9,50,2,2
150,My younger sister planted the upcoming film festival at the university campus on a rainy Tuesday.,English,Long,16,97,2,1
151,"Our neighbor spent several weeks measuring an unusual weather pattern, and by the end of the project everyone agreed that the effort had been worthwhile, even though the process required patience, careful planning, and a fair amount of trial and error along the way.",English,Long,44,266,1,5
152,The new intern explored the community recycling program near the old train station within a few hours.,English,Long,17,102,1,1
153,"The maintenance crew, who had coordinated a newly discovered fossil for nearly a decade, finally decided to write a detailed guide so that newcomers could avoid the same mistakes and understand the process from start to finish.",English,Long,37,227,1,3
154,A retired teacher sketched the community recycling program along the riverbank over the weekend.,English,Medium,14,96,1,1
155,The maintenance crew translated a new hiking trail at the university campus during the summer break.,English,Long,16,100,1,1
156,My best friend repaired the layout of the public library inside the community center.,English,Medium,14,85,1,1
157,The orchestra conductor rehearsed several ancient manuscripts inside the community center just before sunset.,English,Medium,14,109,1,1
158,"The chess club spent several weeks photographing the community recycling program, and by the end of the project everyone agreed that the effort had been worthwhile, even though the process required patience, careful planning, and a fair amount of trial and error along the way.",English,Long,45,277,1,5
159,A curious student measured a new hiking trail.,English,Short,8,46,1,1
160,The new intern explored the results of the survey at a small conference in Melbourne.,English,Medium,15,85,2,1
161,The chess club documented the layout of the public library inside the community center just before sunset.,English,Long,17,106,1,1
162,The local bakery reviewed a collection of vintage postcards over the weekend.,English,Medium,12,77,1,1
163,The museum curator documented a rare species of orchid just before sunset.,English,Medium,12,74,1,1
164,The chess club sketched a rare species of orchid every Saturday afternoon.,English,Medium,12,74,2,1
165,Their coach negotiated a new hiking trail inside the community center within a few hours.,English,Medium,15,89,1,1
166,Our neighbor measured the annual budget report in the downtown office on a rainy Tuesday.,English,Medium,15,89,2,1
167,The night-shift nurse measured the upcoming film festival just before sunset.,English,Medium,11,77,1,2
168,The city council photographed an experimental cooking recipe near the old train station since last spring.,English,Long,16,106,1,1
169,The community garden volunteers recorded the town's water supply system at a small conference in Melbourne.,English,Long,16,107,2,2
170,The research team designed the neighborhood's street art along the riverbank within a few hours.,English,Medium,15,96,1,2
171,My best friend recorded a set of handwritten letters throughout the semester.,English,Medium,12,77,1,1
172,The delivery driver documented several ancient manuscripts inside the community center since last spring.,English,Medium,14,105,1,1
173,The chess club translated the quarterly sales figures near the old train station on a rainy Tuesday.,English,Long,17,100,2,1
174,Their coach documented a set of handwritten letters at a small conference in Melbourne every Saturday afternoon.,English,Long,17,112,3,1
175,A group of tourists documented a new hiking trail at the university campus throughout the semester.,English,Long,16,99,1,1
176,The local bakery measured an antique wooden clock in the downtown office throughout the semester.,English,Medium,15,97,1,1
177,"My younger sister spent several weeks documenting an experimental cooking recipe, and by the end of the project everyone agreed that the effort had been worthwhile, even though the process required patience, careful planning, and a fair amount of trial and error along the way.",English,Long,45,277,1,5
178,The software engineer calculated an experimental cooking recipe.,English,Short,8,64,1,1
179,"Their coach, who had coordinated the community recycling program for nearly a decade, finally decided to write a detailed guide so that newcomers could avoid the same mistakes and understand the process from start to finish.",English,Long,36,224,1,3
180,"The local bakery spent several weeks comparing an antique wooden clock, and by the end of the project everyone agreed that the effort had been worthwhile, even though the process required patience, careful planning, and a fair amount of trial and error along the way.",English,Long,45,267,1,5
181,The chess club repaired the volunteer schedule at a small conference in Melbourne.,English,Medium,13,82,2,1
182,The local bakery celebrated an experimental cooking recipe since last spring.,English,Medium,11,77,1,1
183,The new intern celebrated the annual budget report in the downtown office since last spring.,English,Medium,15,92,1,1
184,A curious student repaired an unusual weather pattern at a small conference in Melbourne over the weekend.,English,Long,17,106,2,1
185,A curious student questioned the layout of the public library within a few hours.,English,Medium,14,81,1,1
186,My younger sister translated a series of jazz recordings since last spring.,English,Medium,12,75,1,1
187,The orchestra conductor photographed several ancient manuscripts after months of planning.,English,Medium,11,90,1,1
188,Her grandfather translated the school's science fair inside the community center during the summer break.,English,Medium,15,105,1,2
189,My younger sister presented a series of jazz recordings along the riverbank.,English,Medium,12,76,1,1
190,The night-shift nurse explored a collection of vintage postcards within a few hours.,English,Medium,13,84,1,2
191,"The orchestra conductor, who had managed the town's water supply system for nearly a decade, finally decided to write a detailed guide so that newcomers could avoid the same mistakes and understand the process from start to finish.",English,Long,38,231,1,4
192,The chess club photographed the results of the survey along the riverbank during the summer break.,English,Long,16,98,1,1
193,"According to a recent report published by Ironwood Steel Works, the number of people who photograph the upcoming film festival has increased steadily over the past three years, largely due to changing habits and greater public awareness.",English,Long,37,237,4,3
194,The night-shift nurse designed an unusual weather pattern in the downtown office just before sunset.,English,Medium,15,100,1,2
195,The orchestra conductor presented the community recycling program near the old train station on a rainy Tuesday.,English,Long,17,112,2,1
196,When is the best season to visit Buenos Aires?,English,Medium,9,46,3,1
197,The city council organized a set of handwritten letters near the old train station.,English,Medium,14,83,1,1
198,The debate team captain discussed the results of the survey during the summer break.,English,Medium,14,84,1,1
199,The city council rehearsed the annual budget report in the downtown office since last spring.,English,Medium,15,93,1,1
200,The local bakery repaired the volunteer schedule just before sunset.,English,Medium,10,68,1,1
201,My younger sister compared a rare species of orchid at a small conference in Melbourne.,English,Medium,15,87,2,1
202,The new intern organized the results of the survey.,English,Medium,9,51,1,1
203,The debate team captain measured the upcoming film festival throughout the semester.,English,Medium,12,84,1,1
204,The software engineer explored a set of handwritten letters every Saturday afternoon.,English,Medium,12,85,2,1
205,The orchestra conductor questioned the quarterly sales figures in the downtown office over the weekend.,English,Medium,15,103,1,1
206,The local bakery designed the quarterly sales figures on a rainy Tuesday.,English,Medium,12,73,2,1
207,The delivery driver rehearsed the upcoming film festival earlier this morning.,English,Medium,11,78,1,1
208,The maintenance crew rehearsed the community recycling program at the university campus within a few hours.,English,Long,16,107,1,1
209,"According to a recent report published by Summit Robotics Inc., the number of people who recycle the town's water supply system has increased steadily over the past three years, largely due to changing habits and greater public awareness.",English,Long,38,238,4,5
210,My best friend photographed an experimental cooking recipe over the weekend.,English,Medium,11,76,1,1
211,Could you explain how the recommendation algorithm works?,English,Short,8,57,1,1
212,"The local bakery spent several weeks measuring the layout of the public library, and by the end of the project everyone agreed that the effort had been worthwhile, even though the process required patience, careful planning, and a fair amount of trial and error along the way.",English,Long,47,276,1,5
213,The new intern planted an experimental cooking recipe at a small conference in Melbourne throughout the semester.,English,Long,17,113,2,1
214,The research team designed the quarterly sales figures at the university campus since last spring.,English,Medium,15,98,1,1
215,Their coach celebrated the upcoming film festival in the downtown office every Saturday afternoon.,English,Medium,14,98,2,1
216,The night-shift nurse compared an experimental cooking recipe near the old train station.,English,Medium,13,89,1,2
217,The city council organized the quarterly sales figures along the riverbank every Saturday afternoon.,English,Medium,14,100,2,1
218,"The delivery driver spent several weeks translating several ancient manuscripts, and by the end of the project everyone agreed that the effort had been worthwhile, even though the process required patience, careful planning, and a fair amount of trial and error along the way.",English,Long,44,276,1,5
219,The research team designed the upcoming film festival over the weekend.,English,Medium,11,71,1,1
220,A young entrepreneur planted the layout of the public library near the old train station after months of planning.,English,Long,19,114,1,1
221,A retired teacher negotiated a collection of vintage postcards at the university campus since last spring.,English,Long,16,106,1,1
222,"The marketing department, who had supported the school's science fair for nearly a decade, finally decided to write a detailed guide so that newcomers could avoid the same mistakes and understand the process from start to finish.",English,Long,37,229,1,4
223,The night-shift nurse documented a series of jazz recordings in the downtown office just before sunset.,English,Long,16,103,1,2
224,A curious student photographed a newly discovered fossil earlier this morning.,English,Medium,11,78,1,1
225,A freelance writer compared the quarterly sales figures throughout the semester.,English,Medium,11,80,1,1
226,The delivery driver measured the town's water supply system in the downtown office during the summer break.,English,Long,17,107,1,2
227,"According to a recent report published by Redstone Consulting, the number of people who measure the town's water supply system has increased steadily over the past three years, largely due to changing habits and greater public awareness.",English,Long,37,237,3,4
228,"The community garden volunteers spent several weeks translating a series of jazz recordings, and by the end of the project everyone agreed that the effort had been worthwhile, even though the process required patience, careful planning, and a fair amount of trial and error along the way.",English,Long,47,288,1,5
229,The night-shift nurse celebrated several ancient manuscripts inside the community center over the weekend.,English,Medium,14,106,1,2
230,The community garden volunteers designed the town's water supply system.,English,Medium,10,72,1,2
231,The orchestra conductor planted an antique wooden clock in the downtown office earlier this morning.,English,Medium,15,100,1,1
232,The chess club compared the quarterly sales figures near the old train station after months of planning.,English,Long,17,104,1,1
233,The orchestra conductor photographed the quarterly sales figures in the downtown office after months of planning.,English,Long,16,113,1,1
234,Our neighbor calculated a set of handwritten letters inside the community center throughout the semester.,English,Medium,15,105,1,1
235,Their coach negotiated the results of the survey at the university campus just before sunset.,English,Medium,15,93,1,1
236,My younger sister compared the upcoming film festival along the riverbank.,English,Medium,11,74,1,1
237,"That was, without question, the best meal I've had this year.",English,Medium,11,61,2,4
238,The chess club organized the volunteer schedule at a small conference in Melbourne earlier this morning.,English,Long,16,104,2,1
239,A wildlife photographer questioned the quarterly sales figures at a small conference in Melbourne within a few hours.,English,Long,18,117,2,1
240,The local bakery repaired the community recycling program on a rainy Tuesday.,English,Medium,12,77,2,1
241,My best friend sketched the school's science fair during the summer break.,English,Medium,12,74,1,2
242,Her grandfather measured a collection of vintage postcards at a small conference in Melbourne throughout the semester.,English,Long,17,118,2,1
243,A curious student rehearsed an unusual weather pattern along the riverbank.,English,Medium,11,75,1,1
244,A retired teacher repaired a new hiking trail inside the community center after months of planning.,English,Long,16,99,1,1
245,The chess club explored an antique wooden clock within a few hours.,English,Medium,12,67,1,1
246,"My best friend, who had supported the results of the survey for nearly a decade, finally decided to write a detailed guide so that newcomers could avoid the same mistakes and understand the process from start to finish.",English,Long,38,219,1,3
247,My younger sister explored the school's science fair inside the community center since last spring.,English,Medium,15,99,1,2
248,The marketing department sketched the quarterly sales figures along the riverbank over the weekend.,English,Medium,14,99,1,1
249,"Although the weather in Santiago can be unpredictable during October, The delivery driver decided to proceed with the outdoor event, arguing that visitors would still enjoy themselves despite the occasional light rain and cooler evening temperatures.",English,Long,36,250,4,3
250,The night-shift nurse calculated the results of the survey.,English,Medium,9,59,1,2
251,The chess club calculated several ancient manuscripts at a small conference in Melbourne earlier this morning.,English,Long,16,110,2,1
252,The local bakery planted the volunteer schedule during the summer break.,English,Medium,11,72,1,1
253,The city council explored a new hiking trail within a few hours.,English,Medium,12,64,1,1
254,The chess club compared an unusual weather pattern along the riverbank over the weekend.,English,Medium,14,88,1,1
255,"According to a recent report published by Golden Gate Retailers, the number of people who measure a set of handwritten letters has increased steadily over the past three years, largely due to changing habits and greater public awareness.",English,Long,38,237,4,3
256,"According to a recent report published by Coastal Insurance Co., the number of people who discuss the town's water supply system has increased steadily over the past three years, largely due to changing habits and greater public awareness.",English,Long,38,239,4,5
257,The community garden volunteers photographed the neighborhood's street art near the old train station after months of planning.,English,Long,18,127,1,2
258,The new intern calculated the upcoming film festival.,English,Short,8,53,1,1
259,My best friend recorded a collection of vintage postcards on a rainy Tuesday.,English,Medium,13,77,2,1
260,The research team repaired the layout of the public library at the university campus over the weekend.,English,Long,17,102,1,1
261,"Although the weather in Bangkok can be unpredictable during April, The city council decided to proceed with the outdoor event, arguing that visitors would still enjoy themselves despite the occasional light rain and cooler evening temperatures.",English,Long,36,244,4,3
262,The night-shift nurse rehearsed the quarterly sales figures inside the community center.,English,Medium,12,88,1,2
263,A freelance writer organized the neighborhood's street art inside the community center during the summer break.,English,Long,16,111,1,2
264,A young entrepreneur questioned the quarterly sales figures inside the community center throughout the semester.,English,Medium,15,112,1,1
265,The local bakery organized the quarterly sales figures inside the community center.,English,Medium,12,83,1,1
266,My best friend calculated the results of the survey during the summer break.,English,Medium,13,76,1,1
267,The research team sketched the upcoming film festival inside the community center during the summer break.,English,Long,16,106,1,1
268,"The chess club, who had studied the town's water supply system for nearly a decade, finally decided to write a detailed guide so that newcomers could avoid the same mistakes and understand the process from start to finish.",English,Long,38,222,1,4
269,The local bakery repaired the neighborhood's street art at a small conference in Melbourne earlier this morning.,English,Long,17,112,2,2
270,The museum curator questioned several ancient manuscripts at a small conference in Melbourne every Saturday afternoon.,English,Long,16,118,3,1
271,"According to a recent report published by Northfield University, the number of people who document the quarterly sales figures has increased steadily over the past three years, largely due to changing habits and greater public awareness.",English,Long,36,237,3,3
272,The software engineer documented an experimental cooking recipe.,English,Short,8,64,1,1
273,The new intern reviewed the town's water supply system near the old train station.,English,Medium,14,82,1,2
274,A wildlife photographer discussed the annual budget report at the university campus after months of planning.,English,Long,16,109,1,1
275,My younger sister designed an unusual weather pattern in the downtown office just before sunset.,English,Medium,15,96,1,1
276,Our neighbor rehearsed a collection of vintage postcards at the university campus every Saturday afternoon.,English,Medium,15,107,2,1
277,The maintenance crew translated the volunteer schedule at a small conference in Melbourne during the summer break.,English,Long,17,114,2,1
278,"According to a recent report published by Skyline Real Estate, the number of people who recycle the annual budget report has increased steadily over the past three years, largely due to changing habits and greater public awareness.",English,Long,37,231,4,3
279,The software engineer sketched an antique wooden clock.,English,Short,8,55,1,1
280,"A young entrepreneur, who had overseen a set of handwritten letters for nearly a decade, finally decided to write a detailed guide so that newcomers could avoid the same mistakes and understand the process from start to finish.",English,Long,38,227,1,3
281,"Although the weather in Jakarta can be unpredictable during July, Our neighbor decided to proceed with the outdoor event, arguing that visitors would still enjoy themselves despite the occasional light rain and cooler evening temperatures.",English,Long,35,239,4,3
282,"The maintenance crew, who had supported a rare species of orchid for nearly a decade, finally decided to write a detailed guide so that newcomers could avoid the same mistakes and understand the process from start to finish.",English,Long,38,224,1,3
283,"Although the weather in Berlin can be unpredictable during October, The delivery driver decided to proceed with the outdoor event, arguing that visitors would still enjoy themselves despite the occasional light rain and cooler evening temperatures.",English,Long,36,248,4,3
284,"A group of tourists spent several weeks photographing the annual budget report, and by the end of the project everyone agreed that the effort had been worthwhile, even though the process required patience, careful planning, and a fair amount of trial and error along the way.",English,Long,46,275,1,5
285,The software engineer discussed the quarterly sales figures during the summer break.,English,Medium,12,84,1,1
286,The museum curator rehearsed the results of the survey throughout the semester.,English,Medium,12,79,1,1
287,The local bakery negotiated a new hiking trail every Saturday afternoon.,English,Medium,11,72,2,1
288,The maintenance crew questioned a new hiking trail at a small conference in Melbourne just before sunset.,English,Long,17,105,2,1
289,The new intern rehearsed a series of jazz recordings.,English,Medium,9,53,1,1
290,The software engineer documented the quarterly sales figures at the university campus.,English,Medium,12,86,1,1
291,The orchestra conductor translated an experimental cooking recipe at the university campus since last spring.,English,Medium,15,109,1,1
292,"Although the weather in Manila can be unpredictable during December, The delivery driver decided to proceed with the outdoor event, arguing that visitors would still enjoy themselves despite the occasional light rain and cooler evening temperatures.",English,Long,36,249,4,3
293,The city council negotiated the community recycling program.,English,Short,8,60,1,1
294,"According to a recent report published by Meridian Financial Group, the number of people who measure a set of handwritten letters has increased steadily over the past three years, largely due to changing habits and greater public awareness.",English,Long,38,240,4,3
295,"The local bakery spent several weeks organizing a set of handwritten letters, and by the end of the project everyone agreed that the effort had been worthwhile, even though the process required patience, careful planning, and a fair amount of trial and error along the way.",English,Long,46,273,1,5
296,"The community garden volunteers spent several weeks translating the annual budget report, and by the end of the project everyone agreed that the effort had been worthwhile, even though the process required patience, careful planning, and a fair amount of trial and error along the way.",English,Long,46,285,1,5
297,The chess club translated the results of the survey after months of planning.,English,Medium,13,77,1,1
298,My best friend documented the volunteer schedule.,English,Short,7,49,1,1
299,"According to a recent report published by Pioneer Research Institute, the number of people who recycle the school's science fair has increased steadily over the past three years, largely due to changing habits and greater public awareness.",English,Long,37,239,4,4
300,"Although the weather in Santiago can be unpredictable during July, A group of tourists decided to proceed with the outdoor event, arguing that visitors would still enjoy themselves despite the occasional light rain and cooler evening temperatures.",English,Long,37,247,4,3
301,"My younger sister, who had overseen a new hiking trail for nearly a decade, finally decided to write a detailed guide so that newcomers could avoid the same mistakes and understand the process from start to finish.",English,Long,37,214,1,3
302,A group of tourists explored a collection of vintage postcards during the summer break.,English,Medium,14,87,1,1
303,"The new intern spent several weeks organizing a set of handwritten letters, and by the end of the project everyone agreed that the effort had been worthwhile, even though the process required patience, careful planning, and a fair amount of trial and error along the way.",English,Long,46,271,1,5
304,The museum curator presented the neighborhood's street art in the downtown office throughout the semester.,English,Medium,15,106,1,2
305,"According to a recent report published by Cedar Grove Hospital, the number of people who document the school's science fair has increased steadily over the past three years, largely due to changing habits and greater public awareness.",English,Long,37,234,4,4
306,The delivery driver rehearsed the upcoming film festival throughout the semester.,English,Medium,11,81,1,1
307,The local bakery documented the community recycling program inside the community center.,English,Medium,12,88,1,1
308,A curious student discussed the annual budget report every Saturday afternoon.,English,Medium,11,78,2,1
309,The museum curator documented an experimental cooking recipe every Saturday afternoon.,English,Medium,11,86,2,1
310,"Although the weather in Helsinki can be unpredictable during July, A wildlife photographer decided to proceed with the outdoor event, arguing that visitors would still enjoy themselves despite the occasional light rain and cooler evening temperatures.",English,Long,36,251,4,3
311,"Their coach spent several weeks comparing a series of jazz recordings, and by the end of the project everyone agreed that the effort had been worthwhile, even though the process required patience, careful planning, and a fair amount of trial and error along the way.",English,Long,45,266,1,5
312,A curious student explored the upcoming film festival earlier this morning.,English,Medium,11,75,1,1
313,The night-shift nurse recorded an antique wooden clock in the downtown office over the weekend.,English,Medium,15,95,1,2
314,My best friend celebrated the results of the survey inside the community center every Saturday afternoon.,English,Long,16,105,2,1
315,"Although the weather in Cairo can be unpredictable during January, The local bakery decided to proceed with the outdoor event, arguing that visitors would still enjoy themselves despite the occasional light rain and cooler evening temperatures.",English,Long,36,244,4,3
316,"The debate team captain, who had studied several ancient manuscripts for nearly a decade, finally decided to write a detailed guide so that newcomers could avoid the same mistakes and understand the process from start to finish.",English,Long,37,228,1,3
317,The community garden volunteers explored the community recycling program during the summer break.,English,Medium,13,97,1,1
318,A freelance writer reviewed several ancient manuscripts just before sunset.,English,Medium,10,75,1,1
319,The debate team captain celebrated a newly discovered fossil in the downtown office every Saturday afternoon.,English,Long,16,109,2,1
320,The marketing department presented an experimental cooking recipe just before sunset.,English,Medium,11,85,1,1
321,"Her grandfather, who had supported the neighborhood's street art for nearly a decade, finally decided to write a detailed guide so that newcomers could avoid the same mistakes and understand the process from start to finish.",English,Long,36,224,1,4
322,The community garden volunteers translated an antique wooden clock at the university campus just before sunset.,English,Long,16,111,1,1
323,A group of tourists measured the town's water supply system near the old train station earlier this morning.,English,Long,18,108,1,2
324,"Although the weather in Austin can be unpredictable during January, The orchestra conductor decided to proceed with the outdoor event, arguing that visitors would still enjoy themselves despite the occasional light rain and cooler evening temperatures.",English,Long,36,252,4,3
325,"The research team, who had monitored the results of the survey for nearly a decade, finally decided to write a detailed guide so that newcomers could avoid the same mistakes and understand the process from start to finish.",English,Long,38,222,1,3
326,The museum curator discussed a newly discovered fossil just before sunset.,English,Medium,11,74,1,1
327,The research team presented several ancient manuscripts along the riverbank throughout the semester.,English,Medium,13,100,1,1
328,The debate team captain rehearsed the community recycling program along the riverbank throughout the semester.,English,Medium,15,110,1,1
329,The debate team captain sketched the neighborhood's street art at the university campus earlier this morning.,English,Long,16,109,1,2
330,"Although the weather in Santiago can be unpredictable during October, A freelance writer decided to proceed with the outdoor event, arguing that visitors would still enjoy themselves despite the occasional light rain and cooler evening temperatures.",English,Long,36,249,4,3
331,"Although the weather in Wellington can be unpredictable during April, The city council decided to proceed with the outdoor event, arguing that visitors would still enjoy themselves despite the occasional light rain and cooler evening temperatures.",English,Long,36,247,4,3
332,"According to a recent report published by Falcon Logistics, the number of people who document a new hiking trail has increased steadily over the past three years, largely due to changing habits and greater public awareness.",English,Long,36,223,3,3
333,"Although the weather in Berlin can be unpredictable during July, The marketing department decided to proceed with the outdoor event, arguing that visitors would still enjoy themselves despite the occasional light rain and cooler evening temperatures.",English,Long,36,250,4,3
334,The local bakery repaired the upcoming film festival along the riverbank every Saturday afternoon.,English,Medium,14,98,2,1
335,The community garden volunteers explored the results of the survey at a small conference in Melbourne just before sunset.,English,Long,19,121,2,1
336,A freelance writer rehearsed the volunteer schedule near the old train station during the summer break.,English,Long,16,103,1,1
337,The delivery driver discussed the community recycling program in the downtown office during the summer break.,English,Long,16,109,1,1
338,A curious student designed an antique wooden clock along the riverbank after months of planning.,English,Medium,15,96,1,1
339,My younger sister questioned an experimental cooking recipe near the old train station on a rainy Tuesday.,English,Long,17,106,2,1
340,A young entrepreneur explored the upcoming film festival in the downtown office on a rainy Tuesday.,English,Long,16,99,2,1
341,Their coach documented a series of jazz recordings along the riverbank on a rainy Tuesday.,English,Medium,15,90,2,1
342,The chess club negotiated a series of jazz recordings near the old train station within a few hours.,English,Long,18,100,1,1
343,The research team photographed a collection of vintage postcards.,English,Medium,9,65,1,1
344,"According to a recent report published by Quantum Innovations, the number of people who review an antique wooden clock has increased steadily over the past three years, largely due to changing habits and greater public awareness.",English,Long,36,229,3,3
345,A curious student repaired the results of the survey over the weekend.,English,Medium,12,70,1,1
346,The museum curator explored the neighborhood's street art at a small conference in Melbourne on a rainy Tuesday.,English,Long,18,112,3,2
347,The maintenance crew rehearsed an unusual weather pattern near the old train station within a few hours.,English,Long,17,104,1,1
348,Her grandfather presented the school's science fair along the riverbank every Saturday afternoon.,English,Medium,13,97,2,2
349,"Although the weather in Warsaw can be unpredictable during January, A young entrepreneur decided to proceed with the outdoor event, arguing that visitors would still enjoy themselves despite the occasional light rain and cooler evening temperatures.",English,Long,36,249,4,3
350,The marketing department designed the quarterly sales figures in the downtown office earlier this morning.,English,Medium,15,106,1,1
351,The community garden volunteers calculated an antique wooden clock at a small conference in Melbourne on a rainy Tuesday.,English,Long,19,121,3,1
352,Her grandfather translated the layout of the public library inside the community center during the summer break.,English,Long,17,112,1,1
353,The marketing department reviewed a new hiking trail.,English,Short,8,53,1,1
354,"The orchestra conductor, who had coordinated the neighborhood's street art for nearly a decade, finally decided to write a detailed guide so that newcomers could avoid the same mistakes and understand the process from start to finish.",English,Long,37,234,1,4
355,The city council negotiated the results of the survey in the downtown office just before sunset.,English,Long,16,96,1,1
356,My best friend sketched the school's science fair along the riverbank.,English,Medium,11,70,1,2
357,The museum curator organized the quarterly sales figures inside the community center throughout the semester.,English,Medium,15,109,1,1
358,A group of tourists discussed an experimental cooking recipe.,English,Medium,9,61,1,1
359,The debate team captain repaired the town's water supply system over the weekend.,English,Medium,13,81,1,2
360,The debate team captain compared the school's science fair in the downtown office.,English,Medium,13,82,1,2
361,"According to a recent report published by Evergreen Energy Co., the number of people who document the annual budget report has increased steadily over the past three years, largely due to changing habits and greater public awareness.",English,Long,37,233,4,4
362,The marketing department sketched an experimental cooking recipe.,English,Short,8,65,1,1
363,The software engineer negotiated the volunteer schedule at a small conference in Melbourne since last spring.,English,Long,16,109,2,1
364,A retired teacher celebrated an unusual weather pattern since last spring.,English,Medium,11,74,1,1
365,The local bakery documented an experimental cooking recipe in the downtown office during the summer break.,English,Long,16,106,1,1
366,The research team reviewed an unusual weather pattern earlier this morning.,English,Medium,11,75,1,1
367,Their coach organized a series of jazz recordings along the riverbank over the weekend.,English,Medium,14,87,1,1
368,The marketing department negotiated the volunteer schedule over the weekend.,English,Medium,10,76,1,1
369,The community garden volunteers photographed the school's science fair near the old train station.,English,Medium,14,98,1,2
370,"Although the weather in Helsinki can be unpredictable during July, The delivery driver decided to proceed with the outdoor event, arguing that visitors would still enjoy themselves despite the occasional light rain and cooler evening temperatures.",English,Long,36,247,4,3
371,"According to a recent report published by Falcon Logistics, the number of people who recycle an unusual weather pattern has increased steadily over the past three years, largely due to changing habits and greater public awareness.",English,Long,36,230,3,3
372,The marketing department measured a series of jazz recordings along the riverbank earlier this morning.,English,Medium,15,103,1,1
373,When is the best season to visit Nairobi?,English,Short,8,41,2,1
374,The maintenance crew rehearsed an antique wooden clock on a rainy Tuesday.,English,Medium,12,74,2,1
375,The night-shift nurse discussed the volunteer schedule in the downtown office since last spring.,English,Medium,14,96,1,2
376,A group of tourists negotiated a rare species of orchid in the downtown office since last spring.,English,Long,17,97,1,1
377,The local bakery recorded the neighborhood's street art every Saturday afternoon.,English,Medium,11,81,2,2
378,The orchestra conductor photographed the volunteer schedule along the riverbank on a rainy Tuesday.,English,Medium,14,99,2,1
379,The research team planted the layout of the public library in the downtown office.,English,Medium,14,82,1,1
380,"According to a recent report published by Oakwood Publishing House, the number of people who photograph a newly discovered fossil has increased steadily over the past three years, largely due to changing habits and greater public awareness.",English,Long,37,240,4,3
381,The new intern negotiated the school's science fair on a rainy Tuesday.,English,Medium,12,71,2,2
382,"The debate team captain, who had supported the layout of the public library for nearly a decade, finally decided to write a detailed guide so that newcomers could avoid the same mistakes and understand the process from start to finish.",English,Long,40,235,1,3
383,The orchestra conductor discussed a series of jazz recordings inside the community center since last spring.,English,Long,16,108,1,1
384,The maintenance crew designed the upcoming film festival in the downtown office over the weekend.,English,Medium,15,97,1,1
385,The chess club organized an experimental cooking recipe.,English,Short,8,56,1,1
386,The debate team captain discussed the school's science fair every Saturday afternoon.,English,Medium,12,85,2,2
387,A young entrepreneur compared the annual budget report at a small conference in Melbourne throughout the semester.,English,Long,17,114,2,1
388,"My best friend spent several weeks photographing the quarterly sales figures, and by the end of the project everyone agreed that the effort had been worthwhile, even though the process required patience, careful planning, and a fair amount of trial and error along the way.",English,Long,45,273,1,5
389,"Although the weather in Mumbai can be unpredictable during July, The orchestra conductor decided to proceed with the outdoor event, arguing that visitors would still enjoy themselves despite the occasional light rain and cooler evening temperatures.",English,Long,36,249,4,3
390,The museum curator designed an unusual weather pattern along the riverbank after months of planning.,English,Medium,15,100,1,1
391,A curious student planted the upcoming film festival near the old train station since last spring.,English,Long,16,98,1,1
392,The software engineer reviewed the layout of the public library at the university campus.,English,Medium,14,89,1,1
393,My best friend calculated a set of handwritten letters at a small conference in Melbourne earlier this morning.,English,Long,18,111,2,1
394,"According to a recent report published by Blue Horizon Airlines, the number of people who review a newly discovered fossil has increased steadily over the past three years, largely due to changing habits and greater public awareness.",English,Long,37,233,4,3
395,The community garden volunteers reviewed an unusual weather pattern in the downtown office every Saturday afternoon.,English,Long,16,116,2,1
396,My best friend celebrated a series of jazz recordings inside the community center.,English,Medium,13,82,1,1
397,"Although the weather in Edinburgh can be unpredictable during December, The delivery driver decided to proceed with the outdoor event, arguing that visitors would still enjoy themselves despite the occasional light rain and cooler evening temperatures.",English,Long,36,252,4,3
398,The local bakery recorded a newly discovered fossil on a rainy Tuesday.,English,Medium,12,71,2,1
399,The maintenance crew calculated the community recycling program.,English,Short,8,64,1,1
400,"The chess club, who had studied the volunteer schedule for nearly a decade, finally decided to write a detailed guide so that newcomers could avoid the same mistakes and understand the process from start to finish.",English,Long,36,214,1,3
401,"Although the weather in Osaka can be unpredictable during December, The debate team captain decided to proceed with the outdoor event, arguing that visitors would still enjoy themselves despite the occasional light rain and cooler evening temperatures.",English,Long,37,252,4,3
402,"Although the weather in Santiago can be unpredictable during July, Our neighbor decided to proceed with the outdoor event, arguing that visitors would still enjoy themselves despite the occasional light rain and cooler evening temperatures.",English,Long,35,240,4,3
403,The orchestra conductor photographed the neighborhood's street art near the old train station after months of planning.,English,Long,17,119,1,2
404,A young entrepreneur repaired the annual budget report just before sunset.,English,Medium,11,74,1,1
405,"The city council, who had managed the annual budget report for nearly a decade, finally decided to write a detailed guide so that newcomers could avoid the same mistakes and understand the process from start to finish.",English,Long,37,218,1,3
406,The debate team captain rehearsed an experimental cooking recipe after months of planning.,English,Medium,13,90,1,1
407,The debate team captain discussed the quarterly sales figures near the old train station since last spring.,English,Long,17,107,1,1
408,The debate team captain organized the upcoming film festival since last spring.,English,Medium,12,79,1,1
409,The maintenance crew sketched the annual budget report every Saturday afternoon.,English,Medium,11,80,2,1
410,The debate team captain repaired an experimental cooking recipe near the old train station every Saturday afternoon.,English,Long,17,116,2,1
411,The debate team captain compared the quarterly sales figures in the downtown office since last spring.,English,Long,16,102,1,1
412,The research team designed a rare species of orchid inside the community center.,English,Medium,13,80,1,1
413,"Although the weather in Wellington can be unpredictable during October, A retired teacher decided to proceed with the outdoor event, arguing that visitors would still enjoy themselves despite the occasional light rain and cooler evening temperatures.",English,Long,36,250,4,3
414,"Although the weather in Austin can be unpredictable during October, The city council decided to proceed with the outdoor event, arguing that visitors would still enjoy themselves despite the occasional light rain and cooler evening temperatures.",English,Long,36,245,4,3
415,"Although the weather in Edinburgh can be unpredictable during July, The software engineer decided to proceed with the outdoor event, arguing that visitors would still enjoy themselves despite the occasional light rain and cooler evening temperatures.",English,Long,36,250,4,3
416,The delivery driver compared the volunteer schedule since last spring.,English,Medium,10,70,1,1
417,"A young entrepreneur spent several weeks organizing the town's water supply system, and by the end of the project everyone agreed that the effort had been worthwhile, even though the process required patience, careful planning, and a fair amount of trial and error along the way.",English,Long,46,279,1,6
418,The maintenance crew rehearsed the community recycling program within a few hours.,English,Medium,12,82,1,1
419,The research team presented the volunteer schedule after months of planning.,English,Medium,11,76,1,1
420,"Although the weather in Osaka can be unpredictable during April, The city council decided to proceed with the outdoor event, arguing that visitors would still enjoy themselves despite the occasional light rain and cooler evening temperatures.",English,Long,36,242,4,3
421,"Although the weather in Cairo can be unpredictable during October, The orchestra conductor decided to proceed with the outdoor event, arguing that visitors would still enjoy themselves despite the occasional light rain and cooler evening temperatures.",English,Long,36,251,4,3
422,The new intern explored the upcoming film festival.,English,Short,8,51,1,1
423,"The research team, who had coordinated a set of handwritten letters for nearly a decade, finally decided to write a detailed guide so that newcomers could avoid the same mistakes and understand the process from start to finish.",English,Long,38,227,1,3
424,"According to a recent report published by Northfield University, the number of people who review a new hiking trail has increased steadily over the past three years, largely due to changing habits and greater public awareness.",English,Long,36,226,3,3
425,A retired teacher measured a rare species of orchid near the old train station.,English,Medium,14,79,1,1
426,A freelance writer translated an unusual weather pattern within a few hours.,English,Medium,12,76,1,1
427,"Although the weather in Kuala Lumpur can be unpredictable during July, The city council decided to proceed with the outdoor event, arguing that visitors would still enjoy themselves despite the occasional light rain and cooler evening temperatures.",English,Long,37,248,5,3
428,My younger sister organized a new hiking trail in the downtown office earlier this morning.,English,Medium,15,91,1,1
429,The museum curator sketched a collection of vintage postcards inside the community center during the summer break.,English,Long,17,114,1,1
430,"A group of tourists spent several weeks comparing the town's water supply system, and by the end of the project everyone agreed that the effort had been worthwhile, even though the process required patience, careful planning, and a fair amount of trial and error along the way.",English,Long,47,277,1,6
431,The maintenance crew explored a rare species of orchid.,English,Medium,9,55,1,1
432,The delivery driver compared the school's science fair inside the community center over the weekend.,English,Medium,15,100,1,2
433,A curious student reviewed the volunteer schedule along the riverbank earlier this morning.,English,Medium,13,91,1,1
434,The software engineer organized an antique wooden clock.,English,Short,8,56,1,1
435,The new intern discussed the community recycling program in the downtown office since last spring.,English,Medium,15,98,1,1
436,The local bakery rehearsed the community recycling program during the summer break.,English,Medium,12,83,1,1
437,"Although the weather in Kuala Lumpur can be unpredictable during October, The maintenance crew decided to proceed with the outdoor event, arguing that visitors would still enjoy themselves despite the occasional light rain and cooler evening temperatures.",English,Long,37,255,5,3
438,Her grandfather sketched the upcoming film festival.,English,Short,7,52,1,1
439,The night-shift nurse translated a collection of vintage postcards near the old train station throughout the semester.,English,Long,17,118,1,2
440,Our neighbor designed the school's science fair at the university campus every Saturday afternoon.,English,Medium,14,98,2,2
441,A retired teacher documented several ancient manuscripts at the university campus throughout the semester.,English,Medium,14,106,1,1
442,The debate team captain calculated the annual budget report on a rainy Tuesday.,English,Medium,13,79,2,1
443,The local bakery rehearsed an unusual weather pattern in the downtown office since last spring.,English,Medium,15,95,1,1
444,The debate team captain photographed a set of handwritten letters along the riverbank over the weekend.,English,Long,16,103,1,1
445,"The city council, who had studied the results of the survey for nearly a decade, finally decided to write a detailed guide so that newcomers could avoid the same mistakes and understand the process from start to finish.",English,Long,38,219,1,3
446,The research team questioned the results of the survey since last spring.,English,Medium,12,73,1,1
447,"The local bakery spent several weeks reviewing an antique wooden clock, and by the end of the project everyone agreed that the effort had been worthwhile, even though the process required patience, careful planning, and a fair amount of trial and error along the way.",English,Long,45,267,1,5
448,"Although the weather in Stockholm can be unpredictable during April, Our neighbor decided to proceed with the outdoor event, arguing that visitors would still enjoy themselves despite the occasional light rain and cooler evening temperatures.",English,Long,35,242,4,3
449,The museum curator reviewed the quarterly sales figures inside the community center on a rainy Tuesday.,English,Long,16,103,2,1
450,The delivery driver celebrated the annual budget report near the old train station earlier this morning.,English,Long,16,104,1,1
451,"Although the weather in Manila can be unpredictable during July, The new intern decided to proceed with the outdoor event, arguing that visitors would still enjoy themselves despite the occasional light rain and cooler evening temperatures.",English,Long,36,240,4,3
452,The museum curator recorded the community recycling program at a small conference in Melbourne after months of planning.,English,Long,18,120,2,1
453,"Although the weather in Zurich can be unpredictable during July, Our neighbor decided to proceed with the outdoor event, arguing that visitors would still enjoy themselves despite the occasional light rain and cooler evening temperatures.",English,Long,35,238,4,3
454,The local bakery measured the upcoming film festival.,English,Short,8,53,1,1
455,Her grandfather negotiated a rare species of orchid along the riverbank during the summer break.,English,Medium,15,96,1,1
456,The delivery driver presented the quarterly sales figures at a small conference in Melbourne earlier this morning.,English,Long,17,114,2,1
457,"Although the weather in Denver can be unpredictable during January, The new intern decided to proceed with the outdoor event, arguing that visitors would still enjoy themselves despite the occasional light rain and cooler evening temperatures.",English,Long,36,243,4,3
458,The research team measured a new hiking trail at a small conference in Melbourne.,English,Medium,14,81,2,1
459,Their coach planted the upcoming film festival at the university campus just before sunset.,English,Medium,14,91,1,1
460,The night-shift nurse calculated the school's science fair near the old train station on a rainy Tuesday.,English,Long,17,105,2,3
461,"My best friend spent several weeks photographing a series of jazz recordings, and by the end of the project everyone agreed that the effort had been worthwhile, even though the process required patience, careful planning, and a fair amount of trial and error along the way.",English,Long,46,273,1,5
462,"Although the weather in Stockholm can be unpredictable during October, A wildlife photographer decided to proceed with the outdoor event, arguing that visitors would still enjoy themselves despite the occasional light rain and cooler evening temperatures.",English,Long,36,255,4,3
463,A freelance writer translated a newly discovered fossil at the university campus during the summer break.,English,Long,16,105,1,1
464,A freelance writer sketched an unusual weather pattern at a small conference in Melbourne on a rainy Tuesday.,English,Long,18,109,3,1
465,The local bakery negotiated a set of handwritten letters at the university campus throughout the semester.,English,Long,16,106,1,1
466,The city council repaired an experimental cooking recipe over the weekend.,English,Medium,11,74,1,1
467,The new intern sketched an experimental cooking recipe near the old train station.,English,Medium,13,82,1,1
468,The marketing department questioned the town's water supply system throughout the semester.,English,Medium,12,91,1,2
469,A freelance writer recorded the neighborhood's street art.,English,Short,8,58,1,2
470,The night-shift nurse organized the layout of the public library along the riverbank over the weekend.,English,Long,16,102,1,2
471,"The delivery driver, who had supported a newly discovered fossil for nearly a decade, finally decided to write a detailed guide so that newcomers could avoid the same mistakes and understand the process from start to finish.",English,Long,37,224,1,3
472,Our neighbor explored a set of handwritten letters every Saturday afternoon.,English,Medium,11,76,2,1
473,The delivery driver documented a series of jazz recordings at the university campus every Saturday afternoon.,English,Long,16,109,2,1
474,The community garden volunteers planted the school's science fair at a small conference in Melbourne over the weekend.,English,Long,18,118,2,2
475,The night-shift nurse explored the town's water supply system on a rainy Tuesday.,English,Medium,13,81,2,3
476,"The orchestra conductor, who had overseen the upcoming film festival for nearly a decade, finally decided to write a detailed guide so that newcomers could avoid the same mistakes and understand the process from start to finish.",English,Long,37,228,1,3
477,"Although the weather in Stockholm can be unpredictable during December, The museum curator decided to proceed with the outdoor event, arguing that visitors would still enjoy themselves despite the occasional light rain and cooler evening temperatures.",English,Long,36,251,4,3
478,A retired teacher organized an experimental cooking recipe at a small conference in Melbourne.,English,Medium,14,94,2,1
479,A group of tourists designed a rare species of orchid in the downtown office just before sunset.,English,Long,17,96,1,1
480,"The night-shift nurse spent several weeks organizing the upcoming film festival, and by the end of the project everyone agreed that the effort had been worthwhile, even though the process required patience, careful planning, and a fair amount of trial and error along the way.",English,Long,45,276,1,6
481,Her grandfather explored an unusual weather pattern in the downtown office every Saturday afternoon.,English,Medium,14,100,2,1
482,The orchestra conductor presented an unusual weather pattern at the university campus within a few hours.,English,Long,16,105,1,1
483,The orchestra conductor translated a newly discovered fossil at a small conference in Melbourne every Saturday afternoon.,English,Long,17,121,3,1
484,A wildlife photographer repaired an unusual weather pattern throughout the semester.,English,Medium,11,84,1,1
485,"The city council spent several weeks reviewing the results of the survey, and by the end of the project everyone agreed that the effort had been worthwhile, even though the process required patience, careful planning, and a fair amount of trial and error along the way.",English,Long,46,269,1,5
486,The local bakery discussed the results of the survey at the university campus.,English,Medium,13,78,1,1
487,"According to a recent report published by Zenith Pharmaceuticals, the number of people who measure the upcoming film festival has increased steadily over the past three years, largely due to changing habits and greater public awareness.",English,Long,36,236,3,3
488,The delivery driver questioned a series of jazz recordings just before sunset.,English,Medium,12,78,1,1
489,"Our neighbor spent several weeks photographing a series of jazz recordings, and by the end of the project everyone agreed that the effort had been worthwhile, even though the process required patience, careful planning, and a fair amount of trial and error along the way.",English,Long,45,271,1,5
490,Our neighbor reviewed the town's water supply system since last spring.,English,Medium,11,71,1,2
491,The museum curator presented the town's water supply system at a small conference in Melbourne on a rainy Tuesday.,English,Long,19,114,3,2
492,The debate team captain calculated the annual budget report near the old train station during the summer break.,English,Long,18,111,1,1
493,A young entrepreneur sketched an unusual weather pattern in the downtown office every Saturday afternoon.,English,Medium,15,105,2,1
494,The research team celebrated the neighborhood's street art near the old train station throughout the semester.,English,Long,16,110,1,2
495,The delivery driver measured the neighborhood's street art during the summer break.,English,Medium,12,83,1,2
496,The city council rehearsed the neighborhood's street art inside the community center on a rainy Tuesday.,English,Long,16,104,2,2
497,A curious student designed the neighborhood's street art near the old train station after months of planning.,English,Long,17,109,1,2
498,"The maintenance crew, who had studied a rare species of orchid for nearly a decade, finally decided to write a detailed guide so that newcomers could avoid the same mistakes and understand the process from start to finish.",English,Long,38,222,1,3
499,The marketing department questioned a collection of vintage postcards near the old train station within a few hours.,English,Long,18,116,1,1
500,A wildlife photographer questioned the town's water supply system at a small conference in Melbourne.,English,Medium,15,101,2,2
501,The city council translated a set of handwritten letters along the riverbank.,English,Medium,12,77,1,1
502,"Although the weather in Stockholm can be unpredictable during December, The chess club decided to proceed with the outdoor event, arguing that visitors would still enjoy themselves despite the occasional light rain and cooler evening temperatures.",English,Long,36,247,4,3
503,"A retired teacher, who had overseen an experimental cooking recipe for nearly a decade, finally decided to write a detailed guide so that newcomers could avoid the same mistakes and understand the process from start to finish.",English,Long,37,226,1,3
504,A curious student designed the quarterly sales figures at the university campus every Saturday afternoon.,English,Medium,15,105,2,1
505,The chess club reviewed a series of jazz recordings.,English,Medium,9,52,1,1
506,The new intern reviewed a newly discovered fossil near the old train station after months of planning.,English,Long,17,102,1,1
507,A retired teacher compared a rare species of orchid at a small conference in Melbourne during the summer break.,English,Long,19,111,2,1
508,The community garden volunteers compared the volunteer schedule near the old train station on a rainy Tuesday.,English,Long,17,110,2,1
509,"According to a recent report published by Quantum Innovations, the number of people who recycle several ancient manuscripts has increased steadily over the past three years, largely due to changing habits and greater public awareness.",English,Long,35,234,3,3
510,"According to a recent report published by Skyline Real Estate, the number of people who review an antique wooden clock has increased steadily over the past three years, largely due to changing habits and greater public awareness.",English,Long,37,229,4,3
511,The chess club compared an unusual weather pattern.,English,Short,8,51,1,1
512,"According to a recent report published by Union Manufacturing Corp., the number of people who discuss the neighborhood's street art has increased steadily over the past three years, largely due to changing habits and greater public awareness.",English,Long,37,242,4,5
513,The chess club designed a rare species of orchid near the old train station on a rainy Tuesday.,English,Long,18,95,2,1
514,A freelance writer designed the volunteer schedule in the downtown office just before sunset.,English,Medium,14,93,1,1
515,The city council recorded an unusual weather pattern near the old train station every Saturday afternoon.,English,Long,16,105,2,1
516,A group of tourists reviewed an antique wooden clock in the downtown office.,English,Medium,13,76,1,1
517,"A curious student, who had coordinated the annual budget report for nearly a decade, finally decided to write a detailed guide so that newcomers could avoid the same mistakes and understand the process from start to finish.",English,Long,37,223,1,3
518,My best friend rehearsed an antique wooden clock at a small conference in Melbourne on a rainy Tuesday.,English,Long,18,103,3,1
519,Her grandfather measured a series of jazz recordings since last spring.,English,Medium,11,71,1,1
520,The night-shift nurse designed the results of the survey.,English,Medium,9,57,1,2
521,The research team designed the layout of the public library within a few hours.,English,Medium,14,79,1,1
522,Our neighbor compared the community recycling program at the university campus earlier this morning.,English,Medium,14,100,1,1
523,The debate team captain presented the results of the survey near the old train station on a rainy Tuesday.,English,Long,19,106,2,1
524,The marketing department documented the school's science fair during the summer break.,English,Medium,12,86,1,2
525,A freelance writer discussed the neighborhood's street art earlier this morning.,English,Medium,11,80,1,2
526,The new intern rehearsed the volunteer schedule inside the community center within a few hours.,English,Medium,15,95,1,1
527,The software engineer designed the annual budget report inside the community center every Saturday afternoon.,English,Medium,15,109,2,1
528,The new intern explored the community recycling program inside the community center just before sunset.,English,Medium,15,103,1,1
529,A wildlife photographer compared the upcoming film festival throughout the semester.,English,Medium,11,84,1,1
530,"Although the weather in Buenos Aires can be unpredictable during October, A curious student decided to proceed with the outdoor event, arguing that visitors would still enjoy themselves despite the occasional light rain and cooler evening temperatures.",English,Long,37,252,5,3
531,The new intern designed a rare species of orchid just before sunset.,English,Medium,12,68,1,1
532,Our neighbor organized an antique wooden clock earlier this morning.,English,Medium,10,68,1,1
533,The research team sketched the neighborhood's street art throughout the semester.,English,Medium,11,81,1,2
534,The marketing department photographed the layout of the public library.,English,Medium,10,71,1,1
535,Their coach documented an experimental cooking recipe in the downtown office during the summer break.,English,Medium,15,101,1,1
536,"A young entrepreneur, who had coordinated a rare species of orchid for nearly a decade, finally decided to write a detailed guide so that newcomers could avoid the same mistakes and understand the process from start to finish.",English,Long,38,226,1,3
537,A young entrepreneur explored the community recycling program inside the community center after months of planning.,English,Long,16,115,1,1
538,"According to a recent report published by Meridian Financial Group, the number of people who review the annual budget report has increased steadily over the past three years, largely due to changing habits and greater public awareness.",English,Long,37,235,4,3
539,A group of tourists translated the volunteer schedule at a small conference in Melbourne.,English,Medium,14,89,2,1
540,The research team repaired the community recycling program.,English,Short,8,59,1,1
541,My younger sister presented the annual budget report along the riverbank.,English,Medium,11,73,1,1
542,A curious student organized the community recycling program along the riverbank earlier this morning.,English,Medium,14,101,1,1
543,"According to a recent report published by Global Trade Partners, the number of people who review the neighborhood's street art has increased steadily over the past three years, largely due to changing habits and greater public awareness.",English,Long,37,237,4,4
544,"Although the weather in Denver can be unpredictable during December, My best friend decided to proceed with the outdoor event, arguing that visitors would still enjoy themselves despite the occasional light rain and cooler evening temperatures.",English,Long,36,244,4,3
545,"According to a recent report published by Falcon Logistics, the number of people who review the school's science fair has increased steadily over the past three years, largely due to changing habits and greater public awareness.",English,Long,36,228,3,4
546,A group of tourists measured the quarterly sales figures every Saturday afternoon.,English,Medium,12,82,2,1
547,The marketing department celebrated the results of the survey every Saturday afternoon.,English,Medium,12,87,2,1
548,"According to a recent report published by Golden Gate Retailers, the number of people who photograph an experimental cooking recipe has increased steadily over the past three years, largely due to changing habits and greater public awareness.",English,Long,37,242,4,3
549,A freelance writer questioned the neighborhood's street art.,English,Short,8,60,1,2
550,Our neighbor presented the town's water supply system.,English,Short,8,54,1,2
551,My younger sister calculated the school's science fair near the old train station since last spring.,English,Long,16,100,1,2
552,"The night-shift nurse, who had studied the upcoming film festival for nearly a decade, finally decided to write a detailed guide so that newcomers could avoid the same mistakes and understand the process from start to finish.",English,Long,37,225,1,4
553,"A group of tourists spent several weeks translating an experimental cooking recipe, and by the end of the project everyone agreed that the effort had been worthwhile, even though the process required patience, careful planning, and a fair amount of trial and error along the way.",English,Long,46,279,1,5
554,"A curious student, who had coordinated an unusual weather pattern for nearly a decade, finally decided to write a detailed guide so that newcomers could avoid the same mistakes and understand the process from start to finish.",English,Long,37,225,1,3
555,The maintenance crew photographed the town's water supply system within a few hours.,English,Medium,13,84,1,2
556,"According to a recent report published by Meridian Financial Group, the number of people who recycle the community recycling program has increased steadily over the past three years, largely due to changing habits and greater public awareness.",English,Long,37,243,4,3
557,The local bakery rehearsed a collection of vintage postcards over the weekend.,English,Medium,12,78,1,1
558,"The maintenance crew, who had overseen a rare species of orchid for nearly a decade, finally decided to write a detailed guide so that newcomers could avoid the same mistakes and understand the process from start to finish.",English,Long,38,223,1,3
559,The delivery driver planted the results of the survey at the university campus after months of planning.,English,Long,17,104,1,1
560,The city council questioned an experimental cooking recipe.,English,Short,8,59,1,1
561,The marketing department photographed a collection of vintage postcards throughout the semester.,English,Medium,12,96,1,1
562,The city council measured a collection of vintage postcards within a few hours.,English,Medium,13,79,1,1
563,"The chess club spent several weeks translating the annual budget report, and by the end of the project everyone agreed that the effort had been worthwhile, even though the process required patience, careful planning, and a fair amount of trial and error along the way.",English,Long,45,268,1,5
564,The software engineer discussed the quarterly sales figures along the riverbank over the weekend.,English,Medium,14,97,1,1
565,"According to a recent report published by Delta Cloud Services, the number of people who recycle a collection of vintage postcards has increased steadily over the past three years, largely due to changing habits and greater public awareness.",English,Long,38,241,4,3
566,My younger sister repaired a new hiking trail in the downtown office.,English,Medium,12,69,1,1
567,A wildlife photographer documented a set of handwritten letters at a small conference in Melbourne within a few hours.,English,Long,19,118,2,1
568,The delivery driver organized a newly discovered fossil along the riverbank every Saturday afternoon.,English,Medium,14,101,2,1
569,My younger sister reviewed the neighborhood's street art during the summer break.,English,Medium,12,81,1,2
570,A group of tourists organized the results of the survey inside the community center.,English,Medium,14,84,1,1
571,The delivery driver designed the volunteer schedule in the downtown office.,English,Medium,11,75,1,1
572,"According to a recent report published by Crescent Media Group, the number of people who document a newly discovered fossil has increased steadily over the past three years, largely due to changing habits and greater public awareness.",English,Long,37,234,4,3
573,A wildlife photographer recorded the volunteer schedule.,English,Short,7,56,1,1
574,The maintenance crew questioned the community recycling program along the riverbank.,English,Medium,11,84,1,1
575,Her grandfather designed several ancient manuscripts at a small conference in Melbourne within a few hours.,English,Long,16,107,2,1
576,A group of tourists measured an unusual weather pattern along the riverbank within a few hours.,English,Long,16,95,1,1
577,"Although the weather in Denver can be unpredictable during January, A young entrepreneur decided to proceed with the outdoor event, arguing that visitors would still enjoy themselves despite the occasional light rain and cooler evening temperatures.",English,Long,36,249,4,3
578,The orchestra conductor documented the community recycling program along the riverbank earlier this morning.,English,Medium,14,108,1,1
579,"A group of tourists, who had overseen an unusual weather pattern for nearly a decade, finally decided to write a detailed guide so that newcomers could avoid the same mistakes and understand the process from start to finish.",English,Long,38,224,1,3
580,"The research team, who had managed the results of the survey for nearly a decade, finally decided to write a detailed guide so that newcomers could avoid the same mistakes and understand the process from start to finish.",English,Long,38,220,1,3
581,"Her grandfather spent several weeks reviewing the community recycling program, and by the end of the project everyone agreed that the effort had been worthwhile, even though the process required patience, careful planning, and a fair amount of trial and error along the way.",English,Long,44,274,1,5
582,A freelance writer measured an unusual weather pattern.,English,Short,8,55,1,1
583,A young entrepreneur compared a collection of vintage postcards just before sunset.,English,Medium,12,83,1,1
584,A freelance writer measured a rare species of orchid near the old train station after months of planning.,English,Long,18,105,1,1
585,The maintenance crew rehearsed the community recycling program in the downtown office over the weekend.,English,Medium,15,103,1,1
586,The local bakery questioned the results of the survey.,English,Medium,9,54,1,1
587,The night-shift nurse measured the upcoming film festival along the riverbank after months of planning.,English,Medium,15,103,1,2
588,The local bakery compared an antique wooden clock.,English,Short,8,50,1,1
589,The community garden volunteers designed the neighborhood's street art inside the community center within a few hours.,English,Long,17,118,1,2
590,The marketing department translated a collection of vintage postcards along the riverbank over the weekend.,English,Medium,15,107,1,1
591,A curious student compared a collection of vintage postcards during the summer break.,English,Medium,13,85,1,1
592,The museum curator documented the community recycling program inside the community center every Saturday afternoon.,English,Medium,15,115,2,1
593,My best friend discussed the community recycling program within a few hours.,English,Medium,12,76,1,1
594,A curious student reviewed a rare species of orchid after months of planning.,English,Medium,13,77,1,1
595,A young entrepreneur sketched the quarterly sales figures.,English,Short,8,58,1,1
596,The research team presented the quarterly sales figures along the riverbank after months of planning.,English,Medium,15,101,1,1
597,A wildlife photographer presented the community recycling program at the university campus.,English,Medium,12,91,1,1
598,"The museum curator spent several weeks reviewing the neighborhood's street art, and by the end of the project everyone agreed that the effort had been worthwhile, even though the process required patience, careful planning, and a fair amount of trial and error along the way.",English,Long,45,275,1,6
599,The maintenance crew compared a collection of vintage postcards near the old train station.,English,Medium,14,91,1,1
600,The software engineer repaired the volunteer schedule along the riverbank.,English,Medium,10,74,1,1
601,"The orchestra conductor, who had overseen the layout of the public library for nearly a decade, finally decided to write a detailed guide so that newcomers could avoid the same mistakes and understand the process from start to finish.",English,Long,39,234,1,3
602,"According to a recent report published by Falcon Logistics, the number of people who recycle the volunteer schedule has increased steadily over the past three years, largely due to changing habits and greater public awareness.",English,Long,35,226,3,3
603,"According to a recent report published by Summit Robotics Inc., the number of people who document a series of jazz recordings has increased steadily over the past three years, largely due to changing habits and greater public awareness.",English,Long,38,236,4,4
604,"A young entrepreneur spent several weeks reviewing the annual budget report, and by the end of the project everyone agreed that the effort had been worthwhile, even though the process required patience, careful planning, and a fair amount of trial and error along the way.",English,Long,45,272,1,5
605,A curious student sketched the upcoming film festival at the university campus throughout the semester.,English,Medium,15,103,1,1
606,Her grandfather discussed the volunteer schedule every Saturday afternoon.,English,Medium,9,74,2,1
607,The maintenance crew measured a new hiking trail.,English,Short,8,49,1,1
608,My younger sister discussed a new hiking trail.,English,Short,8,47,1,1
609,"According to a recent report published by Golden Gate Retailers, the number of people who review the school's science fair has increased steadily over the past three years, largely due to changing habits and greater public awareness.",English,Long,37,233,4,4
610,"My best friend, who had overseen an antique wooden clock for nearly a decade, finally decided to write a detailed guide so that newcomers could avoid the same mistakes and understand the process from start to finish.",English,Long,37,216,1,3
611,A young entrepreneur presented several ancient manuscripts inside the community center since last spring.,English,Medium,14,105,1,1
612,"According to a recent report published by Northfield University, the number of people who document the upcoming film festival has increased steadily over the past three years, largely due to changing habits and greater public awareness.",English,Long,36,236,3,3
613,"According to a recent report published by Vertex Analytics, the number of people who recycle an unusual weather pattern has increased steadily over the past three years, largely due to changing habits and greater public awareness.",English,Long,36,230,3,3
614,A young entrepreneur rehearsed an unusual weather pattern.,English,Short,8,58,1,1
615,The new intern organized an experimental cooking recipe since last spring.,English,Medium,11,74,1,1
616,The local bakery explored a set of handwritten letters earlier this morning.,English,Medium,12,76,1,1
617,The maintenance crew explored the upcoming film festival at the university campus just before sunset.,English,Medium,15,101,1,1
618,"According to a recent report published by Coastal Insurance Co., the number of people who discuss a series of jazz recordings has increased steadily over the past three years, largely due to changing habits and greater public awareness.",English,Long,38,236,4,4
619,My best friend organized the quarterly sales figures near the old train station after months of planning.,English,Long,17,105,1,1
620,The delivery driver questioned a rare species of orchid near the old train station after months of planning.,English,Long,18,108,1,1
621,"According to a recent report published by Zenith Pharmaceuticals, the number of people who document the upcoming film festival has increased steadily over the past three years, largely due to changing habits and greater public awareness.",English,Long,36,237,3,3
622,The new intern compared several ancient manuscripts at a small conference in Melbourne since last spring.,English,Long,16,105,2,1
623,"A retired teacher spent several weeks documenting an experimental cooking recipe, and by the end of the project everyone agreed that the effort had been worthwhile, even though the process required patience, careful planning, and a fair amount of trial and error along the way.",English,Long,45,277,1,5
624,The debate team captain planted the volunteer schedule within a few hours.,English,Medium,12,74,1,1
625,The debate team captain repaired the volunteer schedule near the old train station.,English,Medium,13,83,1,1
626,The software engineer designed the results of the survey during the summer break.,English,Medium,13,81,1,1
627,The maintenance crew planted the community recycling program every Saturday afternoon.,English,Medium,11,86,2,1
628,"According to a recent report published by Global Trade Partners, the number of people who measure the quarterly sales figures has increased steadily over the past three years, largely due to changing habits and greater public awareness.",English,Long,37,236,4,3
629,A freelance writer organized a new hiking trail at the university campus on a rainy Tuesday.,English,Long,16,92,2,1
630,A freelance writer negotiated an experimental cooking recipe at a small conference in Melbourne since last spring.,English,Long,17,114,2,1
631,A freelance writer translated the layout of the public library in the downtown office on a rainy Tuesday.,English,Long,18,105,2,1
632,Our neighbor organized the upcoming film festival in the downtown office after months of planning.,English,Medium,15,98,1,1
633,The community garden volunteers presented an antique wooden clock just before sunset.,English,Medium,12,85,1,1
634,A curious student translated an antique wooden clock inside the community center.,English,Medium,12,81,1,1
635,"A wildlife photographer, who had supported the annual budget report for nearly a decade, finally decided to write a detailed guide so that newcomers could avoid the same mistakes and understand the process from start to finish.",English,Long,37,227,1,3
636,Their coach calculated an unusual weather pattern in the downtown office after months of planning.,English,Medium,15,98,1,1
637,A curious student translated a rare species of orchid earlier this morning.,English,Medium,12,75,1,1
638,"The marketing department spent several weeks translating the community recycling program, and by the end of the project everyone agreed that the effort had been worthwhile, even though the process required patience, careful planning, and a fair amount of trial and error along the way.",English,Long,45,285,1,5
639,"According to a recent report published by Skyline Real Estate, the number of people who photograph a series of jazz recordings has increased steadily over the past three years, largely due to changing habits and greater public awareness.",English,Long,38,237,4,3
640,The delivery driver presented a series of jazz recordings at a small conference in Melbourne.,English,Medium,15,93,2,1
641,"According to a recent report published by Redstone Consulting, the number of people who recycle an experimental cooking recipe has increased steadily over the past three years, largely due to changing habits and greater public awareness.",English,Long,36,237,3,3
642,"The museum curator, who had studied an experimental cooking recipe for nearly a decade, finally decided to write a detailed guide so that newcomers could avoid the same mistakes and understand the process from start to finish.",English,Long,37,226,1,3
643,The software engineer negotiated the quarterly sales figures inside the community center on a rainy Tuesday.,English,Long,16,108,2,1
644,The museum curator documented an antique wooden clock near the old train station just before sunset.,English,Long,16,100,1,1
645,The debate team captain explored a set of handwritten letters along the riverbank earlier this morning.,English,Long,16,103,1,1
646,The maintenance crew measured a set of handwritten letters over the weekend.,English,Medium,12,76,1,1
647,Our neighbor documented the neighborhood's street art near the old train station over the weekend.,English,Medium,15,98,1,2
648,"According to a recent report published by Global Trade Partners, the number of people who review the town's water supply system has increased steadily over the past three years, largely due to changing habits and greater public awareness.",English,Long,38,238,4,4
649,The chess club repaired a rare species of orchid at a small conference in Melbourne over the weekend.,English,Long,18,101,2,1
650,"The new intern, who had managed the upcoming film festival for nearly a decade, finally decided to write a detailed guide so that newcomers could avoid the same mistakes and understand the process from start to finish.",English,Long,37,218,1,3
651,The local bakery documented a newly discovered fossil during the summer break.,English,Medium,12,78,1,1
652,The local bakery negotiated an experimental cooking recipe.,English,Short,8,59,1,1
653,My best friend recorded the neighborhood's street art at the university campus.,English,Medium,12,79,1,2
654,The night-shift nurse celebrated an experimental cooking recipe along the riverbank.,English,Medium,11,84,1,2
655,The local bakery presented the layout of the public library along the riverbank within a few hours.,English,Long,17,99,1,1
656,"The orchestra conductor spent several weeks organizing an antique wooden clock, and by the end of the project everyone agreed that the effort had been worthwhile, even though the process required patience, careful planning, and a fair amount of trial and error along the way.",English,Long,45,275,1,5
657,"The chess club spent several weeks measuring the annual budget report, and by the end of the project everyone agreed that the effort had been worthwhile, even though the process required patience, careful planning, and a fair amount of trial and error along the way.",English,Long,45,266,1,5
658,"The museum curator spent several weeks comparing a collection of vintage postcards, and by the end of the project everyone agreed that the effort had been worthwhile, even though the process required patience, careful planning, and a fair amount of trial and error along the way.",English,Long,46,279,1,5
659,"A young entrepreneur, who had overseen the annual budget report for nearly a decade, finally decided to write a detailed guide so that newcomers could avoid the same mistakes and understand the process from start to finish.",English,Long,37,223,1,3
660,The research team explored a series of jazz recordings near the old train station on a rainy Tuesday.,English,Long,18,101,2,1
661,The museum curator compared an experimental cooking recipe at the university campus just before sunset.,English,Medium,15,103,1,1
662,The delivery driver photographed an antique wooden clock just before sunset.,English,Medium,11,76,1,1
663,The research team planted a rare species of orchid along the riverbank.,English,Medium,12,71,1,1
664,The debate team captain discussed the school's science fair since last spring.,English,Medium,12,78,1,2
665,My younger sister negotiated an antique wooden clock at the university campus.,English,Medium,12,78,1,1
666,A curious student rehearsed the layout of the public library since last spring.,English,Medium,13,79,1,1
667,The debate team captain rehearsed several ancient manuscripts along the riverbank within a few hours.,English,Medium,15,101,1,1
668,Their coach compared an experimental cooking recipe during the summer break.,English,Medium,11,76,1,1
669,Our neighbor compared several ancient manuscripts along the riverbank during the summer break.,English,Medium,13,94,1,1
670,My best friend rehearsed the community recycling program inside the community center within a few hours.,English,Long,16,104,1,1
671,The local bakery repaired the results of the survey at the university campus over the weekend.,English,Long,16,94,1,1
672,"Although the weather in Buenos Aires can be unpredictable during October, A young entrepreneur decided to proceed with the outdoor event, arguing that visitors would still enjoy themselves despite the occasional light rain and cooler evening temperatures.",English,Long,37,255,5,3
673,The orchestra conductor presented the volunteer schedule since last spring.,English,Medium,10,75,1,1
674,"My younger sister spent several weeks reviewing the results of the survey, and by the end of the project everyone agreed that the effort had been worthwhile, even though the process required patience, careful planning, and a fair amount of trial and error along the way.",English,Long,46,270,1,5
675,The orchestra conductor reviewed a rare species of orchid at the university campus earlier this morning.,English,Long,16,104,1,1
676,The marketing department sketched the annual budget report along the riverbank every Saturday afternoon.,English,Medium,14,104,2,1
677,Their coach designed a series of jazz recordings at the university campus within a few hours.,English,Long,16,93,1,1
678,The orchestra conductor negotiated an unusual weather pattern.,English,Short,8,62,1,1
679,The marketing department questioned the annual budget report.,English,Short,8,61,1,1
680,The museum curator calculated the school's science fair at a small conference in Melbourne throughout the semester.,English,Long,17,115,2,2
681,The night-shift nurse explored the results of the survey in the downtown office just before sunset.,English,Long,16,99,1,2
682,"The new intern, who had overseen the quarterly sales figures for nearly a decade, finally decided to write a detailed guide so that newcomers could avoid the same mistakes and understand the process from start to finish.",English,Long,37,220,1,3
683,A young entrepreneur rehearsed the town's water supply system every Saturday afternoon.,English,Medium,12,87,2,2
684,My younger sister planted the upcoming film festival throughout the semester.,English,Medium,11,77,1,1
685,"According to a recent report published by Golden Gate Retailers, the number of people who review a series of jazz recordings has increased steadily over the past three years, largely due to changing habits and greater public awareness.",English,Long,38,235,4,3
686,"A retired teacher, who had monitored an unusual weather pattern for nearly a decade, finally decided to write a detailed guide so that newcomers could avoid the same mistakes and understand the process from start to finish.",English,Long,37,223,1,3
687,A freelance writer sketched the school's science fair inside the community center during the summer break.,English,Long,16,106,1,2
688,A curious student repaired the neighborhood's street art at the university campus throughout the semester.,English,Medium,15,106,1,2
689,A young entrepreneur recorded the upcoming film festival just before sunset.,English,Medium,11,76,1,1
690,A group of tourists explored several ancient manuscripts inside the community center since last spring.,English,Medium,15,103,1,1
691,A retired teacher celebrated the community recycling program every Saturday afternoon.,English,Medium,11,86,2,1
692,A retired teacher rehearsed the quarterly sales figures along the riverbank on a rainy Tuesday.,English,Medium,15,95,2,1
693,Their coach recorded the neighborhood's street art at the university campus on a rainy Tuesday.,English,Medium,15,95,2,2
694,The new intern recorded an experimental cooking recipe at the university campus.,English,Medium,12,80,1,1
695,Our neighbor reviewed the results of the survey along the riverbank over the weekend.,English,Medium,14,85,1,1
696,The marketing department presented a newly discovered fossil over the weekend.,English,Medium,11,78,1,1
697,The maintenance crew sketched an antique wooden clock since last spring.,English,Medium,11,72,1,1
698,The debate team captain discussed a rare species of orchid after months of planning.,English,Medium,14,84,1,1
699,"Although the weather in Austin can be unpredictable during April, A young entrepreneur decided to proceed with the outdoor event, arguing that visitors would still enjoy themselves despite the occasional light rain and cooler evening temperatures.",English,Long,36,247,4,3
700,"A young entrepreneur spent several weeks translating the volunteer schedule, and by the end of the project everyone agreed that the effort had been worthwhile, even though the process required patience, careful planning, and a fair amount of trial and error along the way.",English,Long,44,272,1,5
701,Our neighbor designed several ancient manuscripts at the university campus every Saturday afternoon.,English,Medium,13,100,2,1
702,The research team planted a new hiking trail along the riverbank over the weekend.,English,Medium,14,82,1,1
703,"Although the weather in Jakarta can be unpredictable during October, Their coach decided to proceed with the outdoor event, arguing that visitors would still enjoy themselves despite the occasional light rain and cooler evening temperatures.",English,Long,35,241,4,3
704,A curious student designed a series of jazz recordings at the university campus.,English,Medium,13,80,1,1
705,"Although the weather in Warsaw can be unpredictable during January, The city council decided to proceed with the outdoor event, arguing that visitors would still enjoy themselves despite the occasional light rain and cooler evening temperatures.",English,Long,36,245,4,3
706,The night-shift nurse designed the school's science fair inside the community center.,English,Medium,12,85,1,3
707,The community garden volunteers sketched the school's science fair.,English,Medium,9,67,1,2
708,A retired teacher translated the volunteer schedule after months of planning.,English,Medium,11,77,1,1
709,My younger sister organized the community recycling program since last spring.,English,Medium,11,78,1,1
710,The night-shift nurse designed a collection of vintage postcards in the downtown office.,English,Medium,13,88,1,2
711,Our neighbor planted the layout of the public library near the old train station just before sunset.,English,Long,17,100,1,1
712,"Although the weather in Manila can be unpredictable during October, The night-shift nurse decided to proceed with the outdoor event, arguing that visitors would still enjoy themselves despite the occasional light rain and cooler evening temperatures.",English,Long,36,250,4,4
713,The city council sketched several ancient manuscripts near the old train station within a few hours.,English,Long,16,100,1,1
714,"According to a recent report published by Quantum Innovations, the number of people who document an antique wooden clock has increased steadily over the past three years, largely due to changing habits and greater public awareness.",English,Long,36,231,3,3
715,The debate team captain documented a set of handwritten letters.,English,Medium,10,64,1,1
716,"Our neighbor spent several weeks measuring the upcoming film festival, and by the end of the project everyone agreed that the effort had been worthwhile, even though the process required patience, careful planning, and a fair amount of trial and error along the way.",English,Long,44,266,1,5
717,The community garden volunteers recorded the neighborhood's street art at the university campus.,English,Medium,13,96,1,2
718,The community garden volunteers photographed an antique wooden clock earlier this morning.,English,Medium,12,90,1,1
719,The delivery driver negotiated a set of handwritten letters since last spring.,English,Medium,12,78,1,1
720,The orchestra conductor explored the school's science fair within a few hours.,English,Medium,12,78,1,2
721,Their coach planted the school's science fair in the downtown office over the weekend.,English,Medium,14,86,1,2
722,A young entrepreneur compared the volunteer schedule inside the community center over the weekend.,English,Medium,14,98,1,1
723,"Although the weather in Lisbon can be unpredictable during October, Their coach decided to proceed with the outdoor event, arguing that visitors would still enjoy themselves despite the occasional light rain and cooler evening temperatures.",English,Long,35,240,4,3
724,The night-shift nurse compared a set of handwritten letters in the downtown office throughout the semester.,English,Long,16,107,1,2
725,A wildlife photographer celebrated the community recycling program along the riverbank just before sunset.,English,Medium,14,106,1,1
726,The marketing department discussed a rare species of orchid.,English,Medium,9,60,1,1
727,"Although the weather in Lisbon can be unpredictable during April, A freelance writer decided to proceed with the outdoor event, arguing that visitors would still enjoy themselves despite the occasional light rain and cooler evening temperatures.",English,Long,36,245,4,3
728,My younger sister translated a rare species of orchid at a small conference in Melbourne on a rainy Tuesday.,English,Long,19,108,3,1
729,The debate team captain sketched a set of handwritten letters inside the community center on a rainy Tuesday.,English,Long,18,109,2,1
730,The marketing department celebrated the town's water supply system near the old train station on a rainy Tuesday.,English,Long,18,113,2,2
731,The marketing department measured the school's science fair near the old train station.,English,Medium,13,87,1,2
732,The orchestra conductor questioned the neighborhood's street art earlier this morning.,English,Medium,11,86,1,2
733,"The chess club, who had managed the annual budget report for nearly a decade, finally decided to write a detailed guide so that newcomers could avoid the same mistakes and understand the process from start to finish.",English,Long,37,216,1,3
734,A freelance writer compared a newly discovered fossil after months of planning.,English,Medium,12,79,1,1
735,Her grandfather organized an experimental cooking recipe at a small conference in Melbourne.,English,Medium,13,92,2,1
736,"Although the weather in Lisbon can be unpredictable during December, A curious student decided to proceed with the outdoor event, arguing that visitors would still enjoy themselves despite the occasional light rain and cooler evening temperatures.",English,Long,36,247,4,3
737,Our neighbor compared the volunteer schedule near the old train station since last spring.,English,Medium,14,90,1,1
738,A curious student calculated the upcoming film festival during the summer break.,English,Medium,12,80,1,1
739,The orchestra conductor photographed the school's science fair over the weekend.,English,Medium,11,80,1,2
740,The maintenance crew designed the results of the survey along the riverbank earlier this morning.,English,Medium,15,97,1,1
741,Their coach planted a series of jazz recordings at a small conference in Melbourne.,English,Medium,14,83,2,1
742,The chess club reviewed the community recycling program near the old train station.,English,Medium,13,83,1,1
743,The museum curator measured the layout of the public library on a rainy Tuesday.,English,Medium,14,80,2,1
744,"The chess club, who had managed several ancient manuscripts for nearly a decade, finally decided to write a detailed guide so that newcomers could avoid the same mistakes and understand the process from start to finish.",English,Long,36,219,1,3
745,The museum curator sketched a newly discovered fossil every Saturday afternoon.,English,Medium,11,79,2,1
746,The maintenance crew repaired the community recycling program every Saturday afternoon.,English,Medium,11,87,2,1
747,Her grandfather measured the annual budget report in the downtown office.,English,Medium,11,73,1,1
748,Our neighbor recorded the quarterly sales figures at the university campus on a rainy Tuesday.,English,Medium,15,94,2,1
749,The community garden volunteers compared an unusual weather pattern near the old train station.,English,Medium,14,95,1,1
750,The maintenance crew translated the annual budget report.,English,Short,8,57,1,1
751,A group of tourists celebrated a collection of vintage postcards at the university campus.,English,Medium,14,90,1,1
752,A wildlife photographer measured a newly discovered fossil at the university campus just before sunset.,English,Medium,15,103,1,1
753,A retired teacher discussed a rare species of orchid at the university campus.,English,Medium,13,78,1,1
754,Their coach planted the layout of the public library near the old train station earlier this morning.,English,Long,17,101,1,1
755,The debate team captain repaired a set of handwritten letters at the university campus over the weekend.,English,Long,17,104,1,1
756,The delivery driver questioned an unusual weather pattern at a small conference in Melbourne every Saturday afternoon.,English,Long,17,118,3,1
757,The delivery driver questioned an experimental cooking recipe at a small conference in Melbourne just before sunset.,English,Long,17,116,2,1
758,A wildlife photographer compared the results of the survey inside the community center.,English,Medium,13,87,1,1
759,"A young entrepreneur spent several weeks photographing a new hiking trail, and by the end of the project everyone agreed that the effort had been worthwhile, even though the process required patience, careful planning, and a fair amount of trial and error along the way.",English,Long,45,270,1,5
760,The delivery driver calculated the results of the survey in the downtown office.,English,Medium,13,80,1,1
761,The local bakery repaired the neighborhood's street art in the downtown office during the summer break.,English,Long,16,103,1,2
762,"According to a recent report published by Falcon Logistics, the number of people who recycle a newly discovered fossil has increased steadily over the past three years, largely due to changing habits and greater public awareness.",English,Long,36,229,3,3
763,A curious student translated a set of handwritten letters in the downtown office earlier this morning.,English,Long,16,102,1,1
764,The community garden volunteers discussed the volunteer schedule at a small conference in Melbourne earlier this morning.,English,Long,17,121,2,1
765,My best friend translated the quarterly sales figures at a small conference in Melbourne within a few hours.,English,Long,18,108,2,1
766,The city council sketched the town's water supply system just before sunset.,English,Medium,12,76,1,2
767,"A young entrepreneur, who had supported a collection of vintage postcards for nearly a decade, finally decided to write a detailed guide so that newcomers could avoid the same mistakes and understand the process from start to finish.",English,Long,38,233,1,3
768,The chess club discussed the volunteer schedule near the old train station just before sunset.,English,Medium,15,94,1,1
769,A young entrepreneur rehearsed a collection of vintage postcards in the downtown office after months of planning.,English,Long,17,113,1,1
770,Their coach documented the upcoming film festival along the riverbank during the summer break.,English,Medium,14,94,1,1
771,A curious student organized the layout of the public library inside the community center.,English,Medium,14,89,1,1
772,"The chess club, who had monitored the upcoming film festival for nearly a decade, finally decided to write a detailed guide so that newcomers could avoid the same mistakes and understand the process from start to finish.",English,Long,37,220,1,3
773,A wildlife photographer presented the school's science fair earlier this morning.,English,Medium,11,81,1,2
774,Their coach explored a new hiking trail in the downtown office since last spring.,English,Medium,14,81,1,1
775,The marketing department discussed several ancient manuscripts along the riverbank since last spring.,English,Medium,13,101,1,1
776,The research team celebrated the neighborhood's street art throughout the semester.,English,Medium,11,83,1,2
777,"According to a recent report published by Blue Horizon Airlines, the number of people who review the upcoming film festival has increased steadily over the past three years, largely due to changing habits and greater public awareness.",English,Long,37,234,4,3
778,"The community garden volunteers, who had studied the layout of the public library for nearly a decade, finally decided to write a detailed guide so that newcomers could avoid the same mistakes and understand the process from start to finish.",English,Long,40,241,1,3
779,The night-shift nurse sketched an experimental cooking recipe at a small conference in Melbourne every Saturday afternoon.,English,Long,17,122,3,2
780,"A freelance writer, who had supported several ancient manuscripts for nearly a decade, finally decided to write a detailed guide so that newcomers could avoid the same mistakes and understand the process from start to finish.",English,Long,36,225,1,3
781,Their coach designed a new hiking trail at the university campus since last spring.,English,Medium,14,83,1,1
782,My younger sister discussed an antique wooden clock in the downtown office throughout the semester.,English,Medium,15,99,1,1
783,Her grandfather documented the layout of the public library near the old train station within a few hours.,English,Long,18,106,1,1
784,"A freelance writer spent several weeks documenting the layout of the public library, and by the end of the project everyone agreed that the effort had been worthwhile, even though the process required patience, careful planning, and a fair amount of trial and error along the way.",English,Long,47,280,1,5
785,"Although the weather in Warsaw can be unpredictable during December, A young entrepreneur decided to proceed with the outdoor event, arguing that visitors would still enjoy themselves despite the occasional light rain and cooler evening temperatures.",English,Long,36,250,4,3
786,Their coach translated an unusual weather pattern along the riverbank on a rainy Tuesday.,English,Medium,14,89,2,1
787,"The city council, who had monitored the results of the survey for nearly a decade, finally decided to write a detailed guide so that newcomers could avoid the same mistakes and understand the process from start to finish.",English,Long,38,221,1,3
788,The new intern translated an unusual weather pattern near the old train station within a few hours.,English,Long,17,99,1,1
789,"According to a recent report published by BrightFuture Foundation, the number of people who document the annual budget report has increased steadily over the past three years, largely due to changing habits and greater public awareness.",English,Long,36,236,4,3
790,The debate team captain measured a newly discovered fossil inside the community center earlier this morning.,English,Long,16,108,1,1
791,The city council measured a rare species of orchid.,English,Medium,9,51,1,1
792,The community garden volunteers negotiated the annual budget report inside the community center.,English,Medium,13,96,1,1
793,"According to a recent report published by Vertex Analytics, the number of people who document several ancient manuscripts has increased steadily over the past three years, largely due to changing habits and greater public awareness.",English,Long,35,232,3,3
794,A wildlife photographer sketched a newly discovered fossil at a small conference in Melbourne after months of planning.,English,Long,18,119,2,1
795,"The museum curator spent several weeks photographing the neighborhood's street art, and by the end of the project everyone agreed that the effort had been worthwhile, even though the process required patience, careful planning, and a fair amount of trial and error along the way.",English,Long,45,279,1,6
796,The museum curator rehearsed a collection of vintage postcards at the university campus over the weekend.,English,Long,16,105,1,1
797,The maintenance crew organized a set of handwritten letters in the downtown office.,English,Medium,13,83,1,1
798,A group of tourists sketched a collection of vintage postcards at the university campus just before sunset.,English,Long,17,107,1,1
799,"The city council, who had coordinated the layout of the public library for nearly a decade, finally decided to write a detailed guide so that newcomers could avoid the same mistakes and understand the process from start to finish.",English,Long,39,230,1,3
800,Our neighbor measured the community recycling program near the old train station over the weekend.,English,Medium,15,98,1,1
801,Our neighbor reviewed an unusual weather pattern at the university campus within a few hours.,English,Medium,15,93,1,1
802,"The orchestra conductor spent several weeks organizing the volunteer schedule, and by the end of the project everyone agreed that the effort had been worthwhile, even though the process required patience, careful planning, and a fair amount of trial and error along the way.",English,Long,44,274,1,5
803,"According to a recent report published by NextGen Software Labs, the number of people who discuss the town's water supply system has increased steadily over the past three years, largely due to changing habits and greater public awareness.",English,Long,38,239,5,4
804,Our neighbor reviewed the school's science fair inside the community center during the summer break.,English,Medium,15,100,1,2
805,"A group of tourists, who had monitored the results of the survey for nearly a decade, finally decided to write a detailed guide so that newcomers could avoid the same mistakes and understand the process from start to finish.",English,Long,39,224,1,3
806,The software engineer discussed the town's water supply system at the university campus.,English,Medium,13,88,1,2
807,My best friend negotiated the quarterly sales figures over the weekend.,English,Medium,11,71,1,1
808,The city council celebrated the upcoming film festival since last spring.,English,Medium,11,73,1,1
809,The chess club calculated the results of the survey inside the community center.,English,Medium,13,80,1,1
810,The orchestra conductor measured a set of handwritten letters at a small conference in Melbourne throughout the semester.,English,Long,18,121,2,1
811,The maintenance crew questioned several ancient manuscripts near the old train station over the weekend.,English,Medium,15,104,1,1
812,"Although the weather in Copenhagen can be unpredictable during April, The night-shift nurse decided to proceed with the outdoor event, arguing that visitors would still enjoy themselves despite the occasional light rain and cooler evening temperatures.",English,Long,36,252,4,4
813,The delivery driver sketched the annual budget report in the downtown office every Saturday afternoon.,English,Medium,15,102,2,1
814,The software engineer documented the upcoming film festival.,English,Short,8,60,1,1
815,Her grandfather sketched a new hiking trail over the weekend.,English,Medium,10,61,1,1
816,My younger sister discussed the neighborhood's street art at a small conference in Melbourne after months of planning.,English,Long,18,118,2,2
817,The debate team captain repaired the quarterly sales figures along the riverbank within a few hours.,English,Long,16,100,1,1
818,The software engineer repaired the volunteer schedule throughout the semester.,English,Medium,10,78,1,1
819,Our neighbor discussed the school's science fair in the downtown office.,English,Medium,11,72,1,2
820,The research team translated the volunteer schedule just before sunset.,English,Medium,10,71,1,1
821,A group of tourists explored the neighborhood's street art.,English,Medium,9,59,1,2
822,"The software engineer spent several weeks repairing several ancient manuscripts, and by the end of the project everyone agreed that the effort had been worthwhile, even though the process required patience, careful planning, and a fair amount of trial and error along the way.",English,Long,44,276,1,5
823,"The debate team captain, who had overseen the upcoming film festival for nearly a decade, finally decided to write a detailed guide so that newcomers could avoid the same mistakes and understand the process from start to finish.",English,Long,38,228,1,3
824,Our neighbor negotiated the quarterly sales figures in the downtown office after months of planning.,English,Medium,15,100,1,1
825,A group of tourists discussed a collection of vintage postcards inside the community center.,English,Medium,14,92,1,1
826,The debate team captain designed the results of the survey inside the community center during the summer break.,English,Long,18,111,1,1
827,Her grandfather recorded an experimental cooking recipe in the downtown office on a rainy Tuesday.,English,Medium,15,98,2,1
828,The marketing department organized the layout of the public library in the downtown office.,English,Medium,14,91,1,1
829,A freelance writer discussed the annual budget report near the old train station earlier this morning.,English,Long,16,102,1,1
830,Her grandfather measured the annual budget report at the university campus.,English,Medium,11,75,1,1
831,The research team measured a series of jazz recordings during the summer break.,English,Medium,13,79,1,1
832,The local bakery questioned an unusual weather pattern every Saturday afternoon.,English,Medium,11,80,2,1
833,The software engineer organized a rare species of orchid along the riverbank during the summer break.,English,Long,16,101,1,1
834,"Their coach, who had studied the results of the survey for nearly a decade, finally decided to write a detailed guide so that newcomers could avoid the same mistakes and understand the process from start to finish.",English,Long,37,214,1,3
835,"According to a recent report published by Falcon Logistics, the number of people who document the layout of the public library has increased steadily over the past three years, largely due to changing habits and greater public awareness.",English,Long,38,237,3,3
836,The marketing department questioned the volunteer schedule throughout the semester.,English,Medium,10,83,1,1
837,The orchestra conductor explored the annual budget report in the downtown office just before sunset.,English,Medium,15,100,1,1
838,"The museum curator, who had supported a set of handwritten letters for nearly a decade, finally decided to write a detailed guide so that newcomers could avoid the same mistakes and understand the process from start to finish.",English,Long,38,226,1,3
839,The delivery driver measured a series of jazz recordings over the weekend.,English,Medium,12,74,1,1
840,The research team presented an experimental cooking recipe at the university campus throughout the semester.,English,Medium,15,108,1,1
841,Her grandfather celebrated a newly discovered fossil near the old train station since last spring.,English,Medium,15,98,1,1
842,"Although the weather in Toronto can be unpredictable during July, A group of tourists decided to proceed with the outdoor event, arguing that visitors would still enjoy themselves despite the occasional light rain and cooler evening temperatures.",English,Long,37,246,4,3
843,My best friend compared a rare species of orchid along the riverbank throughout the semester.,English,Medium,15,93,1,1
844,The city council compared an antique wooden clock inside the community center after months of planning.,English,Long,16,103,1,1
845,The marketing department reviewed an experimental cooking recipe inside the community center after months of planning.,English,Long,16,118,1,1
846,The city council planted the layout of the public library earlier this morning.,English,Medium,13,79,1,1
847,My best friend discussed the neighborhood's street art earlier this morning.,English,Medium,11,76,1,2
848,The night-shift nurse photographed a set of handwritten letters every Saturday afternoon.,English,Medium,12,89,2,2
849,"According to a recent report published by Silverline Motors, the number of people who photograph a rare species of orchid has increased steadily over the past three years, largely due to changing habits and greater public awareness.",English,Long,37,232,3,3
850,"The new intern, who had coordinated an unusual weather pattern for nearly a decade, finally decided to write a detailed guide so that newcomers could avoid the same mistakes and understand the process from start to finish.",English,Long,37,222,1,3
851,The marketing department designed an unusual weather pattern within a few hours.,English,Medium,12,80,1,1
852,"A young entrepreneur spent several weeks photographing a rare species of orchid, and by the end of the project everyone agreed that the effort had been worthwhile, even though the process required patience, careful planning, and a fair amount of trial and error along the way.",English,Long,46,276,1,5
853,The maintenance crew presented an experimental cooking recipe along the riverbank since last spring.,English,Medium,14,100,1,1
854,The night-shift nurse explored the volunteer schedule in the downtown office during the summer break.,English,Medium,15,101,1,2
855,The marketing department measured a new hiking trail in the downtown office over the weekend.,English,Medium,15,93,1,1
856,The local bakery reviewed the volunteer schedule near the old train station after months of planning.,English,Long,16,101,1,1
857,The delivery driver rehearsed the upcoming film festival on a rainy Tuesday.,English,Medium,12,76,2,1
858,Their coach calculated the town's water supply system along the riverbank since last spring.,English,Medium,14,92,1,2
859,"A group of tourists, who had monitored a new hiking trail for nearly a decade, finally decided to write a detailed guide so that newcomers could avoid the same mistakes and understand the process from start to finish.",English,Long,38,217,1,3
860,"According to a recent report published by Coastal Insurance Co., the number of people who discuss a set of handwritten letters has increased steadily over the past three years, largely due to changing habits and greater public awareness.",English,Long,38,237,4,4
861,The new intern organized the annual budget report at the university campus.,English,Medium,12,75,1,1
862,"Our neighbor spent several weeks photographing the neighborhood's street art, and by the end of the project everyone agreed that the effort had been worthwhile, even though the process required patience, careful planning, and a fair amount of trial and error along the way.",English,Long,44,273,1,6
863,The city council rehearsed the neighborhood's street art at the university campus within a few hours.,English,Long,16,101,1,2
864,The orchestra conductor sketched a set of handwritten letters at a small conference in Melbourne over the weekend.,English,Long,18,114,2,1
865,The research team negotiated the quarterly sales figures after months of planning.,English,Medium,12,82,1,1
866,"The software engineer spent several weeks documenting the results of the survey, and by the end of the project everyone agreed that the effort had been worthwhile, even though the process required patience, careful planning, and a fair amount of trial and error along the way.",English,Long,46,276,1,5
867,The museum curator celebrated a collection of vintage postcards over the weekend.,English,Medium,12,81,1,1
868,The night-shift nurse rehearsed the school's science fair earlier this morning.,English,Medium,11,79,1,3
869,A curious student sketched an experimental cooking recipe near the old train station since last spring.,English,Long,16,103,1,1
870,My younger sister presented a rare species of orchid at a small conference in Melbourne during the summer break.,English,Long,19,112,2,1
871,"Her grandfather spent several weeks reviewing the annual budget report, and by the end of the project everyone agreed that the effort had been worthwhile, even though the process required patience, careful planning, and a fair amount of trial and error along the way.",English,Long,44,267,1,5
872,Her grandfather planted the results of the survey at the university campus.,English,Medium,12,75,1,1
873,The night-shift nurse organized a rare species of orchid.,English,Medium,9,57,1,2
874,The delivery driver calculated an antique wooden clock.,English,Short,8,55,1,1
875,Her grandfather presented an antique wooden clock within a few hours.,English,Medium,11,69,1,1
876,Her grandfather documented the quarterly sales figures at a small conference in Melbourne.,English,Medium,13,90,2,1
877,A freelance writer explored a newly discovered fossil inside the community center throughout the semester.,English,Medium,15,106,1,1
878,"A wildlife photographer, who had supported the volunteer schedule for nearly a decade, finally decided to write a detailed guide so that newcomers could avoid the same mistakes and understand the process from start to finish.",English,Long,36,225,1,3
879,The software engineer negotiated the town's water supply system during the summer break.,English,Medium,13,88,1,2
880,"Although the weather in Toronto can be unpredictable during October, A curious student decided to proceed with the outdoor event, arguing that visitors would still enjoy themselves despite the occasional light rain and cooler evening temperatures.",English,Long,36,247,4,3
881,Their coach measured the results of the survey in the downtown office every Saturday afternoon.,English,Medium,15,95,2,1
882,Our neighbor recorded an unusual weather pattern inside the community center throughout the semester.,English,Medium,14,101,1,1
883,The delivery driver documented a newly discovered fossil inside the community center on a rainy Tuesday.,English,Long,16,104,2,1
884,The software engineer explored a set of handwritten letters at the university campus.,English,Medium,13,85,1,1
885,"The software engineer spent several weeks translating a collection of vintage postcards, and by the end of the project everyone agreed that the effort had been worthwhile, even though the process required patience, careful planning, and a fair amount of trial and error along the way.",English,Long,46,284,1,5
886,The software engineer organized an experimental cooking recipe along the riverbank over the weekend.,English,Medium,14,100,1,1
887,"A group of tourists spent several weeks measuring a collection of vintage postcards, and by the end of the project everyone agreed that the effort had been worthwhile, even though the process required patience, careful planning, and a fair amount of trial and error along the way.",English,Long,47,280,1,5
888,A curious student negotiated the school's science fair.,English,Short,8,55,1,2
889,The orchestra conductor questioned a rare species of orchid inside the community center throughout the semester.,English,Long,16,112,1,1
890,The marketing department repaired an experimental cooking recipe inside the community center every Saturday afternoon.,English,Medium,15,118,2,1
891,The orchestra conductor reviewed the town's water supply system in the downtown office earlier this morning.,English,Long,16,108,1,2
892,The city council repaired the community recycling program.,English,Short,8,58,1,1
893,The community garden volunteers presented the layout of the public library.,English,Medium,11,75,1,1
894,The software engineer measured a set of handwritten letters along the riverbank.,English,Medium,12,80,1,1
895,The software engineer photographed the quarterly sales figures at a small conference in Melbourne.,English,Medium,14,98,2,1
896,The chess club organized the community recycling program at the university campus over the weekend.,English,Medium,15,99,1,1
897,A group of tourists presented the town's water supply system.,English,Medium,10,61,1,2
898,"A young entrepreneur, who had overseen an unusual weather pattern for nearly a decade, finally decided to write a detailed guide so that newcomers could avoid the same mistakes and understand the process from start to finish.",English,Long,37,225,1,3
899,The maintenance crew negotiated the neighborhood's street art at a small conference in Melbourne earlier this morning.,English,Long,17,118,2,2
900,My best friend negotiated the community recycling program.,English,Short,8,58,1,1
901,The delivery driver designed the quarterly sales figures near the old train station during the summer break.,English,Long,17,108,1,1
902,"According to a recent report published by Vertex Analytics, the number of people who measure the layout of the public library has increased steadily over the past three years, largely due to changing habits and greater public awareness.",English,Long,38,236,3,3
903,A wildlife photographer repaired several ancient manuscripts along the riverbank.,English,Medium,10,81,1,1
904,Her grandfather compared the quarterly sales figures just before sunset.,English,Medium,10,72,1,1
905,The new intern explored a newly discovered fossil near the old train station earlier this morning.,English,Long,16,98,1,1
906,A group of tourists calculated the community recycling program.,English,Medium,9,63,1,1
907,The city council photographed a series of jazz recordings inside the community center throughout the semester.,English,Long,16,110,1,1
908,A group of tourists documented the town's water supply system inside the community center just before sunset.,English,Long,17,109,1,2
909,"A curious student spent several weeks measuring the results of the survey, and by the end of the project everyone agreed that the effort had been worthwhile, even though the process required patience, careful planning, and a fair amount of trial and error along the way.",English,Long,46,270,1,5
910,The research team designed the volunteer schedule every Saturday afternoon.,English,Medium,10,75,2,1
911,A wildlife photographer questioned an antique wooden clock within a few hours.,English,Medium,12,78,1,1
912,The local bakery translated the annual budget report near the old train station since last spring.,English,Long,16,98,1,1
913,A curious student compared a set of handwritten letters at a small conference in Melbourne over the weekend.,English,Long,18,108,2,1
914,A freelance writer reviewed a series of jazz recordings along the riverbank earlier this morning.,English,Medium,15,97,1,1
915,Their coach documented the upcoming film festival at a small conference in Melbourne within a few hours.,English,Long,17,104,2,1
916,"My best friend spent several weeks reviewing the quarterly sales figures, and by the end of the project everyone agreed that the effort had been worthwhile, even though the process required patience, careful planning, and a fair amount of trial and error along the way.",English,Long,45,269,1,5
917,The research team calculated a series of jazz recordings inside the community center within a few hours.,English,Long,17,104,1,1
918,"According to a recent report published by Silverline Motors, the number of people who measure a series of jazz recordings has increased steadily over the past three years, largely due to changing habits and greater public awareness.",English,Long,37,232,3,3
919,A group of tourists documented the neighborhood's street art in the downtown office over the weekend.,English,Long,16,101,1,2
920,"According to a recent report published by Meridian Financial Group, the number of people who measure a collection of vintage postcards has increased steadily over the past three years, largely due to changing habits and greater public awareness.",English,Long,38,245,4,3
921,The delivery driver translated several ancient manuscripts inside the community center since last spring.,English,Medium,14,105,1,1
922,The community garden volunteers recorded the town's water supply system near the old train station.,English,Medium,15,99,1,2
923,The research team documented the neighborhood's street art.,English,Short,8,59,1,2
924,A freelance writer celebrated an antique wooden clock near the old train station earlier this morning.,English,Long,16,102,1,1
925,"The orchestra conductor spent several weeks repairing a collection of vintage postcards, and by the end of the project everyone agreed that the effort had been worthwhile, even though the process required patience, careful planning, and a fair amount of trial and error along the way.",English,Long,46,284,1,5
926,Their coach presented an unusual weather pattern in the downtown office during the summer break.,English,Medium,15,96,1,1
927,The marketing department sketched the community recycling program inside the community center over the weekend.,English,Medium,15,111,1,1
928,The research team questioned a newly discovered fossil along the riverbank over the weekend.,English,Medium,14,92,1,1
929,The night-shift nurse photographed a set of handwritten letters at the university campus on a rainy Tuesday.,English,Long,17,108,2,2
930,A retired teacher photographed a collection of vintage postcards near the old train station every Saturday afternoon.,English,Long,17,117,2,1
931,A young entrepreneur sketched a newly discovered fossil in the downtown office throughout the semester.,English,Medium,15,103,1,1
932,The debate team captain questioned the upcoming film festival near the old train station over the weekend.,English,Long,17,106,1,1
933,The debate team captain photographed a set of handwritten letters near the old train station just before sunset.,English,Long,18,112,1,1
934,The maintenance crew designed the quarterly sales figures at the university campus during the summer break.,English,Long,16,107,1,1
935,The marketing department documented the neighborhood's street art in the downtown office.,English,Medium,12,89,1,2
936,A freelance writer documented an unusual weather pattern at a small conference in Melbourne just before sunset.,English,Long,17,111,2,1
937,"Although the weather in Warsaw can be unpredictable during January, The software engineer decided to proceed with the outdoor event, arguing that visitors would still enjoy themselves despite the occasional light rain and cooler evening temperatures.",English,Long,36,250,4,3
938,A wildlife photographer explored the school's science fair in the downtown office since last spring.,English,Medium,15,100,1,2
939,"My best friend, who had supported the community recycling program for nearly a decade, finally decided to write a detailed guide so that newcomers could avoid the same mistakes and understand the process from start to finish.",English,Long,37,225,1,3
940,"The city council, who had overseen an antique wooden clock for nearly a decade, finally decided to write a detailed guide so that newcomers could avoid the same mistakes and understand the process from start to finish.",English,Long,37,218,1,3
941,"The marketing department spent several weeks translating the quarterly sales figures, and by the end of the project everyone agreed that the effort had been worthwhile, even though the process required patience, careful planning, and a fair amount of trial and error along the way.",English,Long,45,281,1,5
942,"According to a recent report published by Oakwood Publishing House, the number of people who document a set of handwritten letters has increased steadily over the past three years, largely due to changing habits and greater public awareness.",English,Long,38,241,4,3
943,The delivery driver photographed an antique wooden clock near the old train station after months of planning.,English,Long,17,109,1,1
944,A retired teacher measured a set of handwritten letters along the riverbank over the weekend.,English,Medium,15,93,1,1
945,"Although the weather in Mumbai can be unpredictable during October, Her grandfather decided to proceed with the outdoor event, arguing that visitors would still enjoy themselves despite the occasional light rain and cooler evening temperatures.",English,Long,35,244,4,3
946,The new intern rehearsed a newly discovered fossil earlier this morning.,English,Medium,11,72,1,1
947,The local bakery negotiated the community recycling program at a small conference in Melbourne.,English,Medium,14,95,2,1
948,The orchestra conductor translated a rare species of orchid just before sunset.,English,Medium,12,79,1,1
949,Her grandfather rehearsed the community recycling program on a rainy Tuesday.,English,Medium,11,77,2,1
950,"Although the weather in Melbourne can be unpredictable during January, The new intern decided to proceed with the outdoor event, arguing that visitors would still enjoy themselves despite the occasional light rain and cooler evening temperatures.",English,Long,36,246,4,3
951,A freelance writer rehearsed the quarterly sales figures after months of planning.,English,Medium,12,82,1,1
952,A group of tourists rehearsed an unusual weather pattern during the summer break.,English,Medium,13,81,1,1
953,My best friend explored the school's science fair inside the community center.,English,Medium,12,78,1,2
954,The new intern celebrated the community recycling program since last spring.,English,Medium,11,76,1,1
955,Their coach planted a collection of vintage postcards after months of planning.,English,Medium,12,79,1,1
956,A freelance writer discussed the layout of the public library during the summer break.,English,Medium,14,86,1,1
957,"The research team spent several weeks measuring the town's water supply system, and by the end of the project everyone agreed that the effort had been worthwhile, even though the process required patience, careful planning, and a fair amount of trial and error along the way.",English,Long,46,275,1,6
958,The local bakery questioned several ancient manuscripts in the downtown office during the summer break.,English,Medium,15,103,1,1
959,A group of tourists photographed the school's science fair at the university campus.,English,Medium,13,84,1,2
960,"Although the weather in Melbourne can be unpredictable during October, The delivery driver decided to proceed with the outdoor event, arguing that visitors would still enjoy themselves despite the occasional light rain and cooler evening temperatures.",English,Long,36,251,4,3
961,Our neighbor questioned the results of the survey at a small conference in Melbourne.,English,Medium,14,85,2,1
962,The debate team captain negotiated the quarterly sales figures.,English,Medium,9,63,1,1
963,Her grandfather negotiated a newly discovered fossil inside the community center.,English,Medium,11,81,1,1
964,The new intern explored the school's science fair at a small conference in Melbourne since last spring.,English,Long,17,103,2,2
965,The orchestra conductor questioned an experimental cooking recipe at a small conference in Melbourne.,English,Medium,14,101,2,1
966,My best friend measured a series of jazz recordings at a small conference in Melbourne within a few hours.,English,Long,19,106,2,1
967,"A group of tourists, who had managed the volunteer schedule for nearly a decade, finally decided to write a detailed guide so that newcomers could avoid the same mistakes and understand the process from start to finish.",English,Long,37,219,1,3
968,The new intern negotiated the annual budget report at a small conference in Melbourne since last spring.,English,Long,17,104,2,1
969,The city council organized the town's water supply system.,English,Medium,9,58,1,2
970,Our neighbor discussed the quarterly sales figures every Saturday afternoon.,English,Medium,10,76,2,1
971,"Although the weather in Zurich can be unpredictable during July, The orchestra conductor decided to proceed with the outdoor event, arguing that visitors would still enjoy themselves despite the occasional light rain and cooler evening temperatures.",English,Long,36,249,4,3
972,"The city council spent several weeks documenting the annual budget report, and by the end of the project everyone agreed that the effort had been worthwhile, even though the process required patience, careful planning, and a fair amount of trial and error along the way.",English,Long,45,270,1,5
973,Their coach documented the layout of the public library inside the community center on a rainy Tuesday.,English,Long,17,103,2,1
974,The research team organized the town's water supply system during the summer break.,English,Medium,13,83,1,2
975,The community garden volunteers organized the town's water supply system inside the community center on a rainy Tuesday.,English,Long,18,120,2,2
976,"A young entrepreneur, who had supported a rare species of orchid for nearly a decade, finally decided to write a detailed guide so that newcomers could avoid the same mistakes and understand the process from start to finish.",English,Long,38,224,1,3
977,A young entrepreneur presented the results of the survey during the summer break.,English,Medium,13,81,1,1
978,A young entrepreneur documented an unusual weather pattern at a small conference in Melbourne on a rainy Tuesday.,English,Long,18,113,3,1
979,A curious student calculated a newly discovered fossil every Saturday afternoon.,English,Medium,11,80,2,1
980,The night-shift nurse recorded the school's science fair in the downtown office over the weekend.,English,Medium,15,97,1,3
981,The marketing department calculated an antique wooden clock in the downtown office just before sunset.,English,Medium,15,102,1,1
982,"Her grandfather spent several weeks photographing a rare species of orchid, and by the end of the project everyone agreed that the effort had been worthwhile, even though the process required patience, careful planning, and a fair amount of trial and error along the way.",English,Long,45,271,1,5
983,"According to a recent report published by Skyline Real Estate, the number of people who discuss an experimental cooking recipe has increased steadily over the past three years, largely due to changing habits and greater public awareness.",English,Long,37,237,4,3
984,The city council discussed an unusual weather pattern near the old train station.,English,Medium,13,81,1,1
985,The marketing department celebrated the results of the survey near the old train station.,English,Medium,14,89,1,1
986,The research team presented an antique wooden clock after months of planning.,English,Medium,12,77,1,1
987,A young entrepreneur repaired several ancient manuscripts in the downtown office.,English,Medium,11,81,1,1
988,My younger sister documented the community recycling program in the downtown office just before sunset.,English,Medium,15,103,1,1
989,The research team planted the quarterly sales figures along the riverbank after months of planning.,English,Medium,15,99,1,1
990,A retired teacher recorded an antique wooden clock at a small conference in Melbourne.,English,Medium,14,86,2,1
991,The local bakery discussed a series of jazz recordings during the summer break.,English,Medium,13,79,1,1
992,The night-shift nurse organized the upcoming film festival since last spring.,English,Medium,11,77,1,2
993,A group of tourists designed an antique wooden clock inside the community center after months of planning.,English,Long,17,106,1,1
994,The debate team captain planted the community recycling program near the old train station.,English,Medium,14,91,1,1
995,My best friend celebrated an unusual weather pattern.,English,Short,8,53,1,1
996,The museum curator photographed the upcoming film festival inside the community center.,English,Medium,12,87,1,1
997,A wildlife photographer reviewed an experimental cooking recipe at a small conference in Melbourne every Saturday afternoon.,English,Long,17,124,3,1
998,The museum curator recorded the town's water supply system at a small conference in Melbourne.,English,Medium,15,94,2,2
999,The museum curator photographed a series of jazz recordings near the old train station within a few hours.,English,Long,18,106,1,1
1000,The museum curator discussed a newly discovered fossil in the downtown office earlier this morning.,English,Medium,15,99,1,1
1001,A retired teacher rehearsed the town's water supply system at a small conference in Melbourne throughout the semester.,English,Long,18,118,2,2
1002,The maintenance crew documented the volunteer schedule inside the community center.,English,Medium,11,83,1,1
1003,The city council sketched a rare species of orchid near the old train station since last spring.,English,Long,17,96,1,1
1004,A young entrepreneur calculated the annual budget report.,English,Short,8,57,1,1
1005,The delivery driver measured the neighborhood's street art near the old train station.,English,Medium,13,86,1,2
1006,A retired teacher designed a newly discovered fossil inside the community center.,English,Medium,12,81,1,1
1007,My younger sister repaired an experimental cooking recipe.,English,Short,8,58,1,1
1008,The debate team captain translated the quarterly sales figures.,English,Medium,9,63,1,1
1009,My best friend translated a collection of vintage postcards at a small conference in Melbourne throughout the semester.,English,Long,18,119,2,1
1010,"My best friend, who had overseen several ancient manuscripts for nearly a decade, finally decided to write a detailed guide so that newcomers could avoid the same mistakes and understand the process from start to finish.",English,Long,36,220,1,3
1011,The chess club reviewed the school's science fair along the riverbank.,English,Medium,11,70,1,2
1012,The software engineer designed the town's water supply system at a small conference in Melbourne after months of planning.,English,Long,19,122,2,2
1013,The museum curator negotiated the neighborhood's street art during the summer break.,English,Medium,12,84,1,2
1014,The local bakery rehearsed a newly discovered fossil at a small conference in Melbourne throughout the semester.,English,Long,17,112,2,1
1015,"A freelance writer, who had monitored a series of jazz recordings for nearly a decade, finally decided to write a detailed guide so that newcomers could avoid the same mistakes and understand the process from start to finish.",English,Long,38,225,1,3
1016,"My younger sister, who had overseen an unusual weather pattern for nearly a decade, finally decided to write a detailed guide so that newcomers could avoid the same mistakes and understand the process from start to finish.",English,Long,37,222,1,3
1017,A freelance writer celebrated the quarterly sales figures in the downtown office every Saturday afternoon.,English,Medium,15,106,2,1
1018,The marketing department repaired the school's science fair during the summer break.,English,Medium,12,84,1,2
1019,My younger sister celebrated the quarterly sales figures at a small conference in Melbourne every Saturday afternoon.,English,Long,17,117,3,1
1020,A freelance writer celebrated the community recycling program since last spring.,English,Medium,11,80,1,1
1021,Our neighbor celebrated the neighborhood's street art inside the community center throughout the semester.,English,Medium,14,106,1,2
1022,The software engineer measured a new hiking trail since last spring.,English,Medium,11,68,1,1
1023,Our neighbor translated an antique wooden clock at the university campus.,English,Medium,11,73,1,1
1024,My best friend rehearsed a rare species of orchid during the summer break.,English,Medium,13,74,1,1
1025,The new intern repaired an unusual weather pattern in the downtown office during the summer break.,English,Long,16,98,1,1
1026,A retired teacher translated the upcoming film festival inside the community center.,English,Medium,12,84,1,1
1027,"Although the weather in Mumbai can be unpredictable during January, The orchestra conductor decided to proceed with the outdoor event, arguing that visitors would still enjoy themselves despite the occasional light rain and cooler evening temperatures.",English,Long,36,252,4,3
1028,"According to a recent report published by Harborview College, the number of people who recycle an unusual weather pattern has increased steadily over the past three years, largely due to changing habits and greater public awareness.",English,Long,36,232,3,3
1029,A young entrepreneur translated the neighborhood's street art on a rainy Tuesday.,English,Medium,12,81,2,2
1030,Our neighbor questioned a set of handwritten letters near the old train station.,English,Medium,13,80,1,1
1031,A wildlife photographer sketched a set of handwritten letters along the riverbank.,English,Medium,12,82,1,1
1032,The software engineer reviewed the community recycling program inside the community center over the weekend.,English,Medium,15,108,1,1
1033,The research team celebrated a set of handwritten letters at the university campus throughout the semester.,English,Long,16,107,1,1
1034,Our neighbor designed the upcoming film festival inside the community center since last spring.,English,Medium,14,95,1,1
1035,The community garden volunteers reviewed a new hiking trail near the old train station during the summer break.,English,Long,18,111,1,1
1036,The local bakery negotiated a series of jazz recordings at the university campus over the weekend.,English,Long,16,98,1,1
1037,Our neighbor calculated an experimental cooking recipe since last spring.,English,Medium,10,73,1,1
1038,The local bakery rehearsed a newly discovered fossil earlier this morning.,English,Medium,11,74,1,1
1039,"Although the weather in Kuala Lumpur can be unpredictable during December, The debate team captain decided to proceed with the outdoor event, arguing that visitors would still enjoy themselves despite the occasional light rain and cooler evening temperatures.",English,Long,38,259,5,3
1040,Their coach presented the results of the survey inside the community center during the summer break.,English,Long,16,100,1,1
1041,The orchestra conductor designed several ancient manuscripts just before sunset.,English,Medium,10,80,1,1
1042,Our neighbor repaired an unusual weather pattern inside the community center.,English,Medium,11,77,1,1
1043,The community garden volunteers explored the neighborhood's street art at a small conference in Melbourne on a rainy Tuesday.,English,Long,19,125,3,2
1044,A curious student repaired the community recycling program in the downtown office during the summer break.,English,Long,16,106,1,1
1045,"A wildlife photographer, who had monitored the community recycling program for nearly a decade, finally decided to write a detailed guide so that newcomers could avoid the same mistakes and understand the process from start to finish.",English,Long,37,234,1,3
1046,The delivery driver compared the results of the survey in the downtown office after months of planning.,English,Long,17,103,1,1
1047,A young entrepreneur compared a set of handwritten letters at the university campus.,English,Medium,13,84,1,1
1048,The software engineer discussed the upcoming film festival at a small conference in Melbourne during the summer break.,English,Long,18,118,2,1
1049,The chess club recorded a series of jazz recordings over the weekend.,English,Medium,12,69,1,1
1050,When is the best season to visit Helsinki?,English,Short,8,42,2,1
1051,"Although the weather in Edinburgh can be unpredictable during December, The orchestra conductor decided to proceed with the outdoor event, arguing that visitors would still enjoy themselves despite the occasional light rain and cooler evening temperatures.",English,Long,36,256,4,3
1052,My best friend explored the volunteer schedule in the downtown office during the summer break.,English,Medium,15,94,1,1
1053,The community garden volunteers planted the annual budget report at the university campus over the weekend.,English,Long,16,107,1,1
1054,A group of tourists measured an antique wooden clock.,English,Medium,9,53,1,1
1055,"The chess club spent several weeks measuring the layout of the public library, and by the end of the project everyone agreed that the effort had been worthwhile, even though the process required patience, careful planning, and a fair amount of trial and error along the way.",English,Long,47,274,1,5
1056,The night-shift nurse presented the results of the survey inside the community center on a rainy Tuesday.,English,Long,17,105,2,2
1057,The night-shift nurse photographed a series of jazz recordings near the old train station during the summer break.,English,Long,18,114,1,2
1058,The maintenance crew repaired the quarterly sales figures inside the community center just before sunset.,English,Medium,15,105,1,1
1059,The night-shift nurse questioned a collection of vintage postcards near the old train station.,English,Medium,14,94,1,2
1060,Her grandfather presented the town's water supply system along the riverbank.,English,Medium,11,77,1,2
1061,The local bakery repaired the results of the survey along the riverbank.,English,Medium,12,72,1,1
1062,A curious student recorded the upcoming film festival inside the community center over the weekend.,English,Medium,15,99,1,1
1063,Her grandfather planted a newly discovered fossil after months of planning.,English,Medium,11,75,1,1
1064,The new intern recorded the community recycling program on a rainy Tuesday.,English,Medium,12,75,2,1
1065,"A wildlife photographer spent several weeks comparing the school's science fair, and by the end of the project everyone agreed that the effort had been worthwhile, even though the process required patience, careful planning, and a fair amount of trial and error along the way.",English,Long,45,276,1,6
1066,A group of tourists translated a set of handwritten letters inside the community center.,English,Medium,14,88,1,1
1067,The city council organized the community recycling program just before sunset.,English,Medium,11,78,1,1
1068,My best friend questioned the quarterly sales figures at a small conference in Melbourne earlier this morning.,English,Long,17,110,2,1
1069,"According to a recent report published by Lakeside Medical Center, the number of people who photograph an unusual weather pattern has increased steadily over the past three years, largely due to changing habits and greater public awareness.",English,Long,37,240,4,3
1070,The maintenance crew negotiated a new hiking trail near the old train station over the weekend.,English,Long,16,95,1,1
1071,The delivery driver rehearsed the quarterly sales figures during the summer break.,English,Medium,12,82,1,1
1072,The software engineer organized an experimental cooking recipe inside the community center on a rainy Tuesday.,English,Long,16,110,2,1
1073,A group of tourists discussed the community recycling program inside the community center earlier this morning.,English,Long,16,111,1,1
1074,The marketing department sketched a newly discovered fossil.,English,Short,8,60,1,1
1075,A retired teacher recorded an experimental cooking recipe just before sunset.,English,Medium,11,77,1,1
1076,The research team sketched the quarterly sales figures throughout the semester.,English,Medium,11,79,1,1
1077,The new intern photographed the school's science fair on a rainy Tuesday.,English,Medium,12,73,2,2
1078,The orchestra conductor presented the town's water supply system at a small conference in Melbourne since last spring.,English,Long,18,118,2,2
1079,The night-shift nurse sketched the upcoming film festival along the riverbank during the summer break.,English,Medium,15,102,1,2
1080,The community garden volunteers celebrated the community recycling program every Saturday afternoon.,English,Medium,12,100,2,1
1081,The delivery driver sketched the town's water supply system.,English,Medium,9,60,1,2
1082,My best friend organized the school's science fair near the old train station after months of planning.,English,Long,17,103,1,2
1083,"Although the weather in Warsaw can be unpredictable during July, The museum curator decided to proceed with the outdoor event, arguing that visitors would still enjoy themselves despite the occasional light rain and cooler evening temperatures.",English,Long,36,244,4,3
1084,A young entrepreneur photographed the community recycling program at a small conference in Melbourne after months of planning.,English,Long,18,126,2,1
1085,A young entrepreneur planted a series of jazz recordings inside the community center earlier this morning.,English,Long,16,106,1,1
1086,The delivery driver documented the school's science fair along the riverbank.,English,Medium,11,77,1,2
1087,"Although the weather in Marrakesh can be unpredictable during October, A wildlife photographer decided to proceed with the outdoor event, arguing that visitors would still enjoy themselves despite the occasional light rain and cooler evening temperatures.",English,Long,36,255,4,3
1088,The community garden volunteers calculated the quarterly sales figures at a small conference in Melbourne on a rainy Tuesday.,English,Long,19,125,3,1
1089,The software engineer discussed the quarterly sales figures at a small conference in Melbourne throughout the semester.,English,Long,17,119,2,1
1090,The city council planted an antique wooden clock on a rainy Tuesday.,English,Medium,12,68,2,1
1091,A freelance writer recorded the layout of the public library after months of planning.,English,Medium,14,86,1,1
1092,"According to a recent report published by Evergreen Energy Co., the number of people who measure the town's water supply system has increased steadily over the past three years, largely due to changing habits and greater public awareness.",English,Long,38,238,4,5
1093,My younger sister planted the town's water supply system at the university campus within a few hours.,English,Long,17,101,1,2
1094,The marketing department repaired the volunteer schedule just before sunset.,English,Medium,10,76,1,1
1095,The local bakery questioned a series of jazz recordings near the old train station during the summer break.,English,Long,18,107,1,1
1096,The local bakery rehearsed a rare species of orchid just before sunset.,English,Medium,12,71,1,1
1097,The maintenance crew questioned the results of the survey within a few hours.,English,Medium,13,77,1,1
1098,Her grandfather repaired the quarterly sales figures at a small conference in Melbourne after months of planning.,English,Long,17,113,2,1
1099,My best friend rehearsed the neighborhood's street art just before sunset.,English,Medium,11,74,1,2
1100,A freelance writer compared a newly discovered fossil at the university campus.,English,Medium,12,79,1,1
1101,The debate team captain discussed an unusual weather pattern at the university campus since last spring.,English,Long,16,104,1,1
1102,The orchestra conductor designed the quarterly sales figures during the summer break.,English,Medium,12,85,1,1
1103,A freelance writer measured the layout of the public library near the old train station after months of planning.,English,Long,19,113,1,1
1104,"The debate team captain, who had monitored the neighborhood's street art for nearly a decade, finally decided to write a detailed guide so that newcomers could avoid the same mistakes and understand the process from start to finish.",English,Long,38,232,1,4
1105,The delivery driver celebrated the town's water supply system inside the community center every Saturday afternoon.,English,Long,16,115,2,2
1106,The community garden volunteers explored a newly discovered fossil within a few hours.,English,Medium,13,86,1,1
1107,Her grandfather documented an experimental cooking recipe inside the community center within a few hours.,English,Medium,15,105,1,1
1108,"Although the weather in Bangkok can be unpredictable during July, The delivery driver decided to proceed with the outdoor event, arguing that visitors would still enjoy themselves despite the occasional light rain and cooler evening temperatures.",English,Long,36,246,4,3
1109,The museum curator negotiated a series of jazz recordings every Saturday afternoon.,English,Medium,12,83,2,1
1110,A group of tourists questioned the volunteer schedule inside the community center on a rainy Tuesday.,English,Long,16,101,2,1
1111,The orchestra conductor presented the annual budget report over the weekend.,English,Medium,11,76,1,1
1112,The new intern planted the community recycling program near the old train station during the summer break.,English,Long,17,106,1,1
1113,Our neighbor questioned the results of the survey during the summer break.,English,Medium,12,74,1,1
1114,The community garden volunteers presented the annual budget report just before sunset.,English,Medium,12,86,1,1
1115,"Although the weather in Denver can be unpredictable during October, The museum curator decided to proceed with the outdoor event, arguing that visitors would still enjoy themselves despite the occasional light rain and cooler evening temperatures.",English,Long,36,247,4,3
1116,"The research team, who had managed an unusual weather pattern for nearly a decade, finally decided to write a detailed guide so that newcomers could avoid the same mistakes and understand the process from start to finish.",English,Long,37,221,1,3
1117,Her grandfather discussed a new hiking trail within a few hours.,English,Medium,11,64,1,1
1118,"A freelance writer, who had studied the annual budget report for nearly a decade, finally decided to write a detailed guide so that newcomers could avoid the same mistakes and understand the process from start to finish.",English,Long,37,220,1,3
1119,The orchestra conductor repaired several ancient manuscripts.,English,Short,7,61,1,1
1120,"A curious student spent several weeks photographing the school's science fair, and by the end of the project everyone agreed that the effort had been worthwhile, even though the process required patience, careful planning, and a fair amount of trial and error along the way.",English,Long,45,274,1,6
1121,"A group of tourists spent several weeks organizing a new hiking trail, and by the end of the project everyone agreed that the effort had been worthwhile, even though the process required patience, careful planning, and a fair amount of trial and error along the way.",English,Long,46,266,1,5
1122,A retired teacher rehearsed the community recycling program inside the community center.,English,Medium,12,88,1,1
1123,The debate team captain designed several ancient manuscripts in the downtown office every Saturday afternoon.,English,Medium,15,109,2,1
1124,"My best friend spent several weeks comparing a series of jazz recordings, and by the end of the project everyone agreed that the effort had been worthwhile, even though the process required patience, careful planning, and a fair amount of trial and error along the way.",English,Long,46,269,1,5
1125,A young entrepreneur celebrated an unusual weather pattern along the riverbank over the weekend.,English,Medium,14,96,1,1
1126,The debate team captain discussed the quarterly sales figures during the summer break.,English,Medium,13,86,1,1
1127,The orchestra conductor organized the upcoming film festival inside the community center after months of planning.,English,Long,16,114,1,1
1128,The marketing department photographed the volunteer schedule inside the community center.,English,Medium,11,89,1,1
1129,A wildlife photographer organized the annual budget report over the weekend.,English,Medium,11,76,1,1
1130,The delivery driver recorded the neighborhood's street art at the university campus just before sunset.,English,Medium,15,103,1,2
1131,"Although the weather in Amsterdam can be unpredictable during July, My younger sister decided to proceed with the outdoor event, arguing that visitors would still enjoy themselves despite the occasional light rain and cooler evening temperatures.",English,Long,36,246,4,3
1132,A freelance writer repaired a series of jazz recordings at the university campus earlier this morning.,English,Long,16,102,1,1
1133,The local bakery calculated an antique wooden clock.,English,Short,8,52,1,1
1134,The debate team captain measured the layout of the public library along the riverbank.,English,Medium,14,86,1,1
1135,A young entrepreneur recorded the annual budget report in the downtown office.,English,Medium,12,78,1,1
1136,The museum curator organized the school's science fair at a small conference in Melbourne throughout the semester.,English,Long,17,114,2,2
1137,The city council rehearsed several ancient manuscripts after months of planning.,English,Medium,11,80,1,1
1138,The new intern translated several ancient manuscripts in the downtown office after months of planning.,English,Medium,15,102,1,1
1139,Our neighbor calculated an experimental cooking recipe earlier this morning.,English,Medium,10,76,1,1
1140,A retired teacher questioned the results of the survey.,English,Medium,9,55,1,1
1141,My younger sister presented a new hiking trail along the riverbank.,English,Medium,11,67,1,1
1142,Their coach negotiated a newly discovered fossil.,English,Short,7,49,1,1
1143,The chess club rehearsed a rare species of orchid earlier this morning.,English,Medium,12,71,1,1
1144,The marketing department compared the upcoming film festival in the downtown office.,English,Medium,12,84,1,1
1145,"Although the weather in Cairo can be unpredictable during December, The maintenance crew decided to proceed with the outdoor event, arguing that visitors would still enjoy themselves despite the occasional light rain and cooler evening temperatures.",English,Long,36,249,4,3
1146,Their coach compared several ancient manuscripts at a small conference in Melbourne throughout the semester.,English,Medium,15,108,2,1
1147,The research team designed the town's water supply system earlier this morning.,English,Medium,12,79,1,2
1148,The debate team captain calculated an unusual weather pattern at the university campus.,English,Medium,13,87,1,1
1149,The new intern questioned the quarterly sales figures near the old train station just before sunset.,English,Long,16,100,1,1
1150,The marketing department photographed a rare species of orchid at a small conference in Melbourne since last spring.,English,Long,18,116,2,1
1151,"Although the weather in Zurich can be unpredictable during January, A freelance writer decided to proceed with the outdoor event, arguing that visitors would still enjoy themselves despite the occasional light rain and cooler evening temperatures.",English,Long,36,247,4,3
1152,"Although the weather in Warsaw can be unpredictable during April, The debate team captain decided to proceed with the outdoor event, arguing that visitors would still enjoy themselves despite the occasional light rain and cooler evening temperatures.",English,Long,37,250,4,3
1153,The debate team captain organized the volunteer schedule in the downtown office within a few hours.,English,Long,16,99,1,1
1154,The chess club recorded the upcoming film festival.,English,Short,8,51,1,1
1155,"According to a recent report published by Crescent Media Group, the number of people who photograph a set of handwritten letters has increased steadily over the past three years, largely due to changing habits and greater public awareness.",English,Long,38,239,4,3
1156,Our neighbor presented a series of jazz recordings at a small conference in Melbourne during the summer break.,English,Long,18,110,2,1
1157,The software engineer calculated a newly discovered fossil.,English,Short,8,59,1,1
1158,A young entrepreneur planted a collection of vintage postcards inside the community center every Saturday afternoon.,English,Long,16,116,2,1
1159,The delivery driver presented an unusual weather pattern.,English,Short,8,57,1,1
1160,When is the best season to visit Cairo?,English,Short,8,39,2,1
1161,"The night-shift nurse, who had supported a series of jazz recordings for nearly a decade, finally decided to write a detailed guide so that newcomers could avoid the same mistakes and understand the process from start to finish.",English,Long,38,228,1,4
1162,"Although the weather in Manila can be unpredictable during July, The local bakery decided to proceed with the outdoor event, arguing that visitors would still enjoy themselves despite the occasional light rain and cooler evening temperatures.",English,Long,36,242,4,3
1163,The new intern celebrated the quarterly sales figures during the summer break.,English,Medium,12,78,1,1
1164,"The chess club, who had studied a rare species of orchid for nearly a decade, finally decided to write a detailed guide so that newcomers could avoid the same mistakes and understand the process from start to finish.",English,Long,38,216,1,3
1165,The city council repaired a newly discovered fossil.,English,Short,8,52,1,1
1166,The local bakery presented a series of jazz recordings on a rainy Tuesday.,English,Medium,13,74,2,1
1167,The orchestra conductor photographed an antique wooden clock earlier this morning.,English,Medium,11,82,1,1
1168,A group of tourists celebrated a set of handwritten letters over the weekend.,English,Medium,13,77,1,1
1169,Their coach repaired the annual budget report at a small conference in Melbourne since last spring.,English,Long,16,99,2,1
1170,The new intern designed the volunteer schedule near the old train station.,English,Medium,12,74,1,1
1171,The night-shift nurse repaired a new hiking trail at a small conference in Melbourne throughout the semester.,English,Long,17,109,2,2
1172,A group of tourists celebrated the layout of the public library at the university campus every Saturday afternoon.,English,Long,18,114,2,1
1173,The research team explored the annual budget report along the riverbank just before sunset.,English,Medium,14,91,1,1
1174,"A young entrepreneur spent several weeks documenting the layout of the public library, and by the end of the project everyone agreed that the effort had been worthwhile, even though the process required patience, careful planning, and a fair amount of trial and error along the way.",English,Long,47,282,1,5
1175,A curious student questioned the quarterly sales figures along the riverbank.,English,Medium,11,77,1,1
1176,"According to a recent report published by Blue Horizon Airlines, the number of people who review a rare species of orchid has increased steadily over the past three years, largely due to changing habits and greater public awareness.",English,Long,38,232,4,3
1177,Her grandfather translated the volunteer schedule.,English,Short,6,50,1,1
1178,"According to a recent report published by Cedar Grove Hospital, the number of people who measure a new hiking trail has increased steadily over the past three years, largely due to changing habits and greater public awareness.",English,Long,37,226,4,3
1179,The orchestra conductor sketched the community recycling program inside the community center within a few hours.,English,Long,16,112,1,1
1180,Our neighbor repaired the results of the survey.,English,Short,8,48,1,1
1181,The night-shift nurse reviewed the community recycling program.,English,Short,8,63,1,2
1182,The marketing department sketched the volunteer schedule near the old train station.,English,Medium,12,84,1,1
1183,The night-shift nurse calculated the volunteer schedule.,English,Short,7,56,1,2
1184,The chess club reviewed a newly discovered fossil at a small conference in Melbourne on a rainy Tuesday.,English,Long,18,104,3,1
1185,Their coach translated the upcoming film festival along the riverbank earlier this morning.,English,Medium,13,91,1,1
1186,"Although the weather in Wellington can be unpredictable during January, A retired teacher decided to proceed with the outdoor event, arguing that visitors would still enjoy themselves despite the occasional light rain and cooler evening temperatures.",English,Long,36,250,4,3
1187,My best friend organized an experimental cooking recipe at the university campus just before sunset.,English,Medium,15,100,1,1
1188,My best friend explored several ancient manuscripts at a small conference in Melbourne.,English,Medium,13,87,2,1
1189,The museum curator organized the annual budget report since last spring.,English,Medium,11,72,1,1
1190,A curious student sketched the community recycling program after months of planning.,English,Medium,12,84,1,1
1191,"The maintenance crew spent several weeks translating the community recycling program, and by the end of the project everyone agreed that the effort had been worthwhile, even though the process required patience, careful planning, and a fair amount of trial and error along the way.",English,Long,45,281,1,5
1192,The debate team captain negotiated the volunteer schedule in the downtown office.,English,Medium,12,81,1,1
1193,"A wildlife photographer spent several weeks comparing several ancient manuscripts, and by the end of the project everyone agreed that the effort had been worthwhile, even though the process required patience, careful planning, and a fair amount of trial and error along the way.",English,Long,44,278,1,5
1194,"My best friend, who had supported the layout of the public library for nearly a decade, finally decided to write a detailed guide so that newcomers could avoid the same mistakes and understand the process from start to finish.",English,Long,39,226,1,3
1195,A retired teacher explored a series of jazz recordings inside the community center during the summer break.,English,Long,17,107,1,1
1196,The local bakery sketched the school's science fair along the riverbank over the weekend.,English,Medium,14,89,1,2
1197,"A freelance writer, who had monitored a rare species of orchid for nearly a decade, finally decided to write a detailed guide so that newcomers could avoid the same mistakes and understand the process from start to finish.",English,Long,38,222,1,3
1198,The debate team captain explored the quarterly sales figures along the riverbank since last spring.,English,Medium,15,99,1,1
1199,A freelance writer questioned a rare species of orchid within a few hours.,English,Medium,13,74,1,1
1200,A curious student organized a newly discovered fossil in the downtown office.,English,Medium,12,77,1,1
1201,"According to a recent report published by Summit Robotics Inc., the number of people who measure an antique wooden clock has increased steadily over the past three years, largely due to changing habits and greater public awareness.",English,Long,37,231,4,4
1202,"The orchestra conductor spent several weeks repairing the community recycling program, and by the end of the project everyone agreed that the effort had been worthwhile, even though the process required patience, careful planning, and a fair amount of trial and error along the way.",English,Long,45,282,1,5
1203,Our neighbor designed the upcoming film festival.,English,Short,7,49,1,1
1204,"According to a recent report published by Cedar Grove Hospital, the number of people who discuss a new hiking trail has increased steadily over the past three years, largely due to changing habits and greater public awareness.",English,Long,37,226,4,3
1205,The chess club rehearsed the quarterly sales figures near the old train station within a few hours.,English,Long,17,99,1,1
1206,Our neighbor explored an antique wooden clock during the summer break.,English,Medium,11,70,1,1
1207,The chess club discussed the layout of the public library every Saturday afternoon.,English,Medium,13,83,2,1
1208,The community garden volunteers negotiated the layout of the public library near the old train station on a rainy Tuesday.,English,Long,20,122,2,1
1209,A retired teacher compared the results of the survey inside the community center earlier this morning.,English,Long,16,102,1,1
1210,"The software engineer, who had overseen the layout of the public library for nearly a decade, finally decided to write a detailed guide so that newcomers could avoid the same mistakes and understand the process from start to finish.",English,Long,39,232,1,3
1211,The debate team captain translated the annual budget report at the university campus throughout the semester.,English,Long,16,109,1,1
1212,Their coach calculated an antique wooden clock near the old train station over the weekend.,English,Medium,15,91,1,1
1213,The research team sketched the town's water supply system inside the community center since last spring.,English,Long,16,104,1,2
1214,A retired teacher designed the school's science fair along the riverbank.,English,Medium,11,73,1,2
1215,"Their coach, who had studied the town's water supply system for nearly a decade, finally decided to write a detailed guide so that newcomers could avoid the same mistakes and understand the process from start to finish.",English,Long,37,219,1,4
1216,A curious student discussed the upcoming film festival on a rainy Tuesday.,English,Medium,12,74,2,1
1217,The community garden volunteers celebrated a rare species of orchid.,English,Medium,10,68,1,1
1218,"My best friend spent several weeks documenting a set of handwritten letters, and by the end of the project everyone agreed that the effort had been worthwhile, even though the process required patience, careful planning, and a fair amount of trial and error along the way.",English,Long,46,272,1,5
1219,The new intern calculated a set of handwritten letters just before sunset.,English,Medium,12,74,1,1
1220,Our neighbor questioned an unusual weather pattern since last spring.,English,Medium,10,69,1,1
1221,My younger sister documented the volunteer schedule along the riverbank since last spring.,English,Medium,13,90,1,1
1222,My younger sister recorded a rare species of orchid within a few hours.,English,Medium,13,71,1,1
1223,The city council documented the annual budget report along the riverbank over the weekend.,English,Medium,14,90,1,1
1224,A retired teacher negotiated a rare species of orchid every Saturday afternoon.,English,Medium,12,79,2,1
1225,"The debate team captain, who had studied the neighborhood's street art for nearly a decade, finally decided to write a detailed guide so that newcomers could avoid the same mistakes and understand the process from start to finish.",English,Long,38,230,1,4
1226,Our neighbor designed the annual budget report inside the community center earlier this morning.,English,Medium,14,96,1,1
1227,The community garden volunteers translated a new hiking trail inside the community center during the summer break.,English,Long,17,114,1,1
1228,The maintenance crew calculated a new hiking trail throughout the semester.,English,Medium,11,75,1,1
1229,The night-shift nurse photographed the annual budget report after months of planning.,English,Medium,12,85,1,2
1230,The research team celebrated the annual budget report near the old train station throughout the semester.,English,Long,16,105,1,1
1231,The museum curator calculated the community recycling program in the downtown office every Saturday afternoon.,English,Medium,15,110,2,1
1232,A group of tourists recorded an unusual weather pattern during the summer break.,English,Medium,13,80,1,1
1233,The museum curator planted the quarterly sales figures on a rainy Tuesday.,English,Medium,12,74,2,1
1234,The chess club celebrated the annual budget report at a small conference in Melbourne throughout the semester.,English,Long,17,110,2,1
1235,The chess club reviewed the results of the survey at the university campus since last spring.,English,Long,16,93,1,1
1236,"The delivery driver spent several weeks photographing the town's water supply system, and by the end of the project everyone agreed that the effort had been worthwhile, even though the process required patience, careful planning, and a fair amount of trial and error along the way.",English,Long,46,281,1,6
1237,The software engineer measured an experimental cooking recipe.,English,Short,8,62,1,1
1238,The delivery driver recorded the upcoming film festival at a small conference in Melbourne earlier this morning.,English,Long,17,112,2,1
1239,The new intern presented the layout of the public library along the riverbank over the weekend.,English,Long,16,95,1,1
1240,The maintenance crew planted a newly discovered fossil since last spring.,English,Medium,11,73,1,1
1241,My younger sister calculated the neighborhood's street art.,English,Short,8,59,1,2
1242,My best friend negotiated a series of jazz recordings near the old train station during the summer break.,English,Long,18,105,1,1
1243,My younger sister explored the results of the survey inside the community center.,English,Medium,13,81,1,1
1244,Their coach reviewed a newly discovered fossil at the university campus since last spring.,English,Medium,14,90,1,1
1245,The new intern sketched a series of jazz recordings over the weekend.,English,Medium,12,69,1,1
1246,The delivery driver rehearsed an experimental cooking recipe in the downtown office since last spring.,English,Medium,15,102,1,1
1247,The night-shift nurse discussed an unusual weather pattern in the downtown office every Saturday afternoon.,English,Medium,15,107,2,2
1248,"Although the weather in Zurich can be unpredictable during December, The night-shift nurse decided to proceed with the outdoor event, arguing that visitors would still enjoy themselves despite the occasional light rain and cooler evening temperatures.",English,Long,36,251,4,4
1249,The city council calculated the quarterly sales figures in the downtown office.,English,Medium,12,79,1,1
1250,A young entrepreneur negotiated the school's science fair inside the community center during the summer break.,English,Long,16,110,1,2
1251,"Although the weather in Lisbon can be unpredictable during July, The debate team captain decided to proceed with the outdoor event, arguing that visitors would still enjoy themselves despite the occasional light rain and cooler evening temperatures.",English,Long,37,249,4,3
1252,"Although the weather in Amsterdam can be unpredictable during July, A retired teacher decided to proceed with the outdoor event, arguing that visitors would still enjoy themselves despite the occasional light rain and cooler evening temperatures.",English,Long,36,246,4,3
1253,The local bakery measured an antique wooden clock at the university campus since last spring.,English,Medium,15,93,1,1
1254,My younger sister rehearsed the school's science fair at a small conference in Melbourne earlier this morning.,English,Long,17,110,2,2
1255,"Although the weather in Toronto can be unpredictable during October, The research team decided to proceed with the outdoor event, arguing that visitors would still enjoy themselves despite the occasional light rain and cooler evening temperatures.",English,Long,36,247,4,3
1256,"According to a recent report published by Silverline Motors, the number of people who measure the upcoming film festival has increased steadily over the past three years, largely due to changing habits and greater public awareness.",English,Long,36,231,3,3
1257,"According to a recent report published by Coastal Insurance Co., the number of people who discuss an experimental cooking recipe has increased steadily over the past three years, largely due to changing habits and greater public awareness.",English,Long,37,239,4,4
1258,"The orchestra conductor spent several weeks repairing the neighborhood's street art, and by the end of the project everyone agreed that the effort had been worthwhile, even though the process required patience, careful planning, and a fair amount of trial and error along the way.",English,Long,45,280,1,6
1259,The city council celebrated the layout of the public library in the downtown office every Saturday afternoon.,English,Long,17,109,2,1
1260,"Our neighbor, who had coordinated a new hiking trail for nearly a decade, finally decided to write a detailed guide so that newcomers could avoid the same mistakes and understand the process from start to finish.",English,Long,36,212,1,3
1261,The research team rehearsed an antique wooden clock.,English,Short,8,52,1,1
1262,A freelance writer negotiated the neighborhood's street art at the university campus earlier this morning.,English,Medium,15,106,1,2
1263,"The museum curator, who had supported the layout of the public library for nearly a decade, finally decided to write a detailed guide so that newcomers could avoid the same mistakes and understand the process from start to finish.",English,Long,39,230,1,3
1264,A curious student discussed the school's science fair on a rainy Tuesday.,English,Medium,12,73,2,2
1265,A wildlife photographer measured a rare species of orchid within a few hours.,English,Medium,13,77,1,1
1266,Her grandfather translated a rare species of orchid at a small conference in Melbourne every Saturday afternoon.,English,Long,17,112,3,1
1267,Their coach planted the town's water supply system in the downtown office since last spring.,English,Medium,15,92,1,2
1268,Their coach presented the school's science fair during the summer break.,English,Medium,11,72,1,2
1269,When is the best season to visit Austin?,English,Short,8,40,2,1
1270,"The new intern spent several weeks reviewing the quarterly sales figures, and by the end of the project everyone agreed that the effort had been worthwhile, even though the process required patience, careful planning, and a fair amount of trial and error along the way.",English,Long,45,269,1,5
1271,A group of tourists planted a series of jazz recordings inside the community center over the weekend.,English,Long,17,101,1,1
1272,The local bakery planted an experimental cooking recipe at a small conference in Melbourne just before sunset.,English,Long,17,110,2,1
1273,The museum curator celebrated an unusual weather pattern along the riverbank.,English,Medium,11,77,1,1
1274,The new intern documented a collection of vintage postcards at a small conference in Melbourne.,English,Medium,15,95,2,1
1275,The night-shift nurse repaired an experimental cooking recipe.,English,Short,8,62,1,2
1276,Our neighbor explored the annual budget report in the downtown office.,English,Medium,11,70,1,1
1277,Our neighbor rehearsed an experimental cooking recipe inside the community center earlier this morning.,English,Medium,14,103,1,1
1278,"According to a recent report published by Zenith Pharmaceuticals, the number of people who photograph the volunteer schedule has increased steadily over the past three years, largely due to changing habits and greater public awareness.",English,Long,35,235,3,3
1279,A curious student planted the annual budget report inside the community center earlier this morning.,English,Medium,15,100,1,1
1280,The chess club planted a new hiking trail inside the community center over the weekend.,English,Medium,15,87,1,1
1281,The delivery driver translated the layout of the public library on a rainy Tuesday.,English,Medium,14,83,2,1
1282,"A group of tourists, who had coordinated the volunteer schedule for nearly a decade, finally decided to write a detailed guide so that newcomers could avoid the same mistakes and understand the process from start to finish.",English,Long,37,223,1,3
1283,The museum curator photographed a newly discovered fossil at the university campus.,English,Medium,12,83,1,1
1284,The city council recorded a collection of vintage postcards near the old train station earlier this morning.,English,Long,17,108,1,1
1285,"A group of tourists, who had monitored an unusual weather pattern for nearly a decade, finally decided to write a detailed guide so that newcomers could avoid the same mistakes and understand the process from start to finish.",English,Long,38,225,1,3
1286,The delivery driver organized the quarterly sales figures near the old train station since last spring.,English,Long,16,103,1,1
1287,The marketing department presented the annual budget report in the downtown office.,English,Medium,12,83,1,1
1288,Our neighbor celebrated the neighborhood's street art at the university campus during the summer break.,English,Medium,15,103,1,2
1289,The city council celebrated a new hiking trail along the riverbank.,English,Medium,11,67,1,1
1290,A wildlife photographer sketched an antique wooden clock throughout the semester.,English,Medium,11,81,1,1
1291,A curious student recorded the volunteer schedule every Saturday afternoon.,English,Medium,10,75,2,1
1292,The new intern calculated the volunteer schedule in the downtown office over the weekend.,English,Medium,14,89,1,1
1293,A freelance writer translated the layout of the public library at the university campus.,English,Medium,14,88,1,1
1294,A retired teacher negotiated the town's water supply system.,English,Medium,9,60,1,2
1295,The delivery driver translated the upcoming film festival at a small conference in Melbourne.,English,Medium,14,93,2,1
1296,A group of tourists documented the quarterly sales figures.,English,Medium,9,59,1,1
1297,The local bakery calculated the community recycling program during the summer break.,English,Medium,12,84,1,1
1298,"The delivery driver spent several weeks reviewing the annual budget report, and by the end of the project everyone agreed that the effort had been worthwhile, even though the process required patience, careful planning, and a fair amount of trial and error along the way.",English,Long,45,271,1,5
1299,The city council rehearsed the volunteer schedule in the downtown office.,English,Medium,11,73,1,1
1300,Their coach translated a new hiking trail over the weekend.,English,Medium,10,59,1,1
1301,The museum curator translated the community recycling program in the downtown office throughout the semester.,English,Medium,15,109,1,1
1302,The local bakery presented a series of jazz recordings near the old train station earlier this morning.,English,Long,17,103,1,1
1303,Her grandfather reviewed an unusual weather pattern throughout the semester.,English,Medium,10,76,1,1
1304,"According to a recent report published by Falcon Logistics, the number of people who document the upcoming film festival has increased steadily over the past three years, largely due to changing habits and greater public awareness.",English,Long,36,231,3,3
1305,"The new intern spent several weeks reviewing the town's water supply system, and by the end of the project everyone agreed that the effort had been worthwhile, even though the process required patience, careful planning, and a fair amount of trial and error along the way.",English,Long,46,272,1,6
1306,The night-shift nurse presented an experimental cooking recipe along the riverbank.,English,Medium,11,83,1,2
1307,The city council designed the neighborhood's street art on a rainy Tuesday.,English,Medium,12,75,2,2
1308,The new intern compared the quarterly sales figures near the old train station since last spring.,English,Long,16,97,1,1
1309,A curious student documented a set of handwritten letters at a small conference in Melbourne since last spring.,English,Long,18,111,2,1
1310,"Although the weather in Copenhagen can be unpredictable during July, The chess club decided to proceed with the outdoor event, arguing that visitors would still enjoy themselves despite the occasional light rain and cooler evening temperatures.",English,Long,36,244,4,3
1311,The software engineer sketched several ancient manuscripts earlier this morning.,English,Medium,10,80,1,1
1312,The chess club planted the annual budget report at the university campus during the summer break.,English,Long,16,97,1,1
1313,"The new intern spent several weeks documenting the upcoming film festival, and by the end of the project everyone agreed that the effort had been worthwhile, even though the process required patience, careful planning, and a fair amount of trial and error along the way.",English,Long,45,270,1,5
1314,"The orchestra conductor spent several weeks repairing an unusual weather pattern, and by the end of the project everyone agreed that the effort had been worthwhile, even though the process required patience, careful planning, and a fair amount of trial and error along the way.",English,Long,45,277,1,5
1315,Our neighbor documented an unusual weather pattern in the downtown office since last spring.,English,Medium,14,92,1,1
1316,A curious student negotiated a collection of vintage postcards in the downtown office.,English,Medium,13,86,1,1
1317,"A wildlife photographer, who had monitored the upcoming film festival for nearly a decade, finally decided to write a detailed guide so that newcomers could avoid the same mistakes and understand the process from start to finish.",English,Long,37,229,1,3
1318,"The museum curator spent several weeks translating the layout of the public library, and by the end of the project everyone agreed that the effort had been worthwhile, even though the process required patience, careful planning, and a fair amount of trial and error along the way.",English,Long,47,280,1,5
1319,"The night-shift nurse, who had overseen the results of the survey for nearly a decade, finally decided to write a detailed guide so that newcomers could avoid the same mistakes and understand the process from start to finish.",English,Long,38,225,1,4
1320,A young entrepreneur discussed an unusual weather pattern on a rainy Tuesday.,English,Medium,12,77,2,1
1321,A retired teacher compared the town's water supply system inside the community center within a few hours.,English,Long,17,105,1,2
1322,The new intern explored the upcoming film festival at the university campus over the weekend.,English,Medium,15,93,1,1
1323,The night-shift nurse recorded an experimental cooking recipe along the riverbank after months of planning.,English,Medium,15,107,1,2
1324,"My younger sister spent several weeks measuring the volunteer schedule, and by the end of the project everyone agreed that the effort had been worthwhile, even though the process required patience, careful planning, and a fair amount of trial and error along the way.",English,Long,44,267,1,5
1325,My best friend rehearsed a set of handwritten letters in the downtown office on a rainy Tuesday.,English,Long,17,96,2,1
1326,"According to a recent report published by Zenith Pharmaceuticals, the number of people who discuss a new hiking trail has increased steadily over the past three years, largely due to changing habits and greater public awareness.",English,Long,36,228,3,3
1327,"According to a recent report published by Pioneer Research Institute, the number of people who review a set of handwritten letters has increased steadily over the past three years, largely due to changing habits and greater public awareness.",English,Long,38,241,4,3
1328,The museum curator questioned an antique wooden clock in the downtown office over the weekend.,English,Medium,15,94,1,1
1329,The community garden volunteers measured the annual budget report at a small conference in Melbourne every Saturday afternoon.,English,Long,18,126,3,1
1330,"The orchestra conductor, who had supported a new hiking trail for nearly a decade, finally decided to write a detailed guide so that newcomers could avoid the same mistakes and understand the process from start to finish.",English,Long,37,221,1,3
1331,The software engineer rehearsed an unusual weather pattern inside the community center after months of planning.,English,Long,16,112,1,1
1332,The software engineer negotiated a collection of vintage postcards inside the community center on a rainy Tuesday.,English,Long,17,114,2,1
1333,"Although the weather in Kuala Lumpur can be unpredictable during July, The delivery driver decided to proceed with the outdoor event, arguing that visitors would still enjoy themselves despite the occasional light rain and cooler evening temperatures.",English,Long,37,251,5,3
1334,"A young entrepreneur, who had managed the results of the survey for nearly a decade, finally decided to write a detailed guide so that newcomers could avoid the same mistakes and understand the process from start to finish.",English,Long,38,223,1,3
1335,The museum curator compared an experimental cooking recipe inside the community center.,English,Medium,12,87,1,1
1336,A group of tourists planted the results of the survey every Saturday afternoon.,English,Medium,13,79,2,1
1337,A group of tourists compared an antique wooden clock since last spring.,English,Medium,12,71,1,1
1338,A curious student documented the layout of the public library along the riverbank just before sunset.,English,Long,16,101,1,1
1339,The delivery driver negotiated an unusual weather pattern at a small conference in Melbourne just before sunset.,English,Long,17,112,2,1
1340,The chess club measured a new hiking trail since last spring.,English,Medium,11,61,1,1
1341,The delivery driver photographed a newly discovered fossil in the downtown office after months of planning.,English,Long,16,107,1,1
1342,"According to a recent report published by Zenith Pharmaceuticals, the number of people who discuss the school's science fair has increased steadily over the past three years, largely due to changing habits and greater public awareness.",English,Long,36,235,3,4
1343,A wildlife photographer celebrated the neighborhood's street art at a small conference in Melbourne throughout the semester.,English,Long,17,124,2,2
1344,Her grandfather recorded the neighborhood's street art just before sunset.,English,Medium,10,74,1,2
1345,Her grandfather rehearsed the layout of the public library along the riverbank.,English,Medium,12,79,1,1
1346,"A freelance writer, who had overseen the school's science fair for nearly a decade, finally decided to write a detailed guide so that newcomers could avoid the same mistakes and understand the process from start to finish.",English,Long,37,222,1,4
1347,A group of tourists negotiated a new hiking trail near the old train station since last spring.,English,Long,17,95,1,1
1348,The chess club questioned a new hiking trail inside the community center after months of planning.,English,Long,16,98,1,1
1349,A freelance writer compared the annual budget report along the riverbank every Saturday afternoon.,English,Medium,14,98,2,1
1350,A curious student explored an unusual weather pattern along the riverbank throughout the semester.,English,Medium,14,98,1,1
1351,The software engineer measured the layout of the public library every Saturday afternoon.,English,Medium,13,89,2,1
1352,The software engineer explored the volunteer schedule.,English,Short,7,54,1,1
1353,Her grandfather reviewed an experimental cooking recipe along the riverbank every Saturday afternoon.,English,Medium,13,101,2,1
1354,The chess club documented a new hiking trail in the downtown office.,English,Medium,12,68,1,1
1355,"The night-shift nurse spent several weeks comparing the neighborhood's street art, and by the end of the project everyone agreed that the effort had been worthwhile, even though the process required patience, careful planning, and a fair amount of trial and error along the way.",English,Long,45,278,1,7
1356,The museum curator explored the results of the survey near the old train station after months of planning.,English,Long,18,106,1,1
1357,The chess club discussed a new hiking trail at a small conference in Melbourne.,English,Medium,14,79,2,1
1358,A young entrepreneur calculated an experimental cooking recipe during the summer break.,English,Medium,12,87,1,1
1359,Their coach negotiated an antique wooden clock at a small conference in Melbourne just before sunset.,English,Long,16,101,2,1
1360,"Although the weather in Mumbai can be unpredictable during December, The museum curator decided to proceed with the outdoor event, arguing that visitors would still enjoy themselves despite the occasional light rain and cooler evening temperatures.",English,Long,36,248,4,3
1361,The community garden volunteers questioned a newly discovered fossil every Saturday afternoon.,English,Medium,12,94,2,1
1362,The city council documented several ancient manuscripts at the university campus during the summer break.,English,Medium,15,105,1,1
1363,A wildlife photographer planted several ancient manuscripts at the university campus after months of planning.,English,Medium,15,110,1,1
1364,The local bakery recorded a series of jazz recordings along the riverbank.,English,Medium,12,74,1,1
1365,The debate team captain planted an experimental cooking recipe on a rainy Tuesday.,English,Medium,13,82,2,1
1366,A young entrepreneur presented the town's water supply system in the downtown office on a rainy Tuesday.,English,Long,17,104,2,2
1367,A curious student reviewed the community recycling program at a small conference in Melbourne earlier this morning.,English,Long,17,115,2,1
1368,When is the best season to visit Santiago?,English,Short,8,42,2,1
1369,Their coach rehearsed a series of jazz recordings over the weekend.,English,Medium,11,67,1,1
1370,A young entrepreneur planted the volunteer schedule near the old train station during the summer break.,English,Long,16,103,1,1
1371,The night-shift nurse rehearsed the volunteer schedule since last spring.,English,Medium,10,73,1,2
1372,Her grandfather photographed the town's water supply system along the riverbank.,English,Medium,11,80,1,2
1373,"The night-shift nurse, who had managed a rare species of orchid for nearly a decade, finally decided to write a detailed guide so that newcomers could avoid the same mistakes and understand the process from start to finish.",English,Long,38,223,1,4
1374,The marketing department calculated a rare species of orchid near the old train station on a rainy Tuesday.,English,Long,18,107,2,1
1375,A retired teacher measured the upcoming film festival just before sunset.,English,Medium,11,73,1,1
1376,The museum curator photographed the school's science fair on a rainy Tuesday.,English,Medium,12,77,2,2
1377,The delivery driver translated the neighborhood's street art inside the community center after months of planning.,English,Long,16,114,1,2
1378,The new intern calculated a collection of vintage postcards during the summer break.,English,Medium,13,84,1,1
1379,Our neighbor presented a set of handwritten letters near the old train station throughout the semester.,English,Long,16,103,1,1
1380,"Her grandfather spent several weeks reviewing an antique wooden clock, and by the end of the project everyone agreed that the effort had been worthwhile, even though the process required patience, careful planning, and a fair amount of trial and error along the way.",English,Long,44,266,1,5
1381,A wildlife photographer planted the town's water supply system in the downtown office.,English,Medium,13,86,1,2
1382,The orchestra conductor rehearsed the upcoming film festival inside the community center every Saturday afternoon.,English,Medium,15,114,2,1
1383,"According to a recent report published by Blue Horizon Airlines, the number of people who document the results of the survey has increased steadily over the past three years, largely due to changing habits and greater public awareness.",English,Long,38,235,4,3
1384,"According to a recent report published by Aurora Data Systems, the number of people who review the upcoming film festival has increased steadily over the past three years, largely due to changing habits and greater public awareness.",English,Long,37,232,4,3
1385,"The marketing department spent several weeks repairing a series of jazz recordings, and by the end of the project everyone agreed that the effort had been worthwhile, even though the process required patience, careful planning, and a fair amount of trial and error along the way.",English,Long,46,279,1,5
1386,My best friend reviewed the town's water supply system within a few hours.,English,Medium,13,74,1,2
1387,Their coach photographed several ancient manuscripts in the downtown office.,English,Medium,10,76,1,1
1388,"According to a recent report published by Blue Horizon Airlines, the number of people who photograph a newly discovered fossil has increased steadily over the past three years, largely due to changing habits and greater public awareness.",English,Long,37,237,4,3
1389,The maintenance crew translated the layout of the public library at a small conference in Melbourne.,English,Long,16,100,2,1
1390,The community garden volunteers translated a newly discovered fossil along the riverbank.,English,Medium,12,89,1,1
1391,A young entrepreneur organized the annual budget report at the university campus.,English,Medium,12,81,1,1
1392,My best friend translated the quarterly sales figures at a small conference in Melbourne just before sunset.,English,Long,17,108,2,1
1393,A group of tourists measured an unusual weather pattern at the university campus.,English,Medium,13,81,1,1
1394,The museum curator sketched a collection of vintage postcards inside the community center since last spring.,English,Long,16,108,1,1
1395,The debate team captain rehearsed the layout of the public library.,English,Medium,11,67,1,1
1396,The chess club repaired the upcoming film festival along the riverbank within a few hours.,English,Medium,15,90,1,1
1397,A young entrepreneur designed the town's water supply system in the downtown office.,English,Medium,13,84,1,2
1398,A freelance writer organized the quarterly sales figures throughout the semester.,English,Medium,11,81,1,1
1399,"Although the weather in Cairo can be unpredictable during January, My younger sister decided to proceed with the outdoor event, arguing that visitors would still enjoy themselves despite the occasional light rain and cooler evening temperatures.",English,Long,36,245,4,3
1400,A retired teacher photographed the neighborhood's street art along the riverbank.,English,Medium,11,81,1,2
1401,A retired teacher organized a collection of vintage postcards at a small conference in Melbourne.,English,Medium,15,97,2,1
1402,"Although the weather in Santiago can be unpredictable during January, Their coach decided to proceed with the outdoor event, arguing that visitors would still enjoy themselves despite the occasional light rain and cooler evening temperatures.",English,Long,35,242,4,3
1403,"Although the weather in Manila can be unpredictable during December, The new intern decided to proceed with the outdoor event, arguing that visitors would still enjoy themselves despite the occasional light rain and cooler evening temperatures.",English,Long,36,244,4,3
1404,The new intern organized several ancient manuscripts throughout the semester.,English,Medium,10,77,1,1
1405,The software engineer compared the results of the survey in the downtown office throughout the semester.,English,Long,16,104,1,1
1406,A wildlife photographer organized several ancient manuscripts within a few hours.,English,Medium,11,81,1,1
1407,A young entrepreneur sketched a series of jazz recordings inside the community center after months of planning.,English,Long,17,111,1,1
1408,"The museum curator spent several weeks reviewing the school's science fair, and by the end of the project everyone agreed that the effort had been worthwhile, even though the process required patience, careful planning, and a fair amount of trial and error along the way.",English,Long,45,271,1,6
1409,"Although the weather in Santiago can be unpredictable during July, My best friend decided to proceed with the outdoor event, arguing that visitors would still enjoy themselves despite the occasional light rain and cooler evening temperatures.",English,Long,36,242,4,3
1410,My best friend documented the upcoming film festival near the old train station.,English,Medium,13,80,1,1
1411,A young entrepreneur celebrated an antique wooden clock at the university campus within a few hours.,English,Long,16,100,1,1
1412,My best friend sketched the upcoming film festival.,English,Short,8,51,1,1
1413,The community garden volunteers explored a newly discovered fossil at the university campus just before sunset.,English,Long,16,111,1,1
1414,A freelance writer photographed a newly discovered fossil.,English,Short,8,58,1,1
1415,The research team calculated a rare species of orchid at a small conference in Melbourne.,English,Medium,15,89,2,1
1416,The night-shift nurse questioned the upcoming film festival inside the community center.,English,Medium,12,88,1,2
1417,A young entrepreneur planted the town's water supply system within a few hours.,English,Medium,13,79,1,2
1418,My best friend repaired the quarterly sales figures near the old train station during the summer break.,English,Long,17,103,1,1
1419,A curious student presented a rare species of orchid along the riverbank over the weekend.,English,Medium,15,90,1,1
1420,"Their coach, who had monitored the layout of the public library for nearly a decade, finally decided to write a detailed guide so that newcomers could avoid the same mistakes and understand the process from start to finish.",English,Long,38,223,1,3
1421,"Although the weather in Austin can be unpredictable during April, A retired teacher decided to proceed with the outdoor event, arguing that visitors would still enjoy themselves despite the occasional light rain and cooler evening temperatures.",English,Long,36,244,4,3
1422,The city council questioned the results of the survey along the riverbank during the summer break.,English,Long,16,98,1,1
1423,"The orchestra conductor, who had overseen an antique wooden clock for nearly a decade, finally decided to write a detailed guide so that newcomers could avoid the same mistakes and understand the process from start to finish.",English,Long,37,225,1,3
1424,A group of tourists designed the layout of the public library over the weekend.,English,Medium,14,79,1,1
1425,A group of tourists discussed a rare species of orchid throughout the semester.,English,Medium,13,79,1,1
1426,The local bakery reviewed a set of handwritten letters along the riverbank during the summer break.,English,Long,16,99,1,1
1427,The city council translated a set of handwritten letters near the old train station during the summer break.,English,Long,18,108,1,1
1428,A retired teacher documented a collection of vintage postcards just before sunset.,English,Medium,12,82,1,1
1429,"The local bakery, who had overseen a collection of vintage postcards for nearly a decade, finally decided to write a detailed guide so that newcomers could avoid the same mistakes and understand the process from start to finish.",English,Long,38,228,1,3
1430,"According to a recent report published by Pioneer Research Institute, the number of people who photograph the neighborhood's street art has increased steadily over the past three years, largely due to changing habits and greater public awareness.",English,Long,37,246,4,4
1431,Our neighbor discussed the community recycling program inside the community center after months of planning.,English,Medium,15,108,1,1
1432,A freelance writer organized an unusual weather pattern.,English,Short,8,56,1,1
1433,The maintenance crew photographed an antique wooden clock inside the community center just before sunset.,English,Medium,15,105,1,1
1434,A group of tourists discussed the community recycling program along the riverbank since last spring.,English,Medium,15,100,1,1
1435,"Although the weather in Dublin can be unpredictable during April, The orchestra conductor decided to proceed with the outdoor event, arguing that visitors would still enjoy themselves despite the occasional light rain and cooler evening temperatures.",English,Long,36,250,4,3
1436,"The chess club spent several weeks translating the community recycling program, and by the end of the project everyone agreed that the effort had been worthwhile, even though the process required patience, careful planning, and a fair amount of trial and error along the way.",English,Long,45,275,1,5
1437,The delivery driver calculated the volunteer schedule within a few hours.,English,Medium,11,73,1,1
1438,The community garden volunteers documented an experimental cooking recipe after months of planning.,English,Medium,13,99,1,1
1439,"Our neighbor, who had monitored an unusual weather pattern for nearly a decade, finally decided to write a detailed guide so that newcomers could avoid the same mistakes and understand the process from start to finish.",English,Long,36,218,1,3
1440,My best friend measured the neighborhood's street art at a small conference in Melbourne.,English,Medium,14,89,2,2
1441,The software engineer documented the layout of the public library earlier this morning.,English,Medium,13,87,1,1
1442,A young entrepreneur rehearsed a newly discovered fossil at a small conference in Melbourne.,English,Medium,14,92,2,1
1443,The chess club compared the layout of the public library after months of planning.,English,Medium,14,82,1,1
1444,The orchestra conductor recorded the community recycling program at the university campus throughout the semester.,English,Medium,15,114,1,1
1445,The software engineer organized an antique wooden clock throughout the semester.,English,Medium,11,80,1,1
1446,The night-shift nurse organized a rare species of orchid inside the community center just before sunset.,English,Long,16,104,1,2
1447,My younger sister organized a newly discovered fossil along the riverbank.,English,Medium,11,74,1,1
1448,"The marketing department spent several weeks organizing an antique wooden clock, and by the end of the project everyone agreed that the effort had been worthwhile, even though the process required patience, careful planning, and a fair amount of trial and error along the way.",English,Long,45,276,1,5
1449,My younger sister translated the quarterly sales figures near the old train station within a few hours.,English,Long,17,103,1,1
1450,Our neighbor rehearsed the results of the survey near the old train station within a few hours.,English,Long,17,95,1,1
1451,"Although the weather in Osaka can be unpredictable during January, Their coach decided to proceed with the outdoor event, arguing that visitors would still enjoy themselves despite the occasional light rain and cooler evening temperatures.",English,Long,35,239,4,3
1452,Their coach repaired the school's science fair at a small conference in Melbourne.,English,Medium,13,82,2,2
1453,"Although the weather in Buenos Aires can be unpredictable during December, My younger sister decided to proceed with the outdoor event, arguing that visitors would still enjoy themselves despite the occasional light rain and cooler evening temperatures.",English,Long,37,253,5,3
1454,Her grandfather organized the upcoming film festival near the old train station.,English,Medium,12,80,1,1
1455,Her grandfather translated the school's science fair near the old train station over the weekend.,English,Medium,15,97,1,2
1456,"Although the weather in Edinburgh can be unpredictable during July, The local bakery decided to proceed with the outdoor event, arguing that visitors would still enjoy themselves despite the occasional light rain and cooler evening temperatures.",English,Long,36,245,4,3
1457,The software engineer discussed the school's science fair.,English,Short,8,58,1,2
1458,A retired teacher negotiated the layout of the public library at a small conference in Melbourne throughout the semester.,English,Long,19,121,2,1
1459,Her grandfather repaired a new hiking trail along the riverbank since last spring.,English,Medium,13,82,1,1
1460,A young entrepreneur documented several ancient manuscripts during the summer break.,English,Medium,11,84,1,1
1461,My best friend repaired the community recycling program every Saturday afternoon.,English,Medium,11,81,2,1
1462,The chess club calculated an unusual weather pattern inside the community center on a rainy Tuesday.,English,Long,16,100,2,1
1463,The orchestra conductor compared a rare species of orchid at a small conference in Melbourne during the summer break.,English,Long,19,117,2,1
1464,"According to a recent report published by Ironwood Steel Works, the number of people who photograph the quarterly sales figures has increased steadily over the past three years, largely due to changing habits and greater public awareness.",English,Long,37,238,4,3
1465,"Although the weather in Mumbai can be unpredictable during October, A freelance writer decided to proceed with the outdoor event, arguing that visitors would still enjoy themselves despite the occasional light rain and cooler evening temperatures.",English,Long,36,247,4,3
1466,The debate team captain explored an experimental cooking recipe at a small conference in Melbourne.,English,Medium,15,99,2,1
1467,The community garden volunteers reviewed an experimental cooking recipe every Saturday afternoon.,English,Medium,12,97,2,1
1468,The orchestra conductor negotiated the annual budget report in the downtown office within a few hours.,English,Long,16,102,1,1
1469,A retired teacher sketched the annual budget report at a small conference in Melbourne every Saturday afternoon.,English,Long,17,112,3,1
1470,A group of tourists planted several ancient manuscripts inside the community center earlier this morning.,English,Medium,15,105,1,1
1471,The local bakery negotiated a newly discovered fossil at a small conference in Melbourne just before sunset.,English,Long,17,108,2,1
1472,The software engineer reviewed a set of handwritten letters every Saturday afternoon.,English,Medium,12,85,2,1
1473,The new intern rehearsed an unusual weather pattern after months of planning.,English,Medium,12,77,1,1
1474,"The community garden volunteers, who had overseen the layout of the public library for nearly a decade, finally decided to write a detailed guide so that newcomers could avoid the same mistakes and understand the process from start to finish.",English,Long,40,242,1,3
1475,A group of tourists repaired the annual budget report inside the community center.,English,Medium,13,82,1,1
1476,The debate team captain planted a set of handwritten letters on a rainy Tuesday.,English,Medium,14,80,2,1
1477,"According to a recent report published by Zenith Pharmaceuticals, the number of people who review the neighborhood's street art has increased steadily over the past three years, largely due to changing habits and greater public awareness.",English,Long,36,238,3,4
1478,"The delivery driver spent several weeks documenting the annual budget report, and by the end of the project everyone agreed that the effort had been worthwhile, even though the process required patience, careful planning, and a fair amount of trial and error along the way.",English,Long,45,273,1,5
1479,Their coach celebrated the community recycling program at a small conference in Melbourne throughout the semester.,English,Long,16,114,2,1
1480,The local bakery translated the layout of the public library throughout the semester.,English,Medium,13,85,1,1
1481,"My best friend, who had managed a set of handwritten letters for nearly a decade, finally decided to write a detailed guide so that newcomers could avoid the same mistakes and understand the process from start to finish.",English,Long,38,220,1,3
1482,A curious student negotiated the layout of the public library inside the community center.,English,Medium,14,90,1,1
1483,A freelance writer celebrated the school's science fair in the downtown office every Saturday afternoon.,English,Medium,15,104,2,2
1484,Their coach celebrated the annual budget report during the summer break.,English,Medium,11,72,1,1
1485,A retired teacher organized an experimental cooking recipe inside the community center on a rainy Tuesday.,English,Long,16,106,2,1
1486,The new intern discussed the community recycling program inside the community center.,English,Medium,12,85,1,1
1487,"Although the weather in Kuala Lumpur can be unpredictable during October, A curious student decided to proceed with the outdoor event, arguing that visitors would still enjoy themselves despite the occasional light rain and cooler evening temperatures.",English,Long,37,252,5,3
1488,"According to a recent report published by Oakwood Publishing House, the number of people who discuss the volunteer schedule has increased steadily over the past three years, largely due to changing habits and greater public awareness.",English,Long,36,234,4,3
1489,A curious student presented an experimental cooking recipe at a small conference in Melbourne over the weekend.,English,Long,17,111,2,1
1490,"According to a recent report published by Pioneer Research Institute, the number of people who photograph several ancient manuscripts has increased steadily over the past three years, largely due to changing habits and greater public awareness.",English,Long,36,244,4,3
1491,"Although the weather in Stockholm can be unpredictable during October, Their coach decided to proceed with the outdoor event, arguing that visitors would still enjoy themselves despite the occasional light rain and cooler evening temperatures.",English,Long,35,243,4,3
1492,The debate team captain rehearsed an antique wooden clock after months of planning.,English,Medium,13,83,1,1
1493,A wildlife photographer negotiated the annual budget report at the university campus after months of planning.,English,Long,16,110,1,1
1494,The chess club repaired several ancient manuscripts inside the community center just before sunset.,English,Medium,14,99,1,1
1495,A young entrepreneur compared the annual budget report at the university campus.,English,Medium,12,80,1,1
1496,The chess club recorded the town's water supply system at a small conference in Melbourne since last spring.,English,Long,18,108,2,2
1497,"The software engineer, who had supported the annual budget report for nearly a decade, finally decided to write a detailed guide so that newcomers could avoid the same mistakes and understand the process from start to finish.",English,Long,37,225,1,3
1498,A retired teacher measured the school's science fair at the university campus on a rainy Tuesday.,English,Long,16,97,2,2
1499,A wildlife photographer recorded a collection of vintage postcards near the old train station just before sunset.,English,Long,17,113,1,1
1500,"According to a recent report published by Aurora Data Systems, the number of people who document a rare species of orchid has increased steadily over the past three years, largely due to changing habits and greater public awareness.",English,Long,38,232,4,3
1501,"The museum curator, who had managed an experimental cooking recipe for nearly a decade, finally decided to write a detailed guide so that newcomers could avoid the same mistakes and understand the process from start to finish.",English,Long,37,226,1,3
1502,"Although the weather in Seoul can be unpredictable during January, Her grandfather decided to proceed with the outdoor event, arguing that visitors would still enjoy themselves despite the occasional light rain and cooler evening temperatures.",English,Long,35,243,4,3
1503,The local bakery measured a newly discovered fossil at a small conference in Melbourne every Saturday afternoon.,English,Long,17,112,3,1
1504,"According to a recent report published by Oakwood Publishing House, the number of people who photograph an experimental cooking recipe has increased steadily over the past three years, largely due to changing habits and greater public awareness.",English,Long,37,245,4,3
1505,A group of tourists planted an antique wooden clock at a small conference in Melbourne within a few hours.,English,Long,19,106,2,1
1506,My younger sister documented a new hiking trail along the riverbank just before sunset.,English,Medium,14,87,1,1
1507,"Although the weather in Vancouver can be unpredictable during December, A group of tourists decided to proceed with the outdoor event, arguing that visitors would still enjoy themselves despite the occasional light rain and cooler evening temperatures.",English,Long,37,252,4,3
1508,The debate team captain negotiated a collection of vintage postcards at a small conference in Melbourne since last spring.,English,Long,19,122,2,1
1509,The night-shift nurse discussed the community recycling program near the old train station over the weekend.,English,Long,16,108,1,2
1510,A group of tourists sketched a set of handwritten letters along the riverbank after months of planning.,English,Long,17,103,1,1
1511,The maintenance crew translated a newly discovered fossil.,English,Short,8,58,1,1
1512,My best friend explored the quarterly sales figures near the old train station over the weekend.,English,Long,16,96,1,1
1513,The museum curator translated the results of the survey near the old train station just before sunset.,English,Long,17,102,1,1
1514,"A retired teacher spent several weeks comparing a series of jazz recordings, and by the end of the project everyone agreed that the effort had been worthwhile, even though the process required patience, careful planning, and a fair amount of trial and error along the way.",English,Long,46,272,1,5
1515,The delivery driver repaired an antique wooden clock throughout the semester.,English,Medium,11,77,1,1
1516,The maintenance crew photographed the community recycling program in the downtown office after months of planning.,English,Long,16,114,1,1
1517,The local bakery rehearsed a set of handwritten letters along the riverbank within a few hours.,English,Long,16,95,1,1
1518,A curious student sketched an unusual weather pattern at a small conference in Melbourne.,English,Medium,14,89,2,1
1519,The local bakery designed the upcoming film festival along the riverbank on a rainy Tuesday.,English,Medium,15,92,2,1
1520,Our neighbor measured the results of the survey since last spring.,English,Medium,11,66,1,1
1521,A retired teacher compared a set of handwritten letters at a small conference in Melbourne on a rainy Tuesday.,English,Long,19,110,3,1
1522,"Although the weather in Edinburgh can be unpredictable during July, A curious student decided to proceed with the outdoor event, arguing that visitors would still enjoy themselves despite the occasional light rain and cooler evening temperatures.",English,Long,36,246,4,3
1523,"My younger sister, who had coordinated the volunteer schedule for nearly a decade, finally decided to write a detailed guide so that newcomers could avoid the same mistakes and understand the process from start to finish.",English,Long,36,221,1,3
1524,"A wildlife photographer, who had coordinated a new hiking trail for nearly a decade, finally decided to write a detailed guide so that newcomers could avoid the same mistakes and understand the process from start to finish.",English,Long,37,223,1,3
1525,Her grandfather questioned a rare species of orchid at the university campus just before sunset.,English,Medium,15,96,1,1
1526,The city council repaired several ancient manuscripts in the downtown office every Saturday afternoon.,English,Medium,14,102,2,1
1527,"According to a recent report published by Riverside Bank, the number of people who discuss a collection of vintage postcards has increased steadily over the past three years, largely due to changing habits and greater public awareness.",English,Long,37,235,3,3
1528,A group of tourists translated the town's water supply system at the university campus within a few hours.,English,Long,18,106,1,2
1529,Our neighbor designed several ancient manuscripts at the university campus since last spring.,English,Medium,13,93,1,1
1530,Her grandfather negotiated a newly discovered fossil near the old train station since last spring.,English,Medium,15,98,1,1
1531,"According to a recent report published by Meridian Financial Group, the number of people who document the quarterly sales figures has increased steadily over the past three years, largely due to changing habits and greater public awareness.",English,Long,37,240,4,3
1532,The debate team captain questioned the volunteer schedule.,English,Short,8,58,1,1
1533,When is the best season to visit Berlin?,English,Short,8,40,2,1
1534,The museum curator reviewed a newly discovered fossil inside the community center within a few hours.,English,Long,16,101,1,1
1535,A freelance writer negotiated the upcoming film festival at a small conference in Melbourne on a rainy Tuesday.,English,Long,18,111,3,1
1536,Her grandfather celebrated the town's water supply system at the university campus.,English,Medium,12,83,1,2
1537,A retired teacher presented an experimental cooking recipe on a rainy Tuesday.,English,Medium,12,78,2,1
1538,The city council measured a rare species of orchid at a small conference in Melbourne on a rainy Tuesday.,English,Long,19,105,3,1
1539,A group of tourists rehearsed an experimental cooking recipe over the weekend.,English,Medium,12,78,1,1
1540,"The chess club spent several weeks organizing a collection of vintage postcards, and by the end of the project everyone agreed that the effort had been worthwhile, even though the process required patience, careful planning, and a fair amount of trial and error along the way.",English,Long,46,276,1,5
1541,The city council sketched the results of the survey at a small conference in Melbourne during the summer break.,English,Long,19,111,2,1
1542,The delivery driver presented the school's science fair inside the community center.,English,Medium,12,84,1,2
1543,A group of tourists recorded several ancient manuscripts after months of planning.,English,Medium,12,82,1,1
1544,The software engineer measured the neighborhood's street art at the university campus just before sunset.,English,Medium,15,105,1,2
1545,The local bakery recorded the volunteer schedule along the riverbank.,English,Medium,10,69,1,1
1546,"The local bakery, who had supported a series of jazz recordings for nearly a decade, finally decided to write a detailed guide so that newcomers could avoid the same mistakes and understand the process from start to finish.",English,Long,38,223,1,3
1547,"My younger sister spent several weeks organizing a new hiking trail, and by the end of the project everyone agreed that the effort had been worthwhile, even though the process required patience, careful planning, and a fair amount of trial and error along the way.",English,Long,45,264,1,5
1548,Our neighbor documented a set of handwritten letters just before sunset.,English,Medium,11,72,1,1
1549,The orchestra conductor sketched a collection of vintage postcards just before sunset.,English,Medium,12,86,1,1
1550,When is the best season to visit Lisbon?,English,Short,8,40,2,1
1551,The marketing department discussed an unusual weather pattern since last spring.,English,Medium,11,80,1,1
1552,My best friend calculated the neighborhood's street art in the downtown office every Saturday afternoon.,English,Medium,15,104,2,2
1553,A young entrepreneur discussed a collection of vintage postcards at the university campus earlier this morning.,English,Long,16,111,1,1
1554,A young entrepreneur planted the community recycling program in the downtown office over the weekend.,English,Medium,15,101,1,1
1555,"According to a recent report published by Falcon Logistics, the number of people who document a series of jazz recordings has increased steadily over the past three years, largely due to changing habits and greater public awareness.",English,Long,37,232,3,3
1556,"The community garden volunteers, who had managed the neighborhood's street art for nearly a decade, finally decided to write a detailed guide so that newcomers could avoid the same mistakes and understand the process from start to finish.",English,Long,38,238,1,4
1557,"According to a recent report published by Redstone Consulting, the number of people who photograph a new hiking trail has increased steadily over the past three years, largely due to changing habits and greater public awareness.",English,Long,36,228,3,3
1558,"Although the weather in Lisbon can be unpredictable during December, The museum curator decided to proceed with the outdoor event, arguing that visitors would still enjoy themselves despite the occasional light rain and cooler evening temperatures.",English,Long,36,248,4,3
1559,"The maintenance crew spent several weeks documenting a set of handwritten letters, and by the end of the project everyone agreed that the effort had been worthwhile, even though the process required patience, careful planning, and a fair amount of trial and error along the way.",English,Long,46,278,1,5
1560,The delivery driver translated the town's water supply system earlier this morning.,English,Medium,12,83,1,2
1561,"The night-shift nurse spent several weeks organizing an antique wooden clock, and by the end of the project everyone agreed that the effort had been worthwhile, even though the process required patience, careful planning, and a fair amount of trial and error along the way.",English,Long,45,273,1,6
1562,A retired teacher calculated the annual budget report near the old train station just before sunset.,English,Long,16,100,1,1
1563,The software engineer repaired a series of jazz recordings at the university campus since last spring.,English,Long,16,102,1,1
1564,A freelance writer measured the upcoming film festival just before sunset.,English,Medium,11,74,1,1
1565,"The night-shift nurse, who had managed several ancient manuscripts for nearly a decade, finally decided to write a detailed guide so that newcomers could avoid the same mistakes and understand the process from start to finish.",English,Long,36,226,1,4
1566,"The local bakery spent several weeks reviewing a newly discovered fossil, and by the end of the project everyone agreed that the effort had been worthwhile, even though the process required patience, careful planning, and a fair amount of trial and error along the way.",English,Long,45,269,1,5
1567,"The museum curator spent several weeks photographing the upcoming film festival, and by the end of the project everyone agreed that the effort had been worthwhile, even though the process required patience, careful planning, and a fair amount of trial and error along the way.",English,Long,45,276,1,5
1568,"Our neighbor, who had coordinated the volunteer schedule for nearly a decade, finally decided to write a detailed guide so that newcomers could avoid the same mistakes and understand the process from start to finish.",English,Long,35,216,1,3
1569,"A retired teacher, who had coordinated the results of the survey for nearly a decade, finally decided to write a detailed guide so that newcomers could avoid the same mistakes and understand the process from start to finish.",English,Long,38,224,1,3
1570,The research team presented the community recycling program near the old train station.,English,Medium,13,87,1,1
1571,My best friend sketched an experimental cooking recipe.,English,Short,8,55,1,1
1572,The maintenance crew planted a series of jazz recordings at a small conference in Melbourne after months of planning.,English,Long,19,117,2,1
1573,A young entrepreneur explored the school's science fair at the university campus on a rainy Tuesday.,English,Long,16,100,2,2
1574,The research team rehearsed an antique wooden clock along the riverbank on a rainy Tuesday.,English,Medium,15,91,2,1
1575,The orchestra conductor designed the layout of the public library at the university campus every Saturday afternoon.,English,Long,17,116,2,1
1576,The community garden volunteers repaired the upcoming film festival in the downtown office on a rainy Tuesday.,English,Long,17,110,2,1
1577,The orchestra conductor designed the quarterly sales figures in the downtown office earlier this morning.,English,Medium,15,105,1,1
1578,"My younger sister spent several weeks measuring the upcoming film festival, and by the end of the project everyone agreed that the effort had been worthwhile, even though the process required patience, careful planning, and a fair amount of trial and error along the way.",English,Long,45,271,1,5
1579,"A group of tourists, who had managed the neighborhood's street art for nearly a decade, finally decided to write a detailed guide so that newcomers could avoid the same mistakes and understand the process from start to finish.",English,Long,38,226,1,4
1580,The research team compared an unusual weather pattern along the riverbank during the summer break.,English,Medium,15,98,1,1
1581,My best friend organized the results of the survey after months of planning.,English,Medium,13,76,1,1
1582,"According to a recent report published by Pioneer Research Institute, the number of people who review a collection of vintage postcards has increased steadily over the past three years, largely due to changing habits and greater public awareness.",English,Long,38,246,4,3
1583,A retired teacher sketched the upcoming film festival on a rainy Tuesday.,English,Medium,12,73,2,1
1584,My best friend negotiated an experimental cooking recipe in the downtown office after months of planning.,English,Long,16,105,1,1
1585,"According to a recent report published by NextGen Software Labs, the number of people who recycle an experimental cooking recipe has increased steadily over the past three years, largely due to changing habits and greater public awareness.",English,Long,37,239,5,3
1586,The local bakery presented the volunteer schedule in the downtown office.,English,Medium,11,73,1,1
1587,"The software engineer spent several weeks documenting an antique wooden clock, and by the end of the project everyone agreed that the effort had been worthwhile, even though the process required patience, careful planning, and a fair amount of trial and error along the way.",English,Long,45,274,1,5
1588,The maintenance crew negotiated a set of handwritten letters earlier this morning.,English,Medium,12,82,1,1
1589,My younger sister sketched the volunteer schedule at the university campus just before sunset.,English,Medium,14,94,1,1
1590,The city council organized an antique wooden clock at the university campus during the summer break.,English,Long,16,100,1,1
1591,Our neighbor celebrated a collection of vintage postcards just before sunset.,English,Medium,11,77,1,1
1592,A group of tourists reviewed the quarterly sales figures along the riverbank just before sunset.,English,Medium,15,96,1,1
1593,My younger sister celebrated an experimental cooking recipe.,English,Short,8,60,1,1
1594,The maintenance crew explored the quarterly sales figures inside the community center.,English,Medium,12,86,1,1
1595,The maintenance crew rehearsed a new hiking trail at the university campus just before sunset.,English,Medium,15,94,1,1
1596,"Although the weather in Bangkok can be unpredictable during July, A curious student decided to proceed with the outdoor event, arguing that visitors would still enjoy themselves despite the occasional light rain and cooler evening temperatures.",English,Long,36,244,4,3
1597,Her grandfather organized the community recycling program within a few hours.,English,Medium,11,77,1,1
1598,The software engineer recorded an antique wooden clock along the riverbank just before sunset.,English,Medium,14,94,1,1
1599,The new intern organized the layout of the public library at the university campus just before sunset.,English,Long,17,102,1,1
1600,"According to a recent report published by Union Manufacturing Corp., the number of people who measure the town's water supply system has increased steadily over the past three years, largely due to changing habits and greater public awareness.",English,Long,38,243,4,5
1601,The orchestra conductor negotiated the school's science fair.,English,Short,8,61,1,2
1602,A wildlife photographer documented the neighborhood's street art at a small conference in Melbourne.,English,Medium,14,100,2,2
1603,A retired teacher sketched a rare species of orchid along the riverbank just before sunset.,English,Medium,15,91,1,1
1604,"The orchestra conductor, who had supported a collection of vintage postcards for nearly a decade, finally decided to write a detailed guide so that newcomers could avoid the same mistakes and understand the process from start to finish.",English,Long,38,236,1,3
1605,The night-shift nurse planted several ancient manuscripts inside the community center during the summer break.,English,Medium,15,110,1,2
1606,"Her grandfather spent several weeks measuring the community recycling program, and by the end of the project everyone agreed that the effort had been worthwhile, even though the process required patience, careful planning, and a fair amount of trial and error along the way.",English,Long,44,274,1,5
1607,"Although the weather in Cairo can be unpredictable during December, The chess club decided to proceed with the outdoor event, arguing that visitors would still enjoy themselves despite the occasional light rain and cooler evening temperatures.",English,Long,36,243,4,3
1608,A retired teacher planted a newly discovered fossil along the riverbank earlier this morning.,English,Medium,14,93,1,1
1609,The museum curator presented the quarterly sales figures at a small conference in Melbourne earlier this morning.,English,Long,17,113,2,1
1610,The research team sketched a rare species of orchid earlier this morning.,English,Medium,12,73,1,1
1611,A retired teacher celebrated the upcoming film festival.,English,Short,8,56,1,1
1612,The new intern discussed a newly discovered fossil at a small conference in Melbourne.,English,Medium,14,86,2,1
1613,The museum curator designed a series of jazz recordings just before sunset.,English,Medium,12,75,1,1
1614,The city council repaired several ancient manuscripts earlier this morning.,English,Medium,10,75,1,1
1615,A curious student measured an antique wooden clock at a small conference in Melbourne within a few hours.,English,Long,18,105,2,1
1616,"Although the weather in Kuala Lumpur can be unpredictable during December, Her grandfather decided to proceed with the outdoor event, arguing that visitors would still enjoy themselves despite the occasional light rain and cooler evening temperatures.",English,Long,36,251,5,3
1617,A young entrepreneur presented the upcoming film festival just before sunset.,English,Medium,11,77,1,1
1618,My younger sister measured an unusual weather pattern near the old train station after months of planning.,English,Long,17,106,1,1
1619,"According to a recent report published by Coastal Insurance Co., the number of people who review several ancient manuscripts has increased steadily over the past three years, largely due to changing habits and greater public awareness.",English,Long,36,235,4,4
1620,A group of tourists compared a collection of vintage postcards.,English,Medium,10,63,1,1
1621,The community garden volunteers presented an unusual weather pattern in the downtown office over the weekend.,English,Long,16,109,1,1
1622,"A freelance writer spent several weeks photographing an experimental cooking recipe, and by the end of the project everyone agreed that the effort had been worthwhile, even though the process required patience, careful planning, and a fair amount of trial and error along the way.",English,Long,45,280,1,5
1623,"Although the weather in Kuala Lumpur can be unpredictable during December, A young entrepreneur decided to proceed with the outdoor event, arguing that visitors would still enjoy themselves despite the occasional light rain and cooler evening temperatures.",English,Long,37,256,5,3
1624,The museum curator translated the volunteer schedule near the old train station during the summer break.,English,Long,16,104,1,1
1625,"The maintenance crew spent several weeks photographing the community recycling program, and by the end of the project everyone agreed that the effort had been worthwhile, even though the process required patience, careful planning, and a fair amount of trial and error along the way.",English,Long,45,283,1,5
1626,"The debate team captain, who had managed the volunteer schedule for nearly a decade, finally decided to write a detailed guide so that newcomers could avoid the same mistakes and understand the process from start to finish.",English,Long,37,223,1,3
1627,My best friend recorded the layout of the public library throughout the semester.,English,Medium,13,81,1,1
1628,A young entrepreneur translated an experimental cooking recipe near the old train station.,English,Medium,13,90,1,1
1629,The local bakery measured a newly discovered fossil within a few hours.,English,Medium,12,71,1,1
1630,The maintenance crew planted a rare species of orchid at the university campus.,English,Medium,13,79,1,1
1631,"A curious student spent several weeks reviewing the upcoming film festival, and by the end of the project everyone agreed that the effort had been worthwhile, even though the process required patience, careful planning, and a fair amount of trial and error along the way.",English,Long,45,271,1,5
1632,The museum curator discussed a rare species of orchid at the university campus during the summer break.,English,Long,17,103,1,1
1633,My younger sister presented the neighborhood's street art at the university campus within a few hours.,English,Long,16,102,1,2
1634,The software engineer compared the results of the survey in the downtown office.,English,Medium,13,80,1,1
1635,Their coach discussed an experimental cooking recipe since last spring.,English,Medium,10,71,1,1
1636,The community garden volunteers negotiated the annual budget report near the old train station.,English,Medium,14,95,1,1
1637,The museum curator rehearsed an antique wooden clock at the university campus since last spring.,English,Medium,15,96,1,1
1638,A wildlife photographer translated a new hiking trail near the old train station.,English,Medium,13,81,1,1
1639,The debate team captain organized a new hiking trail at a small conference in Melbourne over the weekend.,English,Long,18,105,2,1
1640,A curious student sketched the neighborhood's street art near the old train station over the weekend.,English,Long,16,101,1,2
1641,The museum curator planted the upcoming film festival during the summer break.,English,Medium,12,78,1,1
1642,The debate team captain calculated a collection of vintage postcards inside the community center just before sunset.,English,Long,17,116,1,1
1643,"The new intern spent several weeks repairing the results of the survey, and by the end of the project everyone agreed that the effort had been worthwhile, even though the process required patience, careful planning, and a fair amount of trial and error along the way.",English,Long,46,267,1,5
1644,The delivery driver sketched a collection of vintage postcards after months of planning.,English,Medium,13,88,1,1
1645,The research team recorded a newly discovered fossil inside the community center every Saturday afternoon.,English,Medium,15,106,2,1
1646,A young entrepreneur sketched an unusual weather pattern at a small conference in Melbourne.,English,Medium,14,92,2,1
1647,"Although the weather in Zurich can be unpredictable during January, The night-shift nurse decided to proceed with the outdoor event, arguing that visitors would still enjoy themselves despite the occasional light rain and cooler evening temperatures.",English,Long,36,250,4,4
1648,"According to a recent report published by Zenith Pharmaceuticals, the number of people who document a new hiking trail has increased steadily over the past three years, largely due to changing habits and greater public awareness.",English,Long,36,229,3,3
1649,"Although the weather in Warsaw can be unpredictable during October, Her grandfather decided to proceed with the outdoor event, arguing that visitors would still enjoy themselves despite the occasional light rain and cooler evening temperatures.",English,Long,35,244,4,3
1650,The debate team captain presented a series of jazz recordings at the university campus within a few hours.,English,Long,18,106,1,1
1651,"The maintenance crew, who had coordinated the annual budget report for nearly a decade, finally decided to write a detailed guide so that newcomers could avoid the same mistakes and understand the process from start to finish.",English,Long,37,226,1,3
1652,The chess club celebrated a rare species of orchid during the summer break.,English,Medium,13,75,1,1
1653,The chess club celebrated the neighborhood's street art at the university campus.,English,Medium,12,81,1,2
1654,My best friend recorded the town's water supply system inside the community center after months of planning.,English,Long,17,108,1,2
1655,A retired teacher reviewed the neighborhood's street art throughout the semester.,English,Medium,11,81,1,2
1656,"According to a recent report published by Meridian Financial Group, the number of people who document a set of handwritten letters has increased steadily over the past three years, largely due to changing habits and greater public awareness.",English,Long,38,241,4,3
1657,The research team measured an unusual weather pattern along the riverbank since last spring.,English,Medium,14,92,1,1
1658,Her grandfather planted several ancient manuscripts over the weekend.,English,Medium,9,69,1,1
1659,The local bakery presented the neighborhood's street art at a small conference in Melbourne.,English,Medium,14,92,2,2
1660,The software engineer measured the volunteer schedule.,English,Short,7,54,1,1
1661,Her grandfather calculated the upcoming film festival along the riverbank just before sunset.,English,Medium,13,93,1,1
1662,A young entrepreneur calculated the results of the survey within a few hours.,English,Medium,13,77,1,1
1663,The community garden volunteers recorded a new hiking trail every Saturday afternoon.,English,Medium,12,85,2,1
1664,A wildlife photographer calculated a new hiking trail just before sunset.,English,Medium,11,73,1,1
1665,The museum curator recorded the annual budget report near the old train station after months of planning.,English,Long,17,105,1,1
1666,The community garden volunteers negotiated the quarterly sales figures over the weekend.,English,Medium,12,88,1,1
1667,"The research team spent several weeks comparing a series of jazz recordings, and by the end of the project everyone agreed that the effort had been worthwhile, even though the process required patience, careful planning, and a fair amount of trial and error along the way.",English,Long,46,272,1,5
1668,A young entrepreneur rehearsed the town's water supply system at the university campus.,English,Medium,13,87,1,2
1669,Our neighbor documented the quarterly sales figures in the downtown office.,English,Medium,11,75,1,1
1670,My younger sister sketched the town's water supply system over the weekend.,English,Medium,12,75,1,2
1671,"Although the weather in Vancouver can be unpredictable during October, Their coach decided to proceed with the outdoor event, arguing that visitors would still enjoy themselves despite the occasional light rain and cooler evening temperatures.",English,Long,35,243,4,3
1672,"According to a recent report published by Union Manufacturing Corp., the number of people who discuss the results of the survey has increased steadily over the past three years, largely due to changing habits and greater public awareness.",English,Long,38,238,4,4
1673,My best friend organized a newly discovered fossil along the riverbank.,English,Medium,11,71,1,1
1674,Her grandfather compared the volunteer schedule near the old train station over the weekend.,English,Medium,14,92,1,1
1675,The orchestra conductor rehearsed the volunteer schedule in the downtown office earlier this morning.,English,Medium,14,101,1,1
1676,A young entrepreneur compared an antique wooden clock in the downtown office throughout the semester.,English,Medium,15,101,1,1
1677,The city council compared an experimental cooking recipe inside the community center over the weekend.,English,Medium,15,102,1,1
1678,The delivery driver compared a collection of vintage postcards at the university campus on a rainy Tuesday.,English,Long,17,107,2,1
1679,My younger sister designed the quarterly sales figures throughout the semester.,English,Medium,11,79,1,1
1680,"The chess club spent several weeks organizing the neighborhood's street art, and by the end of the project everyone agreed that the effort had been worthwhile, even though the process required patience, careful planning, and a fair amount of trial and error along the way.",English,Long,45,272,1,6
1681,The community garden volunteers designed the upcoming film festival inside the community center during the summer break.,English,Long,17,120,1,1
1682,"According to a recent report published by Crescent Media Group, the number of people who photograph a new hiking trail has increased steadily over the past three years, largely due to changing habits and greater public awareness.",English,Long,37,229,4,3
1683,The city council translated the results of the survey along the riverbank after months of planning.,English,Long,16,99,1,1
1684,"According to a recent report published by Union Manufacturing Corp., the number of people who document the annual budget report has increased steadily over the past three years, largely due to changing habits and greater public awareness.",English,Long,37,238,4,4
1685,The community garden volunteers repaired a collection of vintage postcards inside the community center throughout the semester.,English,Long,17,127,1,1
1686,"According to a recent report published by Coastal Insurance Co., the number of people who document the upcoming film festival has increased steadily over the past three years, largely due to changing habits and greater public awareness.",English,Long,37,236,4,4
1687,Their coach questioned several ancient manuscripts at a small conference in Melbourne within a few hours.,English,Long,16,105,2,1
1688,Their coach recorded an experimental cooking recipe inside the community center within a few hours.,English,Medium,15,99,1,1
1689,The delivery driver questioned a collection of vintage postcards after months of planning.,English,Medium,13,90,1,1
1690,A curious student explored a newly discovered fossil at a small conference in Melbourne.,English,Medium,14,88,2,1
1691,The night-shift nurse organized an antique wooden clock inside the community center since last spring.,English,Medium,15,102,1,2
1692,The delivery driver explored the town's water supply system inside the community center throughout the semester.,English,Long,16,112,1,2
1693,My younger sister rehearsed the neighborhood's street art inside the community center every Saturday afternoon.,English,Medium,15,111,2,2
1694,The museum curator negotiated the results of the survey over the weekend.,English,Medium,12,73,1,1
1695,My younger sister organized a newly discovered fossil along the riverbank after months of planning.,English,Medium,15,99,1,1
1696,The local bakery discussed the quarterly sales figures at the university campus.,English,Medium,12,80,1,1
1697,The marketing department questioned a new hiking trail along the riverbank just before sunset.,English,Medium,14,94,1,1
1698,When is the best season to visit Dublin?,English,Short,8,40,2,1
1699,The software engineer recorded the community recycling program.,English,Short,8,63,1,1
1700,"Although the weather in Kuala Lumpur can be unpredictable during December, The museum curator decided to proceed with the outdoor event, arguing that visitors would still enjoy themselves despite the occasional light rain and cooler evening temperatures.",English,Long,37,254,5,3
1701,"According to a recent report published by Pioneer Research Institute, the number of people who measure an experimental cooking recipe has increased steadily over the past three years, largely due to changing habits and greater public awareness.",English,Long,37,244,4,3
1702,The new intern compared a new hiking trail.,English,Short,8,43,1,1
1703,My younger sister documented a rare species of orchid inside the community center since last spring.,English,Long,16,100,1,1
1704,The delivery driver planted the results of the survey in the downtown office just before sunset.,English,Long,16,96,1,1
1705,The night-shift nurse questioned the results of the survey at a small conference in Melbourne.,English,Medium,15,94,2,2
1706,"The chess club spent several weeks translating the upcoming film festival, and by the end of the project everyone agreed that the effort had been worthwhile, even though the process required patience, careful planning, and a fair amount of trial and error along the way.",English,Long,45,270,1,5
1707,The maintenance crew translated the upcoming film festival just before sunset.,English,Medium,11,78,1,1
1708,"According to a recent report published by Blue Horizon Airlines, the number of people who recycle an antique wooden clock has increased steadily over the past three years, largely due to changing habits and greater public awareness.",English,Long,37,232,4,3
1709,Our neighbor reviewed a set of handwritten letters near the old train station over the weekend.,English,Long,16,95,1,1
1710,"Although the weather in Buenos Aires can be unpredictable during April, A retired teacher decided to proceed with the outdoor event, arguing that visitors would still enjoy themselves despite the occasional light rain and cooler evening temperatures.",English,Long,37,250,5,3
1711,The local bakery recorded a new hiking trail throughout the semester.,English,Medium,11,69,1,1
1712,The community garden volunteers presented the upcoming film festival.,English,Medium,9,69,1,1
1713,A retired teacher sketched an unusual weather pattern throughout the semester.,English,Medium,11,78,1,1
1714,"Their coach spent several weeks repairing the volunteer schedule, and by the end of the project everyone agreed that the effort had been worthwhile, even though the process required patience, careful planning, and a fair amount of trial and error along the way.",English,Long,43,261,1,5
1715,A young entrepreneur recorded a series of jazz recordings along the riverbank throughout the semester.,English,Medium,15,102,1,1
1716,Their coach designed the upcoming film festival inside the community center every Saturday afternoon.,English,Medium,14,101,2,1
1717,The orchestra conductor negotiated an unusual weather pattern throughout the semester.,English,Medium,11,86,1,1
1718,"According to a recent report published by Coastal Insurance Co., the number of people who review an unusual weather pattern has increased steadily over the past three years, largely due to changing habits and greater public awareness.",English,Long,37,234,4,4
1719,The local bakery discussed the upcoming film festival just before sunset.,English,Medium,11,73,1,1
1720,A young entrepreneur negotiated a rare species of orchid at the university campus earlier this morning.,English,Long,16,103,1,1
1721,My younger sister sketched an experimental cooking recipe near the old train station over the weekend.,English,Long,16,102,1,1
1722,A curious student discussed a set of handwritten letters along the riverbank throughout the semester.,English,Medium,15,101,1,1
1723,My best friend reviewed the community recycling program throughout the semester.,English,Medium,11,80,1,1
1724,A group of tourists sketched an antique wooden clock in the downtown office earlier this morning.,English,Long,16,97,1,1
1725,A wildlife photographer organized the results of the survey during the summer break.,English,Medium,13,84,1,1
1726,Their coach questioned an antique wooden clock.,English,Short,7,47,1,1
1727,The research team calculated a series of jazz recordings.,English,Medium,9,57,1,1
1728,A curious student recorded a collection of vintage postcards just before sunset.,English,Medium,12,80,1,1
1729,The research team recorded a set of handwritten letters along the riverbank throughout the semester.,English,Medium,15,100,1,1
1730,Their coach compared the neighborhood's street art at a small conference in Melbourne earlier this morning.,English,Long,16,107,2,2
1731,"The museum curator, who had overseen the results of the survey for nearly a decade, finally decided to write a detailed guide so that newcomers could avoid the same mistakes and understand the process from start to finish.",English,Long,38,222,1,3
1732,"A young entrepreneur, who had supported the annual budget report for nearly a decade, finally decided to write a detailed guide so that newcomers could avoid the same mistakes and understand the process from start to finish.",English,Long,37,224,1,3
1733,"Although the weather in Copenhagen can be unpredictable during January, A curious student decided to proceed with the outdoor event, arguing that visitors would still enjoy themselves despite the occasional light rain and cooler evening temperatures.",English,Long,36,250,4,3
1734,A young entrepreneur calculated a new hiking trail every Saturday afternoon.,English,Medium,11,76,2,1
1735,The software engineer presented a series of jazz recordings at the university campus within a few hours.,English,Long,17,104,1,1
1736,"The local bakery, who had monitored the results of the survey for nearly a decade, finally decided to write a detailed guide so that newcomers could avoid the same mistakes and understand the process from start to finish.",English,Long,38,221,1,3
1737,"The museum curator, who had overseen an antique wooden clock for nearly a decade, finally decided to write a detailed guide so that newcomers could avoid the same mistakes and understand the process from start to finish.",English,Long,37,220,1,3
1738,"According to a recent report published by BrightFuture Foundation, the number of people who measure a newly discovered fossil has increased steadily over the past three years, largely due to changing habits and greater public awareness.",English,Long,36,236,4,3
1739,A young entrepreneur planted an antique wooden clock in the downtown office during the summer break.,English,Long,16,100,1,1
1740,The city council compared a rare species of orchid throughout the semester.,English,Medium,12,75,1,1
1741,A freelance writer sketched a set of handwritten letters just before sunset.,English,Medium,12,76,1,1
1742,"According to a recent report published by Redstone Consulting, the number of people who discuss a set of handwritten letters has increased steadily over the past three years, largely due to changing habits and greater public awareness.",English,Long,37,235,3,3
1743,The marketing department negotiated an antique wooden clock inside the community center after months of planning.,English,Long,16,113,1,1
1744,A group of tourists calculated the layout of the public library near the old train station.,English,Long,16,91,1,1
1745,The city council designed the town's water supply system since last spring.,English,Medium,12,75,1,2
1746,A wildlife photographer measured the quarterly sales figures along the riverbank since last spring.,English,Medium,14,99,1,1
1747,A group of tourists documented the layout of the public library at a small conference in Melbourne.,English,Long,17,99,2,1
1748,The community garden volunteers planted a set of handwritten letters at the university campus during the summer break.,English,Long,18,118,1,1
1749,The local bakery recorded the neighborhood's street art inside the community center every Saturday afternoon.,English,Medium,15,109,2,2
1750,A freelance writer documented the layout of the public library at the university campus after months of planning.,English,Long,18,113,1,1
1751,"The museum curator, who had managed the layout of the public library for nearly a decade, finally decided to write a detailed guide so that newcomers could avoid the same mistakes and understand the process from start to finish.",English,Long,39,228,1,3
1752,My best friend reviewed a rare species of orchid inside the community center.,English,Medium,13,77,1,1
1753,The new intern planted the results of the survey at the university campus every Saturday afternoon.,English,Long,16,99,2,1
1754,The research team recorded a series of jazz recordings.,English,Medium,9,55,1,1
1755,The community garden volunteers organized a collection of vintage postcards.,English,Medium,10,76,1,1
1756,"The debate team captain, who had supported the school's science fair for nearly a decade, finally decided to write a detailed guide so that newcomers could avoid the same mistakes and understand the process from start to finish.",English,Long,38,228,1,4
1757,"Although the weather in Toronto can be unpredictable during December, A retired teacher decided to proceed with the outdoor event, arguing that visitors would still enjoy themselves despite the occasional light rain and cooler evening temperatures.",English,Long,36,248,4,3
1758,"The chess club spent several weeks measuring a rare species of orchid, and by the end of the project everyone agreed that the effort had been worthwhile, even though the process required patience, careful planning, and a fair amount of trial and error along the way.",English,Long,46,266,1,5
1759,The chess club translated the community recycling program in the downtown office.,English,Medium,12,81,1,1
1760,The software engineer photographed a rare species of orchid near the old train station over the weekend.,English,Long,17,104,1,1
1761,"According to a recent report published by Crescent Media Group, the number of people who recycle an antique wooden clock has increased steadily over the past three years, largely due to changing habits and greater public awareness.",English,Long,37,231,4,3
1762,"The orchestra conductor spent several weeks comparing the quarterly sales figures, and by the end of the project everyone agreed that the effort had been worthwhile, even though the process required patience, careful planning, and a fair amount of trial and error along the way.",English,Long,45,278,1,5
1763,The delivery driver compared the upcoming film festival.,English,Short,8,56,1,1
1764,My best friend calculated a set of handwritten letters over the weekend.,English,Medium,12,72,1,1
1765,The new intern rehearsed an experimental cooking recipe earlier this morning.,English,Medium,11,77,1,1
1766,The community garden volunteers organized a rare species of orchid inside the community center throughout the semester.,English,Long,17,119,1,1
1767,"A retired teacher spent several weeks repairing the quarterly sales figures, and by the end of the project everyone agreed that the effort had been worthwhile, even though the process required patience, careful planning, and a fair amount of trial and error along the way.",English,Long,45,272,1,5
1768,The delivery driver planted the annual budget report at a small conference in Melbourne earlier this morning.,English,Long,17,109,2,1
1769,"According to a recent report published by Quantum Innovations, the number of people who discuss the neighborhood's street art has increased steadily over the past three years, largely due to changing habits and greater public awareness.",English,Long,36,236,3,4
1770,Their coach compared an experimental cooking recipe inside the community center just before sunset.,English,Medium,14,99,1,1
1771,The delivery driver reviewed a series of jazz recordings during the summer break.,English,Medium,13,81,1,1
1772,"According to a recent report published by Meridian Financial Group, the number of people who discuss the quarterly sales figures has increased steadily over the past three years, largely due to changing habits and greater public awareness.",English,Long,37,239,4,3
1773,"Their coach, who had overseen a new hiking trail for nearly a decade, finally decided to write a detailed guide so that newcomers could avoid the same mistakes and understand the process from start to finish.",English,Long,36,208,1,3
1774,"Although the weather in Warsaw can be unpredictable during January, The debate team captain decided to proceed with the outdoor event, arguing that visitors would still enjoy themselves despite the occasional light rain and cooler evening temperatures.",English,Long,37,252,4,3
1775,Our neighbor organized the neighborhood's street art over the weekend.,English,Medium,10,70,1,2
1776,The museum curator presented a new hiking trail near the old train station every Saturday afternoon.,English,Long,16,100,2,1
1777,My younger sister sketched the quarterly sales figures at the university campus earlier this morning.,English,Medium,15,101,1,1
1778,The night-shift nurse recorded the neighborhood's street art over the weekend.,English,Medium,11,78,1,3
1779,The chess club organized the results of the survey.,English,Medium,9,51,1,1
1780,My younger sister questioned the town's water supply system in the downtown office on a rainy Tuesday.,English,Long,17,102,2,2
1781,The research team organized the layout of the public library on a rainy Tuesday.,English,Medium,14,80,2,1
1782,The local bakery planted the annual budget report along the riverbank since last spring.,English,Medium,14,88,1,1
1783,"The chess club spent several weeks repairing the quarterly sales figures, and by the end of the project everyone agreed that the effort had been worthwhile, even though the process required patience, careful planning, and a fair amount of trial and error along the way.",English,Long,45,269,1,5
1784,When is the best season to visit Cape Town?,English,Medium,9,43,3,1
1785,The software engineer measured a rare species of orchid at the university campus within a few hours.,English,Long,17,100,1,1
1786,"Their coach, who had managed an unusual weather pattern for nearly a decade, finally decided to write a detailed guide so that newcomers could avoid the same mistakes and understand the process from start to finish.",English,Long,36,215,1,3
1787,"Although the weather in Melbourne can be unpredictable during October, The city council decided to proceed with the outdoor event, arguing that visitors would still enjoy themselves despite the occasional light rain and cooler evening temperatures.",English,Long,36,248,4,3
1788,The delivery driver documented several ancient manuscripts in the downtown office throughout the semester.,English,Medium,14,106,1,1
1789,The maintenance crew photographed an unusual weather pattern at the university campus earlier this morning.,English,Medium,15,107,1,1
1790,The community garden volunteers organized the community recycling program during the summer break.,English,Medium,13,98,1,1
1791,"The chess club spent several weeks translating several ancient manuscripts, and by the end of the project everyone agreed that the effort had been worthwhile, even though the process required patience, careful planning, and a fair amount of trial and error along the way.",English,Long,44,271,1,5
1792,"The local bakery, who had monitored several ancient manuscripts for nearly a decade, finally decided to write a detailed guide so that newcomers could avoid the same mistakes and understand the process from start to finish.",English,Long,36,223,1,3
1793,The debate team captain reviewed the results of the survey at a small conference in Melbourne within a few hours.,English,Long,20,113,2,1
1794,"According to a recent report published by NextGen Software Labs, the number of people who review several ancient manuscripts has increased steadily over the past three years, largely due to changing habits and greater public awareness.",English,Long,36,235,5,3
1795,The city council measured a newly discovered fossil just before sunset.,English,Medium,11,71,1,1
1796,A group of tourists explored the town's water supply system in the downtown office on a rainy Tuesday.,English,Long,18,102,2,2
1797,The city council planted a series of jazz recordings inside the community center earlier this morning.,English,Long,16,102,1,1
1798,The community garden volunteers discussed a new hiking trail along the riverbank.,English,Medium,12,81,1,1
1799,My best friend discussed the community recycling program in the downtown office since last spring.,English,Medium,15,98,1,1
1800,"According to a recent report published by Redstone Consulting, the number of people who discuss the community recycling program has increased steadily over the past three years, largely due to changing habits and greater public awareness.",English,Long,36,238,3,3
1801,The museum curator measured a new hiking trail in the downtown office.,English,Medium,12,70,1,1
1802,Her grandfather designed the results of the survey along the riverbank on a rainy Tuesday.,English,Medium,15,90,2,1
1803,The chess club celebrated a set of handwritten letters along the riverbank.,English,Medium,12,75,1,1
1804,"Although the weather in Stockholm can be unpredictable during July, My best friend decided to proceed with the outdoor event, arguing that visitors would still enjoy themselves despite the occasional light rain and cooler evening temperatures.",English,Long,36,243,4,3
1805,"The night-shift nurse spent several weeks reviewing the neighborhood's street art, and by the end of the project everyone agreed that the effort had been worthwhile, even though the process required patience, careful planning, and a fair amount of trial and error along the way.",English,Long,45,278,1,7
1806,My best friend recorded an unusual weather pattern in the downtown office throughout the semester.,English,Medium,15,98,1,1
1807,The debate team captain organized a rare species of orchid on a rainy Tuesday.,English,Medium,14,78,2,1
1808,The chess club organized an unusual weather pattern in the downtown office.,English,Medium,12,75,1,1
1809,"Although the weather in Amsterdam can be unpredictable during December, My best friend decided to proceed with the outdoor event, arguing that visitors would still enjoy themselves despite the occasional light rain and cooler evening temperatures.",English,Long,36,247,4,3
1810,"Although the weather in Amsterdam can be unpredictable during October, A young entrepreneur decided to proceed with the outdoor event, arguing that visitors would still enjoy themselves despite the occasional light rain and cooler evening temperatures.",English,Long,36,252,4,3
1811,The maintenance crew negotiated the town's water supply system every Saturday afternoon.,English,Medium,12,88,2,2
1812,The orchestra conductor compared the community recycling program near the old train station within a few hours.,English,Long,17,111,1,1
1813,"Although the weather in Zurich can be unpredictable during January, My best friend decided to proceed with the outdoor event, arguing that visitors would still enjoy themselves despite the occasional light rain and cooler evening temperatures.",English,Long,36,243,4,3
1814,Her grandfather calculated the upcoming film festival.,English,Short,7,54,1,1
1815,The community garden volunteers celebrated several ancient manuscripts in the downtown office.,English,Medium,12,94,1,1
1816,"According to a recent report published by Harborview College, the number of people who document an antique wooden clock has increased steadily over the past three years, largely due to changing habits and greater public awareness.",English,Long,36,230,3,3
1817,The research team organized an unusual weather pattern in the downtown office within a few hours.,English,Long,16,97,1,1
1818,Her grandfather explored a collection of vintage postcards along the riverbank just before sunset.,English,Medium,14,98,1,1
1819,"A curious student, who had coordinated the quarterly sales figures for nearly a decade, finally decided to write a detailed guide so that newcomers could avoid the same mistakes and understand the process from start to finish.",English,Long,37,226,1,3
1820,"Although the weather in Stockholm can be unpredictable during October, The delivery driver decided to proceed with the outdoor event, arguing that visitors would still enjoy themselves despite the occasional light rain and cooler evening temperatures.",English,Long,36,251,4,3
1821,The delivery driver rehearsed the layout of the public library at the university campus just before sunset.,English,Long,17,107,1,1
1822,A young entrepreneur presented several ancient manuscripts at a small conference in Melbourne after months of planning.,English,Long,17,119,2,1
1823,Their coach photographed the neighborhood's street art.,English,Short,7,55,1,2
1824,The orchestra conductor rehearsed the neighborhood's street art along the riverbank during the summer break.,English,Medium,15,108,1,2
1825,"According to a recent report published by Crescent Media Group, the number of people who document an experimental cooking recipe has increased steadily over the past three years, largely due to changing habits and greater public awareness.",English,Long,37,239,4,3
1826,"The debate team captain, who had overseen the town's water supply system for nearly a decade, finally decided to write a detailed guide so that newcomers could avoid the same mistakes and understand the process from start to finish.",English,Long,39,232,1,4
1827,The chess club compared a newly discovered fossil inside the community center.,English,Medium,12,78,1,1
1828,The new intern compared the neighborhood's street art at a small conference in Melbourne earlier this morning.,English,Long,17,110,2,2
1829,The new intern discussed a rare species of orchid inside the community center over the weekend.,English,Long,16,95,1,1
1830,"Although the weather in Cape Town can be unpredictable during January, A retired teacher decided to proceed with the outdoor event, arguing that visitors would still enjoy themselves despite the occasional light rain and cooler evening temperatures.",English,Long,37,249,5,3
1831,"The city council, who had coordinated an unusual weather pattern for nearly a decade, finally decided to write a detailed guide so that newcomers could avoid the same mistakes and understand the process from start to finish.",English,Long,37,224,1,3
1832,The debate team captain organized the neighborhood's street art near the old train station.,English,Medium,14,91,1,2
1833,The city council organized the layout of the public library at the university campus within a few hours.,English,Long,18,104,1,1
1834,The orchestra conductor rehearsed the quarterly sales figures at a small conference in Melbourne over the weekend.,English,Long,17,114,2,1
1835,The city council rehearsed a series of jazz recordings near the old train station within a few hours.,English,Long,18,101,1,1
1836,The marketing department translated a new hiking trail along the riverbank.,English,Medium,11,75,1,1
1837,"Although the weather in Denver can be unpredictable during July, A group of tourists decided to proceed with the outdoor event, arguing that visitors would still enjoy themselves despite the occasional light rain and cooler evening temperatures.",English,Long,37,245,4,3
1838,A wildlife photographer planted an antique wooden clock near the old train station earlier this morning.,English,Long,16,104,1,1
1839,Her grandfather measured a rare species of orchid inside the community center earlier this morning.,English,Medium,15,99,1,1
1840,Our neighbor planted an experimental cooking recipe at a small conference in Melbourne just before sunset.,English,Long,16,106,2,1
1841,"The community garden volunteers spent several weeks comparing a series of jazz recordings, and by the end of the project everyone agreed that the effort had been worthwhile, even though the process required patience, careful planning, and a fair amount of trial and error along the way.",English,Long,47,286,1,5
1842,The orchestra conductor calculated an unusual weather pattern at a small conference in Melbourne throughout the semester.,English,Long,17,121,2,1
1843,"Although the weather in Cairo can be unpredictable during December, Her grandfather decided to proceed with the outdoor event, arguing that visitors would still enjoy themselves despite the occasional light rain and cooler evening temperatures.",English,Long,35,244,4,3
1844,Our neighbor organized the quarterly sales figures in the downtown office within a few hours.,English,Medium,15,93,1,1
1845,Their coach rehearsed the school's science fair throughout the semester.,English,Medium,10,72,1,2
1846,My best friend reviewed the community recycling program at a small conference in Melbourne within a few hours.,English,Long,18,110,2,1
1847,The orchestra conductor presented a collection of vintage postcards at a small conference in Melbourne after months of planning.,English,Long,19,128,2,1
1848,"Although the weather in Kuala Lumpur can be unpredictable during January, The debate team captain decided to proceed with the outdoor event, arguing that visitors would still enjoy themselves despite the occasional light rain and cooler evening temperatures.",English,Long,38,258,5,3
1849,The local bakery negotiated the layout of the public library in the downtown office throughout the semester.,English,Long,17,108,1,1
1850,The delivery driver celebrated the neighborhood's street art within a few hours.,English,Medium,12,80,1,2
1851,The marketing department recorded the community recycling program on a rainy Tuesday.,English,Medium,12,85,2,1
1852,"A wildlife photographer spent several weeks repairing the results of the survey, and by the end of the project everyone agreed that the effort had been worthwhile, even though the process required patience, careful planning, and a fair amount of trial and error along the way.",English,Long,46,276,1,5
1853,A curious student translated the town's water supply system during the summer break.,English,Medium,13,84,1,2
1854,A retired teacher rehearsed a rare species of orchid earlier this morning.,English,Medium,12,74,1,1
1855,A wildlife photographer designed the community recycling program earlier this morning.,English,Medium,11,86,1,1
1856,The local bakery celebrated the layout of the public library within a few hours.,English,Medium,14,80,1,1
1857,"According to a recent report published by Vertex Analytics, the number of people who document the town's water supply system has increased steadily over the past three years, largely due to changing habits and greater public awareness.",English,Long,37,235,3,4
1858,"A wildlife photographer spent several weeks documenting a newly discovered fossil, and by the end of the project everyone agreed that the effort had been worthwhile, even though the process required patience, careful planning, and a fair amount of trial and error along the way.",English,Long,45,278,1,5
1859,"The local bakery spent several weeks repairing a new hiking trail, and by the end of the project everyone agreed that the effort had been worthwhile, even though the process required patience, careful planning, and a fair amount of trial and error along the way.",English,Long,45,262,1,5
1860,"According to a recent report published by Northfield University, the number of people who photograph the neighborhood's street art has increased steadily over the past three years, largely due to changing habits and greater public awareness.",English,Long,36,241,3,4
1861,"A curious student spent several weeks photographing a newly discovered fossil, and by the end of the project everyone agreed that the effort had been worthwhile, even though the process required patience, careful planning, and a fair amount of trial and error along the way.",English,Long,45,274,1,5
1862,The chess club compared a set of handwritten letters along the riverbank every Saturday afternoon.,English,Medium,15,98,2,1
1863,"According to a recent report published by Union Manufacturing Corp., the number of people who document a collection of vintage postcards has increased steadily over the past three years, largely due to changing habits and greater public awareness.",English,Long,38,247,4,4
1864,The marketing department sketched an unusual weather pattern over the weekend.,English,Medium,11,78,1,1
1865,"The software engineer, who had studied the community recycling program for nearly a decade, finally decided to write a detailed guide so that newcomers could avoid the same mistakes and understand the process from start to finish.",English,Long,37,230,1,3
1866,"The research team spent several weeks photographing the neighborhood's street art, and by the end of the project everyone agreed that the effort had been worthwhile, even though the process required patience, careful planning, and a fair amount of trial and error along the way.",English,Long,45,278,1,6
1867,Our neighbor designed the neighborhood's street art since last spring.,English,Medium,10,70,1,2
1868,When is the best season to visit Zurich?,English,Short,8,40,2,1
1869,"Although the weather in Cape Town can be unpredictable during January, Their coach decided to proceed with the outdoor event, arguing that visitors would still enjoy themselves despite the occasional light rain and cooler evening temperatures.",English,Long,36,243,5,3
1870,The debate team captain photographed a newly discovered fossil.,English,Medium,9,63,1,1
1871,The maintenance crew explored several ancient manuscripts throughout the semester.,English,Medium,10,82,1,1
1872,The orchestra conductor presented the neighborhood's street art in the downtown office since last spring.,English,Medium,15,105,1,2
1873,A young entrepreneur organized a series of jazz recordings.,English,Medium,9,59,1,1
1874,A wildlife photographer reviewed the annual budget report.,English,Short,8,58,1,1
1875,"Although the weather in Kuala Lumpur can be unpredictable during December, The software engineer decided to proceed with the outdoor event, arguing that visitors would still enjoy themselves despite the occasional light rain and cooler evening temperatures.",English,Long,37,257,5,3
1876,The community garden volunteers documented a new hiking trail inside the community center.,English,Medium,13,90,1,1
1877,"A freelance writer, who had overseen a newly discovered fossil for nearly a decade, finally decided to write a detailed guide so that newcomers could avoid the same mistakes and understand the process from start to finish.",English,Long,37,222,1,3
1878,The maintenance crew presented the school's science fair at the university campus.,English,Medium,12,82,1,2
1879,The night-shift nurse documented an experimental cooking recipe since last spring.,English,Medium,11,82,1,2
1880,A retired teacher explored the school's science fair at the university campus earlier this morning.,English,Medium,15,99,1,2
1881,Her grandfather negotiated an antique wooden clock inside the community center after months of planning.,English,Medium,15,104,1,1
1882,A young entrepreneur questioned a collection of vintage postcards.,English,Medium,9,66,1,1
1883,The night-shift nurse celebrated the results of the survey inside the community center earlier this morning.,English,Long,16,108,1,2
1884,The night-shift nurse documented the community recycling program during the summer break.,English,Medium,12,89,1,2
1885,"The debate team captain, who had coordinated an antique wooden clock for nearly a decade, finally decided to write a detailed guide so that newcomers could avoid the same mistakes and understand the process from start to finish.",English,Long,38,228,1,3
1886,Their coach discussed the results of the survey near the old train station.,English,Medium,13,75,1,1
1887,The night-shift nurse compared several ancient manuscripts inside the community center within a few hours.,English,Medium,15,106,1,2
1888,A young entrepreneur discussed the annual budget report at a small conference in Melbourne after months of planning.,English,Long,18,116,2,1
1889,The museum curator questioned a series of jazz recordings along the riverbank just before sunset.,English,Medium,15,97,1,1
1890,A young entrepreneur presented the school's science fair.,English,Short,8,57,1,2
1891,A young entrepreneur reviewed the school's science fair at the university campus.,English,Medium,12,81,1,2
1892,My younger sister calculated the volunteer schedule within a few hours.,English,Medium,11,71,1,1
1893,Her grandfather questioned the results of the survey in the downtown office.,English,Medium,12,76,1,1
1894,The new intern reviewed the town's water supply system near the old train station on a rainy Tuesday.,English,Long,18,101,2,2
1895,A retired teacher planted the annual budget report along the riverbank earlier this morning.,English,Medium,14,92,1,1
1896,The orchestra conductor planted the neighborhood's street art along the riverbank throughout the semester.,English,Medium,14,106,1,2
1897,When is the best season to visit Toronto?,English,Short,8,41,2,1
1898,"Although the weather in Copenhagen can be unpredictable during April, The museum curator decided to proceed with the outdoor event, arguing that visitors would still enjoy themselves despite the occasional light rain and cooler evening temperatures.",English,Long,36,249,4,3
1899,"The debate team captain, who had monitored the school's science fair for nearly a decade, finally decided to write a detailed guide so that newcomers could avoid the same mistakes and understand the process from start to finish.",English,Long,38,228,1,4
1900,"Although the weather in Lisbon can be unpredictable during January, The local bakery decided to proceed with the outdoor event, arguing that visitors would still enjoy themselves despite the occasional light rain and cooler evening temperatures.",English,Long,36,245,4,3
1901,A freelance writer photographed the town's water supply system at the university campus earlier this morning.,English,Long,16,109,1,2
1902,A group of tourists discussed the school's science fair at a small conference in Melbourne since last spring.,English,Long,18,109,2,2
1903,The new intern celebrated an experimental cooking recipe near the old train station during the summer break.,English,Long,17,108,1,1
1904,The software engineer calculated the neighborhood's street art at the university campus.,English,Medium,12,88,1,2
1905,The city council explored the results of the survey at a small conference in Melbourne earlier this morning.,English,Long,18,108,2,1
1906,The orchestra conductor planted the results of the survey at a small conference in Melbourne every Saturday afternoon.,English,Long,18,118,3,1
1907,"The maintenance crew, who had supported several ancient manuscripts for nearly a decade, finally decided to write a detailed guide so that newcomers could avoid the same mistakes and understand the process from start to finish.",English,Long,36,227,1,3
1908,A young entrepreneur designed the upcoming film festival near the old train station since last spring.,English,Long,16,102,1,1
1909,Their coach explored a series of jazz recordings at the university campus over the weekend.,English,Medium,15,91,1,1
1910,The research team calculated a collection of vintage postcards at a small conference in Melbourne throughout the semester.,English,Long,18,122,2,1
1911,My best friend sketched several ancient manuscripts inside the community center throughout the semester.,English,Medium,14,104,1,1
1912,A curious student discussed the annual budget report near the old train station just before sunset.,English,Long,16,99,1,1
1913,The local bakery negotiated the community recycling program after months of planning.,English,Medium,12,85,1,1
1914,"Although the weather in Toronto can be unpredictable during July, The research team decided to proceed with the outdoor event, arguing that visitors would still enjoy themselves despite the occasional light rain and cooler evening temperatures.",English,Long,36,244,4,3
1915,The software engineer documented the volunteer schedule near the old train station since last spring.,English,Medium,15,101,1,1
1916,The orchestra conductor negotiated the quarterly sales figures inside the community center during the summer break.,English,Long,16,115,1,1
1917,"The orchestra conductor spent several weeks reviewing the school's science fair, and by the end of the project everyone agreed that the effort had been worthwhile, even though the process required patience, careful planning, and a fair amount of trial and error along the way.",English,Long,45,276,1,6
1918,A young entrepreneur discussed a set of handwritten letters just before sunset.,English,Medium,12,79,1,1
1919,A wildlife photographer discussed a series of jazz recordings at a small conference in Melbourne throughout the semester.,English,Long,18,121,2,1
1920,The debate team captain calculated the quarterly sales figures at the university campus just before sunset.,English,Long,16,107,1,1
1921,"A freelance writer, who had managed the annual budget report for nearly a decade, finally decided to write a detailed guide so that newcomers could avoid the same mistakes and understand the process from start to finish.",English,Long,37,220,1,3
1922,The community garden volunteers discussed the results of the survey in the downtown office during the summer break.,English,Long,18,115,1,1
1923,Her grandfather compared the community recycling program inside the community center after months of planning.,English,Medium,15,110,1,1
1924,My younger sister translated the upcoming film festival during the summer break.,English,Medium,12,80,1,1
1925,"According to a recent report published by Crescent Media Group, the number of people who discuss the quarterly sales figures has increased steadily over the past three years, largely due to changing habits and greater public awareness.",English,Long,37,235,4,3
1926,Our neighbor organized the volunteer schedule inside the community center during the summer break.,English,Medium,14,98,1,1
1927,The museum curator negotiated a collection of vintage postcards at a small conference in Melbourne just before sunset.,English,Long,18,118,2,1
1928,The delivery driver calculated the neighborhood's street art in the downtown office.,English,Medium,12,84,1,2
1929,A retired teacher reviewed a series of jazz recordings earlier this morning.,English,Medium,12,76,1,1
1930,The research team measured a rare species of orchid during the summer break.,English,Medium,13,76,1,1
1931,"Her grandfather spent several weeks reviewing an experimental cooking recipe, and by the end of the project everyone agreed that the effort had been worthwhile, even though the process required patience, careful planning, and a fair amount of trial and error along the way.",English,Long,44,273,1,5
1932,My best friend sketched the layout of the public library near the old train station.,English,Medium,15,84,1,1
1933,The city council organized a series of jazz recordings along the riverbank.,English,Medium,12,75,1,1
1934,The maintenance crew discussed the upcoming film festival in the downtown office since last spring.,English,Medium,15,99,1,1
1935,Our neighbor organized the community recycling program over the weekend.,English,Medium,10,72,1,1
1936,The local bakery translated a series of jazz recordings inside the community center earlier this morning.,English,Long,16,105,1,1
1937,The new intern measured several ancient manuscripts along the riverbank during the summer break.,English,Medium,14,96,1,1
1938,"According to a recent report published by Maple Street School District, the number of people who measure an experimental cooking recipe has increased steadily over the past three years, largely due to changing habits and greater public awareness.",English,Long,38,246,5,3
1939,The orchestra conductor recorded a new hiking trail inside the community center over the weekend.,English,Medium,15,97,1,1
1940,"The community garden volunteers spent several weeks repairing the school's science fair, and by the end of the project everyone agreed that the effort had been worthwhile, even though the process required patience, careful planning, and a fair amount of trial and error along the way.",English,Long,46,284,1,6
1941,My younger sister questioned several ancient manuscripts inside the community center throughout the semester.,English,Medium,14,109,1,1
1942,"Her grandfather spent several weeks translating the upcoming film festival, and by the end of the project everyone agreed that the effort had been worthwhile, even though the process required patience, careful planning, and a fair amount of trial and error along the way.",English,Long,44,271,1,5
1943,The local bakery negotiated several ancient manuscripts.,English,Short,7,56,1,1
1944,A wildlife photographer translated a new hiking trail in the downtown office throughout the semester.,English,Medium,15,101,1,1
1945,Our neighbor planted a rare species of orchid during the summer break.,English,Medium,12,70,1,1
1946,Her grandfather sketched the results of the survey at the university campus.,English,Medium,12,76,1,1
1947,"According to a recent report published by Summit Robotics Inc., the number of people who discuss a newly discovered fossil has increased steadily over the past three years, largely due to changing habits and greater public awareness.",English,Long,37,233,4,4
1948,The debate team captain documented the results of the survey during the summer break.,English,Medium,14,85,1,1
1949,The community garden volunteers calculated the upcoming film festival just before sunset.,English,Medium,12,89,1,1
1950,My younger sister celebrated a collection of vintage postcards at the university campus just before sunset.,English,Long,16,107,1,1
1951,The orchestra conductor translated the town's water supply system in the downtown office.,English,Medium,13,89,1,2
1952,The night-shift nurse planted the school's science fair at a small conference in Melbourne.,English,Medium,14,91,2,3
1953,"The orchestra conductor spent several weeks comparing a new hiking trail, and by the end of the project everyone agreed that the effort had been worthwhile, even though the process required patience, careful planning, and a fair amount of trial and error along the way.",English,Long,45,269,1,5
1954,"Although the weather in Helsinki can be unpredictable during April, A group of tourists decided to proceed with the outdoor event, arguing that visitors would still enjoy themselves despite the occasional light rain and cooler evening temperatures.",English,Long,37,248,4,3
1955,The orchestra conductor calculated the layout of the public library within a few hours.,English,Medium,14,87,1,1
1956,The museum curator negotiated the school's science fair during the summer break.,English,Medium,12,80,1,2
1957,A wildlife photographer explored the annual budget report over the weekend.,English,Medium,11,75,1,1
1958,A young entrepreneur designed the upcoming film festival in the downtown office.,English,Medium,12,80,1,1
1959,"The city council, who had studied an unusual weather pattern for nearly a decade, finally decided to write a detailed guide so that newcomers could avoid the same mistakes and understand the process from start to finish.",English,Long,37,220,1,3
1960,The night-shift nurse photographed a collection of vintage postcards over the weekend.,English,Medium,12,86,1,2
1961,"Although the weather in Helsinki can be unpredictable during October, The community garden volunteers decided to proceed with the outdoor event, arguing that visitors would still enjoy themselves despite the occasional light rain and cooler evening temperatures.",English,Long,37,262,4,3
1962,The local bakery organized the layout of the public library inside the community center on a rainy Tuesday.,English,Long,18,107,2,1
1963,"A freelance writer, who had coordinated a rare species of orchid for nearly a decade, finally decided to write a detailed guide so that newcomers could avoid the same mistakes and understand the process from start to finish.",English,Long,38,224,1,3
1964,The local bakery planted the annual budget report during the summer break.,English,Medium,12,74,1,1
1965,The delivery driver sketched the annual budget report along the riverbank.,English,Medium,11,74,1,1
1966,A freelance writer measured the town's water supply system in the downtown office.,English,Medium,13,82,1,2
1967,A wildlife photographer explored a new hiking trail along the riverbank throughout the semester.,English,Medium,14,96,1,1
1968,My best friend questioned an unusual weather pattern inside the community center.,English,Medium,12,81,1,1
1969,"Although the weather in Lisbon can be unpredictable during October, The software engineer decided to proceed with the outdoor event, arguing that visitors would still enjoy themselves despite the occasional light rain and cooler evening temperatures.",English,Long,36,250,4,3
1970,"The maintenance crew, who had studied the layout of the public library for nearly a decade, finally decided to write a detailed guide so that newcomers could avoid the same mistakes and understand the process from start to finish.",English,Long,39,230,1,3
1971,The chess club measured a series of jazz recordings in the downtown office just before sunset.,English,Long,16,94,1,1
1972,A retired teacher questioned a newly discovered fossil.,English,Short,8,55,1,1
1973,"A young entrepreneur, who had studied a set of handwritten letters for nearly a decade, finally decided to write a detailed guide so that newcomers could avoid the same mistakes and understand the process from start to finish.",English,Long,38,226,1,3
1974,A freelance writer reviewed an unusual weather pattern along the riverbank.,English,Medium,11,75,1,1
1975,The community garden volunteers celebrated the layout of the public library near the old train station throughout the semester.,English,Long,19,127,1,1
1976,A group of tourists rehearsed the results of the survey at a small conference in Melbourne during the summer break.,English,Long,20,115,2,1
1977,The chess club reviewed the quarterly sales figures inside the community center.,English,Medium,12,80,1,1
1978,"The debate team captain spent several weeks reviewing the neighborhood's street art, and by the end of the project everyone agreed that the effort had been worthwhile, even though the process required patience, careful planning, and a fair amount of trial and error along the way.",English,Long,46,280,1,6
1979,"A group of tourists, who had overseen the town's water supply system for nearly a decade, finally decided to write a detailed guide so that newcomers could avoid the same mistakes and understand the process from start to finish.",English,Long,39,228,1,4
1980,"According to a recent report published by Brightline Technologies, the number of people who photograph a set of handwritten letters has increased steadily over the past three years, largely due to changing habits and greater public awareness.",English,Long,37,242,3,3
1981,A freelance writer organized the results of the survey inside the community center every Saturday afternoon.,English,Long,16,108,2,1
1982,A freelance writer planted the volunteer schedule in the downtown office over the weekend.,English,Medium,14,90,1,1
1983,A young entrepreneur organized a series of jazz recordings at a small conference in Melbourne during the summer break.,English,Long,19,118,2,1
1984,The research team rehearsed the volunteer schedule along the riverbank throughout the semester.,English,Medium,13,95,1,1
1985,"Although the weather in Dublin can be unpredictable during January, The local bakery decided to proceed with the outdoor event, arguing that visitors would still enjoy themselves despite the occasional light rain and cooler evening temperatures.",English,Long,36,245,4,3
1986,A young entrepreneur questioned several ancient manuscripts at the university campus on a rainy Tuesday.,English,Medium,15,104,2,1
1987,The marketing department negotiated a series of jazz recordings at the university campus on a rainy Tuesday.,English,Long,17,108,2,1
1988,The night-shift nurse calculated the upcoming film festival within a few hours.,English,Medium,12,79,1,2
1989,"The chess club spent several weeks photographing a set of handwritten letters, and by the end of the project everyone agreed that the effort had been worthwhile, even though the process required patience, careful planning, and a fair amount of trial and error along the way.",English,Long,46,274,1,5
1990,"The marketing department spent several weeks measuring a series of jazz recordings, and by the end of the project everyone agreed that the effort had been worthwhile, even though the process required patience, careful planning, and a fair amount of trial and error along the way.",English,Long,46,279,1,5
1991,The city council planted an antique wooden clock earlier this morning.,English,Medium,11,70,1,1
1992,"The local bakery, who had supported a collection of vintage postcards for nearly a decade, finally decided to write a detailed guide so that newcomers could avoid the same mistakes and understand the process from start to finish.",English,Long,38,229,1,3
1993,The community garden volunteers reviewed the upcoming film festival after months of planning.,English,Medium,13,93,1,1
1994,"Although the weather in Amsterdam can be unpredictable during October, Our neighbor decided to proceed with the outdoor event, arguing that visitors would still enjoy themselves despite the occasional light rain and cooler evening temperatures.",English,Long,35,244,4,3
1995,The debate team captain repaired the school's science fair.,English,Medium,9,59,1,2
1996,Our neighbor documented the neighborhood's street art at a small conference in Melbourne within a few hours.,English,Long,17,108,2,2
1997,The orchestra conductor negotiated the quarterly sales figures inside the community center over the weekend.,English,Medium,15,108,1,1
1998,Our neighbor translated a collection of vintage postcards at the university campus throughout the semester.,English,Medium,15,107,1,1
1999,"Her grandfather, who had managed an antique wooden clock for nearly a decade, finally decided to write a detailed guide so that newcomers could avoid the same mistakes and understand the process from start to finish.",English,Long,36,216,1,3
2000,A retired teacher negotiated the layout of the public library.,English,Medium,10,62,1,1
