id,context,question,answer,answer_start,difficulty
1,The Grand Observatory was completed in 2018 and is located in Copenhagen. It attracts roughly 500000 visitors every year.,Where is the Grand Observatory located?,Copenhagen,62,Intermediate
2,The Riverside Museum was completed in 2013 and is located in Wellington. It attracts roughly 22000 visitors every year.,Where is the Riverside Museum located?,Wellington,61,Intermediate
3,Charlotte Kim published a research paper on urban air quality in 2018 while working at Lakeside Medical Center in Prague.,What topic did Charlotte Kim research?,urban air quality,44,Intermediate
4,George Yamamoto joined NextGen Software Labs as a operations coordinator in 2013 and later moved to the Jakarta office in 2018.,In what year did George Yamamoto join NextGen Software Labs?,2013,76,Beginner
5,The Central Library was completed in 2019 and is located in Denver. It attracts roughly 22000 visitors every year.,Where is the Central Library located?,Denver,60,Advanced
6,Samuel Nguyen published a research paper on genetic markers in 1995 while working at Meridian Financial Group in Kuala Lumpur.,In what year did Samuel Nguyen publish the paper?,1995,63,Beginner
7,Emma Osei published a research paper on machine translation in 1996 while working at Vertex Analytics in Dublin.,Where was Emma Osei working when the paper was published?,Vertex Analytics,85,Advanced
8,The Riverside Museum was completed in 1992 and is located in Vancouver. It attracts roughly 45000 visitors every year.,When was the Riverside Museum completed?,1992,38,Intermediate
9,Oakwood Publishing House was founded in Copenhagen in 2013 by Liam Osei. The company now employs more than 22000 people across Japan.,Who founded Oakwood Publishing House?,Liam Osei,62,Beginner
10,Omar Green published a research paper on genetic markers in 2023 while working at Quantum Innovations in Manila.,In what year did Omar Green publish the paper?,2023,60,Intermediate
11,Maple Street School District was founded in Bangkok in 1996 by Daniel Suzuki. The company now employs more than 250000 people across the Netherlands.,In what year was Maple Street School District founded?,1996,55,Advanced
12,Sara Scott joined Lakeside Medical Center as a research scientist in 2015 and later moved to the Kuala Lumpur office in 2016.,In what year did Sara Scott join Lakeside Medical Center?,2015,69,Beginner
13,The Grand Observatory was completed in 2010 and is located in Helsinki. It attracts roughly 8700 visitors every year.,Where is the Grand Observatory located?,Helsinki,62,Advanced
14,The Central Library was completed in 1991 and is located in Bangkok. It attracts roughly 8700 visitors every year.,When was the Central Library completed?,1991,37,Intermediate
15,Grace Ivanov joined Golden Gate Retailers as a marketing director in 1995 and later moved to the Denver office in 2000.,In what year did Grace Ivanov join Golden Gate Retailers?,1995,69,Intermediate
16,The Riverside Museum was completed in 2000 and is located in Denver. It attracts roughly 8700 visitors every year.,Where is the Riverside Museum located?,Denver,61,Beginner
17,Mei Dubois published a research paper on urban air quality in 2002 while working at Coastal Insurance Co. in Seoul.,Where was Mei Dubois working when the paper was published?,Coastal Insurance Co.,84,Advanced
18,"The global health conference took place in Lisbon on September 6, 2017, drawing an audience of about 8700 people from around Argentina.",Where did the global health conference take place?,Lisbon,43,Advanced
19,Fatima Suzuki joined Coastal Insurance Co. as a research scientist in 2001 and later moved to the Nairobi office in 2006.,In what year did Fatima Suzuki join Coastal Insurance Co.?,2001,70,Advanced
20,"The robotics championship took place in Helsinki on January 25, 2015, drawing an audience of about 96000 people from around Malaysia.",When did the robotics championship take place?,"January 25, 2015",52,Beginner
21,Olivia Osei joined Oakwood Publishing House as a senior analyst in 2008 and later moved to the Austin office in 2013.,In what year did Olivia Osei join Oakwood Publishing House?,2008,67,Intermediate
22,The Riverside Museum was completed in 2021 and is located in Prague. It attracts roughly 8700 visitors every year.,When was the Riverside Museum completed?,2021,38,Advanced
23,Brightline Technologies was founded in Cairo in 2014 by David Yamamoto. The company now employs more than 500000 people across India.,In what year was Brightline Technologies founded?,2014,48,Intermediate
24,Kevin Young published a research paper on genetic markers in 2010 while working at Falcon Logistics in Prague.,What topic did Kevin Young research?,genetic markers,42,Intermediate
25,"The annual jazz festival took place in Copenhagen on November 21, 2017, drawing an audience of about 96000 people from around Ireland.",Where did the annual jazz festival take place?,Copenhagen,39,Advanced
26,The Riverside Museum was completed in 2008 and is located in Stockholm. It attracts roughly 250000 visitors every year.,When was the Riverside Museum completed?,2008,38,Beginner
27,Lakeside Medical Center was founded in Dublin in 1990 by Emma Silva. The company now employs more than 500000 people across Chile.,In which city was Lakeside Medical Center founded?,Dublin,39,Intermediate
28,Felix Anderson published a research paper on machine translation in 2021 while working at Quantum Innovations in Bangkok.,What topic did Felix Anderson research?,machine translation,45,Beginner
29,Jack Garcia published a research paper on urban air quality in 2013 while working at Vertex Analytics in Denver.,What topic did Jack Garcia research?,urban air quality,42,Intermediate
30,"The global health conference took place in Dublin on June 19, 2018, drawing an audience of about 96000 people from around Denmark.",Where did the global health conference take place?,Dublin,43,Intermediate
31,Nadia Johansson published a research paper on genetic markers in 1992 while working at Northfield University in Wellington.,Where was Nadia Johansson working when the paper was published?,Northfield University,87,Beginner
32,"The science and innovation fair took place in Stockholm on March 27, 2022, drawing an audience of about 250000 people from around Finland.",Where did the science and innovation fair take place?,Stockholm,46,Advanced
33,The Old Town Hall was completed in 2002 and is located in Amsterdam. It attracts roughly 3400 visitors every year.,Where is the Old Town Hall located?,Amsterdam,58,Beginner
34,Coastal Insurance Co. was founded in Toronto in 2022 by Mei Larsen. The company now employs more than 45000 people across Germany.,Who founded Coastal Insurance Co.?,Mei Larsen,56,Intermediate
35,"The annual jazz festival took place in Melbourne on June 2, 2020, drawing an audience of about 1200 people from around Poland.",When did the annual jazz festival take place?,"June 2, 2020",52,Advanced
36,The Harborview Bridge was completed in 1995 and is located in Mumbai. It attracts roughly 3400 visitors every year.,When was the Harborview Bridge completed?,1995,39,Intermediate
37,The Old Town Hall was completed in 2010 and is located in Wellington. It attracts roughly 1200 visitors every year.,Where is the Old Town Hall located?,Wellington,58,Intermediate
38,The Riverside Museum was completed in 2015 and is located in Berlin. It attracts roughly 22000 visitors every year.,Where is the Riverside Museum located?,Berlin,61,Beginner
39,Emma Khan published a research paper on urban air quality in 2002 while working at Evergreen Energy Co. in Lisbon.,In what year did Emma Khan publish the paper?,2002,61,Intermediate
40,The Riverside Museum was completed in 1999 and is located in Nairobi. It attracts roughly 22000 visitors every year.,When was the Riverside Museum completed?,1999,38,Beginner
41,The National Science Center was completed in 1990 and is located in Manila. It attracts roughly 500000 visitors every year.,Where is the National Science Center located?,Manila,68,Advanced
42,"The global health conference took place in Dublin on October 14, 2024, drawing an audience of about 15000 people from around South Korea.",When did the global health conference take place?,"October 14, 2024",53,Beginner
43,Kevin Brown joined Harborview College as a marketing director in 1994 and later moved to the Mumbai office in 1998.,In what year did Kevin Brown join Harborview College?,1994,65,Advanced
44,"The science and innovation fair took place in Lisbon on November 14, 2018, drawing an audience of about 3400 people from around Finland.",Where did the science and innovation fair take place?,Lisbon,46,Intermediate
45,Peter Novak joined Silverline Motors as a project manager in 2007 and later moved to the Jakarta office in 2010.,What role did Peter Novak join Silverline Motors as?,project manager,42,Intermediate
46,The Harborview Bridge was completed in 1996 and is located in Buenos Aires. It attracts roughly 96000 visitors every year.,Where is the Harborview Bridge located?,Buenos Aires,62,Intermediate
47,The National Science Center was completed in 2005 and is located in Kuala Lumpur. It attracts roughly 45000 visitors every year.,When was the National Science Center completed?,2005,45,Intermediate
48,"The international film festival took place in Helsinki on February 24, 2016, drawing an audience of about 250000 people from around Egypt.",Where did the international film festival take place?,Helsinki,46,Beginner
49,The Riverside Museum was completed in 2004 and is located in Santiago. It attracts roughly 8700 visitors every year.,When was the Riverside Museum completed?,2004,38,Intermediate
50,Ironwood Steel Works was founded in Wellington in 2000 by Leila Petrov. The company now employs more than 22000 people across Poland.,Who founded Ironwood Steel Works?,Leila Petrov,58,Intermediate
51,Ironwood Steel Works was founded in Manila in 2006 by Peter Petrov. The company now employs more than 250000 people across Japan.,In what year was Ironwood Steel Works founded?,2006,46,Beginner
52,Elena Hall joined Pioneer Research Institute as a operations coordinator in 1995 and later moved to the Amsterdam office in 1997.,In what year did Elena Hall join Pioneer Research Institute?,1995,76,Intermediate
53,The Grand Observatory was completed in 2012 and is located in Nairobi. It attracts roughly 15000 visitors every year.,Where is the Grand Observatory located?,Nairobi,62,Beginner
54,Redstone Consulting was founded in Helsinki in 2007 by Charlotte Okafor. The company now employs more than 22000 people across Japan.,Who founded Redstone Consulting?,Charlotte Okafor,55,Intermediate
55,Silverline Motors was founded in Austin in 1993 by Hassan Kowalski. The company now employs more than 96000 people across Malaysia.,In which city was Silverline Motors founded?,Austin,33,Beginner
56,"The international film festival took place in Nairobi on October 3, 2020, drawing an audience of about 96000 people from around the Philippines.",Where did the international film festival take place?,Nairobi,46,Intermediate
57,The Old Town Hall was completed in 1994 and is located in Jakarta. It attracts roughly 45000 visitors every year.,When was the Old Town Hall completed?,1994,35,Intermediate
58,Union Manufacturing Corp. was founded in Jakarta in 2007 by Ahmed King. The company now employs more than 1200 people across Germany.,In which city was Union Manufacturing Corp. founded?,Jakarta,41,Beginner
59,"The science and innovation fair took place in Warsaw on May 23, 2021, drawing an audience of about 22000 people from around the United States.",Where did the science and innovation fair take place?,Warsaw,46,Advanced
60,The Harborview Bridge was completed in 1993 and is located in Seoul. It attracts roughly 45000 visitors every year.,Where is the Harborview Bridge located?,Seoul,62,Beginner
61,Kevin Johansson joined BrightFuture Foundation as a marketing director in 2001 and later moved to the Edinburgh office in 2003.,In what year did Kevin Johansson join BrightFuture Foundation?,2001,74,Advanced
62,Julia Kim joined Quantum Innovations as a research scientist in 2011 and later moved to the Seoul office in 2013.,What role did Julia Kim join Quantum Innovations as?,research scientist,42,Beginner
63,Pioneer Research Institute was founded in Austin in 1999 by Mei Johansson. The company now employs more than 500000 people across Chile.,In what year was Pioneer Research Institute founded?,1999,52,Intermediate
64,The National Science Center was completed in 2013 and is located in Berlin. It attracts roughly 22000 visitors every year.,When was the National Science Center completed?,2013,45,Beginner
65,"The global health conference took place in Manila on December 14, 2017, drawing an audience of about 15000 people from around the Philippines.",Where did the global health conference take place?,Manila,43,Advanced
66,BrightFuture Foundation was founded in Dublin in 2016 by Amara Khan. The company now employs more than 250000 people across Ireland.,In which city was BrightFuture Foundation founded?,Dublin,39,Advanced
67,"The robotics championship took place in Copenhagen on July 2, 2023, drawing an audience of about 96000 people from around Thailand.",Where did the robotics championship take place?,Copenhagen,40,Beginner
68,Wei Fernandez joined Redstone Consulting as a project manager in 2003 and later moved to the Prague office in 2005.,What role did Wei Fernandez join Redstone Consulting as?,project manager,46,Intermediate
69,Sara Silva published a research paper on urban air quality in 1993 while working at Northfield University in Manila.,What topic did Sara Silva research?,urban air quality,41,Advanced
70,The National Science Center was completed in 1991 and is located in Nairobi. It attracts roughly 500000 visitors every year.,When was the National Science Center completed?,1991,45,Beginner
71,The Old Town Hall was completed in 1995 and is located in Warsaw. It attracts roughly 250000 visitors every year.,When was the Old Town Hall completed?,1995,35,Advanced
72,Pioneer Research Institute was founded in Toronto in 2008 by Tom Petrov. The company now employs more than 3400 people across Australia.,In which city was Pioneer Research Institute founded?,Toronto,42,Advanced
73,Ibrahim Dubois joined Meridian Financial Group as a research scientist in 1993 and later moved to the Helsinki office in 1995.,Which office did Ibrahim Dubois later move to?,Helsinki,102,Beginner
74,Daniel Green joined Riverside Bank as a operations coordinator in 2002 and later moved to the Copenhagen office in 2007.,What role did Daniel Green join Riverside Bank as?,operations coordinator,40,Advanced
75,Northfield University was founded in Denver in 2022 by Tom Kim. The company now employs more than 1200 people across Argentina.,Who founded Northfield University?,Tom Kim,55,Advanced
76,The Grand Observatory was completed in 2013 and is located in Manila. It attracts roughly 96000 visitors every year.,Where is the Grand Observatory located?,Manila,62,Beginner
77,Elena Suzuki joined Skyline Real Estate as a research scientist in 2022 and later moved to the Berlin office in 2025.,Which office did Elena Suzuki later move to?,Berlin,95,Advanced
78,The National Science Center was completed in 2021 and is located in Melbourne. It attracts roughly 8700 visitors every year.,When was the National Science Center completed?,2021,45,Intermediate
79,Emma Young joined NextGen Software Labs as a research scientist in 2006 and later moved to the Osaka office in 2011.,Which office did Emma Young later move to?,Osaka,95,Intermediate
80,Grace Brown published a research paper on urban air quality in 2021 while working at Summit Robotics Inc. in Copenhagen.,In what year did Grace Brown publish the paper?,2021,63,Beginner
81,Priya Taylor joined Delta Cloud Services as a operations coordinator in 1997 and later moved to the Edinburgh office in 1998.,Which office did Priya Taylor later move to?,Edinburgh,100,Intermediate
82,Blue Horizon Airlines was founded in Zurich in 2015 by Leila Haddad. The company now employs more than 22000 people across New Zealand.,In which city was Blue Horizon Airlines founded?,Zurich,37,Beginner
83,Crescent Media Group was founded in Seoul in 2010 by Adaeze Baker. The company now employs more than 22000 people across the United States.,Who founded Crescent Media Group?,Adaeze Baker,53,Intermediate
84,Ravi Lewis joined Blue Horizon Airlines as a project manager in 2005 and later moved to the Berlin office in 2006.,What role did Ravi Lewis join Blue Horizon Airlines as?,project manager,45,Beginner
85,"The global health conference took place in Helsinki on August 11, 2020, drawing an audience of about 15000 people from around New Zealand.",Where did the global health conference take place?,Helsinki,43,Advanced
86,"The annual jazz festival took place in Helsinki on August 17, 2015, drawing an audience of about 1200 people from around Japan.",Where did the annual jazz festival take place?,Helsinki,39,Beginner
87,"The international film festival took place in Denver on October 19, 2018, drawing an audience of about 15000 people from around the United States.",When did the international film festival take place?,"October 19, 2018",56,Beginner
88,Ethan King published a research paper on genetic markers in 2020 while working at Pioneer Research Institute in Stockholm.,In what year did Ethan King publish the paper?,2020,60,Intermediate
89,Falcon Logistics was founded in Melbourne in 1994 by Lucas Scott. The company now employs more than 96000 people across Egypt.,In what year was Falcon Logistics founded?,1994,45,Intermediate
90,Carlos Müller published a research paper on quantum materials in 1997 while working at Falcon Logistics in Stockholm.,Where was Carlos Müller working when the paper was published?,Falcon Logistics,87,Intermediate
91,Global Trade Partners was founded in Edinburgh in 1997 by Priya Wright. The company now employs more than 1200 people across Portugal.,In which city was Global Trade Partners founded?,Edinburgh,37,Advanced
92,"The annual jazz festival took place in Marrakesh on July 6, 2018, drawing an audience of about 8700 people from around Denmark.",Where did the annual jazz festival take place?,Marrakesh,39,Advanced
93,Charlotte Moore published a research paper on urban air quality in 1993 while working at Quantum Innovations in Cairo.,Where was Charlotte Moore working when the paper was published?,Quantum Innovations,89,Advanced
94,The Central Library was completed in 2022 and is located in Marrakesh. It attracts roughly 22000 visitors every year.,Where is the Central Library located?,Marrakesh,60,Beginner
95,Chen Suzuki joined Riverside Bank as a marketing director in 2002 and later moved to the Santiago office in 2004.,In what year did Chen Suzuki join Riverside Bank?,2002,61,Intermediate
96,"The international film festival took place in Austin on December 24, 2020, drawing an audience of about 1200 people from around Ireland.",Where did the international film festival take place?,Austin,46,Intermediate
97,Vertex Analytics was founded in Stockholm in 2005 by James Patel. The company now employs more than 500000 people across the Czech Republic.,Who founded Vertex Analytics?,James Patel,53,Beginner
98,"The global health conference took place in Jakarta on September 17, 2019, drawing an audience of about 15000 people from around South Africa.",When did the global health conference take place?,"September 17, 2019",54,Intermediate
99,"The robotics championship took place in Santiago on June 19, 2020, drawing an audience of about 1200 people from around Sweden.",When did the robotics championship take place?,"June 19, 2020",52,Beginner
100,Mateus Moore published a research paper on renewable energy storage in 2022 while working at Ironwood Steel Works in Jakarta.,In what year did Mateus Moore publish the paper?,2022,71,Intermediate
101,Peter Novak joined Northfield University as a research scientist in 2005 and later moved to the Mumbai office in 2009.,Which office did Peter Novak later move to?,Mumbai,96,Beginner
102,"The robotics championship took place in Nairobi on August 21, 2024, drawing an audience of about 250000 people from around Germany.",Where did the robotics championship take place?,Nairobi,40,Intermediate
103,"The science and innovation fair took place in Marrakesh on February 26, 2021, drawing an audience of about 500000 people from around the Philippines.",Where did the science and innovation fair take place?,Marrakesh,46,Beginner
104,Jack Patel published a research paper on genetic markers in 2001 while working at Northfield University in Melbourne.,What topic did Jack Patel research?,genetic markers,41,Beginner
105,Ethan Wright published a research paper on renewable energy storage in 2004 while working at Evergreen Energy Co. in Melbourne.,Where was Ethan Wright working when the paper was published?,Evergreen Energy Co.,93,Intermediate
106,Mark Smith joined Aurora Data Systems as a operations coordinator in 2000 and later moved to the Warsaw office in 2001.,In what year did Mark Smith join Aurora Data Systems?,2000,69,Beginner
107,The Grand Observatory was completed in 2001 and is located in Helsinki. It attracts roughly 22000 visitors every year.,Where is the Grand Observatory located?,Helsinki,62,Beginner
108,Summit Robotics Inc. was founded in Denver in 2009 by Charlotte Petrov. The company now employs more than 22000 people across Denmark.,In what year was Summit Robotics Inc. founded?,2009,46,Beginner
109,Aurora Data Systems was founded in Cairo in 2005 by Layla Larsen. The company now employs more than 22000 people across Kenya.,Who founded Aurora Data Systems?,Layla Larsen,52,Beginner
110,Brightline Technologies was founded in Lisbon in 2000 by Wei Wilson. The company now employs more than 96000 people across the Philippines.,Who founded Brightline Technologies?,Wei Wilson,57,Intermediate
111,The Harborview Bridge was completed in 1998 and is located in Manila. It attracts roughly 500000 visitors every year.,Where is the Harborview Bridge located?,Manila,62,Beginner
112,The Riverside Museum was completed in 2021 and is located in Cairo. It attracts roughly 250000 visitors every year.,When was the Riverside Museum completed?,2021,38,Intermediate
113,The Grand Observatory was completed in 1991 and is located in Helsinki. It attracts roughly 96000 visitors every year.,Where is the Grand Observatory located?,Helsinki,62,Beginner
114,"The international film festival took place in Copenhagen on February 14, 2015, drawing an audience of about 22000 people from around the Czech Republic.",Where did the international film festival take place?,Copenhagen,46,Beginner
115,Golden Gate Retailers was founded in Amsterdam in 2023 by George Lewis. The company now employs more than 8700 people across Chile.,In what year was Golden Gate Retailers founded?,2023,50,Intermediate
116,Charlotte Nguyen joined Oakwood Publishing House as a marketing director in 2001 and later moved to the Denver office in 2006.,What role did Charlotte Nguyen join Oakwood Publishing House as?,marketing director,54,Beginner
117,The Central Library was completed in 1994 and is located in Amsterdam. It attracts roughly 22000 visitors every year.,When was the Central Library completed?,1994,37,Beginner
118,"The technology summit took place in Edinburgh on October 8, 2017, drawing an audience of about 15000 people from around Malaysia.",When did the technology summit take place?,"October 8, 2017",49,Beginner
119,Priya Clark published a research paper on quantum materials in 1991 while working at Aurora Data Systems in Nairobi.,What topic did Priya Clark research?,quantum materials,42,Intermediate
120,"The global health conference took place in Marrakesh on April 16, 2021, drawing an audience of about 8700 people from around Malaysia.",When did the global health conference take place?,"April 16, 2021",56,Advanced
121,Meridian Financial Group was founded in Lisbon in 1996 by Maria Smith. The company now employs more than 3400 people across Canada.,In which city was Meridian Financial Group founded?,Lisbon,40,Advanced
122,Blue Horizon Airlines was founded in Helsinki in 1992 by Omar Young. The company now employs more than 45000 people across Chile.,In what year was Blue Horizon Airlines founded?,1992,49,Beginner
123,Global Trade Partners was founded in Nairobi in 2020 by Priya Scott. The company now employs more than 250000 people across Australia.,In which city was Global Trade Partners founded?,Nairobi,37,Intermediate
124,Northfield University was founded in Kuala Lumpur in 2006 by Sara Baker. The company now employs more than 250000 people across Sweden.,Who founded Northfield University?,Sara Baker,61,Beginner
125,Kevin Fernandez published a research paper on deep-sea biology in 1998 while working at NextGen Software Labs in Buenos Aires.,In what year did Kevin Fernandez publish the paper?,1998,66,Advanced
126,Redstone Consulting was founded in Helsinki in 2005 by Yuki Yamamoto. The company now employs more than 3400 people across Australia.,Who founded Redstone Consulting?,Yuki Yamamoto,55,Intermediate
127,Ingrid Osei joined Harborview College as a operations coordinator in 2008 and later moved to the Prague office in 2010.,In what year did Ingrid Osei join Harborview College?,2008,69,Advanced
128,Mei Lewis joined Brightline Technologies as a project manager in 1993 and later moved to the Buenos Aires office in 1996.,Which office did Mei Lewis later move to?,Buenos Aires,93,Intermediate
129,The Harborview Bridge was completed in 2009 and is located in Melbourne. It attracts roughly 250000 visitors every year.,When was the Harborview Bridge completed?,2009,39,Beginner
130,Delta Cloud Services was founded in Cape Town in 2000 by Tom Nguyen. The company now employs more than 3400 people across Canada.,Who founded Delta Cloud Services?,Tom Nguyen,57,Intermediate
131,George Moore joined Coastal Insurance Co. as a lead engineer in 1996 and later moved to the Nairobi office in 1998.,Which office did George Moore later move to?,Nairobi,92,Beginner
132,The Riverside Museum was completed in 1995 and is located in Kuala Lumpur. It attracts roughly 1200 visitors every year.,Where is the Riverside Museum located?,Kuala Lumpur,61,Intermediate
133,"The annual jazz festival took place in Wellington on April 26, 2019, drawing an audience of about 250000 people from around Sweden.",When did the annual jazz festival take place?,"April 26, 2019",53,Intermediate
134,"The science and innovation fair took place in Berlin on May 2, 2021, drawing an audience of about 15000 people from around Sweden.",When did the science and innovation fair take place?,"May 2, 2021",56,Advanced
135,Julia Okafor joined Brightline Technologies as a lead engineer in 2006 and later moved to the Bangkok office in 2010.,Which office did Julia Okafor later move to?,Bangkok,94,Beginner
136,Leila Garcia joined Ironwood Steel Works as a marketing director in 1992 and later moved to the Berlin office in 1996.,What role did Leila Garcia join Ironwood Steel Works as?,marketing director,46,Advanced
137,Riverside Bank was founded in Nairobi in 2013 by Chloe Smith. The company now employs more than 45000 people across Indonesia.,Who founded Riverside Bank?,Chloe Smith,49,Advanced
138,"The robotics championship took place in Wellington on August 16, 2023, drawing an audience of about 1200 people from around Malaysia.",When did the robotics championship take place?,"August 16, 2023",54,Advanced
139,The National Science Center was completed in 1991 and is located in Stockholm. It attracts roughly 8700 visitors every year.,When was the National Science Center completed?,1991,45,Beginner
140,The Old Town Hall was completed in 1996 and is located in Manila. It attracts roughly 1200 visitors every year.,Where is the Old Town Hall located?,Manila,58,Beginner
141,Carlos Johansson published a research paper on quantum materials in 1998 while working at Ironwood Steel Works in Edinburgh.,Where was Carlos Johansson working when the paper was published?,Ironwood Steel Works,90,Intermediate
142,Olivia Wilson joined Delta Cloud Services as a research scientist in 2020 and later moved to the Manila office in 2021.,In what year did Olivia Wilson join Delta Cloud Services?,2020,69,Intermediate
143,Priya Novak joined Coastal Insurance Co. as a senior analyst in 2004 and later moved to the Nairobi office in 2007.,Which office did Priya Novak later move to?,Nairobi,92,Advanced
144,The National Science Center was completed in 2016 and is located in Helsinki. It attracts roughly 15000 visitors every year.,When was the National Science Center completed?,2016,45,Advanced
145,The Old Town Hall was completed in 2006 and is located in Warsaw. It attracts roughly 250000 visitors every year.,Where is the Old Town Hall located?,Warsaw,58,Advanced
146,Ethan Müller joined Brightline Technologies as a operations coordinator in 2018 and later moved to the Prague office in 2023.,Which office did Ethan Müller later move to?,Prague,103,Beginner
147,Ravi Fernandez published a research paper on machine translation in 2007 while working at Coastal Insurance Co. in Lisbon.,What topic did Ravi Fernandez research?,machine translation,45,Beginner
148,Charlotte Green published a research paper on deep-sea biology in 2008 while working at BrightFuture Foundation in Osaka.,Where was Charlotte Green working when the paper was published?,BrightFuture Foundation,88,Intermediate
149,The National Science Center was completed in 2003 and is located in Helsinki. It attracts roughly 250000 visitors every year.,When was the National Science Center completed?,2003,45,Advanced
150,"The annual jazz festival took place in Helsinki on September 2, 2025, drawing an audience of about 22000 people from around Sweden.",When did the annual jazz festival take place?,"September 2, 2025",51,Beginner
151,"The annual jazz festival took place in Seoul on March 14, 2022, drawing an audience of about 8700 people from around Ireland.",Where did the annual jazz festival take place?,Seoul,39,Beginner
152,Samuel Kim joined Meridian Financial Group as a senior analyst in 2005 and later moved to the Melbourne office in 2009.,In what year did Samuel Kim join Meridian Financial Group?,2005,66,Intermediate
153,Sofia Taylor published a research paper on quantum materials in 2000 while working at Meridian Financial Group in Helsinki.,What topic did Sofia Taylor research?,quantum materials,43,Intermediate
154,Union Manufacturing Corp. was founded in Dublin in 2007 by Mei Okafor. The company now employs more than 500000 people across Finland.,In which city was Union Manufacturing Corp. founded?,Dublin,41,Beginner
155,"The robotics championship took place in Warsaw on November 25, 2023, drawing an audience of about 96000 people from around Indonesia.",Where did the robotics championship take place?,Warsaw,40,Advanced
156,"The science and innovation fair took place in Seoul on April 27, 2019, drawing an audience of about 1200 people from around Chile.",When did the science and innovation fair take place?,"April 27, 2019",55,Intermediate
157,Anna Müller published a research paper on genetic markers in 1994 while working at Global Trade Partners in Denver.,In what year did Anna Müller publish the paper?,1994,61,Intermediate
158,Elena Silva joined Zenith Pharmaceuticals as a project manager in 2016 and later moved to the Vancouver office in 2019.,What role did Elena Silva join Zenith Pharmaceuticals as?,project manager,47,Beginner
159,"The technology summit took place in Kuala Lumpur on March 1, 2025, drawing an audience of about 8700 people from around Canada.",When did the technology summit take place?,"March 1, 2025",52,Advanced
160,The Riverside Museum was completed in 1993 and is located in Vancouver. It attracts roughly 500000 visitors every year.,When was the Riverside Museum completed?,1993,38,Beginner
161,The Harborview Bridge was completed in 1996 and is located in Seoul. It attracts roughly 96000 visitors every year.,Where is the Harborview Bridge located?,Seoul,62,Advanced
162,Blue Horizon Airlines was founded in Toronto in 2015 by Sofia Nguyen. The company now employs more than 8700 people across Chile.,Who founded Blue Horizon Airlines?,Sofia Nguyen,56,Intermediate
163,The Old Town Hall was completed in 2003 and is located in Cape Town. It attracts roughly 8700 visitors every year.,When was the Old Town Hall completed?,2003,35,Beginner
164,Omar Anderson published a research paper on machine translation in 1993 while working at Zenith Pharmaceuticals in Berlin.,What topic did Omar Anderson research?,machine translation,44,Beginner
165,"The global health conference took place in Copenhagen on January 10, 2021, drawing an audience of about 22000 people from around Chile.",Where did the global health conference take place?,Copenhagen,43,Beginner
166,Summit Robotics Inc. was founded in Buenos Aires in 2020 by Mark Haddad. The company now employs more than 250000 people across Kenya.,In which city was Summit Robotics Inc. founded?,Buenos Aires,36,Advanced
167,Felix Wright joined Maple Street School District as a operations coordinator in 2002 and later moved to the Zurich office in 2007.,What role did Felix Wright join Maple Street School District as?,operations coordinator,54,Advanced
168,The Central Library was completed in 2006 and is located in Melbourne. It attracts roughly 45000 visitors every year.,When was the Central Library completed?,2006,37,Intermediate
169,Delta Cloud Services was founded in Manila in 1993 by Adaeze Fernandez. The company now employs more than 3400 people across Thailand.,In what year was Delta Cloud Services founded?,1993,46,Intermediate
170,The Riverside Museum was completed in 2015 and is located in Zurich. It attracts roughly 45000 visitors every year.,When was the Riverside Museum completed?,2015,38,Intermediate
171,The Riverside Museum was completed in 2000 and is located in Stockholm. It attracts roughly 15000 visitors every year.,When was the Riverside Museum completed?,2000,38,Intermediate
172,Cedar Grove Hospital was founded in Austin in 1994 by Hassan Taylor. The company now employs more than 500000 people across Egypt.,In what year was Cedar Grove Hospital founded?,1994,46,Intermediate
173,The National Science Center was completed in 2008 and is located in Copenhagen. It attracts roughly 1200 visitors every year.,Where is the National Science Center located?,Copenhagen,68,Intermediate
174,Redstone Consulting was founded in Denver in 1998 by Ibrahim Novak. The company now employs more than 45000 people across Japan.,Who founded Redstone Consulting?,Ibrahim Novak,53,Intermediate
175,Silverline Motors was founded in Dublin in 2000 by Nadia Haddad. The company now employs more than 1200 people across Argentina.,In which city was Silverline Motors founded?,Dublin,33,Beginner
176,Anna Larsen joined Crescent Media Group as a marketing director in 1995 and later moved to the Stockholm office in 1997.,In what year did Anna Larsen join Crescent Media Group?,1995,67,Advanced
177,"The global health conference took place in Dublin on September 1, 2022, drawing an audience of about 8700 people from around Egypt.",Where did the global health conference take place?,Dublin,43,Intermediate
178,"The international film festival took place in Buenos Aires on June 4, 2016, drawing an audience of about 1200 people from around South Korea.",Where did the international film festival take place?,Buenos Aires,46,Intermediate
179,"The international film festival took place in Denver on July 10, 2020, drawing an audience of about 22000 people from around Egypt.",When did the international film festival take place?,"July 10, 2020",56,Advanced
180,Leila Wright published a research paper on genetic markers in 1991 while working at Vertex Analytics in Austin.,Where was Leila Wright working when the paper was published?,Vertex Analytics,84,Advanced
181,The Old Town Hall was completed in 1997 and is located in Osaka. It attracts roughly 3400 visitors every year.,When was the Old Town Hall completed?,1997,35,Intermediate
182,Silverline Motors was founded in Cairo in 1998 by George Khan. The company now employs more than 15000 people across Australia.,Who founded Silverline Motors?,George Khan,50,Beginner
183,Crescent Media Group was founded in Stockholm in 2014 by Liam Kim. The company now employs more than 500000 people across the United States.,In what year was Crescent Media Group founded?,2014,49,Intermediate
184,NextGen Software Labs was founded in Stockholm in 1997 by Lucas Osei. The company now employs more than 500000 people across Germany.,Who founded NextGen Software Labs?,Lucas Osei,58,Intermediate
185,Emma Hall published a research paper on renewable energy storage in 2018 while working at Zenith Pharmaceuticals in Vancouver.,In what year did Emma Hall publish the paper?,2018,68,Intermediate
186,Grace Novak joined Northfield University as a operations coordinator in 1990 and later moved to the Cairo office in 1992.,What role did Grace Novak join Northfield University as?,operations coordinator,46,Intermediate
187,The Grand Observatory was completed in 1993 and is located in Buenos Aires. It attracts roughly 8700 visitors every year.,When was the Grand Observatory completed?,1993,39,Intermediate
188,The Harborview Bridge was completed in 1992 and is located in Austin. It attracts roughly 45000 visitors every year.,Where is the Harborview Bridge located?,Austin,62,Beginner
189,Falcon Logistics was founded in Kuala Lumpur in 2017 by Felix Costa. The company now employs more than 1200 people across Kenya.,Who founded Falcon Logistics?,Felix Costa,56,Intermediate
190,"The science and innovation fair took place in Cape Town on April 15, 2021, drawing an audience of about 22000 people from around Finland.",When did the science and innovation fair take place?,"April 15, 2021",59,Beginner
191,"The global health conference took place in Toronto on February 11, 2017, drawing an audience of about 8700 people from around Kenya.",When did the global health conference take place?,"February 11, 2017",54,Intermediate
192,"The global health conference took place in Seoul on May 14, 2018, drawing an audience of about 3400 people from around Australia.",When did the global health conference take place?,"May 14, 2018",52,Intermediate
193,Skyline Real Estate was founded in Vancouver in 2007 by Wei Nguyen. The company now employs more than 3400 people across the Czech Republic.,Who founded Skyline Real Estate?,Wei Nguyen,56,Intermediate
194,"The robotics championship took place in Melbourne on December 21, 2018, drawing an audience of about 22000 people from around Japan.",When did the robotics championship take place?,"December 21, 2018",53,Intermediate
195,The Grand Observatory was completed in 2023 and is located in Wellington. It attracts roughly 3400 visitors every year.,When was the Grand Observatory completed?,2023,39,Intermediate
196,Emma Wright published a research paper on machine translation in 1999 while working at Union Manufacturing Corp. in Osaka.,In what year did Emma Wright publish the paper?,1999,65,Beginner
197,Lakeside Medical Center was founded in Mumbai in 1999 by Ibrahim Green. The company now employs more than 45000 people across Sweden.,In which city was Lakeside Medical Center founded?,Mumbai,39,Intermediate
198,The Riverside Museum was completed in 2003 and is located in Vancouver. It attracts roughly 8700 visitors every year.,Where is the Riverside Museum located?,Vancouver,61,Advanced
199,James Costa joined Cedar Grove Hospital as a research scientist in 2015 and later moved to the Zurich office in 2020.,In what year did James Costa join Cedar Grove Hospital?,2015,67,Advanced
200,Silverline Motors was founded in Kuala Lumpur in 2002 by Priya Khan. The company now employs more than 8700 people across Indonesia.,In which city was Silverline Motors founded?,Kuala Lumpur,33,Advanced
201,"The global health conference took place in Osaka on September 14, 2018, drawing an audience of about 15000 people from around India.",When did the global health conference take place?,"September 14, 2018",52,Advanced
202,Samuel Walker published a research paper on urban air quality in 2023 while working at Riverside Bank in Osaka.,What topic did Samuel Walker research?,urban air quality,44,Advanced
203,"The international film festival took place in Warsaw on June 2, 2016, drawing an audience of about 500000 people from around Poland.",When did the international film festival take place?,"June 2, 2016",56,Beginner
204,Northfield University was founded in Santiago in 2023 by Nina Patel. The company now employs more than 1200 people across Japan.,In which city was Northfield University founded?,Santiago,37,Intermediate
205,Carlos Haddad joined Oakwood Publishing House as a senior analyst in 2005 and later moved to the Prague office in 2008.,Which office did Carlos Haddad later move to?,Prague,97,Beginner
206,The National Science Center was completed in 2003 and is located in Warsaw. It attracts roughly 250000 visitors every year.,When was the National Science Center completed?,2003,45,Intermediate
207,The Riverside Museum was completed in 1990 and is located in Prague. It attracts roughly 96000 visitors every year.,Where is the Riverside Museum located?,Prague,61,Intermediate
208,Lucas Khan published a research paper on machine translation in 2017 while working at Quantum Innovations in Osaka.,In what year did Lucas Khan publish the paper?,2017,64,Advanced
209,NextGen Software Labs was founded in Toronto in 2005 by Hana Dubois. The company now employs more than 8700 people across the Czech Republic.,In what year was NextGen Software Labs founded?,2005,48,Intermediate
210,"The global health conference took place in Stockholm on June 18, 2017, drawing an audience of about 45000 people from around the Philippines.",Where did the global health conference take place?,Stockholm,43,Intermediate
211,The National Science Center was completed in 2005 and is located in Bangkok. It attracts roughly 15000 visitors every year.,When was the National Science Center completed?,2005,45,Intermediate
212,The Old Town Hall was completed in 2022 and is located in Cape Town. It attracts roughly 3400 visitors every year.,When was the Old Town Hall completed?,2022,35,Intermediate
213,Sara Baker joined Lakeside Medical Center as a lead engineer in 2000 and later moved to the Marrakesh office in 2002.,What role did Sara Baker join Lakeside Medical Center as?,lead engineer,47,Advanced
214,Chloe Yamamoto joined Northfield University as a project manager in 2002 and later moved to the Wellington office in 2006.,Which office did Chloe Yamamoto later move to?,Wellington,96,Intermediate
215,Mark Smith joined Delta Cloud Services as a senior analyst in 2015 and later moved to the Amsterdam office in 2018.,Which office did Mark Smith later move to?,Amsterdam,90,Beginner
216,Aisha Clark joined Aurora Data Systems as a operations coordinator in 2021 and later moved to the Buenos Aires office in 2024.,In what year did Aisha Clark join Aurora Data Systems?,2021,70,Beginner
217,Quantum Innovations was founded in Osaka in 1997 by Hassan Walker. The company now employs more than 45000 people across Sweden.,Who founded Quantum Innovations?,Hassan Walker,52,Beginner
218,The National Science Center was completed in 1995 and is located in Marrakesh. It attracts roughly 15000 visitors every year.,When was the National Science Center completed?,1995,45,Beginner
219,Elena Rossi joined Silverline Motors as a lead engineer in 2017 and later moved to the Denver office in 2018.,What role did Elena Rossi join Silverline Motors as?,lead engineer,42,Advanced
220,"The science and innovation fair took place in Warsaw on April 17, 2017, drawing an audience of about 3400 people from around Kenya.",Where did the science and innovation fair take place?,Warsaw,46,Intermediate
221,Silverline Motors was founded in Buenos Aires in 2022 by Grace Silva. The company now employs more than 22000 people across the Philippines.,Who founded Silverline Motors?,Grace Silva,57,Advanced
222,"The annual jazz festival took place in Osaka on January 23, 2015, drawing an audience of about 15000 people from around Portugal.",Where did the annual jazz festival take place?,Osaka,39,Intermediate
223,Northfield University was founded in Nairobi in 1994 by Ahmed Costa. The company now employs more than 1200 people across Indonesia.,In which city was Northfield University founded?,Nairobi,37,Intermediate
224,The Riverside Museum was completed in 2006 and is located in Stockholm. It attracts roughly 15000 visitors every year.,Where is the Riverside Museum located?,Stockholm,61,Beginner
225,Carlos Silva joined Skyline Real Estate as a project manager in 2020 and later moved to the Edinburgh office in 2023.,In what year did Carlos Silva join Skyline Real Estate?,2020,64,Intermediate
226,Global Trade Partners was founded in Stockholm in 2008 by Liam Walker. The company now employs more than 45000 people across Thailand.,Who founded Global Trade Partners?,Liam Walker,58,Advanced
227,Anna Larsen joined Global Trade Partners as a research scientist in 2015 and later moved to the Austin office in 2018.,Which office did Anna Larsen later move to?,Austin,96,Beginner
228,Northfield University was founded in Buenos Aires in 2000 by Grace Dubois. The company now employs more than 15000 people across Argentina.,In which city was Northfield University founded?,Buenos Aires,37,Advanced
229,Jack Osei published a research paper on deep-sea biology in 2006 while working at Lakeside Medical Center in Marrakesh.,Where was Jack Osei working when the paper was published?,Lakeside Medical Center,82,Beginner
230,Isabella Kim published a research paper on genetic markers in 2006 while working at Silverline Motors in Vancouver.,In what year did Isabella Kim publish the paper?,2006,62,Beginner
231,Samuel Chen published a research paper on deep-sea biology in 1997 while working at Delta Cloud Services in Austin.,Where was Samuel Chen working when the paper was published?,Delta Cloud Services,84,Beginner
232,Hana Baker published a research paper on deep-sea biology in 2015 while working at Silverline Motors in Cairo.,In what year did Hana Baker publish the paper?,2015,61,Intermediate
233,Mei Clark published a research paper on deep-sea biology in 1998 while working at Vertex Analytics in Jakarta.,Where was Mei Clark working when the paper was published?,Vertex Analytics,82,Intermediate
234,"The science and innovation fair took place in Toronto on March 7, 2025, drawing an audience of about 250000 people from around Malaysia.",When did the science and innovation fair take place?,"March 7, 2025",57,Intermediate
235,The Grand Observatory was completed in 1996 and is located in Prague. It attracts roughly 96000 visitors every year.,When was the Grand Observatory completed?,1996,39,Beginner
236,Leila Yamamoto joined Evergreen Energy Co. as a lead engineer in 1994 and later moved to the Warsaw office in 1997.,Which office did Leila Yamamoto later move to?,Warsaw,93,Intermediate
237,Zenith Pharmaceuticals was founded in Helsinki in 2001 by Noah Novak. The company now employs more than 45000 people across the Netherlands.,In what year was Zenith Pharmaceuticals founded?,2001,50,Beginner
238,The Old Town Hall was completed in 1991 and is located in Seoul. It attracts roughly 45000 visitors every year.,Where is the Old Town Hall located?,Seoul,58,Intermediate
239,Riverside Bank was founded in Vancouver in 2010 by Ahmed Yamamoto. The company now employs more than 22000 people across India.,In which city was Riverside Bank founded?,Vancouver,30,Beginner
240,The Harborview Bridge was completed in 1994 and is located in Nairobi. It attracts roughly 45000 visitors every year.,Where is the Harborview Bridge located?,Nairobi,62,Beginner
241,"The global health conference took place in Bangkok on January 17, 2020, drawing an audience of about 250000 people from around Germany.",Where did the global health conference take place?,Bangkok,43,Beginner
242,Skyline Real Estate was founded in Stockholm in 2013 by Ahmed Okafor. The company now employs more than 15000 people across Canada.,In what year was Skyline Real Estate founded?,2013,48,Intermediate
243,The Old Town Hall was completed in 2023 and is located in Mumbai. It attracts roughly 96000 visitors every year.,Where is the Old Town Hall located?,Mumbai,58,Advanced
244,Sofia Novak joined Riverside Bank as a senior analyst in 1996 and later moved to the Austin office in 1997.,Which office did Sofia Novak later move to?,Austin,85,Intermediate
245,Pioneer Research Institute was founded in Mumbai in 2013 by Hassan Petrov. The company now employs more than 96000 people across South Africa.,In what year was Pioneer Research Institute founded?,2013,52,Intermediate
246,"The global health conference took place in Copenhagen on June 5, 2021, drawing an audience of about 96000 people from around the Philippines.",When did the global health conference take place?,"June 5, 2021",57,Beginner
247,The Old Town Hall was completed in 1999 and is located in Toronto. It attracts roughly 15000 visitors every year.,When was the Old Town Hall completed?,1999,35,Advanced
248,Delta Cloud Services was founded in Cape Town in 2016 by Daniel Chen. The company now employs more than 45000 people across Ireland.,Who founded Delta Cloud Services?,Daniel Chen,57,Intermediate
249,Zainab Walker joined Quantum Innovations as a operations coordinator in 2002 and later moved to the Jakarta office in 2004.,In what year did Zainab Walker join Quantum Innovations?,2002,72,Advanced
250,Hana Okafor joined Oakwood Publishing House as a lead engineer in 1996 and later moved to the Warsaw office in 2000.,What role did Hana Okafor join Oakwood Publishing House as?,lead engineer,49,Advanced
251,The National Science Center was completed in 2015 and is located in Kuala Lumpur. It attracts roughly 8700 visitors every year.,When was the National Science Center completed?,2015,45,Beginner
252,Quantum Innovations was founded in Lisbon in 2011 by Liam Johansson. The company now employs more than 3400 people across Canada.,In what year was Quantum Innovations founded?,2011,45,Intermediate
253,"The annual jazz festival took place in Austin on October 27, 2022, drawing an audience of about 8700 people from around Thailand.",Where did the annual jazz festival take place?,Austin,39,Beginner
254,Maria Ivanov published a research paper on quantum materials in 1997 while working at Ironwood Steel Works in Amsterdam.,Where was Maria Ivanov working when the paper was published?,Ironwood Steel Works,86,Beginner
255,Ingrid Rossi joined Union Manufacturing Corp. as a marketing director in 2008 and later moved to the Jakarta office in 2013.,Which office did Ingrid Rossi later move to?,Jakarta,101,Advanced
256,Quantum Innovations was founded in Santiago in 1994 by Ibrahim King. The company now employs more than 500000 people across the Czech Republic.,In which city was Quantum Innovations founded?,Santiago,35,Beginner
257,Zenith Pharmaceuticals was founded in Toronto in 2014 by Mei Dubois. The company now employs more than 500000 people across the Philippines.,Who founded Zenith Pharmaceuticals?,Mei Dubois,57,Intermediate
258,Mark Wilson joined Maple Street School District as a lead engineer in 2023 and later moved to the Kuala Lumpur office in 2026.,Which office did Mark Wilson later move to?,Kuala Lumpur,98,Intermediate
259,Sara Baker published a research paper on genetic markers in 2003 while working at Golden Gate Retailers in Prague.,Where was Sara Baker working when the paper was published?,Golden Gate Retailers,82,Beginner
260,Noah Costa joined Maple Street School District as a project manager in 2020 and later moved to the Toronto office in 2025.,What role did Noah Costa join Maple Street School District as?,project manager,52,Advanced
261,Fatima Petrov joined NextGen Software Labs as a marketing director in 2006 and later moved to the Prague office in 2009.,What role did Fatima Petrov join NextGen Software Labs as?,marketing director,48,Intermediate
262,"The international film festival took place in Cairo on April 2, 2020, drawing an audience of about 96000 people from around South Africa.",Where did the international film festival take place?,Cairo,46,Advanced
263,"The annual jazz festival took place in Osaka on November 14, 2020, drawing an audience of about 96000 people from around the Czech Republic.",Where did the annual jazz festival take place?,Osaka,39,Advanced
264,"The international film festival took place in Prague on June 10, 2019, drawing an audience of about 96000 people from around the United States.",Where did the international film festival take place?,Prague,46,Intermediate
265,"The science and innovation fair took place in Kuala Lumpur on April 13, 2018, drawing an audience of about 96000 people from around Japan.",Where did the science and innovation fair take place?,Kuala Lumpur,46,Intermediate
266,The Old Town Hall was completed in 2009 and is located in Manila. It attracts roughly 500000 visitors every year.,When was the Old Town Hall completed?,2009,35,Beginner
267,Liam Ivanov published a research paper on urban air quality in 2004 while working at Golden Gate Retailers in Austin.,Where was Liam Ivanov working when the paper was published?,Golden Gate Retailers,85,Beginner
268,The Grand Observatory was completed in 2003 and is located in Cape Town. It attracts roughly 500000 visitors every year.,When was the Grand Observatory completed?,2003,39,Intermediate
269,"The annual jazz festival took place in Warsaw on April 4, 2018, drawing an audience of about 22000 people from around Portugal.",When did the annual jazz festival take place?,"April 4, 2018",49,Advanced
270,Vertex Analytics was founded in Wellington in 2020 by Maria Wright. The company now employs more than 15000 people across the Netherlands.,Who founded Vertex Analytics?,Maria Wright,54,Advanced
271,Wei Green published a research paper on machine translation in 1999 while working at Aurora Data Systems in Amsterdam.,In what year did Wei Green publish the paper?,1999,63,Beginner
272,Noah Young published a research paper on genetic markers in 2017 while working at Skyline Real Estate in Cairo.,Where was Noah Young working when the paper was published?,Skyline Real Estate,82,Intermediate
273,"The global health conference took place in Bangkok on March 22, 2023, drawing an audience of about 96000 people from around the Philippines.",Where did the global health conference take place?,Bangkok,43,Intermediate
274,The Central Library was completed in 1993 and is located in Osaka. It attracts roughly 500000 visitors every year.,When was the Central Library completed?,1993,37,Beginner
275,Charlotte Young published a research paper on urban air quality in 1992 while working at Quantum Innovations in Wellington.,What topic did Charlotte Young research?,urban air quality,46,Advanced
276,"The annual jazz festival took place in Dublin on March 24, 2020, drawing an audience of about 22000 people from around Indonesia.",Where did the annual jazz festival take place?,Dublin,39,Beginner
277,The Riverside Museum was completed in 2021 and is located in Cairo. It attracts roughly 8700 visitors every year.,When was the Riverside Museum completed?,2021,38,Beginner
278,The National Science Center was completed in 2018 and is located in Manila. It attracts roughly 3400 visitors every year.,When was the National Science Center completed?,2018,45,Intermediate
279,Blue Horizon Airlines was founded in Santiago in 2006 by Charlotte Kowalski. The company now employs more than 250000 people across the United States.,In what year was Blue Horizon Airlines founded?,2006,49,Intermediate
280,"The technology summit took place in Manila on February 27, 2017, drawing an audience of about 45000 people from around the Czech Republic.",Where did the technology summit take place?,Manila,36,Advanced
281,Blue Horizon Airlines was founded in Seoul in 2009 by Emma Nguyen. The company now employs more than 250000 people across India.,Who founded Blue Horizon Airlines?,Emma Nguyen,54,Beginner
282,The Harborview Bridge was completed in 2023 and is located in Cairo. It attracts roughly 3400 visitors every year.,Where is the Harborview Bridge located?,Cairo,62,Beginner
283,Samuel Okafor published a research paper on renewable energy storage in 2020 while working at BrightFuture Foundation in Marrakesh.,In what year did Samuel Okafor publish the paper?,2020,72,Advanced
284,Lucas Novak joined Lakeside Medical Center as a operations coordinator in 2005 and later moved to the Jakarta office in 2009.,What role did Lucas Novak join Lakeside Medical Center as?,operations coordinator,48,Intermediate
285,Anna Rossi joined Silverline Motors as a lead engineer in 2021 and later moved to the Zurich office in 2024.,What role did Anna Rossi join Silverline Motors as?,lead engineer,41,Intermediate
286,Ingrid Anderson joined NextGen Software Labs as a operations coordinator in 2013 and later moved to the Bangkok office in 2016.,Which office did Ingrid Anderson later move to?,Bangkok,104,Beginner
287,Aisha Yamamoto published a research paper on urban air quality in 2022 while working at Pioneer Research Institute in Wellington.,What topic did Aisha Yamamoto research?,urban air quality,45,Beginner
288,The Old Town Hall was completed in 2006 and is located in Copenhagen. It attracts roughly 3400 visitors every year.,When was the Old Town Hall completed?,2006,35,Beginner
289,Zainab Haddad joined Golden Gate Retailers as a project manager in 2007 and later moved to the Buenos Aires office in 2008.,What role did Zainab Haddad join Golden Gate Retailers as?,project manager,48,Beginner
290,The Riverside Museum was completed in 1994 and is located in Jakarta. It attracts roughly 45000 visitors every year.,Where is the Riverside Museum located?,Jakarta,61,Intermediate
291,Amara Anderson published a research paper on machine translation in 2007 while working at Maple Street School District in Nairobi.,In what year did Amara Anderson publish the paper?,2007,68,Beginner
292,The Harborview Bridge was completed in 1996 and is located in Toronto. It attracts roughly 250000 visitors every year.,When was the Harborview Bridge completed?,1996,39,Intermediate
293,Zainab Young joined Crescent Media Group as a marketing director in 2007 and later moved to the Stockholm office in 2008.,Which office did Zainab Young later move to?,Stockholm,96,Advanced
294,The Old Town Hall was completed in 2023 and is located in Stockholm. It attracts roughly 45000 visitors every year.,Where is the Old Town Hall located?,Stockholm,58,Beginner
295,Golden Gate Retailers was founded in Cairo in 2018 by Sara Taylor. The company now employs more than 8700 people across Germany.,In what year was Golden Gate Retailers founded?,2018,46,Intermediate
296,The Riverside Museum was completed in 1995 and is located in Berlin. It attracts roughly 3400 visitors every year.,Where is the Riverside Museum located?,Berlin,61,Advanced
297,The Old Town Hall was completed in 2004 and is located in Buenos Aires. It attracts roughly 45000 visitors every year.,When was the Old Town Hall completed?,2004,35,Advanced
298,Mark Suzuki joined Coastal Insurance Co. as a marketing director in 1997 and later moved to the Jakarta office in 1999.,What role did Mark Suzuki join Coastal Insurance Co. as?,marketing director,46,Beginner
299,Maria Haddad joined Redstone Consulting as a project manager in 2015 and later moved to the Bangkok office in 2020.,In what year did Maria Haddad join Redstone Consulting?,2015,64,Advanced
300,BrightFuture Foundation was founded in Santiago in 2010 by Lucas Walker. The company now employs more than 250000 people across India.,In which city was BrightFuture Foundation founded?,Santiago,39,Intermediate
301,Redstone Consulting was founded in Vancouver in 2019 by Nina Moore. The company now employs more than 1200 people across South Africa.,In which city was Redstone Consulting founded?,Vancouver,35,Intermediate
302,"The international film festival took place in Vancouver on January 20, 2022, drawing an audience of about 15000 people from around Argentina.",When did the international film festival take place?,"January 20, 2022",59,Beginner
303,Charlotte Wright joined Union Manufacturing Corp. as a research scientist in 2023 and later moved to the Stockholm office in 2025.,In what year did Charlotte Wright join Union Manufacturing Corp.?,2023,77,Advanced
304,David Osei published a research paper on machine translation in 1993 while working at Brightline Technologies in Jakarta.,In what year did David Osei publish the paper?,1993,64,Intermediate
305,Nadia Moore published a research paper on quantum materials in 2017 while working at Vertex Analytics in Amsterdam.,In what year did Nadia Moore publish the paper?,2017,63,Advanced
306,Vertex Analytics was founded in Amsterdam in 1997 by Ahmed Okafor. The company now employs more than 250000 people across Chile.,In which city was Vertex Analytics founded?,Amsterdam,32,Advanced
307,Meridian Financial Group was founded in Cairo in 2022 by Sofia Suzuki. The company now employs more than 96000 people across South Korea.,In which city was Meridian Financial Group founded?,Cairo,40,Beginner
308,Priya Wright published a research paper on renewable energy storage in 1993 while working at Summit Robotics Inc. in Kuala Lumpur.,In what year did Priya Wright publish the paper?,1993,71,Advanced
309,The Harborview Bridge was completed in 1998 and is located in Santiago. It attracts roughly 250000 visitors every year.,Where is the Harborview Bridge located?,Santiago,62,Beginner
310,The Central Library was completed in 2002 and is located in Melbourne. It attracts roughly 250000 visitors every year.,When was the Central Library completed?,2002,37,Advanced
311,Mark Moore joined Golden Gate Retailers as a lead engineer in 2018 and later moved to the Melbourne office in 2022.,Which office did Mark Moore later move to?,Melbourne,90,Advanced
312,Crescent Media Group was founded in Vancouver in 1997 by Mei Scott. The company now employs more than 1200 people across Malaysia.,In what year was Crescent Media Group founded?,1997,49,Advanced
313,Brightline Technologies was founded in Stockholm in 2009 by Wei Yamamoto. The company now employs more than 3400 people across Thailand.,In what year was Brightline Technologies founded?,2009,52,Beginner
314,"The robotics championship took place in Stockholm on November 22, 2016, drawing an audience of about 8700 people from around Sweden.",When did the robotics championship take place?,"November 22, 2016",53,Beginner
315,Ahmed Kowalski published a research paper on genetic markers in 1997 while working at Coastal Insurance Co. in Lisbon.,In what year did Ahmed Kowalski publish the paper?,1997,64,Beginner
316,Samuel Chen published a research paper on urban air quality in 1996 while working at Vertex Analytics in Zurich.,In what year did Samuel Chen publish the paper?,1996,63,Beginner
317,"The annual jazz festival took place in Cairo on February 7, 2024, drawing an audience of about 45000 people from around Finland.",Where did the annual jazz festival take place?,Cairo,39,Beginner
318,Meridian Financial Group was founded in Marrakesh in 2018 by Adaeze Johansson. The company now employs more than 15000 people across Egypt.,Who founded Meridian Financial Group?,Adaeze Johansson,61,Beginner
319,"The annual jazz festival took place in Cairo on September 16, 2019, drawing an audience of about 3400 people from around Malaysia.",Where did the annual jazz festival take place?,Cairo,39,Beginner
320,Kevin Young joined Delta Cloud Services as a senior analyst in 1991 and later moved to the Stockholm office in 1996.,What role did Kevin Young join Delta Cloud Services as?,senior analyst,45,Intermediate
321,Ingrid Brown joined Harborview College as a project manager in 2001 and later moved to the Austin office in 2003.,In what year did Ingrid Brown join Harborview College?,2001,63,Advanced
322,"The robotics championship took place in Mumbai on April 12, 2018, drawing an audience of about 250000 people from around Egypt.",Where did the robotics championship take place?,Mumbai,40,Beginner
323,"The technology summit took place in Dublin on April 15, 2020, drawing an audience of about 250000 people from around Australia.",When did the technology summit take place?,"April 15, 2020",46,Intermediate
324,The Riverside Museum was completed in 1991 and is located in Berlin. It attracts roughly 22000 visitors every year.,Where is the Riverside Museum located?,Berlin,61,Advanced
325,Ibrahim Green joined Harborview College as a senior analyst in 2015 and later moved to the Manila office in 2020.,In what year did Ibrahim Green join Harborview College?,2015,63,Beginner
326,Daniel Costa joined Union Manufacturing Corp. as a operations coordinator in 2004 and later moved to the Mumbai office in 2005.,Which office did Daniel Costa later move to?,Mumbai,105,Intermediate
327,Union Manufacturing Corp. was founded in Vancouver in 2004 by Olivia King. The company now employs more than 500000 people across Ireland.,In which city was Union Manufacturing Corp. founded?,Vancouver,41,Beginner
328,The Old Town Hall was completed in 2016 and is located in Melbourne. It attracts roughly 500000 visitors every year.,Where is the Old Town Hall located?,Melbourne,58,Intermediate
329,"The robotics championship took place in Nairobi on May 21, 2021, drawing an audience of about 1200 people from around the United States.",Where did the robotics championship take place?,Nairobi,40,Advanced
330,Felix Osei published a research paper on renewable energy storage in 1998 while working at Delta Cloud Services in Cairo.,Where was Felix Osei working when the paper was published?,Delta Cloud Services,91,Beginner
331,Pioneer Research Institute was founded in Cape Town in 2010 by Ibrahim Garcia. The company now employs more than 1200 people across Kenya.,In which city was Pioneer Research Institute founded?,Cape Town,42,Advanced
332,Noah Young published a research paper on urban air quality in 2013 while working at Coastal Insurance Co. in Denver.,Where was Noah Young working when the paper was published?,Coastal Insurance Co.,84,Intermediate
333,Ingrid Fernandez joined Aurora Data Systems as a project manager in 1996 and later moved to the Melbourne office in 1997.,Which office did Ingrid Fernandez later move to?,Melbourne,96,Beginner
334,Ironwood Steel Works was founded in Zurich in 1990 by Chloe Moore. The company now employs more than 250000 people across Malaysia.,In which city was Ironwood Steel Works founded?,Zurich,36,Advanced
335,Ethan Petrov published a research paper on quantum materials in 1998 while working at Coastal Insurance Co. in Zurich.,In what year did Ethan Petrov publish the paper?,1998,64,Intermediate
336,David Fernandez joined Falcon Logistics as a lead engineer in 2018 and later moved to the Santiago office in 2021.,Which office did David Fernandez later move to?,Santiago,90,Beginner
337,Nina Young published a research paper on machine translation in 2005 while working at Evergreen Energy Co. in Nairobi.,What topic did Nina Young research?,machine translation,41,Beginner
338,The Central Library was completed in 2003 and is located in Cape Town. It attracts roughly 3400 visitors every year.,Where is the Central Library located?,Cape Town,60,Beginner
339,The National Science Center was completed in 1994 and is located in Cairo. It attracts roughly 1200 visitors every year.,Where is the National Science Center located?,Cairo,68,Beginner
340,"The technology summit took place in Lisbon on February 15, 2024, drawing an audience of about 500000 people from around Poland.",Where did the technology summit take place?,Lisbon,36,Beginner
341,"The international film festival took place in Prague on July 15, 2015, drawing an audience of about 3400 people from around the Philippines.",Where did the international film festival take place?,Prague,46,Intermediate
342,"The international film festival took place in Nairobi on February 24, 2025, drawing an audience of about 45000 people from around the Philippines.",When did the international film festival take place?,"February 24, 2025",57,Intermediate
343,"The annual jazz festival took place in Santiago on February 14, 2018, drawing an audience of about 15000 people from around the Philippines.",Where did the annual jazz festival take place?,Santiago,39,Advanced
344,Nina Haddad joined Vertex Analytics as a lead engineer in 2002 and later moved to the Buenos Aires office in 2007.,What role did Nina Haddad join Vertex Analytics as?,lead engineer,41,Beginner
345,Hana Green joined Ironwood Steel Works as a project manager in 1995 and later moved to the Jakarta office in 2000.,Which office did Hana Green later move to?,Jakarta,91,Intermediate
346,Nina Petrov published a research paper on renewable energy storage in 2011 while working at BrightFuture Foundation in Marrakesh.,In what year did Nina Petrov publish the paper?,2011,70,Intermediate
347,The Central Library was completed in 2001 and is located in Melbourne. It attracts roughly 15000 visitors every year.,When was the Central Library completed?,2001,37,Beginner
348,Isabella Lewis joined Summit Robotics Inc. as a senior analyst in 2021 and later moved to the Warsaw office in 2025.,What role did Isabella Lewis join Summit Robotics Inc. as?,senior analyst,48,Intermediate
349,The National Science Center was completed in 1996 and is located in Marrakesh. It attracts roughly 8700 visitors every year.,When was the National Science Center completed?,1996,45,Intermediate
350,Ravi Suzuki published a research paper on renewable energy storage in 2007 while working at Cedar Grove Hospital in Santiago.,In what year did Ravi Suzuki publish the paper?,2007,70,Beginner
351,Sofia Petrov joined Brightline Technologies as a operations coordinator in 2020 and later moved to the Cairo office in 2025.,In what year did Sofia Petrov join Brightline Technologies?,2020,75,Advanced
352,Leila Osei published a research paper on renewable energy storage in 1997 while working at Pioneer Research Institute in Cape Town.,In what year did Leila Osei publish the paper?,1997,69,Beginner
353,Ravi Rossi joined BrightFuture Foundation as a senior analyst in 2003 and later moved to the Copenhagen office in 2008.,What role did Ravi Rossi join BrightFuture Foundation as?,senior analyst,47,Advanced
354,The Harborview Bridge was completed in 2014 and is located in Lisbon. It attracts roughly 250000 visitors every year.,Where is the Harborview Bridge located?,Lisbon,62,Beginner
355,Coastal Insurance Co. was founded in Dublin in 2019 by Carlos Wright. The company now employs more than 1200 people across Argentina.,Who founded Coastal Insurance Co.?,Carlos Wright,55,Intermediate
356,Delta Cloud Services was founded in Prague in 2008 by Jack Green. The company now employs more than 500000 people across the Czech Republic.,Who founded Delta Cloud Services?,Jack Green,54,Advanced
357,Charlotte Clark joined Blue Horizon Airlines as a marketing director in 1991 and later moved to the Mumbai office in 1994.,Which office did Charlotte Clark later move to?,Mumbai,100,Beginner
358,The Riverside Museum was completed in 1994 and is located in Lisbon. It attracts roughly 96000 visitors every year.,Where is the Riverside Museum located?,Lisbon,61,Beginner
359,Isabella Walker joined Harborview College as a lead engineer in 2016 and later moved to the Helsinki office in 2018.,Which office did Isabella Walker later move to?,Helsinki,92,Intermediate
360,Lakeside Medical Center was founded in Dublin in 1992 by Adaeze Yamamoto. The company now employs more than 500000 people across Chile.,In what year was Lakeside Medical Center founded?,1992,49,Intermediate
361,"The annual jazz festival took place in Buenos Aires on March 6, 2024, drawing an audience of about 22000 people from around Germany.",When did the annual jazz festival take place?,"March 6, 2024",55,Beginner
362,Elena Wright joined Harborview College as a lead engineer in 1999 and later moved to the Cairo office in 2002.,Which office did Elena Wright later move to?,Cairo,89,Beginner
363,Mateus Kim joined Zenith Pharmaceuticals as a lead engineer in 1994 and later moved to the Bangkok office in 1999.,Which office did Mateus Kim later move to?,Bangkok,91,Intermediate
364,Zainab Brown joined Blue Horizon Airlines as a marketing director in 2018 and later moved to the Lisbon office in 2022.,What role did Zainab Brown join Blue Horizon Airlines as?,marketing director,47,Beginner
365,The Old Town Hall was completed in 1991 and is located in Zurich. It attracts roughly 15000 visitors every year.,When was the Old Town Hall completed?,1991,35,Advanced
366,Pioneer Research Institute was founded in Prague in 1991 by Hassan Johansson. The company now employs more than 8700 people across Denmark.,In what year was Pioneer Research Institute founded?,1991,52,Beginner
367,Julia Johansson joined Redstone Consulting as a operations coordinator in 1999 and later moved to the Kuala Lumpur office in 2002.,Which office did Julia Johansson later move to?,Kuala Lumpur,102,Beginner
368,Nina Walker joined Oakwood Publishing House as a lead engineer in 1994 and later moved to the Bangkok office in 1996.,Which office did Nina Walker later move to?,Bangkok,94,Intermediate
369,Priya Rossi published a research paper on machine translation in 2009 while working at Union Manufacturing Corp. in Vancouver.,In what year did Priya Rossi publish the paper?,2009,65,Intermediate
370,Julia Lewis published a research paper on genetic markers in 2018 while working at BrightFuture Foundation in Berlin.,In what year did Julia Lewis publish the paper?,2018,61,Advanced
371,The Grand Observatory was completed in 1999 and is located in Amsterdam. It attracts roughly 22000 visitors every year.,When was the Grand Observatory completed?,1999,39,Beginner
372,Kevin Osei joined Redstone Consulting as a lead engineer in 2012 and later moved to the Melbourne office in 2014.,What role did Kevin Osei join Redstone Consulting as?,lead engineer,43,Advanced
373,Olivia Okafor published a research paper on genetic markers in 2019 while working at Oakwood Publishing House in Warsaw.,Where was Olivia Okafor working when the paper was published?,Oakwood Publishing House,85,Beginner
374,Golden Gate Retailers was founded in Manila in 2006 by Zainab Walker. The company now employs more than 45000 people across Poland.,In what year was Golden Gate Retailers founded?,2006,47,Intermediate
375,The Central Library was completed in 2010 and is located in Melbourne. It attracts roughly 1200 visitors every year.,Where is the Central Library located?,Melbourne,60,Beginner
376,Nadia Fernandez joined Oakwood Publishing House as a lead engineer in 1993 and later moved to the Buenos Aires office in 1994.,What role did Nadia Fernandez join Oakwood Publishing House as?,lead engineer,53,Beginner
377,Omar Patel published a research paper on urban air quality in 2008 while working at Ironwood Steel Works in Lisbon.,In what year did Omar Patel publish the paper?,2008,62,Intermediate
378,Liam Wright published a research paper on quantum materials in 2011 while working at Silverline Motors in Seoul.,In what year did Liam Wright publish the paper?,2011,63,Intermediate
379,The Harborview Bridge was completed in 1994 and is located in Bangkok. It attracts roughly 22000 visitors every year.,When was the Harborview Bridge completed?,1994,39,Advanced
380,George Costa joined BrightFuture Foundation as a project manager in 2015 and later moved to the Lisbon office in 2019.,Which office did George Costa later move to?,Lisbon,96,Beginner
381,"The robotics championship took place in Zurich on September 13, 2023, drawing an audience of about 1200 people from around Germany.",Where did the robotics championship take place?,Zurich,40,Intermediate
382,Noah Walker published a research paper on deep-sea biology in 2016 while working at Coastal Insurance Co. in Marrakesh.,In what year did Noah Walker publish the paper?,2016,62,Beginner
383,The National Science Center was completed in 2015 and is located in Mumbai. It attracts roughly 22000 visitors every year.,When was the National Science Center completed?,2015,45,Advanced
384,Silverline Motors was founded in Kuala Lumpur in 1997 by Yuki Young. The company now employs more than 96000 people across Finland.,In what year was Silverline Motors founded?,1997,49,Advanced
385,Hana Garcia joined Aurora Data Systems as a research scientist in 2012 and later moved to the Wellington office in 2017.,What role did Hana Garcia join Aurora Data Systems as?,research scientist,44,Advanced
386,Grace Moore joined Quantum Innovations as a project manager in 2002 and later moved to the Austin office in 2004.,Which office did Grace Moore later move to?,Austin,91,Beginner
387,"The global health conference took place in Buenos Aires on March 8, 2021, drawing an audience of about 500000 people from around South Korea.",Where did the global health conference take place?,Buenos Aires,43,Beginner
388,"The robotics championship took place in Santiago on December 7, 2018, drawing an audience of about 500000 people from around Germany.",Where did the robotics championship take place?,Santiago,40,Intermediate
389,George Baker joined NextGen Software Labs as a research scientist in 1991 and later moved to the Wellington office in 1993.,Which office did George Baker later move to?,Wellington,97,Advanced
390,"The international film festival took place in Lisbon on June 23, 2017, drawing an audience of about 15000 people from around South Korea.",Where did the international film festival take place?,Lisbon,46,Intermediate
391,Yuki Brown published a research paper on machine translation in 1996 while working at Redstone Consulting in Jakarta.,Where was Yuki Brown working when the paper was published?,Redstone Consulting,86,Intermediate
392,"The annual jazz festival took place in Manila on March 17, 2024, drawing an audience of about 45000 people from around Egypt.",When did the annual jazz festival take place?,"March 17, 2024",49,Beginner
393,Zainab Suzuki published a research paper on renewable energy storage in 2013 while working at Delta Cloud Services in Kuala Lumpur.,In what year did Zainab Suzuki publish the paper?,2013,72,Intermediate
394,Priya Chen published a research paper on urban air quality in 2002 while working at Crescent Media Group in Vancouver.,In what year did Priya Chen publish the paper?,2002,62,Beginner
395,"The technology summit took place in Warsaw on May 16, 2020, drawing an audience of about 96000 people from around Argentina.",Where did the technology summit take place?,Warsaw,36,Beginner
396,Ravi Smith joined Delta Cloud Services as a lead engineer in 2007 and later moved to the Copenhagen office in 2011.,Which office did Ravi Smith later move to?,Copenhagen,89,Advanced
397,Mateus Smith published a research paper on renewable energy storage in 2021 while working at NextGen Software Labs in Stockholm.,What topic did Mateus Smith research?,renewable energy storage,43,Beginner
398,"The technology summit took place in Vancouver on September 4, 2020, drawing an audience of about 8700 people from around India.",Where did the technology summit take place?,Vancouver,36,Intermediate
399,Leila Taylor published a research paper on quantum materials in 2015 while working at Lakeside Medical Center in Zurich.,In what year did Leila Taylor publish the paper?,2015,64,Advanced
400,Ahmed Johansson joined Maple Street School District as a research scientist in 2022 and later moved to the Nairobi office in 2026.,In what year did Ahmed Johansson join Maple Street School District?,2022,79,Intermediate
401,The Riverside Museum was completed in 2000 and is located in Wellington. It attracts roughly 500000 visitors every year.,Where is the Riverside Museum located?,Wellington,61,Beginner
402,"The annual jazz festival took place in Manila on February 16, 2025, drawing an audience of about 45000 people from around Germany.",Where did the annual jazz festival take place?,Manila,39,Intermediate
403,The Central Library was completed in 1997 and is located in Osaka. It attracts roughly 96000 visitors every year.,Where is the Central Library located?,Osaka,60,Advanced
404,The Grand Observatory was completed in 2001 and is located in Bangkok. It attracts roughly 15000 visitors every year.,When was the Grand Observatory completed?,2001,39,Advanced
405,Riverside Bank was founded in Wellington in 2011 by Wei Kowalski. The company now employs more than 45000 people across Malaysia.,Who founded Riverside Bank?,Wei Kowalski,52,Beginner
406,Union Manufacturing Corp. was founded in Stockholm in 2007 by Anna Chen. The company now employs more than 96000 people across Canada.,In which city was Union Manufacturing Corp. founded?,Stockholm,41,Advanced
407,The Harborview Bridge was completed in 1994 and is located in Mumbai. It attracts roughly 500000 visitors every year.,Where is the Harborview Bridge located?,Mumbai,62,Beginner
408,"The robotics championship took place in Dublin on October 19, 2021, drawing an audience of about 1200 people from around Argentina.",When did the robotics championship take place?,"October 19, 2021",50,Intermediate
409,"The technology summit took place in Toronto on July 23, 2024, drawing an audience of about 22000 people from around Australia.",Where did the technology summit take place?,Toronto,36,Intermediate
410,"The international film festival took place in Denver on April 1, 2025, drawing an audience of about 15000 people from around Denmark.",Where did the international film festival take place?,Denver,46,Beginner
411,"The annual jazz festival took place in Stockholm on December 12, 2021, drawing an audience of about 22000 people from around Egypt.",When did the annual jazz festival take place?,"December 12, 2021",52,Intermediate
412,Amara Rossi published a research paper on machine translation in 2000 while working at Falcon Logistics in Cairo.,In what year did Amara Rossi publish the paper?,2000,65,Beginner
413,Julia Fernandez joined Northfield University as a project manager in 1990 and later moved to the Buenos Aires office in 1992.,Which office did Julia Fernandez later move to?,Buenos Aires,97,Intermediate
414,"The annual jazz festival took place in Manila on August 3, 2015, drawing an audience of about 15000 people from around Malaysia.",When did the annual jazz festival take place?,"August 3, 2015",49,Beginner
415,"The robotics championship took place in Austin on June 10, 2023, drawing an audience of about 22000 people from around South Africa.",When did the robotics championship take place?,"June 10, 2023",50,Beginner
416,"The robotics championship took place in Cape Town on February 5, 2024, drawing an audience of about 96000 people from around the Philippines.",When did the robotics championship take place?,"February 5, 2024",53,Advanced
417,The Riverside Museum was completed in 2004 and is located in Jakarta. It attracts roughly 22000 visitors every year.,Where is the Riverside Museum located?,Jakarta,61,Beginner
418,Cedar Grove Hospital was founded in Seoul in 2021 by Ingrid Fernandez. The company now employs more than 22000 people across Canada.,In which city was Cedar Grove Hospital founded?,Seoul,36,Intermediate
419,"The international film festival took place in Seoul on November 15, 2015, drawing an audience of about 45000 people from around Japan.",When did the international film festival take place?,"November 15, 2015",55,Intermediate
420,The Harborview Bridge was completed in 2006 and is located in Melbourne. It attracts roughly 8700 visitors every year.,Where is the Harborview Bridge located?,Melbourne,62,Beginner
421,Zenith Pharmaceuticals was founded in Jakarta in 1998 by Sara Novak. The company now employs more than 250000 people across Australia.,Who founded Zenith Pharmaceuticals?,Sara Novak,57,Intermediate
422,Isabella Young joined Evergreen Energy Co. as a senior analyst in 2010 and later moved to the Kuala Lumpur office in 2011.,Which office did Isabella Young later move to?,Kuala Lumpur,94,Intermediate
423,Fatima Hall published a research paper on quantum materials in 2011 while working at Crescent Media Group in Melbourne.,Where was Fatima Hall working when the paper was published?,Crescent Media Group,85,Beginner
424,Elena Ivanov published a research paper on genetic markers in 2015 while working at Vertex Analytics in Copenhagen.,In what year did Elena Ivanov publish the paper?,2015,62,Beginner
425,The National Science Center was completed in 1997 and is located in Nairobi. It attracts roughly 3400 visitors every year.,Where is the National Science Center located?,Nairobi,68,Beginner
426,Mateus Hall joined Quantum Innovations as a operations coordinator in 2006 and later moved to the Mumbai office in 2009.,Which office did Mateus Hall later move to?,Mumbai,98,Intermediate
427,"The technology summit took place in Prague on May 13, 2019, drawing an audience of about 1200 people from around Indonesia.",Where did the technology summit take place?,Prague,36,Intermediate
428,Jack Silva joined Oakwood Publishing House as a lead engineer in 2010 and later moved to the Mumbai office in 2014.,Which office did Jack Silva later move to?,Mumbai,93,Beginner
429,Amara Petrov published a research paper on renewable energy storage in 2019 while working at Cedar Grove Hospital in Amsterdam.,Where was Amara Petrov working when the paper was published?,Cedar Grove Hospital,93,Advanced
430,Zainab Wright published a research paper on genetic markers in 2021 while working at Northfield University in Kuala Lumpur.,In what year did Zainab Wright publish the paper?,2021,63,Beginner
431,The Harborview Bridge was completed in 1996 and is located in Copenhagen. It attracts roughly 45000 visitors every year.,When was the Harborview Bridge completed?,1996,39,Intermediate
432,The Harborview Bridge was completed in 2002 and is located in Cairo. It attracts roughly 250000 visitors every year.,When was the Harborview Bridge completed?,2002,39,Advanced
433,Samuel Novak published a research paper on deep-sea biology in 1993 while working at Vertex Analytics in Toronto.,In what year did Samuel Novak publish the paper?,1993,63,Advanced
434,"The robotics championship took place in Jakarta on March 26, 2022, drawing an audience of about 500000 people from around Egypt.",When did the robotics championship take place?,"March 26, 2022",51,Beginner
435,The Central Library was completed in 1990 and is located in Marrakesh. It attracts roughly 3400 visitors every year.,When was the Central Library completed?,1990,37,Intermediate
436,Riverside Bank was founded in Copenhagen in 2014 by James Larsen. The company now employs more than 3400 people across Egypt.,In which city was Riverside Bank founded?,Copenhagen,30,Beginner
437,Liam Taylor published a research paper on renewable energy storage in 2023 while working at Meridian Financial Group in Toronto.,In what year did Liam Taylor publish the paper?,2023,70,Beginner
438,Elena Fernandez joined Skyline Real Estate as a project manager in 2003 and later moved to the Cape Town office in 2008.,What role did Elena Fernandez join Skyline Real Estate as?,project manager,48,Advanced
439,The Grand Observatory was completed in 2015 and is located in Vancouver. It attracts roughly 96000 visitors every year.,Where is the Grand Observatory located?,Vancouver,62,Intermediate
440,"The annual jazz festival took place in Seoul on May 7, 2019, drawing an audience of about 1200 people from around the United States.",When did the annual jazz festival take place?,"May 7, 2019",48,Beginner
441,The Grand Observatory was completed in 2007 and is located in Kuala Lumpur. It attracts roughly 45000 visitors every year.,When was the Grand Observatory completed?,2007,39,Beginner
442,Quantum Innovations was founded in Berlin in 2008 by Leila Larsen. The company now employs more than 500000 people across the Czech Republic.,Who founded Quantum Innovations?,Leila Larsen,53,Advanced
443,Olivia Khan published a research paper on quantum materials in 2018 while working at Redstone Consulting in Copenhagen.,Where was Olivia Khan working when the paper was published?,Redstone Consulting,85,Intermediate
444,Coastal Insurance Co. was founded in Buenos Aires in 1993 by Charlotte Taylor. The company now employs more than 3400 people across Japan.,In what year was Coastal Insurance Co. founded?,1993,53,Beginner
445,Ethan Rossi joined Lakeside Medical Center as a senior analyst in 2001 and later moved to the Lisbon office in 2005.,In what year did Ethan Rossi join Lakeside Medical Center?,2001,66,Beginner
446,"The robotics championship took place in Stockholm on September 16, 2021, drawing an audience of about 8700 people from around New Zealand.",When did the robotics championship take place?,"September 16, 2021",53,Advanced
447,The Old Town Hall was completed in 2001 and is located in Jakarta. It attracts roughly 250000 visitors every year.,Where is the Old Town Hall located?,Jakarta,58,Beginner
448,Samuel Wright published a research paper on urban air quality in 2010 while working at Skyline Real Estate in Helsinki.,Where was Samuel Wright working when the paper was published?,Skyline Real Estate,87,Advanced
449,Felix Chen published a research paper on urban air quality in 2002 while working at NextGen Software Labs in Nairobi.,What topic did Felix Chen research?,urban air quality,41,Beginner
450,Sofia Haddad joined Crescent Media Group as a lead engineer in 2012 and later moved to the Manila office in 2015.,Which office did Sofia Haddad later move to?,Manila,91,Intermediate
451,Layla King joined Evergreen Energy Co. as a project manager in 2009 and later moved to the Marrakesh office in 2013.,What role did Layla King join Evergreen Energy Co. as?,project manager,44,Intermediate
452,Zainab Wright published a research paper on machine translation in 1999 while working at Riverside Bank in Kuala Lumpur.,Where was Zainab Wright working when the paper was published?,Riverside Bank,89,Intermediate
453,The Harborview Bridge was completed in 2012 and is located in Marrakesh. It attracts roughly 22000 visitors every year.,Where is the Harborview Bridge located?,Marrakesh,62,Beginner
454,The Grand Observatory was completed in 1990 and is located in Seoul. It attracts roughly 1200 visitors every year.,When was the Grand Observatory completed?,1990,39,Advanced
455,The Central Library was completed in 1990 and is located in Toronto. It attracts roughly 250000 visitors every year.,Where is the Central Library located?,Toronto,60,Beginner
456,Aisha Wilson joined Global Trade Partners as a senior analyst in 2002 and later moved to the Mumbai office in 2006.,Which office did Aisha Wilson later move to?,Mumbai,93,Intermediate
457,"The science and innovation fair took place in Edinburgh on May 8, 2025, drawing an audience of about 45000 people from around Germany.",Where did the science and innovation fair take place?,Edinburgh,46,Intermediate
458,Nadia Okafor joined Aurora Data Systems as a lead engineer in 2019 and later moved to the Berlin office in 2024.,What role did Nadia Okafor join Aurora Data Systems as?,lead engineer,45,Beginner
459,Delta Cloud Services was founded in Prague in 2005 by Daniel Okafor. The company now employs more than 500000 people across the Czech Republic.,In which city was Delta Cloud Services founded?,Prague,36,Advanced
460,"The annual jazz festival took place in Cairo on April 13, 2021, drawing an audience of about 1200 people from around Ireland.",When did the annual jazz festival take place?,"April 13, 2021",48,Beginner
461,Northfield University was founded in Kuala Lumpur in 2018 by Chen Novak. The company now employs more than 3400 people across Finland.,Who founded Northfield University?,Chen Novak,61,Advanced
462,The Harborview Bridge was completed in 1994 and is located in Marrakesh. It attracts roughly 96000 visitors every year.,Where is the Harborview Bridge located?,Marrakesh,62,Beginner
463,Harborview College was founded in Seoul in 2021 by Felix Wright. The company now employs more than 500000 people across Ireland.,In what year was Harborview College founded?,2021,43,Beginner
464,Ingrid Costa joined Harborview College as a project manager in 2019 and later moved to the Santiago office in 2020.,In what year did Ingrid Costa join Harborview College?,2019,63,Intermediate
465,"The science and innovation fair took place in Cape Town on December 17, 2017, drawing an audience of about 500000 people from around Finland.",Where did the science and innovation fair take place?,Cape Town,46,Beginner
466,Zainab Anderson joined Summit Robotics Inc. as a operations coordinator in 2022 and later moved to the Seoul office in 2023.,Which office did Zainab Anderson later move to?,Seoul,103,Intermediate
467,Crescent Media Group was founded in Lisbon in 2017 by Peter Osei. The company now employs more than 8700 people across Thailand.,In what year was Crescent Media Group founded?,2017,46,Intermediate
468,"The global health conference took place in Cape Town on May 1, 2023, drawing an audience of about 96000 people from around Denmark.",Where did the global health conference take place?,Cape Town,43,Advanced
469,Omar Walker joined Harborview College as a senior analyst in 1997 and later moved to the Melbourne office in 2002.,Which office did Omar Walker later move to?,Melbourne,89,Beginner
470,Peter Chen joined Summit Robotics Inc. as a operations coordinator in 1996 and later moved to the Melbourne office in 1998.,What role did Peter Chen join Summit Robotics Inc. as?,operations coordinator,44,Advanced
471,Global Trade Partners was founded in Toronto in 2017 by Charlotte Rossi. The company now employs more than 45000 people across the Philippines.,Who founded Global Trade Partners?,Charlotte Rossi,56,Beginner
472,The National Science Center was completed in 2017 and is located in Helsinki. It attracts roughly 250000 visitors every year.,When was the National Science Center completed?,2017,45,Advanced
473,Blue Horizon Airlines was founded in Nairobi in 2002 by Nadia Müller. The company now employs more than 500000 people across the Netherlands.,In what year was Blue Horizon Airlines founded?,2002,48,Advanced
474,The Old Town Hall was completed in 2004 and is located in Copenhagen. It attracts roughly 45000 visitors every year.,When was the Old Town Hall completed?,2004,35,Advanced
475,The Central Library was completed in 2010 and is located in Bangkok. It attracts roughly 1200 visitors every year.,Where is the Central Library located?,Bangkok,60,Beginner
476,Layla Rossi published a research paper on renewable energy storage in 2005 while working at Riverside Bank in Edinburgh.,What topic did Layla Rossi research?,renewable energy storage,42,Intermediate
477,The Riverside Museum was completed in 2022 and is located in Stockholm. It attracts roughly 45000 visitors every year.,Where is the Riverside Museum located?,Stockholm,61,Intermediate
478,Zenith Pharmaceuticals was founded in Dublin in 1995 by Daniel Rossi. The company now employs more than 45000 people across Egypt.,In what year was Zenith Pharmaceuticals founded?,1995,48,Beginner
479,Silverline Motors was founded in Wellington in 2006 by Olivia Hall. The company now employs more than 96000 people across Argentina.,Who founded Silverline Motors?,Olivia Hall,55,Intermediate
480,"The annual jazz festival took place in Copenhagen on August 9, 2024, drawing an audience of about 500000 people from around the Netherlands.",Where did the annual jazz festival take place?,Copenhagen,39,Beginner
481,Falcon Logistics was founded in Melbourne in 1999 by Layla Hall. The company now employs more than 250000 people across Chile.,Who founded Falcon Logistics?,Layla Hall,53,Advanced
482,"The technology summit took place in Jakarta on July 3, 2015, drawing an audience of about 15000 people from around Indonesia.",Where did the technology summit take place?,Jakarta,36,Beginner
483,The Old Town Hall was completed in 1996 and is located in Prague. It attracts roughly 3400 visitors every year.,When was the Old Town Hall completed?,1996,35,Intermediate
484,Chen Anderson published a research paper on quantum materials in 2003 while working at Lakeside Medical Center in Cairo.,What topic did Chen Anderson research?,quantum materials,44,Advanced
485,Felix Wright joined Pioneer Research Institute as a marketing director in 1999 and later moved to the Austin office in 2002.,In what year did Felix Wright join Pioneer Research Institute?,1999,74,Intermediate
486,Mei Osei joined Quantum Innovations as a project manager in 2009 and later moved to the Marrakesh office in 2013.,In what year did Mei Osei join Quantum Innovations?,2009,60,Beginner
487,Nina Moore joined Cedar Grove Hospital as a project manager in 2023 and later moved to the Denver office in 2024.,In what year did Nina Moore join Cedar Grove Hospital?,2023,63,Beginner
488,Vertex Analytics was founded in Prague in 2000 by Ravi Hall. The company now employs more than 22000 people across Finland.,Who founded Vertex Analytics?,Ravi Hall,50,Intermediate
489,Jack Hall joined Cedar Grove Hospital as a research scientist in 2016 and later moved to the Vancouver office in 2021.,Which office did Jack Hall later move to?,Vancouver,93,Intermediate
490,The Harborview Bridge was completed in 2000 and is located in Manila. It attracts roughly 1200 visitors every year.,When was the Harborview Bridge completed?,2000,39,Advanced
491,Fatima Walker joined Crescent Media Group as a marketing director in 1993 and later moved to the Helsinki office in 1995.,What role did Fatima Walker join Crescent Media Group as?,marketing director,47,Advanced
492,Aurora Data Systems was founded in Cairo in 2015 by Sofia Scott. The company now employs more than 22000 people across Ireland.,In what year was Aurora Data Systems founded?,2015,44,Advanced
493,"The technology summit took place in Bangkok on December 27, 2019, drawing an audience of about 3400 people from around New Zealand.",When did the technology summit take place?,"December 27, 2019",47,Intermediate
494,The Riverside Museum was completed in 2002 and is located in Jakarta. It attracts roughly 500000 visitors every year.,When was the Riverside Museum completed?,2002,38,Intermediate
495,Northfield University was founded in Vancouver in 2002 by Tom Walker. The company now employs more than 8700 people across Canada.,Who founded Northfield University?,Tom Walker,58,Advanced
496,Ethan Taylor published a research paper on machine translation in 2023 while working at Silverline Motors in Dublin.,What topic did Ethan Taylor research?,machine translation,43,Beginner
497,The Harborview Bridge was completed in 1999 and is located in Buenos Aires. It attracts roughly 1200 visitors every year.,When was the Harborview Bridge completed?,1999,39,Intermediate
498,Adaeze Yamamoto joined Summit Robotics Inc. as a senior analyst in 2003 and later moved to the Melbourne office in 2005.,In what year did Adaeze Yamamoto join Summit Robotics Inc.?,2003,67,Beginner
499,Pioneer Research Institute was founded in Jakarta in 1996 by Olivia Suzuki. The company now employs more than 8700 people across Sweden.,Who founded Pioneer Research Institute?,Olivia Suzuki,61,Intermediate
500,Victor Baker joined Coastal Insurance Co. as a marketing director in 2018 and later moved to the Berlin office in 2019.,What role did Victor Baker join Coastal Insurance Co. as?,marketing director,47,Advanced
501,Liam Chen joined Pioneer Research Institute as a lead engineer in 2003 and later moved to the Helsinki office in 2006.,In what year did Liam Chen join Pioneer Research Institute?,2003,66,Intermediate
502,Zainab Wilson joined Maple Street School District as a lead engineer in 2015 and later moved to the Helsinki office in 2017.,In what year did Zainab Wilson join Maple Street School District?,2015,72,Intermediate
503,Carlos Wright joined Zenith Pharmaceuticals as a senior analyst in 1997 and later moved to the Toronto office in 2000.,In what year did Carlos Wright join Zenith Pharmaceuticals?,1997,67,Intermediate
504,Wei Fernandez joined Delta Cloud Services as a lead engineer in 2023 and later moved to the Santiago office in 2026.,In what year did Wei Fernandez join Delta Cloud Services?,2023,64,Advanced
505,The Harborview Bridge was completed in 2009 and is located in Berlin. It attracts roughly 3400 visitors every year.,Where is the Harborview Bridge located?,Berlin,62,Beginner
506,"The technology summit took place in Buenos Aires on May 18, 2024, drawing an audience of about 8700 people from around Thailand.",When did the technology summit take place?,"May 18, 2024",52,Intermediate
507,Ravi Larsen joined BrightFuture Foundation as a operations coordinator in 2016 and later moved to the Jakarta office in 2018.,In what year did Ravi Larsen join BrightFuture Foundation?,2016,74,Beginner
508,"The international film festival took place in Vancouver on November 14, 2020, drawing an audience of about 8700 people from around New Zealand.",Where did the international film festival take place?,Vancouver,46,Intermediate
509,Tom Nguyen published a research paper on urban air quality in 2000 while working at Quantum Innovations in Copenhagen.,Where was Tom Nguyen working when the paper was published?,Quantum Innovations,84,Beginner
510,The National Science Center was completed in 2022 and is located in Toronto. It attracts roughly 15000 visitors every year.,When was the National Science Center completed?,2022,45,Advanced
511,"The international film festival took place in Dublin on July 7, 2020, drawing an audience of about 45000 people from around Germany.",When did the international film festival take place?,"July 7, 2020",56,Advanced
512,Lucas Patel published a research paper on quantum materials in 1996 while working at Riverside Bank in Nairobi.,Where was Lucas Patel working when the paper was published?,Riverside Bank,85,Beginner
513,The Harborview Bridge was completed in 2007 and is located in Nairobi. It attracts roughly 15000 visitors every year.,Where is the Harborview Bridge located?,Nairobi,62,Advanced
514,Riverside Bank was founded in Jakarta in 2015 by Samuel Dubois. The company now employs more than 3400 people across the United States.,Who founded Riverside Bank?,Samuel Dubois,49,Beginner
515,Felix Kowalski joined Oakwood Publishing House as a operations coordinator in 2015 and later moved to the Jakarta office in 2016.,Which office did Felix Kowalski later move to?,Jakarta,106,Beginner
516,Golden Gate Retailers was founded in Denver in 2019 by Liam Baker. The company now employs more than 500000 people across New Zealand.,In what year was Golden Gate Retailers founded?,2019,47,Advanced
517,The National Science Center was completed in 1999 and is located in Bangkok. It attracts roughly 22000 visitors every year.,Where is the National Science Center located?,Bangkok,68,Intermediate
518,Evergreen Energy Co. was founded in Amsterdam in 2011 by Ahmed King. The company now employs more than 1200 people across Indonesia.,In what year was Evergreen Energy Co. founded?,2011,49,Intermediate
519,Leila Moore joined Meridian Financial Group as a project manager in 2015 and later moved to the Marrakesh office in 2016.,In what year did Leila Moore join Meridian Financial Group?,2015,68,Beginner
520,The Grand Observatory was completed in 2005 and is located in Mumbai. It attracts roughly 500000 visitors every year.,When was the Grand Observatory completed?,2005,39,Intermediate
521,"The technology summit took place in Cairo on October 20, 2018, drawing an audience of about 250000 people from around South Africa.",Where did the technology summit take place?,Cairo,36,Intermediate
522,Silverline Motors was founded in Bangkok in 1999 by Sara Novak. The company now employs more than 250000 people across Chile.,In which city was Silverline Motors founded?,Bangkok,33,Advanced
523,"The science and innovation fair took place in Mumbai on February 8, 2023, drawing an audience of about 1200 people from around Poland.",Where did the science and innovation fair take place?,Mumbai,46,Advanced
524,The Old Town Hall was completed in 1992 and is located in Lisbon. It attracts roughly 1200 visitors every year.,When was the Old Town Hall completed?,1992,35,Advanced
525,"The global health conference took place in Toronto on February 14, 2019, drawing an audience of about 8700 people from around Australia.",Where did the global health conference take place?,Toronto,43,Advanced
526,Charlotte Novak joined Delta Cloud Services as a senior analyst in 2018 and later moved to the Austin office in 2019.,What role did Charlotte Novak join Delta Cloud Services as?,senior analyst,49,Intermediate
527,"The technology summit took place in Wellington on March 27, 2017, drawing an audience of about 8700 people from around Sweden.",When did the technology summit take place?,"March 27, 2017",50,Advanced
528,Quantum Innovations was founded in Denver in 2022 by Sara Larsen. The company now employs more than 22000 people across Denmark.,Who founded Quantum Innovations?,Sara Larsen,53,Beginner
529,"The technology summit took place in Copenhagen on September 14, 2019, drawing an audience of about 8700 people from around Denmark.",When did the technology summit take place?,"September 14, 2019",50,Advanced
530,The Old Town Hall was completed in 1997 and is located in Prague. It attracts roughly 3400 visitors every year.,Where is the Old Town Hall located?,Prague,58,Intermediate
531,The Riverside Museum was completed in 2008 and is located in Seoul. It attracts roughly 22000 visitors every year.,Where is the Riverside Museum located?,Seoul,61,Intermediate
532,The Old Town Hall was completed in 2004 and is located in Marrakesh. It attracts roughly 96000 visitors every year.,When was the Old Town Hall completed?,2004,35,Advanced
533,Crescent Media Group was founded in Melbourne in 2006 by Elena Haddad. The company now employs more than 8700 people across India.,In which city was Crescent Media Group founded?,Melbourne,36,Intermediate
534,The Central Library was completed in 2000 and is located in Santiago. It attracts roughly 8700 visitors every year.,Where is the Central Library located?,Santiago,60,Beginner
535,Daniel Moore joined Meridian Financial Group as a project manager in 2015 and later moved to the Bangkok office in 2016.,Which office did Daniel Moore later move to?,Bangkok,97,Intermediate
536,The Harborview Bridge was completed in 2008 and is located in Amsterdam. It attracts roughly 3400 visitors every year.,When was the Harborview Bridge completed?,2008,39,Advanced
537,Chloe Costa joined Meridian Financial Group as a marketing director in 2018 and later moved to the Amsterdam office in 2021.,What role did Chloe Costa join Meridian Financial Group as?,marketing director,49,Intermediate
538,Elena Haddad joined Ironwood Steel Works as a operations coordinator in 2023 and later moved to the Prague office in 2027.,Which office did Elena Haddad later move to?,Prague,100,Advanced
539,Lakeside Medical Center was founded in Warsaw in 2003 by Carlos Wright. The company now employs more than 250000 people across Japan.,In which city was Lakeside Medical Center founded?,Warsaw,39,Advanced
540,Ethan Young published a research paper on renewable energy storage in 2020 while working at Quantum Innovations in Seoul.,Where was Ethan Young working when the paper was published?,Quantum Innovations,92,Advanced
541,Maria Hall joined Vertex Analytics as a marketing director in 2003 and later moved to the Lisbon office in 2008.,In what year did Maria Hall join Vertex Analytics?,2003,62,Beginner
542,"The science and innovation fair took place in Buenos Aires on December 23, 2018, drawing an audience of about 22000 people from around Argentina.",Where did the science and innovation fair take place?,Buenos Aires,46,Intermediate
543,Olivia Yamamoto published a research paper on deep-sea biology in 2020 while working at Skyline Real Estate in Cape Town.,In what year did Olivia Yamamoto publish the paper?,2020,66,Beginner
544,"The international film festival took place in Bangkok on August 20, 2019, drawing an audience of about 8700 people from around Indonesia.",When did the international film festival take place?,"August 20, 2019",57,Beginner
545,"The global health conference took place in Wellington on January 22, 2015, drawing an audience of about 500000 people from around New Zealand.",When did the global health conference take place?,"January 22, 2015",57,Beginner
546,"The robotics championship took place in Nairobi on November 23, 2016, drawing an audience of about 1200 people from around Japan.",Where did the robotics championship take place?,Nairobi,40,Intermediate
547,"The technology summit took place in Manila on June 15, 2020, drawing an audience of about 500000 people from around Thailand.",When did the technology summit take place?,"June 15, 2020",46,Advanced
548,Meridian Financial Group was founded in Mumbai in 1991 by Mark Suzuki. The company now employs more than 96000 people across New Zealand.,In what year was Meridian Financial Group founded?,1991,50,Intermediate
549,Zainab Walker published a research paper on genetic markers in 1990 while working at NextGen Software Labs in Amsterdam.,What topic did Zainab Walker research?,genetic markers,44,Beginner
550,Liam Garcia joined Riverside Bank as a senior analyst in 2022 and later moved to the Prague office in 2024.,What role did Liam Garcia join Riverside Bank as?,senior analyst,39,Intermediate
551,Delta Cloud Services was founded in Marrakesh in 2016 by Kevin Chen. The company now employs more than 250000 people across the Philippines.,In what year was Delta Cloud Services founded?,2016,49,Beginner
552,The Old Town Hall was completed in 1993 and is located in Amsterdam. It attracts roughly 500000 visitors every year.,Where is the Old Town Hall located?,Amsterdam,58,Advanced
553,The Grand Observatory was completed in 2011 and is located in Cairo. It attracts roughly 8700 visitors every year.,When was the Grand Observatory completed?,2011,39,Advanced
554,Charlotte Wright published a research paper on quantum materials in 1996 while working at Cedar Grove Hospital in Marrakesh.,What topic did Charlotte Wright research?,quantum materials,47,Intermediate
555,"The annual jazz festival took place in Manila on May 19, 2025, drawing an audience of about 500000 people from around Malaysia.",Where did the annual jazz festival take place?,Manila,39,Advanced
556,Skyline Real Estate was founded in Warsaw in 2020 by Peter Hall. The company now employs more than 250000 people across Japan.,Who founded Skyline Real Estate?,Peter Hall,53,Intermediate
557,Ibrahim Silva published a research paper on machine translation in 1997 while working at Golden Gate Retailers in Warsaw.,What topic did Ibrahim Silva research?,machine translation,44,Beginner
558,"The global health conference took place in Berlin on December 21, 2019, drawing an audience of about 3400 people from around Indonesia.",Where did the global health conference take place?,Berlin,43,Beginner
559,"The technology summit took place in Edinburgh on August 20, 2015, drawing an audience of about 96000 people from around Argentina.",Where did the technology summit take place?,Edinburgh,36,Beginner
560,Summit Robotics Inc. was founded in Marrakesh in 2003 by Wei Khan. The company now employs more than 250000 people across Chile.,In which city was Summit Robotics Inc. founded?,Marrakesh,36,Advanced
561,Riverside Bank was founded in Marrakesh in 1991 by Ingrid Müller. The company now employs more than 96000 people across Kenya.,In which city was Riverside Bank founded?,Marrakesh,30,Intermediate
562,The National Science Center was completed in 2002 and is located in Santiago. It attracts roughly 8700 visitors every year.,When was the National Science Center completed?,2002,45,Beginner
563,The Riverside Museum was completed in 2021 and is located in Austin. It attracts roughly 8700 visitors every year.,When was the Riverside Museum completed?,2021,38,Advanced
564,Mei Anderson joined Silverline Motors as a research scientist in 2001 and later moved to the Zurich office in 2004.,In what year did Mei Anderson join Silverline Motors?,2001,65,Intermediate
565,The Central Library was completed in 1997 and is located in Dublin. It attracts roughly 250000 visitors every year.,Where is the Central Library located?,Dublin,60,Intermediate
566,The Central Library was completed in 2014 and is located in Marrakesh. It attracts roughly 1200 visitors every year.,When was the Central Library completed?,2014,37,Intermediate
567,"The annual jazz festival took place in Austin on April 23, 2018, drawing an audience of about 45000 people from around Japan.",When did the annual jazz festival take place?,"April 23, 2018",49,Intermediate
568,"The international film festival took place in Mumbai on January 12, 2021, drawing an audience of about 96000 people from around New Zealand.",When did the international film festival take place?,"January 12, 2021",56,Beginner
569,Liam Osei published a research paper on deep-sea biology in 1999 while working at Evergreen Energy Co. in Osaka.,Where was Liam Osei working when the paper was published?,Evergreen Energy Co.,82,Beginner
570,Yuki Hall published a research paper on renewable energy storage in 2010 while working at Ironwood Steel Works in Lisbon.,Where was Yuki Hall working when the paper was published?,Ironwood Steel Works,90,Beginner
571,Global Trade Partners was founded in Toronto in 2009 by Chen Haddad. The company now employs more than 8700 people across Malaysia.,In which city was Global Trade Partners founded?,Toronto,37,Advanced
572,The Old Town Hall was completed in 2006 and is located in Manila. It attracts roughly 3400 visitors every year.,When was the Old Town Hall completed?,2006,35,Advanced
573,Quantum Innovations was founded in Prague in 2013 by Mark Costa. The company now employs more than 15000 people across Portugal.,Who founded Quantum Innovations?,Mark Costa,53,Intermediate
574,Ahmed Chen published a research paper on deep-sea biology in 2004 while working at Meridian Financial Group in Berlin.,What topic did Ahmed Chen research?,deep-sea biology,41,Intermediate
575,Maple Street School District was founded in Kuala Lumpur in 2017 by Anna Hall. The company now employs more than 96000 people across the Philippines.,In what year was Maple Street School District founded?,2017,60,Intermediate
576,Liam Lewis joined Brightline Technologies as a research scientist in 2021 and later moved to the Zurich office in 2024.,Which office did Liam Lewis later move to?,Zurich,97,Intermediate
577,The Riverside Museum was completed in 2010 and is located in Marrakesh. It attracts roughly 500000 visitors every year.,When was the Riverside Museum completed?,2010,38,Advanced
578,"The international film festival took place in Austin on July 25, 2019, drawing an audience of about 22000 people from around the Netherlands.",Where did the international film festival take place?,Austin,46,Intermediate
579,The National Science Center was completed in 1994 and is located in Marrakesh. It attracts roughly 250000 visitors every year.,When was the National Science Center completed?,1994,45,Beginner
580,Coastal Insurance Co. was founded in Marrakesh in 1998 by Ingrid Green. The company now employs more than 1200 people across Portugal.,In which city was Coastal Insurance Co. founded?,Marrakesh,37,Beginner
581,Chen Nguyen published a research paper on quantum materials in 1996 while working at Silverline Motors in Lisbon.,Where was Chen Nguyen working when the paper was published?,Silverline Motors,85,Intermediate
582,The Riverside Museum was completed in 2010 and is located in Nairobi. It attracts roughly 250000 visitors every year.,Where is the Riverside Museum located?,Nairobi,61,Beginner
583,The National Science Center was completed in 1992 and is located in Austin. It attracts roughly 500000 visitors every year.,Where is the National Science Center located?,Austin,68,Beginner
584,"The science and innovation fair took place in Denver on July 6, 2015, drawing an audience of about 96000 people from around Egypt.",When did the science and innovation fair take place?,"July 6, 2015",56,Beginner
585,James Hall joined Brightline Technologies as a lead engineer in 2008 and later moved to the Toronto office in 2011.,In what year did James Hall join Brightline Technologies?,2008,64,Advanced
586,"The technology summit took place in Amsterdam on August 22, 2020, drawing an audience of about 96000 people from around the Netherlands.",When did the technology summit take place?,"August 22, 2020",49,Intermediate
587,Adaeze Rossi published a research paper on genetic markers in 1998 while working at Pioneer Research Institute in Copenhagen.,What topic did Adaeze Rossi research?,genetic markers,43,Advanced
588,Lucas Okafor joined Riverside Bank as a operations coordinator in 2011 and later moved to the Warsaw office in 2013.,Which office did Lucas Okafor later move to?,Warsaw,94,Beginner
589,The Old Town Hall was completed in 2013 and is located in Manila. It attracts roughly 3400 visitors every year.,When was the Old Town Hall completed?,2013,35,Beginner
590,Silverline Motors was founded in Wellington in 2008 by Anna Kowalski. The company now employs more than 96000 people across Japan.,In what year was Silverline Motors founded?,2008,47,Intermediate
591,Aurora Data Systems was founded in Cape Town in 2018 by Chloe Lewis. The company now employs more than 96000 people across Indonesia.,In what year was Aurora Data Systems founded?,2018,48,Intermediate
592,The National Science Center was completed in 2017 and is located in Marrakesh. It attracts roughly 500000 visitors every year.,Where is the National Science Center located?,Marrakesh,68,Intermediate
593,Noah Yamamoto joined Delta Cloud Services as a research scientist in 1993 and later moved to the Edinburgh office in 1997.,In what year did Noah Yamamoto join Delta Cloud Services?,1993,69,Advanced
594,Anna Okafor published a research paper on machine translation in 2003 while working at Harborview College in Dublin.,Where was Anna Okafor working when the paper was published?,Harborview College,87,Beginner
595,The Old Town Hall was completed in 2022 and is located in Berlin. It attracts roughly 250000 visitors every year.,Where is the Old Town Hall located?,Berlin,58,Advanced
596,"The international film festival took place in Austin on October 8, 2018, drawing an audience of about 45000 people from around Chile.",When did the international film festival take place?,"October 8, 2018",56,Intermediate
597,The Grand Observatory was completed in 2019 and is located in Vancouver. It attracts roughly 3400 visitors every year.,When was the Grand Observatory completed?,2019,39,Intermediate
598,Zenith Pharmaceuticals was founded in Zurich in 2023 by Ahmed Petrov. The company now employs more than 45000 people across Portugal.,In what year was Zenith Pharmaceuticals founded?,2023,48,Beginner
599,Aurora Data Systems was founded in Helsinki in 2005 by Yuki Silva. The company now employs more than 8700 people across Denmark.,In what year was Aurora Data Systems founded?,2005,47,Intermediate
600,"The robotics championship took place in Amsterdam on December 10, 2021, drawing an audience of about 45000 people from around Germany.",When did the robotics championship take place?,"December 10, 2021",53,Advanced
601,The Harborview Bridge was completed in 1994 and is located in Vancouver. It attracts roughly 45000 visitors every year.,Where is the Harborview Bridge located?,Vancouver,62,Beginner
602,George Yamamoto joined Redstone Consulting as a operations coordinator in 1998 and later moved to the Edinburgh office in 2000.,What role did George Yamamoto join Redstone Consulting as?,operations coordinator,48,Intermediate
603,Tom Osei published a research paper on deep-sea biology in 2011 while working at Riverside Bank in Bangkok.,In what year did Tom Osei publish the paper?,2011,59,Advanced
604,"The robotics championship took place in Osaka on January 25, 2015, drawing an audience of about 250000 people from around the United States.",Where did the robotics championship take place?,Osaka,40,Intermediate
605,Grace Scott published a research paper on genetic markers in 1992 while working at Summit Robotics Inc. in Prague.,What topic did Grace Scott research?,genetic markers,42,Advanced
606,"The annual jazz festival took place in Berlin on November 24, 2015, drawing an audience of about 45000 people from around Australia.",When did the annual jazz festival take place?,"November 24, 2015",49,Intermediate
607,"The global health conference took place in Wellington on March 14, 2024, drawing an audience of about 3400 people from around the Czech Republic.",Where did the global health conference take place?,Wellington,43,Intermediate
608,"The global health conference took place in Warsaw on January 3, 2015, drawing an audience of about 45000 people from around Egypt.",When did the global health conference take place?,"January 3, 2015",53,Intermediate
609,David Nguyen published a research paper on renewable energy storage in 1992 while working at Ironwood Steel Works in Cape Town.,Where was David Nguyen working when the paper was published?,Ironwood Steel Works,93,Beginner
610,Mateus Walker joined BrightFuture Foundation as a senior analyst in 2002 and later moved to the Edinburgh office in 2007.,What role did Mateus Walker join BrightFuture Foundation as?,senior analyst,50,Advanced
611,The Riverside Museum was completed in 1991 and is located in Edinburgh. It attracts roughly 3400 visitors every year.,When was the Riverside Museum completed?,1991,38,Advanced
612,"The global health conference took place in Copenhagen on March 23, 2020, drawing an audience of about 1200 people from around Portugal.",Where did the global health conference take place?,Copenhagen,43,Intermediate
613,"The global health conference took place in Manila on January 18, 2025, drawing an audience of about 45000 people from around Sweden.",When did the global health conference take place?,"January 18, 2025",53,Beginner
614,Amara Silva joined Brightline Technologies as a marketing director in 2004 and later moved to the Austin office in 2008.,What role did Amara Silva join Brightline Technologies as?,marketing director,48,Advanced
615,Ravi Silva joined Cedar Grove Hospital as a project manager in 2018 and later moved to the Bangkok office in 2020.,Which office did Ravi Silva later move to?,Bangkok,91,Intermediate
616,"The global health conference took place in Dublin on February 26, 2017, drawing an audience of about 45000 people from around the Czech Republic.",When did the global health conference take place?,"February 26, 2017",53,Beginner
617,"The technology summit took place in Osaka on October 12, 2015, drawing an audience of about 1200 people from around Portugal.",Where did the technology summit take place?,Osaka,36,Beginner
618,The Harborview Bridge was completed in 2000 and is located in Edinburgh. It attracts roughly 3400 visitors every year.,Where is the Harborview Bridge located?,Edinburgh,62,Advanced
619,Ravi Osei published a research paper on urban air quality in 2020 while working at Brightline Technologies in Manila.,Where was Ravi Osei working when the paper was published?,Brightline Technologies,83,Intermediate
620,The Riverside Museum was completed in 2021 and is located in Warsaw. It attracts roughly 45000 visitors every year.,Where is the Riverside Museum located?,Warsaw,61,Advanced
621,The Harborview Bridge was completed in 2005 and is located in Berlin. It attracts roughly 96000 visitors every year.,Where is the Harborview Bridge located?,Berlin,62,Beginner
622,Mateus Kowalski published a research paper on deep-sea biology in 1994 while working at Zenith Pharmaceuticals in Mumbai.,What topic did Mateus Kowalski research?,deep-sea biology,46,Beginner
623,"The technology summit took place in Austin on October 9, 2022, drawing an audience of about 22000 people from around Kenya.",When did the technology summit take place?,"October 9, 2022",46,Intermediate
624,Skyline Real Estate was founded in Marrakesh in 2005 by Daniel Hall. The company now employs more than 45000 people across Australia.,In what year was Skyline Real Estate founded?,2005,48,Beginner
625,The Old Town Hall was completed in 2019 and is located in Prague. It attracts roughly 500000 visitors every year.,Where is the Old Town Hall located?,Prague,58,Advanced
626,"The robotics championship took place in Jakarta on March 9, 2020, drawing an audience of about 500000 people from around Denmark.",When did the robotics championship take place?,"March 9, 2020",51,Intermediate
627,Leila Hall joined Maple Street School District as a senior analyst in 2012 and later moved to the Marrakesh office in 2016.,In what year did Leila Hall join Maple Street School District?,2012,70,Beginner
628,Golden Gate Retailers was founded in Wellington in 1991 by Layla Lewis. The company now employs more than 45000 people across India.,Who founded Golden Gate Retailers?,Layla Lewis,59,Intermediate
629,Felix Suzuki joined Aurora Data Systems as a project manager in 2021 and later moved to the Denver office in 2025.,What role did Felix Suzuki join Aurora Data Systems as?,project manager,45,Intermediate
630,"The global health conference took place in Denver on April 11, 2018, drawing an audience of about 250000 people from around New Zealand.",Where did the global health conference take place?,Denver,43,Beginner
631,Julia Fernandez joined Lakeside Medical Center as a senior analyst in 2017 and later moved to the Cape Town office in 2020.,What role did Julia Fernandez join Lakeside Medical Center as?,senior analyst,52,Intermediate
632,Carlos Fernandez joined Global Trade Partners as a lead engineer in 2004 and later moved to the Vancouver office in 2005.,In what year did Carlos Fernandez join Global Trade Partners?,2004,68,Advanced
633,Nina Haddad joined Vertex Analytics as a operations coordinator in 1996 and later moved to the Zurich office in 1997.,In what year did Nina Haddad join Vertex Analytics?,1996,67,Beginner
634,Peter Wright published a research paper on urban air quality in 1994 while working at Aurora Data Systems in Berlin.,Where was Peter Wright working when the paper was published?,Aurora Data Systems,86,Beginner
635,Ahmed Wright joined Skyline Real Estate as a senior analyst in 2023 and later moved to the Berlin office in 2028.,Which office did Ahmed Wright later move to?,Berlin,91,Intermediate
636,The Grand Observatory was completed in 2017 and is located in Warsaw. It attracts roughly 3400 visitors every year.,Where is the Grand Observatory located?,Warsaw,62,Intermediate
637,"The science and innovation fair took place in Melbourne on July 11, 2020, drawing an audience of about 22000 people from around Finland.",Where did the science and innovation fair take place?,Melbourne,46,Advanced
638,Harborview College was founded in Buenos Aires in 1992 by Nadia Patel. The company now employs more than 22000 people across Portugal.,In which city was Harborview College founded?,Buenos Aires,34,Advanced
639,NextGen Software Labs was founded in Santiago in 2000 by Sara Müller. The company now employs more than 250000 people across Portugal.,In what year was NextGen Software Labs founded?,2000,49,Advanced
640,"The science and innovation fair took place in Amsterdam on June 16, 2021, drawing an audience of about 1200 people from around Poland.",When did the science and innovation fair take place?,"June 16, 2021",59,Beginner
641,Ethan Young joined Global Trade Partners as a lead engineer in 2014 and later moved to the Amsterdam office in 2016.,In what year did Ethan Young join Global Trade Partners?,2014,63,Beginner
642,Zenith Pharmaceuticals was founded in Marrakesh in 2009 by Nadia Clark. The company now employs more than 1200 people across the Netherlands.,Who founded Zenith Pharmaceuticals?,Nadia Clark,59,Intermediate
643,"The science and innovation fair took place in Dublin on December 7, 2023, drawing an audience of about 500000 people from around Portugal.",Where did the science and innovation fair take place?,Dublin,46,Intermediate
644,Silverline Motors was founded in Cape Town in 2020 by Felix Novak. The company now employs more than 3400 people across New Zealand.,Who founded Silverline Motors?,Felix Novak,54,Intermediate
645,Yuki Novak published a research paper on machine translation in 1998 while working at Quantum Innovations in Copenhagen.,In what year did Yuki Novak publish the paper?,1998,64,Intermediate
646,Coastal Insurance Co. was founded in Helsinki in 2010 by Leila Fernandez. The company now employs more than 500000 people across Finland.,In what year was Coastal Insurance Co. founded?,2010,49,Beginner
647,Harborview College was founded in Kuala Lumpur in 1992 by Sara Garcia. The company now employs more than 3400 people across the Czech Republic.,In what year was Harborview College founded?,1992,50,Beginner
648,The Riverside Museum was completed in 2016 and is located in Austin. It attracts roughly 22000 visitors every year.,When was the Riverside Museum completed?,2016,38,Advanced
649,Falcon Logistics was founded in Stockholm in 2007 by Mark Rossi. The company now employs more than 22000 people across Sweden.,In what year was Falcon Logistics founded?,2007,45,Intermediate
650,The Old Town Hall was completed in 2002 and is located in Edinburgh. It attracts roughly 3400 visitors every year.,When was the Old Town Hall completed?,2002,35,Intermediate
651,The Central Library was completed in 2018 and is located in Nairobi. It attracts roughly 15000 visitors every year.,Where is the Central Library located?,Nairobi,60,Beginner
652,Pioneer Research Institute was founded in Kuala Lumpur in 2014 by Wei Walker. The company now employs more than 45000 people across Japan.,In which city was Pioneer Research Institute founded?,Kuala Lumpur,42,Beginner
653,Ethan Haddad published a research paper on renewable energy storage in 2020 while working at NextGen Software Labs in Cape Town.,What topic did Ethan Haddad research?,renewable energy storage,43,Intermediate
654,Meridian Financial Group was founded in Santiago in 2006 by Mateus Wilson. The company now employs more than 500000 people across Kenya.,In which city was Meridian Financial Group founded?,Santiago,40,Intermediate
655,Anna Ivanov published a research paper on quantum materials in 1991 while working at Golden Gate Retailers in Cape Town.,In what year did Anna Ivanov publish the paper?,1991,63,Intermediate
656,Charlotte Costa published a research paper on renewable energy storage in 2019 while working at Summit Robotics Inc. in Osaka.,Where was Charlotte Costa working when the paper was published?,Summit Robotics Inc.,96,Advanced
657,Harborview College was founded in Bangkok in 2010 by Nadia Ivanov. The company now employs more than 1200 people across Portugal.,In which city was Harborview College founded?,Bangkok,34,Intermediate
658,Falcon Logistics was founded in Nairobi in 2001 by George Patel. The company now employs more than 500000 people across the United States.,In which city was Falcon Logistics founded?,Nairobi,32,Beginner
659,Oakwood Publishing House was founded in Seoul in 1999 by Amara Haddad. The company now employs more than 3400 people across Kenya.,In what year was Oakwood Publishing House founded?,1999,49,Advanced
660,"The technology summit took place in Marrakesh on October 2, 2025, drawing an audience of about 500000 people from around the Netherlands.",Where did the technology summit take place?,Marrakesh,36,Intermediate
661,Victor Scott published a research paper on urban air quality in 2017 while working at Pioneer Research Institute in Copenhagen.,Where was Victor Scott working when the paper was published?,Pioneer Research Institute,86,Advanced
662,Chen Moore joined Global Trade Partners as a project manager in 2015 and later moved to the Stockholm office in 2019.,Which office did Chen Moore later move to?,Stockholm,92,Intermediate
663,Mei Baker published a research paper on machine translation in 1990 while working at Crescent Media Group in Stockholm.,Where was Mei Baker working when the paper was published?,Crescent Media Group,85,Intermediate
664,The National Science Center was completed in 2011 and is located in Copenhagen. It attracts roughly 3400 visitors every year.,Where is the National Science Center located?,Copenhagen,68,Advanced
665,Fatima Fernandez published a research paper on machine translation in 2010 while working at Harborview College in Helsinki.,Where was Fatima Fernandez working when the paper was published?,Harborview College,92,Beginner
666,"The international film festival took place in Manila on May 26, 2024, drawing an audience of about 500000 people from around Japan.",Where did the international film festival take place?,Manila,46,Advanced
667,Ingrid Taylor published a research paper on quantum materials in 1995 while working at Blue Horizon Airlines in Kuala Lumpur.,In what year did Ingrid Taylor publish the paper?,1995,65,Intermediate
668,Hana Patel published a research paper on machine translation in 2010 while working at Zenith Pharmaceuticals in Cairo.,In what year did Hana Patel publish the paper?,2010,64,Advanced
669,Ingrid Kowalski joined Redstone Consulting as a lead engineer in 2003 and later moved to the Cairo office in 2004.,In what year did Ingrid Kowalski join Redstone Consulting?,2003,65,Advanced
670,Omar Fernandez published a research paper on renewable energy storage in 2004 while working at Global Trade Partners in Helsinki.,Where was Omar Fernandez working when the paper was published?,Global Trade Partners,95,Intermediate
671,James King joined BrightFuture Foundation as a research scientist in 2021 and later moved to the Osaka office in 2026.,Which office did James King later move to?,Osaka,97,Intermediate
672,The Central Library was completed in 2011 and is located in Marrakesh. It attracts roughly 22000 visitors every year.,When was the Central Library completed?,2011,37,Beginner
673,"The technology summit took place in Helsinki on May 24, 2015, drawing an audience of about 22000 people from around Ireland.",When did the technology summit take place?,"May 24, 2015",48,Beginner
674,Quantum Innovations was founded in Buenos Aires in 2013 by Mei Lewis. The company now employs more than 500000 people across Portugal.,In which city was Quantum Innovations founded?,Buenos Aires,35,Advanced
675,The Old Town Hall was completed in 1992 and is located in Stockholm. It attracts roughly 250000 visitors every year.,When was the Old Town Hall completed?,1992,35,Intermediate
676,Cedar Grove Hospital was founded in Vancouver in 2015 by Omar Chen. The company now employs more than 500000 people across Ireland.,In which city was Cedar Grove Hospital founded?,Vancouver,36,Advanced
677,Lakeside Medical Center was founded in Cape Town in 1994 by Nadia Baker. The company now employs more than 96000 people across Argentina.,In which city was Lakeside Medical Center founded?,Cape Town,39,Intermediate
678,Hassan Young joined Brightline Technologies as a marketing director in 2008 and later moved to the Santiago office in 2011.,Which office did Hassan Young later move to?,Santiago,99,Beginner
679,Aurora Data Systems was founded in Wellington in 2008 by Samuel Novak. The company now employs more than 22000 people across Chile.,In which city was Aurora Data Systems founded?,Wellington,35,Advanced
680,The Harborview Bridge was completed in 1995 and is located in Cairo. It attracts roughly 15000 visitors every year.,When was the Harborview Bridge completed?,1995,39,Advanced
681,Summit Robotics Inc. was founded in Manila in 2016 by Noah Novak. The company now employs more than 96000 people across the Philippines.,In what year was Summit Robotics Inc. founded?,2016,46,Beginner
682,Jack Nguyen joined Aurora Data Systems as a marketing director in 2016 and later moved to the Austin office in 2017.,In what year did Jack Nguyen join Aurora Data Systems?,2016,66,Advanced
683,Hassan Johansson joined Oakwood Publishing House as a research scientist in 1996 and later moved to the Dublin office in 2000.,What role did Hassan Johansson join Oakwood Publishing House as?,research scientist,54,Beginner
684,Felix Wilson joined Zenith Pharmaceuticals as a operations coordinator in 2000 and later moved to the Mumbai office in 2004.,Which office did Felix Wilson later move to?,Mumbai,102,Beginner
685,Meridian Financial Group was founded in Austin in 1995 by Priya Fernandez. The company now employs more than 250000 people across Australia.,In what year was Meridian Financial Group founded?,1995,50,Intermediate
686,Aurora Data Systems was founded in Wellington in 2011 by Nina Johansson. The company now employs more than 45000 people across Indonesia.,In which city was Aurora Data Systems founded?,Wellington,35,Beginner
687,Felix Hall published a research paper on machine translation in 1998 while working at Pioneer Research Institute in Manila.,In what year did Felix Hall publish the paper?,1998,64,Intermediate
688,Wei Wilson published a research paper on quantum materials in 1990 while working at Brightline Technologies in Manila.,Where was Wei Wilson working when the paper was published?,Brightline Technologies,84,Intermediate
689,Nadia King joined Union Manufacturing Corp. as a project manager in 2007 and later moved to the Copenhagen office in 2011.,Which office did Nadia King later move to?,Copenhagen,96,Intermediate
690,"The science and innovation fair took place in Denver on January 26, 2019, drawing an audience of about 22000 people from around the Czech Republic.",When did the science and innovation fair take place?,"January 26, 2019",56,Beginner
691,Lucas Taylor published a research paper on deep-sea biology in 1997 while working at Union Manufacturing Corp. in Vancouver.,What topic did Lucas Taylor research?,deep-sea biology,43,Intermediate
692,Layla Chen joined Lakeside Medical Center as a marketing director in 2006 and later moved to the Cape Town office in 2007.,Which office did Layla Chen later move to?,Cape Town,97,Beginner
693,Peter Okafor joined Golden Gate Retailers as a marketing director in 1992 and later moved to the Berlin office in 1994.,In what year did Peter Okafor join Golden Gate Retailers?,1992,69,Intermediate
694,The Central Library was completed in 1996 and is located in Marrakesh. It attracts roughly 45000 visitors every year.,When was the Central Library completed?,1996,37,Intermediate
695,The Old Town Hall was completed in 2004 and is located in Nairobi. It attracts roughly 500000 visitors every year.,When was the Old Town Hall completed?,2004,35,Advanced
696,Kevin Nguyen joined Blue Horizon Airlines as a marketing director in 1990 and later moved to the Cairo office in 1995.,What role did Kevin Nguyen join Blue Horizon Airlines as?,marketing director,47,Intermediate
697,Vertex Analytics was founded in Berlin in 2017 by Tom Baker. The company now employs more than 45000 people across Portugal.,In which city was Vertex Analytics founded?,Berlin,32,Advanced
698,Harborview College was founded in Berlin in 2008 by James Costa. The company now employs more than 1200 people across Finland.,In which city was Harborview College founded?,Berlin,34,Intermediate
699,"The global health conference took place in Zurich on March 22, 2016, drawing an audience of about 22000 people from around Egypt.",Where did the global health conference take place?,Zurich,43,Beginner
700,Yuki King joined Evergreen Energy Co. as a marketing director in 2007 and later moved to the Mumbai office in 2011.,Which office did Yuki King later move to?,Mumbai,93,Intermediate
701,"The global health conference took place in Zurich on January 16, 2022, drawing an audience of about 15000 people from around Thailand.",When did the global health conference take place?,"January 16, 2022",53,Beginner
702,Cedar Grove Hospital was founded in Melbourne in 2017 by Noah Larsen. The company now employs more than 96000 people across New Zealand.,In what year was Cedar Grove Hospital founded?,2017,49,Advanced
703,Samuel Wilson published a research paper on machine translation in 1994 while working at Pioneer Research Institute in Lisbon.,What topic did Samuel Wilson research?,machine translation,44,Advanced
704,Crescent Media Group was founded in Manila in 2017 by Victor Young. The company now employs more than 3400 people across Germany.,In which city was Crescent Media Group founded?,Manila,36,Beginner
705,"The global health conference took place in Melbourne on July 5, 2024, drawing an audience of about 96000 people from around Chile.",Where did the global health conference take place?,Melbourne,43,Advanced
706,The Old Town Hall was completed in 1997 and is located in Dublin. It attracts roughly 22000 visitors every year.,Where is the Old Town Hall located?,Dublin,58,Advanced
707,The National Science Center was completed in 2000 and is located in Wellington. It attracts roughly 22000 visitors every year.,When was the National Science Center completed?,2000,45,Intermediate
708,The National Science Center was completed in 2016 and is located in Zurich. It attracts roughly 500000 visitors every year.,When was the National Science Center completed?,2016,45,Intermediate
709,Harborview College was founded in Cape Town in 2007 by Mark Patel. The company now employs more than 15000 people across Canada.,In which city was Harborview College founded?,Cape Town,34,Advanced
710,"The international film festival took place in Nairobi on January 16, 2021, drawing an audience of about 8700 people from around Germany.",When did the international film festival take place?,"January 16, 2021",57,Intermediate
711,Leila Walker joined Falcon Logistics as a project manager in 2000 and later moved to the Copenhagen office in 2005.,Which office did Leila Walker later move to?,Copenhagen,89,Intermediate
712,"The annual jazz festival took place in Melbourne on November 16, 2019, drawing an audience of about 500000 people from around the Philippines.",When did the annual jazz festival take place?,"November 16, 2019",52,Intermediate
713,Samuel Petrov published a research paper on machine translation in 2009 while working at Crescent Media Group in Helsinki.,Where was Samuel Petrov working when the paper was published?,Crescent Media Group,89,Intermediate
714,Hana Scott published a research paper on machine translation in 2022 while working at Meridian Financial Group in Warsaw.,What topic did Hana Scott research?,machine translation,41,Beginner
715,The Grand Observatory was completed in 2013 and is located in Zurich. It attracts roughly 22000 visitors every year.,Where is the Grand Observatory located?,Zurich,62,Intermediate
716,James Wright joined Ironwood Steel Works as a lead engineer in 1992 and later moved to the Denver office in 1994.,In what year did James Wright join Ironwood Steel Works?,1992,63,Intermediate
717,Sofia Anderson published a research paper on deep-sea biology in 1999 while working at Skyline Real Estate in Kuala Lumpur.,Where was Sofia Anderson working when the paper was published?,Skyline Real Estate,87,Advanced
718,The Central Library was completed in 2022 and is located in Kuala Lumpur. It attracts roughly 45000 visitors every year.,When was the Central Library completed?,2022,37,Intermediate
719,The National Science Center was completed in 2022 and is located in Vancouver. It attracts roughly 3400 visitors every year.,Where is the National Science Center located?,Vancouver,68,Intermediate
720,"The science and innovation fair took place in Wellington on June 20, 2022, drawing an audience of about 22000 people from around the Philippines.",When did the science and innovation fair take place?,"June 20, 2022",60,Advanced
721,Ironwood Steel Works was founded in Denver in 1991 by Liam King. The company now employs more than 96000 people across Japan.,Who founded Ironwood Steel Works?,Liam King,54,Beginner
722,Brightline Technologies was founded in Jakarta in 2022 by Julia Lewis. The company now employs more than 45000 people across Malaysia.,Who founded Brightline Technologies?,Julia Lewis,58,Advanced
723,Samuel Haddad published a research paper on genetic markers in 1994 while working at Union Manufacturing Corp. in Berlin.,Where was Samuel Haddad working when the paper was published?,Union Manufacturing Corp.,85,Advanced
724,The Central Library was completed in 2020 and is located in Buenos Aires. It attracts roughly 1200 visitors every year.,When was the Central Library completed?,2020,37,Intermediate
725,The Grand Observatory was completed in 1992 and is located in Zurich. It attracts roughly 250000 visitors every year.,When was the Grand Observatory completed?,1992,39,Beginner
726,Brightline Technologies was founded in Toronto in 2021 by Amara Dubois. The company now employs more than 250000 people across Portugal.,In which city was Brightline Technologies founded?,Toronto,39,Advanced
727,The Central Library was completed in 1994 and is located in Kuala Lumpur. It attracts roughly 22000 visitors every year.,Where is the Central Library located?,Kuala Lumpur,60,Beginner
728,Aurora Data Systems was founded in Kuala Lumpur in 2011 by Charlotte Wright. The company now employs more than 3400 people across Australia.,Who founded Aurora Data Systems?,Charlotte Wright,59,Intermediate
729,Chloe Costa joined Blue Horizon Airlines as a lead engineer in 2002 and later moved to the Vancouver office in 2007.,What role did Chloe Costa join Blue Horizon Airlines as?,lead engineer,46,Intermediate
730,Jack Hall published a research paper on renewable energy storage in 2016 while working at NextGen Software Labs in Jakarta.,In what year did Jack Hall publish the paper?,2016,68,Advanced
731,Silverline Motors was founded in Amsterdam in 1991 by Carlos Anderson. The company now employs more than 45000 people across Malaysia.,Who founded Silverline Motors?,Carlos Anderson,54,Intermediate
732,Sofia Osei published a research paper on genetic markers in 1997 while working at Northfield University in Santiago.,In what year did Sofia Osei publish the paper?,1997,60,Intermediate
733,Samuel Ivanov joined Riverside Bank as a lead engineer in 2015 and later moved to the Helsinki office in 2017.,In what year did Samuel Ivanov join Riverside Bank?,2015,58,Beginner
734,Harborview College was founded in Nairobi in 2014 by Ravi Haddad. The company now employs more than 22000 people across the Netherlands.,In which city was Harborview College founded?,Nairobi,34,Advanced
735,Jack Green published a research paper on machine translation in 1992 while working at Maple Street School District in Kuala Lumpur.,In what year did Jack Green publish the paper?,1992,64,Intermediate
736,Cedar Grove Hospital was founded in Bangkok in 2011 by Layla Baker. The company now employs more than 3400 people across Poland.,Who founded Cedar Grove Hospital?,Layla Baker,55,Advanced
737,"The global health conference took place in Berlin on October 20, 2024, drawing an audience of about 500000 people from around South Africa.",When did the global health conference take place?,"October 20, 2024",53,Beginner
738,Victor Dubois joined Meridian Financial Group as a operations coordinator in 2019 and later moved to the Osaka office in 2022.,Which office did Victor Dubois later move to?,Osaka,105,Intermediate
739,The Old Town Hall was completed in 2019 and is located in Dublin. It attracts roughly 3400 visitors every year.,When was the Old Town Hall completed?,2019,35,Intermediate
740,NextGen Software Labs was founded in Prague in 1997 by Wei Moore. The company now employs more than 500000 people across Australia.,In which city was NextGen Software Labs founded?,Prague,37,Beginner
741,The National Science Center was completed in 2001 and is located in Prague. It attracts roughly 8700 visitors every year.,Where is the National Science Center located?,Prague,68,Intermediate
742,The National Science Center was completed in 2008 and is located in Toronto. It attracts roughly 8700 visitors every year.,When was the National Science Center completed?,2008,45,Beginner
743,Aisha Nguyen published a research paper on deep-sea biology in 2018 while working at Global Trade Partners in Cape Town.,What topic did Aisha Nguyen research?,deep-sea biology,43,Beginner
744,"The international film festival took place in Zurich on May 27, 2024, drawing an audience of about 22000 people from around Thailand.",Where did the international film festival take place?,Zurich,46,Beginner
745,Julia Silva published a research paper on urban air quality in 2020 while working at Harborview College in Santiago.,Where was Julia Silva working when the paper was published?,Harborview College,85,Advanced
746,Union Manufacturing Corp. was founded in Buenos Aires in 2022 by Nina Müller. The company now employs more than 22000 people across Japan.,In what year was Union Manufacturing Corp. founded?,2022,57,Beginner
747,"The technology summit took place in Lisbon on July 8, 2023, drawing an audience of about 1200 people from around the United States.",Where did the technology summit take place?,Lisbon,36,Intermediate
748,David Suzuki published a research paper on urban air quality in 2011 while working at Maple Street School District in Bangkok.,What topic did David Suzuki research?,urban air quality,43,Beginner
749,The National Science Center was completed in 1994 and is located in Mumbai. It attracts roughly 15000 visitors every year.,Where is the National Science Center located?,Mumbai,68,Intermediate
750,Mark Yamamoto published a research paper on genetic markers in 2003 while working at Delta Cloud Services in Lisbon.,Where was Mark Yamamoto working when the paper was published?,Delta Cloud Services,85,Intermediate
751,"The global health conference took place in Santiago on March 8, 2022, drawing an audience of about 22000 people from around Kenya.",When did the global health conference take place?,"March 8, 2022",55,Beginner
752,Olivia Petrov joined Blue Horizon Airlines as a research scientist in 1998 and later moved to the Bangkok office in 2000.,Which office did Olivia Petrov later move to?,Bangkok,98,Advanced
753,Adaeze Clark joined Evergreen Energy Co. as a operations coordinator in 2021 and later moved to the Lisbon office in 2023.,In what year did Adaeze Clark join Evergreen Energy Co.?,2021,72,Beginner
754,"The robotics championship took place in Zurich on October 18, 2024, drawing an audience of about 500000 people from around Thailand.",When did the robotics championship take place?,"October 18, 2024",50,Intermediate
755,Ethan Garcia joined NextGen Software Labs as a operations coordinator in 2004 and later moved to the Buenos Aires office in 2009.,What role did Ethan Garcia join NextGen Software Labs as?,operations coordinator,47,Advanced
756,"The global health conference took place in Melbourne on August 7, 2019, drawing an audience of about 500000 people from around Canada.",When did the global health conference take place?,"August 7, 2019",56,Intermediate
757,Cedar Grove Hospital was founded in Dublin in 2019 by Peter Wright. The company now employs more than 3400 people across South Africa.,In what year was Cedar Grove Hospital founded?,2019,46,Intermediate
758,Ibrahim Scott published a research paper on deep-sea biology in 2001 while working at Evergreen Energy Co. in Warsaw.,Where was Ibrahim Scott working when the paper was published?,Evergreen Energy Co.,86,Intermediate
759,Ironwood Steel Works was founded in Nairobi in 1999 by Kevin Ivanov. The company now employs more than 3400 people across Malaysia.,Who founded Ironwood Steel Works?,Kevin Ivanov,55,Intermediate
760,"The robotics championship took place in Cape Town on March 22, 2020, drawing an audience of about 22000 people from around the Philippines.",When did the robotics championship take place?,"March 22, 2020",53,Beginner
761,Crescent Media Group was founded in Helsinki in 2015 by Mark Wright. The company now employs more than 3400 people across India.,Who founded Crescent Media Group?,Mark Wright,56,Intermediate
762,Pioneer Research Institute was founded in Mumbai in 1996 by Daniel Rossi. The company now employs more than 250000 people across Kenya.,In what year was Pioneer Research Institute founded?,1996,52,Beginner
763,Global Trade Partners was founded in Austin in 2000 by Peter Costa. The company now employs more than 250000 people across India.,In what year was Global Trade Partners founded?,2000,47,Beginner
764,Mateus Larsen published a research paper on genetic markers in 2014 while working at Northfield University in Manila.,What topic did Mateus Larsen research?,genetic markers,44,Beginner
765,The Riverside Museum was completed in 2004 and is located in Lisbon. It attracts roughly 15000 visitors every year.,When was the Riverside Museum completed?,2004,38,Advanced
766,Chen Larsen joined Silverline Motors as a operations coordinator in 1994 and later moved to the Austin office in 1995.,In what year did Chen Larsen join Silverline Motors?,1994,68,Intermediate
767,Global Trade Partners was founded in Kuala Lumpur in 2020 by Isabella Haddad. The company now employs more than 500000 people across New Zealand.,In what year was Global Trade Partners founded?,2020,53,Beginner
768,Global Trade Partners was founded in Buenos Aires in 2017 by Noah Hall. The company now employs more than 1200 people across the Philippines.,In which city was Global Trade Partners founded?,Buenos Aires,37,Advanced
769,"The annual jazz festival took place in Bangkok on January 10, 2023, drawing an audience of about 45000 people from around Canada.",Where did the annual jazz festival take place?,Bangkok,39,Intermediate
770,Mateus Nguyen joined Meridian Financial Group as a marketing director in 2021 and later moved to the Stockholm office in 2026.,In what year did Mateus Nguyen join Meridian Financial Group?,2021,73,Advanced
771,The Riverside Museum was completed in 2007 and is located in Manila. It attracts roughly 500000 visitors every year.,When was the Riverside Museum completed?,2007,38,Beginner
772,Ethan Hall published a research paper on machine translation in 2012 while working at Blue Horizon Airlines in Amsterdam.,What topic did Ethan Hall research?,machine translation,41,Beginner
773,Zainab Petrov joined Harborview College as a operations coordinator in 2001 and later moved to the Kuala Lumpur office in 2006.,In what year did Zainab Petrov join Harborview College?,2001,71,Advanced
774,Mateus Patel joined Cedar Grove Hospital as a operations coordinator in 2017 and later moved to the Toronto office in 2022.,In what year did Mateus Patel join Cedar Grove Hospital?,2017,72,Advanced
775,Carlos Anderson joined Union Manufacturing Corp. as a lead engineer in 2017 and later moved to the Melbourne office in 2019.,Which office did Carlos Anderson later move to?,Melbourne,99,Intermediate
776,Victor Dubois joined Harborview College as a marketing director in 2001 and later moved to the Wellington office in 2003.,In what year did Victor Dubois join Harborview College?,2001,67,Intermediate
777,Carlos Green joined Redstone Consulting as a operations coordinator in 2016 and later moved to the Lisbon office in 2021.,Which office did Carlos Green later move to?,Lisbon,99,Intermediate
778,"The annual jazz festival took place in Zurich on October 23, 2021, drawing an audience of about 8700 people from around Portugal.",When did the annual jazz festival take place?,"October 23, 2021",49,Beginner
779,Harborview College was founded in Stockholm in 2009 by Yuki Kowalski. The company now employs more than 8700 people across Denmark.,In which city was Harborview College founded?,Stockholm,34,Intermediate
780,Coastal Insurance Co. was founded in Dublin in 2011 by Layla Costa. The company now employs more than 96000 people across South Africa.,In what year was Coastal Insurance Co. founded?,2011,47,Advanced
781,"The technology summit took place in Toronto on November 15, 2016, drawing an audience of about 3400 people from around Thailand.",Where did the technology summit take place?,Toronto,36,Advanced
782,Lakeside Medical Center was founded in Manila in 2013 by Carlos Scott. The company now employs more than 3400 people across Thailand.,In what year was Lakeside Medical Center founded?,2013,49,Intermediate
783,"The technology summit took place in Dublin on June 9, 2025, drawing an audience of about 250000 people from around Sweden.",Where did the technology summit take place?,Dublin,36,Beginner
784,Ravi Müller published a research paper on deep-sea biology in 2019 while working at Summit Robotics Inc. in Helsinki.,In what year did Ravi Müller publish the paper?,2019,62,Beginner
785,Mei Müller published a research paper on deep-sea biology in 2013 while working at Harborview College in Cape Town.,Where was Mei Müller working when the paper was published?,Harborview College,83,Intermediate
786,Adaeze Chen published a research paper on renewable energy storage in 2009 while working at Golden Gate Retailers in Manila.,What topic did Adaeze Chen research?,renewable energy storage,42,Beginner
787,Skyline Real Estate was founded in Mumbai in 2022 by Hassan Müller. The company now employs more than 45000 people across Poland.,Who founded Skyline Real Estate?,Hassan Müller,53,Advanced
788,Meridian Financial Group was founded in Dublin in 2015 by Lucas Wilson. The company now employs more than 22000 people across Japan.,In what year was Meridian Financial Group founded?,2015,50,Advanced
789,The Harborview Bridge was completed in 2021 and is located in Wellington. It attracts roughly 1200 visitors every year.,Where is the Harborview Bridge located?,Wellington,62,Beginner
790,Ethan Novak published a research paper on genetic markers in 1997 while working at NextGen Software Labs in Toronto.,In what year did Ethan Novak publish the paper?,1997,61,Advanced
791,"The annual jazz festival took place in Amsterdam on May 13, 2025, drawing an audience of about 45000 people from around Ireland.",Where did the annual jazz festival take place?,Amsterdam,39,Intermediate
792,Chen Patel joined Union Manufacturing Corp. as a research scientist in 1996 and later moved to the Mumbai office in 2000.,What role did Chen Patel join Union Manufacturing Corp. as?,research scientist,49,Beginner
793,Oakwood Publishing House was founded in Edinburgh in 2018 by Fatima Young. The company now employs more than 1200 people across Japan.,In what year was Oakwood Publishing House founded?,2018,53,Intermediate
794,Fatima Hall published a research paper on deep-sea biology in 2019 while working at Summit Robotics Inc. in Lisbon.,What topic did Fatima Hall research?,deep-sea biology,42,Intermediate
795,"The international film festival took place in Santiago on July 14, 2023, drawing an audience of about 1200 people from around Ireland.",When did the international film festival take place?,"July 14, 2023",58,Beginner
796,Priya Walker joined Union Manufacturing Corp. as a senior analyst in 1995 and later moved to the Denver office in 1998.,Which office did Priya Walker later move to?,Denver,97,Beginner
797,Ingrid Kim joined Oakwood Publishing House as a senior analyst in 2017 and later moved to the Toronto office in 2022.,What role did Ingrid Kim join Oakwood Publishing House as?,senior analyst,48,Beginner
798,The Grand Observatory was completed in 2021 and is located in Amsterdam. It attracts roughly 250000 visitors every year.,When was the Grand Observatory completed?,2021,39,Beginner
799,The Riverside Museum was completed in 2020 and is located in Copenhagen. It attracts roughly 500000 visitors every year.,Where is the Riverside Museum located?,Copenhagen,61,Intermediate
800,The Harborview Bridge was completed in 2006 and is located in Mumbai. It attracts roughly 8700 visitors every year.,When was the Harborview Bridge completed?,2006,39,Intermediate
801,"The annual jazz festival took place in Seoul on May 2, 2020, drawing an audience of about 15000 people from around Germany.",When did the annual jazz festival take place?,"May 2, 2020",48,Advanced
802,Anna Lewis published a research paper on deep-sea biology in 2020 while working at Coastal Insurance Co. in Nairobi.,What topic did Anna Lewis research?,deep-sea biology,41,Beginner
803,The Central Library was completed in 1996 and is located in Seoul. It attracts roughly 500000 visitors every year.,Where is the Central Library located?,Seoul,60,Beginner
804,Emma Rossi published a research paper on urban air quality in 1991 while working at Delta Cloud Services in Edinburgh.,Where was Emma Rossi working when the paper was published?,Delta Cloud Services,84,Advanced
805,David King published a research paper on deep-sea biology in 2001 while working at Crescent Media Group in Zurich.,In what year did David King publish the paper?,2001,61,Advanced
806,Yuki Anderson published a research paper on deep-sea biology in 1999 while working at Cedar Grove Hospital in Copenhagen.,Where was Yuki Anderson working when the paper was published?,Cedar Grove Hospital,86,Intermediate
807,"The robotics championship took place in Vancouver on May 20, 2017, drawing an audience of about 3400 people from around the Czech Republic.",Where did the robotics championship take place?,Vancouver,40,Beginner
808,Zainab Haddad joined Quantum Innovations as a senior analyst in 2010 and later moved to the Helsinki office in 2013.,In what year did Zainab Haddad join Quantum Innovations?,2010,64,Advanced
809,"The science and innovation fair took place in Manila on October 11, 2015, drawing an audience of about 96000 people from around Indonesia.",Where did the science and innovation fair take place?,Manila,46,Beginner
810,Fatima Garcia joined NextGen Software Labs as a lead engineer in 2018 and later moved to the Cape Town office in 2019.,In what year did Fatima Garcia join NextGen Software Labs?,2018,65,Advanced
811,Layla Moore joined Harborview College as a operations coordinator in 1993 and later moved to the Nairobi office in 1998.,Which office did Layla Moore later move to?,Nairobi,97,Intermediate
812,Golden Gate Retailers was founded in Kuala Lumpur in 2010 by Elena Khan. The company now employs more than 1200 people across South Africa.,Who founded Golden Gate Retailers?,Elena Khan,61,Advanced
813,Pioneer Research Institute was founded in Cairo in 2002 by James Ivanov. The company now employs more than 1200 people across Finland.,In what year was Pioneer Research Institute founded?,2002,51,Intermediate
814,The Riverside Museum was completed in 2012 and is located in Edinburgh. It attracts roughly 250000 visitors every year.,When was the Riverside Museum completed?,2012,38,Advanced
815,Lakeside Medical Center was founded in Vancouver in 2014 by Amara Khan. The company now employs more than 250000 people across Argentina.,In which city was Lakeside Medical Center founded?,Vancouver,39,Beginner
816,Charlotte Young joined Riverside Bank as a senior analyst in 1996 and later moved to the Seoul office in 2001.,What role did Charlotte Young join Riverside Bank as?,senior analyst,43,Advanced
817,Summit Robotics Inc. was founded in Buenos Aires in 2001 by Felix Brown. The company now employs more than 15000 people across Australia.,In what year was Summit Robotics Inc. founded?,2001,52,Advanced
818,Hassan Baker published a research paper on quantum materials in 1994 while working at Coastal Insurance Co. in Manila.,What topic did Hassan Baker research?,quantum materials,43,Intermediate
819,Zainab Müller published a research paper on deep-sea biology in 2019 while working at Aurora Data Systems in Dublin.,Where was Zainab Müller working when the paper was published?,Aurora Data Systems,86,Advanced
820,Hassan Costa published a research paper on urban air quality in 2014 while working at Oakwood Publishing House in Cairo.,In what year did Hassan Costa publish the paper?,2014,64,Intermediate
821,The National Science Center was completed in 2001 and is located in Stockholm. It attracts roughly 500000 visitors every year.,Where is the National Science Center located?,Stockholm,68,Beginner
822,Noah Smith published a research paper on quantum materials in 2002 while working at NextGen Software Labs in Dublin.,Where was Noah Smith working when the paper was published?,NextGen Software Labs,84,Intermediate
823,The Riverside Museum was completed in 1992 and is located in Mumbai. It attracts roughly 96000 visitors every year.,Where is the Riverside Museum located?,Mumbai,61,Intermediate
824,Harborview College was founded in Kuala Lumpur in 1997 by Hassan Yamamoto. The company now employs more than 1200 people across Kenya.,In what year was Harborview College founded?,1997,50,Intermediate
825,Ahmed Young published a research paper on renewable energy storage in 2007 while working at Northfield University in Toronto.,Where was Ahmed Young working when the paper was published?,Northfield University,92,Beginner
826,Felix Silva published a research paper on genetic markers in 2020 while working at Zenith Pharmaceuticals in Berlin.,Where was Felix Silva working when the paper was published?,Zenith Pharmaceuticals,83,Advanced
827,The Old Town Hall was completed in 2013 and is located in Wellington. It attracts roughly 500000 visitors every year.,When was the Old Town Hall completed?,2013,35,Beginner
828,The Central Library was completed in 1996 and is located in Wellington. It attracts roughly 45000 visitors every year.,Where is the Central Library located?,Wellington,60,Beginner
829,The National Science Center was completed in 1992 and is located in Zurich. It attracts roughly 45000 visitors every year.,Where is the National Science Center located?,Zurich,68,Beginner
830,Leila Okafor joined Falcon Logistics as a senior analyst in 2016 and later moved to the Edinburgh office in 2019.,What role did Leila Okafor join Falcon Logistics as?,senior analyst,42,Beginner
831,Noah Silva joined Lakeside Medical Center as a senior analyst in 1998 and later moved to the Manila office in 1999.,Which office did Noah Silva later move to?,Manila,93,Advanced
832,Daniel Johansson joined Pioneer Research Institute as a senior analyst in 1992 and later moved to the Helsinki office in 1993.,In what year did Daniel Johansson join Pioneer Research Institute?,1992,74,Intermediate
833,Kevin Garcia published a research paper on deep-sea biology in 2007 while working at Ironwood Steel Works in Toronto.,In what year did Kevin Garcia publish the paper?,2007,63,Beginner
834,Union Manufacturing Corp. was founded in Copenhagen in 2010 by Mateus Ivanov. The company now employs more than 3400 people across Portugal.,In which city was Union Manufacturing Corp. founded?,Copenhagen,41,Advanced
835,The Grand Observatory was completed in 2009 and is located in Marrakesh. It attracts roughly 250000 visitors every year.,When was the Grand Observatory completed?,2009,39,Intermediate
836,Vertex Analytics was founded in Edinburgh in 2007 by Sofia King. The company now employs more than 15000 people across Portugal.,Who founded Vertex Analytics?,Sofia King,53,Advanced
837,"The global health conference took place in Wellington on June 15, 2019, drawing an audience of about 3400 people from around Poland.",When did the global health conference take place?,"June 15, 2019",57,Advanced
838,NextGen Software Labs was founded in Dublin in 1994 by Olivia Müller. The company now employs more than 500000 people across the Netherlands.,In what year was NextGen Software Labs founded?,1994,47,Advanced
839,Mateus Haddad published a research paper on renewable energy storage in 1996 while working at Riverside Bank in Amsterdam.,Where was Mateus Haddad working when the paper was published?,Riverside Bank,94,Intermediate
840,Pioneer Research Institute was founded in Melbourne in 2017 by James Moore. The company now employs more than 45000 people across the Philippines.,In what year was Pioneer Research Institute founded?,2017,55,Intermediate
841,The Harborview Bridge was completed in 2017 and is located in Cairo. It attracts roughly 15000 visitors every year.,Where is the Harborview Bridge located?,Cairo,62,Beginner
842,Sofia Clark joined Blue Horizon Airlines as a marketing director in 2009 and later moved to the Cape Town office in 2010.,In what year did Sofia Clark join Blue Horizon Airlines?,2009,68,Intermediate
843,Redstone Consulting was founded in Warsaw in 2023 by James Costa. The company now employs more than 500000 people across Denmark.,In which city was Redstone Consulting founded?,Warsaw,35,Intermediate
844,Sofia Osei published a research paper on deep-sea biology in 2012 while working at Pioneer Research Institute in Berlin.,Where was Sofia Osei working when the paper was published?,Pioneer Research Institute,83,Advanced
845,David Wright published a research paper on genetic markers in 1997 while working at Golden Gate Retailers in Santiago.,What topic did David Wright research?,genetic markers,43,Intermediate
846,The Old Town Hall was completed in 1993 and is located in Cape Town. It attracts roughly 15000 visitors every year.,When was the Old Town Hall completed?,1993,35,Beginner
847,Falcon Logistics was founded in Lisbon in 2005 by Carlos Wright. The company now employs more than 3400 people across Chile.,In which city was Falcon Logistics founded?,Lisbon,32,Intermediate
848,The Grand Observatory was completed in 2001 and is located in Amsterdam. It attracts roughly 45000 visitors every year.,When was the Grand Observatory completed?,2001,39,Advanced
849,Hana Ivanov joined Delta Cloud Services as a project manager in 1996 and later moved to the Manila office in 1997.,Which office did Hana Ivanov later move to?,Manila,92,Intermediate
850,Mei Ivanov joined Skyline Real Estate as a marketing director in 2011 and later moved to the Kuala Lumpur office in 2015.,What role did Mei Ivanov join Skyline Real Estate as?,marketing director,43,Intermediate
851,Elena Patel published a research paper on machine translation in 2012 while working at Blue Horizon Airlines in Berlin.,Where was Elena Patel working when the paper was published?,Blue Horizon Airlines,87,Advanced
852,Ethan Müller published a research paper on machine translation in 1991 while working at Zenith Pharmaceuticals in Buenos Aires.,What topic did Ethan Müller research?,machine translation,43,Beginner
853,Delta Cloud Services was founded in Jakarta in 1997 by Leila Brown. The company now employs more than 15000 people across Argentina.,In which city was Delta Cloud Services founded?,Jakarta,36,Advanced
854,Nina Green published a research paper on machine translation in 2016 while working at Coastal Insurance Co. in Warsaw.,Where was Nina Green working when the paper was published?,Coastal Insurance Co.,86,Advanced
855,Ravi Wright published a research paper on machine translation in 2000 while working at BrightFuture Foundation in Vancouver.,What topic did Ravi Wright research?,machine translation,42,Advanced
856,The Old Town Hall was completed in 2023 and is located in Manila. It attracts roughly 3400 visitors every year.,When was the Old Town Hall completed?,2023,35,Advanced
857,Skyline Real Estate was founded in Denver in 2013 by Lucas Hall. The company now employs more than 3400 people across Australia.,In which city was Skyline Real Estate founded?,Denver,35,Beginner
858,Mark Baker published a research paper on renewable energy storage in 2008 while working at Meridian Financial Group in Jakarta.,In what year did Mark Baker publish the paper?,2008,69,Advanced
859,Sofia Fernandez joined Ironwood Steel Works as a operations coordinator in 2016 and later moved to the Berlin office in 2019.,In what year did Sofia Fernandez join Ironwood Steel Works?,2016,75,Beginner
860,The Riverside Museum was completed in 2013 and is located in Austin. It attracts roughly 8700 visitors every year.,Where is the Riverside Museum located?,Austin,61,Advanced
861,Zenith Pharmaceuticals was founded in Vancouver in 2012 by Fatima King. The company now employs more than 1200 people across South Africa.,In what year was Zenith Pharmaceuticals founded?,2012,51,Intermediate
862,The National Science Center was completed in 2015 and is located in Buenos Aires. It attracts roughly 22000 visitors every year.,Where is the National Science Center located?,Buenos Aires,68,Beginner
863,Meridian Financial Group was founded in Nairobi in 2006 by Amara Novak. The company now employs more than 1200 people across Kenya.,In which city was Meridian Financial Group founded?,Nairobi,40,Advanced
864,Leila Khan joined Aurora Data Systems as a operations coordinator in 2021 and later moved to the Austin office in 2026.,Which office did Leila Khan later move to?,Austin,97,Intermediate
865,Felix Walker joined Quantum Innovations as a project manager in 1997 and later moved to the Edinburgh office in 2000.,Which office did Felix Walker later move to?,Edinburgh,92,Beginner
866,"The global health conference took place in Edinburgh on August 5, 2025, drawing an audience of about 250000 people from around New Zealand.",When did the global health conference take place?,"August 5, 2025",56,Beginner
867,Adaeze Taylor published a research paper on renewable energy storage in 2016 while working at BrightFuture Foundation in Santiago.,Where was Adaeze Taylor working when the paper was published?,BrightFuture Foundation,94,Intermediate
868,Aisha Taylor joined Riverside Bank as a marketing director in 2008 and later moved to the Seoul office in 2012.,What role did Aisha Taylor join Riverside Bank as?,marketing director,40,Advanced
869,Ravi Rossi joined BrightFuture Foundation as a senior analyst in 2004 and later moved to the Dublin office in 2006.,In what year did Ravi Rossi join BrightFuture Foundation?,2004,65,Intermediate
870,Hassan Petrov joined BrightFuture Foundation as a senior analyst in 2000 and later moved to the Stockholm office in 2001.,What role did Hassan Petrov join BrightFuture Foundation as?,senior analyst,50,Beginner
871,Ingrid Anderson joined Meridian Financial Group as a marketing director in 2014 and later moved to the Edinburgh office in 2019.,In what year did Ingrid Anderson join Meridian Financial Group?,2014,75,Intermediate
872,James Chen joined Skyline Real Estate as a research scientist in 1992 and later moved to the Stockholm office in 1997.,What role did James Chen join Skyline Real Estate as?,research scientist,43,Beginner
873,Kevin Nguyen joined NextGen Software Labs as a marketing director in 2022 and later moved to the Helsinki office in 2026.,What role did Kevin Nguyen join NextGen Software Labs as?,marketing director,47,Advanced
874,"The annual jazz festival took place in Mumbai on March 16, 2016, drawing an audience of about 45000 people from around Poland.",When did the annual jazz festival take place?,"March 16, 2016",49,Beginner
875,"The science and innovation fair took place in Cairo on December 9, 2021, drawing an audience of about 22000 people from around Indonesia.",When did the science and innovation fair take place?,"December 9, 2021",55,Beginner
876,The Old Town Hall was completed in 2004 and is located in Edinburgh. It attracts roughly 3400 visitors every year.,When was the Old Town Hall completed?,2004,35,Advanced
877,The Riverside Museum was completed in 2018 and is located in Mumbai. It attracts roughly 8700 visitors every year.,When was the Riverside Museum completed?,2018,38,Intermediate
878,Ingrid Moore published a research paper on machine translation in 2017 while working at Meridian Financial Group in Santiago.,What topic did Ingrid Moore research?,machine translation,43,Advanced
879,Hassan Walker joined NextGen Software Labs as a operations coordinator in 2014 and later moved to the Lisbon office in 2019.,Which office did Hassan Walker later move to?,Lisbon,102,Advanced
880,The National Science Center was completed in 1999 and is located in Lisbon. It attracts roughly 22000 visitors every year.,When was the National Science Center completed?,1999,45,Advanced
881,The Riverside Museum was completed in 2009 and is located in Santiago. It attracts roughly 3400 visitors every year.,When was the Riverside Museum completed?,2009,38,Intermediate
882,Grace Baker joined Brightline Technologies as a lead engineer in 2004 and later moved to the Melbourne office in 2005.,Which office did Grace Baker later move to?,Melbourne,93,Advanced
883,Aisha Okafor joined Oakwood Publishing House as a operations coordinator in 1993 and later moved to the Vancouver office in 1998.,In what year did Aisha Okafor join Oakwood Publishing House?,1993,76,Advanced
884,"The science and innovation fair took place in Manila on October 6, 2021, drawing an audience of about 96000 people from around Kenya.",When did the science and innovation fair take place?,"October 6, 2021",56,Intermediate
885,Summit Robotics Inc. was founded in Prague in 2017 by Omar Osei. The company now employs more than 8700 people across Portugal.,In what year was Summit Robotics Inc. founded?,2017,46,Intermediate
886,The Riverside Museum was completed in 2007 and is located in Lisbon. It attracts roughly 45000 visitors every year.,Where is the Riverside Museum located?,Lisbon,61,Intermediate
887,Chen Anderson published a research paper on machine translation in 2014 while working at Northfield University in Kuala Lumpur.,What topic did Chen Anderson research?,machine translation,44,Intermediate
888,Crescent Media Group was founded in Berlin in 1999 by Carlos Smith. The company now employs more than 45000 people across the Philippines.,Who founded Crescent Media Group?,Carlos Smith,54,Beginner
889,The National Science Center was completed in 1991 and is located in Marrakesh. It attracts roughly 250000 visitors every year.,Where is the National Science Center located?,Marrakesh,68,Intermediate
890,The Grand Observatory was completed in 2007 and is located in Seoul. It attracts roughly 500000 visitors every year.,When was the Grand Observatory completed?,2007,39,Advanced
891,"The robotics championship took place in Melbourne on March 1, 2019, drawing an audience of about 500000 people from around the Netherlands.",Where did the robotics championship take place?,Melbourne,40,Intermediate
892,The Grand Observatory was completed in 2001 and is located in Cape Town. It attracts roughly 1200 visitors every year.,Where is the Grand Observatory located?,Cape Town,62,Beginner
893,The Central Library was completed in 1996 and is located in Jakarta. It attracts roughly 3400 visitors every year.,Where is the Central Library located?,Jakarta,60,Intermediate
894,"The robotics championship took place in Nairobi on April 10, 2017, drawing an audience of about 22000 people from around South Africa.",Where did the robotics championship take place?,Nairobi,40,Intermediate
895,"The annual jazz festival took place in Santiago on January 26, 2017, drawing an audience of about 8700 people from around Malaysia.",Where did the annual jazz festival take place?,Santiago,39,Intermediate
896,Zenith Pharmaceuticals was founded in Berlin in 2022 by Olivia Silva. The company now employs more than 8700 people across Chile.,In which city was Zenith Pharmaceuticals founded?,Berlin,38,Beginner
897,Elena Suzuki joined Delta Cloud Services as a operations coordinator in 1996 and later moved to the Lisbon office in 1997.,What role did Elena Suzuki join Delta Cloud Services as?,operations coordinator,46,Intermediate
898,The Riverside Museum was completed in 2023 and is located in Dublin. It attracts roughly 15000 visitors every year.,When was the Riverside Museum completed?,2023,38,Advanced
899,The Central Library was completed in 1994 and is located in Manila. It attracts roughly 22000 visitors every year.,When was the Central Library completed?,1994,37,Beginner
900,Riverside Bank was founded in Melbourne in 1994 by Adaeze Garcia. The company now employs more than 250000 people across Thailand.,In what year was Riverside Bank founded?,1994,43,Advanced
901,Aurora Data Systems was founded in Dublin in 2016 by Samuel Brown. The company now employs more than 22000 people across India.,In which city was Aurora Data Systems founded?,Dublin,35,Advanced
902,"The technology summit took place in Lisbon on October 2, 2016, drawing an audience of about 8700 people from around South Korea.",Where did the technology summit take place?,Lisbon,36,Beginner
903,Priya Wright published a research paper on genetic markers in 1993 while working at Vertex Analytics in Berlin.,Where was Priya Wright working when the paper was published?,Vertex Analytics,84,Intermediate
904,Quantum Innovations was founded in Edinburgh in 1993 by Maria Wright. The company now employs more than 8700 people across Japan.,In which city was Quantum Innovations founded?,Edinburgh,35,Intermediate
905,The Central Library was completed in 2009 and is located in Mumbai. It attracts roughly 8700 visitors every year.,Where is the Central Library located?,Mumbai,60,Intermediate
906,Lucas Yamamoto joined Evergreen Energy Co. as a research scientist in 1992 and later moved to the Denver office in 1995.,In what year did Lucas Yamamoto join Evergreen Energy Co.?,1992,70,Advanced
907,Global Trade Partners was founded in Denver in 1992 by Ahmed Wright. The company now employs more than 96000 people across South Africa.,In what year was Global Trade Partners founded?,1992,47,Advanced
908,Wei Baker joined Quantum Innovations as a research scientist in 2008 and later moved to the Austin office in 2009.,In what year did Wei Baker join Quantum Innovations?,2008,64,Intermediate
909,Sara Wright joined Zenith Pharmaceuticals as a operations coordinator in 1990 and later moved to the Helsinki office in 1991.,What role did Sara Wright join Zenith Pharmaceuticals as?,operations coordinator,47,Intermediate
910,"The robotics championship took place in Edinburgh on May 22, 2018, drawing an audience of about 8700 people from around Indonesia.",Where did the robotics championship take place?,Edinburgh,40,Beginner
911,Sofia Wilson joined Brightline Technologies as a senior analyst in 2000 and later moved to the Edinburgh office in 2001.,In what year did Sofia Wilson join Brightline Technologies?,2000,67,Beginner
912,Omar Patel joined Riverside Bank as a research scientist in 1998 and later moved to the Lisbon office in 2001.,What role did Omar Patel join Riverside Bank as?,research scientist,38,Advanced
913,Lucas Dubois joined Harborview College as a operations coordinator in 1999 and later moved to the Warsaw office in 2004.,What role did Lucas Dubois join Harborview College as?,operations coordinator,44,Beginner
914,Ravi Lewis joined BrightFuture Foundation as a operations coordinator in 2015 and later moved to the Nairobi office in 2018.,In what year did Ravi Lewis join BrightFuture Foundation?,2015,73,Beginner
915,The Grand Observatory was completed in 2021 and is located in Seoul. It attracts roughly 22000 visitors every year.,When was the Grand Observatory completed?,2021,39,Beginner
916,Summit Robotics Inc. was founded in Osaka in 2020 by Priya Taylor. The company now employs more than 250000 people across the Philippines.,In which city was Summit Robotics Inc. founded?,Osaka,36,Advanced
917,The National Science Center was completed in 2013 and is located in Austin. It attracts roughly 22000 visitors every year.,Where is the National Science Center located?,Austin,68,Intermediate
918,The Grand Observatory was completed in 2015 and is located in Edinburgh. It attracts roughly 96000 visitors every year.,Where is the Grand Observatory located?,Edinburgh,62,Advanced
919,David Smith joined Union Manufacturing Corp. as a lead engineer in 1995 and later moved to the Manila office in 1999.,What role did David Smith join Union Manufacturing Corp. as?,lead engineer,50,Intermediate
920,The Grand Observatory was completed in 2009 and is located in Amsterdam. It attracts roughly 96000 visitors every year.,When was the Grand Observatory completed?,2009,39,Beginner
921,The National Science Center was completed in 2015 and is located in Buenos Aires. It attracts roughly 22000 visitors every year.,When was the National Science Center completed?,2015,45,Intermediate
922,Coastal Insurance Co. was founded in Toronto in 2012 by Mark Müller. The company now employs more than 1200 people across Australia.,Who founded Coastal Insurance Co.?,Mark Müller,56,Intermediate
923,"The technology summit took place in Prague on April 7, 2021, drawing an audience of about 96000 people from around Ireland.",When did the technology summit take place?,"April 7, 2021",46,Beginner
924,"The international film festival took place in Manila on October 26, 2022, drawing an audience of about 15000 people from around Australia.",Where did the international film festival take place?,Manila,46,Advanced
925,Noah Anderson joined Blue Horizon Airlines as a marketing director in 2014 and later moved to the Toronto office in 2017.,In what year did Noah Anderson join Blue Horizon Airlines?,2014,70,Intermediate
926,Coastal Insurance Co. was founded in Prague in 1999 by David Lewis. The company now employs more than 8700 people across Argentina.,In what year was Coastal Insurance Co. founded?,1999,47,Advanced
927,Fatima Kowalski published a research paper on genetic markers in 1994 while working at Global Trade Partners in Edinburgh.,In what year did Fatima Kowalski publish the paper?,1994,65,Intermediate
928,Falcon Logistics was founded in Berlin in 2014 by Mei Kim. The company now employs more than 22000 people across Malaysia.,Who founded Falcon Logistics?,Mei Kim,50,Intermediate
929,"The annual jazz festival took place in Cairo on October 14, 2021, drawing an audience of about 500000 people from around Malaysia.",Where did the annual jazz festival take place?,Cairo,39,Intermediate
930,Tom Costa joined Coastal Insurance Co. as a senior analyst in 2001 and later moved to the Kuala Lumpur office in 2002.,In what year did Tom Costa join Coastal Insurance Co.?,2001,62,Advanced
931,"The technology summit took place in Zurich on April 1, 2018, drawing an audience of about 3400 people from around Egypt.",Where did the technology summit take place?,Zurich,36,Advanced
932,The Grand Observatory was completed in 2005 and is located in Vancouver. It attracts roughly 15000 visitors every year.,When was the Grand Observatory completed?,2005,39,Advanced
933,Union Manufacturing Corp. was founded in Copenhagen in 2014 by Mark Novak. The company now employs more than 15000 people across the Philippines.,In which city was Union Manufacturing Corp. founded?,Copenhagen,41,Intermediate
934,Maple Street School District was founded in Kuala Lumpur in 2005 by Isabella Wright. The company now employs more than 22000 people across the Netherlands.,Who founded Maple Street School District?,Isabella Wright,68,Intermediate
935,The Old Town Hall was completed in 2016 and is located in Lisbon. It attracts roughly 45000 visitors every year.,When was the Old Town Hall completed?,2016,35,Intermediate
936,The Central Library was completed in 2008 and is located in Santiago. It attracts roughly 500000 visitors every year.,Where is the Central Library located?,Santiago,60,Intermediate
937,Evergreen Energy Co. was founded in Cairo in 2023 by Hassan Yamamoto. The company now employs more than 22000 people across the Netherlands.,In what year was Evergreen Energy Co. founded?,2023,45,Intermediate
938,Global Trade Partners was founded in Melbourne in 2009 by Charlotte Larsen. The company now employs more than 500000 people across the United States.,Who founded Global Trade Partners?,Charlotte Larsen,58,Intermediate
939,The National Science Center was completed in 2016 and is located in Buenos Aires. It attracts roughly 3400 visitors every year.,When was the National Science Center completed?,2016,45,Intermediate
940,Nina Fernandez published a research paper on deep-sea biology in 2015 while working at Evergreen Energy Co. in Denver.,In what year did Nina Fernandez publish the paper?,2015,65,Beginner
941,Yuki Wright joined Ironwood Steel Works as a research scientist in 2016 and later moved to the Bangkok office in 2017.,Which office did Yuki Wright later move to?,Bangkok,95,Intermediate
942,Aisha Müller joined Summit Robotics Inc. as a lead engineer in 2006 and later moved to the Kuala Lumpur office in 2010.,What role did Aisha Müller join Summit Robotics Inc. as?,lead engineer,46,Advanced
943,Felix Larsen joined Global Trade Partners as a research scientist in 1991 and later moved to the Kuala Lumpur office in 1992.,In what year did Felix Larsen join Global Trade Partners?,1991,69,Beginner
944,The Grand Observatory was completed in 2006 and is located in Cairo. It attracts roughly 22000 visitors every year.,Where is the Grand Observatory located?,Cairo,62,Intermediate
945,The National Science Center was completed in 2013 and is located in Dublin. It attracts roughly 45000 visitors every year.,When was the National Science Center completed?,2013,45,Beginner
946,Ingrid Larsen joined Skyline Real Estate as a lead engineer in 2004 and later moved to the Toronto office in 2009.,What role did Ingrid Larsen join Skyline Real Estate as?,lead engineer,46,Advanced
947,Meridian Financial Group was founded in Manila in 2003 by Sofia Ivanov. The company now employs more than 96000 people across the Philippines.,Who founded Meridian Financial Group?,Sofia Ivanov,58,Advanced
948,The Old Town Hall was completed in 2000 and is located in Seoul. It attracts roughly 15000 visitors every year.,When was the Old Town Hall completed?,2000,35,Intermediate
949,Skyline Real Estate was founded in Melbourne in 1991 by Mei Yamamoto. The company now employs more than 22000 people across the Czech Republic.,Who founded Skyline Real Estate?,Mei Yamamoto,56,Intermediate
950,The Old Town Hall was completed in 2016 and is located in Cairo. It attracts roughly 22000 visitors every year.,When was the Old Town Hall completed?,2016,35,Intermediate
951,The National Science Center was completed in 1994 and is located in Edinburgh. It attracts roughly 96000 visitors every year.,When was the National Science Center completed?,1994,45,Beginner
952,Meridian Financial Group was founded in Vancouver in 2017 by Isabella Hall. The company now employs more than 96000 people across Finland.,Who founded Meridian Financial Group?,Isabella Hall,61,Beginner
953,Delta Cloud Services was founded in Dublin in 2007 by Jack Hall. The company now employs more than 500000 people across Germany.,Who founded Delta Cloud Services?,Jack Hall,54,Intermediate
954,Pioneer Research Institute was founded in Cairo in 2009 by Kevin Wright. The company now employs more than 250000 people across South Africa.,In which city was Pioneer Research Institute founded?,Cairo,42,Intermediate
955,"The technology summit took place in Manila on February 8, 2025, drawing an audience of about 1200 people from around Australia.",Where did the technology summit take place?,Manila,36,Advanced
956,The Old Town Hall was completed in 1999 and is located in Seoul. It attracts roughly 8700 visitors every year.,When was the Old Town Hall completed?,1999,35,Intermediate
957,The Riverside Museum was completed in 2013 and is located in Manila. It attracts roughly 96000 visitors every year.,Where is the Riverside Museum located?,Manila,61,Advanced
958,The Riverside Museum was completed in 2003 and is located in Osaka. It attracts roughly 15000 visitors every year.,When was the Riverside Museum completed?,2003,38,Intermediate
959,Zainab Rossi joined Brightline Technologies as a project manager in 2005 and later moved to the Warsaw office in 2008.,What role did Zainab Rossi join Brightline Technologies as?,project manager,49,Beginner
960,"The science and innovation fair took place in Stockholm on September 20, 2020, drawing an audience of about 8700 people from around Sweden.",Where did the science and innovation fair take place?,Stockholm,46,Advanced
961,Adaeze Moore published a research paper on machine translation in 2005 while working at Zenith Pharmaceuticals in Copenhagen.,In what year did Adaeze Moore publish the paper?,2005,66,Intermediate
962,BrightFuture Foundation was founded in Osaka in 2010 by Victor Suzuki. The company now employs more than 96000 people across Sweden.,Who founded BrightFuture Foundation?,Victor Suzuki,56,Intermediate
963,The Old Town Hall was completed in 2013 and is located in Osaka. It attracts roughly 500000 visitors every year.,Where is the Old Town Hall located?,Osaka,58,Beginner
964,"The robotics championship took place in Cairo on April 11, 2021, drawing an audience of about 15000 people from around the Netherlands.",Where did the robotics championship take place?,Cairo,40,Beginner
965,"The annual jazz festival took place in Melbourne on July 3, 2022, drawing an audience of about 500000 people from around Sweden.",Where did the annual jazz festival take place?,Melbourne,39,Intermediate
966,The National Science Center was completed in 2019 and is located in Wellington. It attracts roughly 8700 visitors every year.,Where is the National Science Center located?,Wellington,68,Intermediate
967,The Central Library was completed in 2012 and is located in Mumbai. It attracts roughly 3400 visitors every year.,When was the Central Library completed?,2012,37,Beginner
968,"The robotics championship took place in Kuala Lumpur on December 18, 2023, drawing an audience of about 96000 people from around Sweden.",When did the robotics championship take place?,"December 18, 2023",56,Beginner
969,The Riverside Museum was completed in 2021 and is located in Lisbon. It attracts roughly 3400 visitors every year.,When was the Riverside Museum completed?,2021,38,Intermediate
970,The Harborview Bridge was completed in 2011 and is located in Edinburgh. It attracts roughly 96000 visitors every year.,When was the Harborview Bridge completed?,2011,39,Intermediate
971,Redstone Consulting was founded in Jakarta in 2009 by Samuel Taylor. The company now employs more than 8700 people across Denmark.,Who founded Redstone Consulting?,Samuel Taylor,54,Beginner
972,Layla Smith published a research paper on urban air quality in 2009 while working at Cedar Grove Hospital in Stockholm.,What topic did Layla Smith research?,urban air quality,42,Advanced
973,Sara Walker published a research paper on genetic markers in 1994 while working at Redstone Consulting in Manila.,Where was Sara Walker working when the paper was published?,Redstone Consulting,83,Advanced
974,The Harborview Bridge was completed in 1998 and is located in Melbourne. It attracts roughly 96000 visitors every year.,Where is the Harborview Bridge located?,Melbourne,62,Advanced
975,Victor Suzuki joined Brightline Technologies as a project manager in 2006 and later moved to the Osaka office in 2009.,What role did Victor Suzuki join Brightline Technologies as?,project manager,50,Intermediate
976,"The annual jazz festival took place in Wellington on January 24, 2023, drawing an audience of about 250000 people from around Portugal.",Where did the annual jazz festival take place?,Wellington,39,Beginner
977,The Grand Observatory was completed in 1998 and is located in Cairo. It attracts roughly 15000 visitors every year.,When was the Grand Observatory completed?,1998,39,Beginner
978,"The science and innovation fair took place in Warsaw on April 2, 2017, drawing an audience of about 3400 people from around the United States.",Where did the science and innovation fair take place?,Warsaw,46,Advanced
979,"The international film festival took place in Mumbai on November 1, 2025, drawing an audience of about 96000 people from around Kenya.",When did the international film festival take place?,"November 1, 2025",56,Intermediate
980,NextGen Software Labs was founded in Denver in 2001 by Charlotte Scott. The company now employs more than 96000 people across Denmark.,In what year was NextGen Software Labs founded?,2001,47,Intermediate
981,"The global health conference took place in Zurich on July 24, 2018, drawing an audience of about 250000 people from around Malaysia.",Where did the global health conference take place?,Zurich,43,Beginner
982,Falcon Logistics was founded in Osaka in 2021 by Victor Smith. The company now employs more than 250000 people across Argentina.,Who founded Falcon Logistics?,Victor Smith,49,Beginner
983,The National Science Center was completed in 2006 and is located in Stockholm. It attracts roughly 1200 visitors every year.,Where is the National Science Center located?,Stockholm,68,Intermediate
984,"The global health conference took place in Santiago on July 27, 2017, drawing an audience of about 22000 people from around the United States.",When did the global health conference take place?,"July 27, 2017",55,Intermediate
985,The Central Library was completed in 2008 and is located in Seoul. It attracts roughly 1200 visitors every year.,When was the Central Library completed?,2008,37,Intermediate
986,George Fernandez joined Evergreen Energy Co. as a project manager in 1997 and later moved to the Santiago office in 2001.,In what year did George Fernandez join Evergreen Energy Co.?,1997,69,Beginner
987,Elena Nguyen joined Northfield University as a lead engineer in 2016 and later moved to the Prague office in 2018.,What role did Elena Nguyen join Northfield University as?,lead engineer,47,Beginner
988,Yuki Clark joined Northfield University as a lead engineer in 2001 and later moved to the Austin office in 2002.,Which office did Yuki Clark later move to?,Austin,90,Beginner
989,The National Science Center was completed in 1993 and is located in Jakarta. It attracts roughly 22000 visitors every year.,Where is the National Science Center located?,Jakarta,68,Intermediate
990,Victor Petrov published a research paper on machine translation in 2004 while working at Redstone Consulting in Wellington.,What topic did Victor Petrov research?,machine translation,44,Advanced
991,The Central Library was completed in 1999 and is located in Jakarta. It attracts roughly 500000 visitors every year.,Where is the Central Library located?,Jakarta,60,Advanced
992,The Old Town Hall was completed in 2009 and is located in Jakarta. It attracts roughly 250000 visitors every year.,When was the Old Town Hall completed?,2009,35,Intermediate
993,The Grand Observatory was completed in 1990 and is located in Prague. It attracts roughly 45000 visitors every year.,Where is the Grand Observatory located?,Prague,62,Intermediate
994,"The robotics championship took place in Prague on March 20, 2022, drawing an audience of about 8700 people from around Australia.",When did the robotics championship take place?,"March 20, 2022",50,Beginner
995,Pioneer Research Institute was founded in Seoul in 1995 by Lucas Nguyen. The company now employs more than 250000 people across South Korea.,In what year was Pioneer Research Institute founded?,1995,51,Intermediate
996,Anna Müller joined Cedar Grove Hospital as a operations coordinator in 2014 and later moved to the Vancouver office in 2018.,In what year did Anna Müller join Cedar Grove Hospital?,2014,71,Intermediate
997,"The annual jazz festival took place in Lisbon on July 15, 2015, drawing an audience of about 45000 people from around the Netherlands.",Where did the annual jazz festival take place?,Lisbon,39,Intermediate
998,Nadia Wright joined Blue Horizon Airlines as a marketing director in 1997 and later moved to the Jakarta office in 1998.,Which office did Nadia Wright later move to?,Jakarta,97,Advanced
999,Daniel King published a research paper on urban air quality in 2017 while working at Summit Robotics Inc. in Zurich.,Where was Daniel King working when the paper was published?,Summit Robotics Inc.,85,Advanced
1000,The National Science Center was completed in 2022 and is located in Toronto. It attracts roughly 8700 visitors every year.,When was the National Science Center completed?,2022,45,Intermediate
1001,Emma Haddad joined Pioneer Research Institute as a research scientist in 2023 and later moved to the Copenhagen office in 2025.,What role did Emma Haddad join Pioneer Research Institute as?,research scientist,51,Advanced
1002,Samuel Wilson published a research paper on machine translation in 1995 while working at Blue Horizon Airlines in Bangkok.,In what year did Samuel Wilson publish the paper?,1995,67,Intermediate
1003,Ironwood Steel Works was founded in Austin in 2001 by Ethan Baker. The company now employs more than 3400 people across Australia.,Who founded Ironwood Steel Works?,Ethan Baker,54,Beginner
1004,Ravi Ivanov joined Union Manufacturing Corp. as a project manager in 2012 and later moved to the Bangkok office in 2017.,What role did Ravi Ivanov join Union Manufacturing Corp. as?,project manager,50,Beginner
1005,Julia Anderson joined Cedar Grove Hospital as a research scientist in 1992 and later moved to the Warsaw office in 1996.,Which office did Julia Anderson later move to?,Warsaw,98,Intermediate
1006,Delta Cloud Services was founded in Warsaw in 2002 by Yuki Rossi. The company now employs more than 500000 people across New Zealand.,In what year was Delta Cloud Services founded?,2002,46,Intermediate
1007,Daniel Larsen joined Pioneer Research Institute as a marketing director in 2000 and later moved to the Warsaw office in 2005.,What role did Daniel Larsen join Pioneer Research Institute as?,marketing director,53,Beginner
1008,Olivia Fernandez published a research paper on urban air quality in 2006 while working at Skyline Real Estate in Seoul.,In what year did Olivia Fernandez publish the paper?,2006,68,Beginner
1009,NextGen Software Labs was founded in Stockholm in 2018 by Ravi Petrov. The company now employs more than 15000 people across Chile.,In what year was NextGen Software Labs founded?,2018,50,Intermediate
1010,Ironwood Steel Works was founded in Santiago in 2000 by Sara Fernandez. The company now employs more than 45000 people across Chile.,Who founded Ironwood Steel Works?,Sara Fernandez,56,Intermediate
1011,"The global health conference took place in Zurich on July 2, 2023, drawing an audience of about 1200 people from around South Africa.",Where did the global health conference take place?,Zurich,43,Beginner
1012,The Old Town Hall was completed in 2019 and is located in Wellington. It attracts roughly 250000 visitors every year.,When was the Old Town Hall completed?,2019,35,Advanced
1013,"The technology summit took place in Amsterdam on February 11, 2021, drawing an audience of about 22000 people from around Sweden.",Where did the technology summit take place?,Amsterdam,36,Advanced
1014,David Brown published a research paper on machine translation in 2020 while working at Cedar Grove Hospital in Santiago.,Where was David Brown working when the paper was published?,Cedar Grove Hospital,87,Beginner
1015,Riverside Bank was founded in Cairo in 1993 by Ahmed Fernandez. The company now employs more than 500000 people across Kenya.,In what year was Riverside Bank founded?,1993,39,Advanced
1016,Lakeside Medical Center was founded in Bangkok in 2013 by Ethan Müller. The company now employs more than 15000 people across Germany.,In which city was Lakeside Medical Center founded?,Bangkok,39,Beginner
1017,BrightFuture Foundation was founded in Lisbon in 1996 by Layla Young. The company now employs more than 3400 people across South Korea.,In which city was BrightFuture Foundation founded?,Lisbon,39,Advanced
1018,Global Trade Partners was founded in Melbourne in 2018 by Elena Ivanov. The company now employs more than 15000 people across Sweden.,Who founded Global Trade Partners?,Elena Ivanov,58,Beginner
1019,"The international film festival took place in Nairobi on May 27, 2021, drawing an audience of about 15000 people from around Denmark.",When did the international film festival take place?,"May 27, 2021",57,Advanced
1020,Tom Baker published a research paper on deep-sea biology in 2014 while working at Ironwood Steel Works in Edinburgh.,Where was Tom Baker working when the paper was published?,Ironwood Steel Works,82,Beginner
1021,Lakeside Medical Center was founded in Osaka in 2012 by Ravi Costa. The company now employs more than 500000 people across South Korea.,In which city was Lakeside Medical Center founded?,Osaka,39,Beginner
1022,Omar Osei published a research paper on renewable energy storage in 2005 while working at Riverside Bank in Lisbon.,What topic did Omar Osei research?,renewable energy storage,40,Beginner
1023,"The technology summit took place in Osaka on November 28, 2018, drawing an audience of about 96000 people from around India.",Where did the technology summit take place?,Osaka,36,Advanced
1024,"The robotics championship took place in Mumbai on February 4, 2022, drawing an audience of about 22000 people from around New Zealand.",Where did the robotics championship take place?,Mumbai,40,Beginner
1025,Lucas Baker published a research paper on quantum materials in 2006 while working at Oakwood Publishing House in Santiago.,In what year did Lucas Baker publish the paper?,2006,63,Intermediate
1026,Summit Robotics Inc. was founded in Edinburgh in 2013 by Hassan Osei. The company now employs more than 250000 people across Finland.,In what year was Summit Robotics Inc. founded?,2013,49,Intermediate
1027,Victor Yamamoto joined Summit Robotics Inc. as a operations coordinator in 2009 and later moved to the Nairobi office in 2010.,What role did Victor Yamamoto join Summit Robotics Inc. as?,operations coordinator,49,Intermediate
1028,Yuki Garcia joined Pioneer Research Institute as a operations coordinator in 2013 and later moved to the Melbourne office in 2017.,What role did Yuki Garcia join Pioneer Research Institute as?,operations coordinator,51,Intermediate
1029,"The robotics championship took place in Helsinki on May 19, 2023, drawing an audience of about 8700 people from around Germany.",When did the robotics championship take place?,"May 19, 2023",52,Beginner
1030,The Central Library was completed in 2022 and is located in Wellington. It attracts roughly 1200 visitors every year.,When was the Central Library completed?,2022,37,Beginner
1031,Brightline Technologies was founded in Amsterdam in 1992 by Liam Kim. The company now employs more than 96000 people across Japan.,Who founded Brightline Technologies?,Liam Kim,60,Intermediate
1032,Lakeside Medical Center was founded in Vancouver in 2016 by George Lewis. The company now employs more than 250000 people across Egypt.,In what year was Lakeside Medical Center founded?,2016,52,Advanced
1033,"The technology summit took place in Berlin on September 16, 2016, drawing an audience of about 250000 people from around India.",Where did the technology summit take place?,Berlin,36,Intermediate
1034,Harborview College was founded in Melbourne in 2007 by Zainab Silva. The company now employs more than 8700 people across Ireland.,In which city was Harborview College founded?,Melbourne,34,Advanced
1035,"The robotics championship took place in Austin on November 25, 2017, drawing an audience of about 3400 people from around Portugal.",Where did the robotics championship take place?,Austin,40,Beginner
1036,Liam Dubois joined Lakeside Medical Center as a lead engineer in 1998 and later moved to the Nairobi office in 2001.,Which office did Liam Dubois later move to?,Nairobi,93,Advanced
1037,Omar King joined Northfield University as a lead engineer in 1992 and later moved to the Manila office in 1997.,What role did Omar King join Northfield University as?,lead engineer,44,Intermediate
1038,Jack Haddad joined Quantum Innovations as a senior analyst in 1991 and later moved to the Edinburgh office in 1994.,What role did Jack Haddad join Quantum Innovations as?,senior analyst,44,Intermediate
1039,BrightFuture Foundation was founded in Copenhagen in 2006 by Liam Young. The company now employs more than 250000 people across Thailand.,In which city was BrightFuture Foundation founded?,Copenhagen,39,Beginner
1040,Ironwood Steel Works was founded in Warsaw in 1995 by Lucas Haddad. The company now employs more than 45000 people across Argentina.,Who founded Ironwood Steel Works?,Lucas Haddad,54,Intermediate
1041,"The global health conference took place in Jakarta on March 9, 2023, drawing an audience of about 3400 people from around India.",Where did the global health conference take place?,Jakarta,43,Advanced
1042,Amara Costa joined Riverside Bank as a project manager in 1998 and later moved to the Mumbai office in 2000.,Which office did Amara Costa later move to?,Mumbai,86,Intermediate
1043,The National Science Center was completed in 2003 and is located in Osaka. It attracts roughly 96000 visitors every year.,Where is the National Science Center located?,Osaka,68,Advanced
1044,"The technology summit took place in Stockholm on May 15, 2021, drawing an audience of about 250000 people from around Canada.",When did the technology summit take place?,"May 15, 2021",49,Advanced
1045,The Old Town Hall was completed in 1994 and is located in Cairo. It attracts roughly 15000 visitors every year.,Where is the Old Town Hall located?,Cairo,58,Advanced
1046,Anna Moore joined Vertex Analytics as a senior analyst in 2012 and later moved to the Amsterdam office in 2016.,What role did Anna Moore join Vertex Analytics as?,senior analyst,40,Intermediate
1047,"The technology summit took place in Copenhagen on April 14, 2021, drawing an audience of about 15000 people from around Poland.",When did the technology summit take place?,"April 14, 2021",50,Intermediate
1048,Nina Johansson published a research paper on genetic markers in 2020 while working at Quantum Innovations in Edinburgh.,In what year did Nina Johansson publish the paper?,2020,64,Advanced
1049,Charlotte Hall joined Global Trade Partners as a senior analyst in 2016 and later moved to the Prague office in 2017.,What role did Charlotte Hall join Global Trade Partners as?,senior analyst,49,Intermediate
1050,"The annual jazz festival took place in Santiago on December 14, 2021, drawing an audience of about 500000 people from around the Philippines.",Where did the annual jazz festival take place?,Santiago,39,Beginner
1051,The National Science Center was completed in 2009 and is located in Cairo. It attracts roughly 45000 visitors every year.,Where is the National Science Center located?,Cairo,68,Intermediate
1052,Hana Dubois joined Coastal Insurance Co. as a senior analyst in 1996 and later moved to the Melbourne office in 1999.,In what year did Hana Dubois join Coastal Insurance Co.?,1996,64,Beginner
1053,Evergreen Energy Co. was founded in Helsinki in 2018 by Mark Patel. The company now employs more than 15000 people across Argentina.,In what year was Evergreen Energy Co. founded?,2018,48,Intermediate
1054,The Riverside Museum was completed in 2012 and is located in Mumbai. It attracts roughly 250000 visitors every year.,Where is the Riverside Museum located?,Mumbai,61,Intermediate
1055,"The technology summit took place in Melbourne on June 9, 2023, drawing an audience of about 250000 people from around Chile.",Where did the technology summit take place?,Melbourne,36,Beginner
1056,The Harborview Bridge was completed in 2010 and is located in Bangkok. It attracts roughly 8700 visitors every year.,When was the Harborview Bridge completed?,2010,39,Advanced
1057,The Grand Observatory was completed in 2015 and is located in Santiago. It attracts roughly 96000 visitors every year.,Where is the Grand Observatory located?,Santiago,62,Beginner
1058,"The technology summit took place in Toronto on October 26, 2017, drawing an audience of about 3400 people from around Chile.",When did the technology summit take place?,"October 26, 2017",47,Advanced
1059,The Harborview Bridge was completed in 2004 and is located in Nairobi. It attracts roughly 8700 visitors every year.,Where is the Harborview Bridge located?,Nairobi,62,Intermediate
1060,Priya Haddad joined Golden Gate Retailers as a project manager in 1991 and later moved to the Warsaw office in 1993.,In what year did Priya Haddad join Golden Gate Retailers?,1991,66,Intermediate
1061,Maple Street School District was founded in Cape Town in 1993 by Sara Moore. The company now employs more than 1200 people across Japan.,In what year was Maple Street School District founded?,1993,57,Intermediate
1062,Peter Wright published a research paper on urban air quality in 2018 while working at Global Trade Partners in Kuala Lumpur.,Where was Peter Wright working when the paper was published?,Global Trade Partners,86,Beginner
1063,"The robotics championship took place in Bangkok on September 11, 2024, drawing an audience of about 1200 people from around Malaysia.",When did the robotics championship take place?,"September 11, 2024",51,Intermediate
1064,Peter Taylor published a research paper on quantum materials in 1993 while working at Coastal Insurance Co. in Zurich.,In what year did Peter Taylor publish the paper?,1993,64,Intermediate
1065,Samuel Scott joined NextGen Software Labs as a operations coordinator in 2020 and later moved to the Nairobi office in 2023.,Which office did Samuel Scott later move to?,Nairobi,101,Beginner
1066,The Grand Observatory was completed in 2013 and is located in Bangkok. It attracts roughly 45000 visitors every year.,Where is the Grand Observatory located?,Bangkok,62,Advanced
1067,Meridian Financial Group was founded in Zurich in 2015 by Amara Johansson. The company now employs more than 1200 people across Japan.,Who founded Meridian Financial Group?,Amara Johansson,58,Beginner
1068,"The science and innovation fair took place in Osaka on April 20, 2017, drawing an audience of about 1200 people from around Germany.",When did the science and innovation fair take place?,"April 20, 2017",55,Beginner
1069,"The technology summit took place in Kuala Lumpur on January 11, 2024, drawing an audience of about 45000 people from around Canada.",Where did the technology summit take place?,Kuala Lumpur,36,Intermediate
1070,Nadia Taylor joined Crescent Media Group as a lead engineer in 1994 and later moved to the Osaka office in 1995.,Which office did Nadia Taylor later move to?,Osaka,91,Beginner
1071,Jack Clark joined Coastal Insurance Co. as a operations coordinator in 1997 and later moved to the Jakarta office in 2002.,In what year did Jack Clark join Coastal Insurance Co.?,1997,71,Beginner
1072,"The robotics championship took place in Lisbon on May 25, 2016, drawing an audience of about 96000 people from around Indonesia.",When did the robotics championship take place?,"May 25, 2016",50,Intermediate
1073,The Harborview Bridge was completed in 2009 and is located in Lisbon. It attracts roughly 500000 visitors every year.,When was the Harborview Bridge completed?,2009,39,Beginner
1074,Mateus Young joined Coastal Insurance Co. as a marketing director in 2017 and later moved to the Austin office in 2018.,Which office did Mateus Young later move to?,Austin,97,Beginner
1075,"The technology summit took place in Kuala Lumpur on August 15, 2015, drawing an audience of about 96000 people from around Malaysia.",Where did the technology summit take place?,Kuala Lumpur,36,Intermediate
1076,Mark Scott joined Redstone Consulting as a marketing director in 2011 and later moved to the Manila office in 2012.,What role did Mark Scott join Redstone Consulting as?,marketing director,43,Intermediate
1077,Olivia Young published a research paper on genetic markers in 2005 while working at Delta Cloud Services in Cairo.,In what year did Olivia Young publish the paper?,2005,62,Beginner
1078,Felix Green published a research paper on urban air quality in 1994 while working at Coastal Insurance Co. in Cairo.,What topic did Felix Green research?,urban air quality,42,Beginner
1079,"The science and innovation fair took place in Manila on September 23, 2020, drawing an audience of about 45000 people from around Argentina.",When did the science and innovation fair take place?,"September 23, 2020",56,Beginner
1080,"The global health conference took place in Dublin on March 11, 2025, drawing an audience of about 250000 people from around Australia.",When did the global health conference take place?,"March 11, 2025",53,Intermediate
1081,Leila Kowalski joined Falcon Logistics as a research scientist in 2012 and later moved to the Austin office in 2014.,Which office did Leila Kowalski later move to?,Austin,94,Advanced
1082,George Smith joined Maple Street School District as a lead engineer in 2015 and later moved to the Lisbon office in 2016.,What role did George Smith join Maple Street School District as?,lead engineer,54,Advanced
1083,Samuel Anderson published a research paper on genetic markers in 1997 while working at Pioneer Research Institute in Edinburgh.,What topic did Samuel Anderson research?,genetic markers,46,Beginner
1084,The Riverside Museum was completed in 1996 and is located in Edinburgh. It attracts roughly 96000 visitors every year.,When was the Riverside Museum completed?,1996,38,Intermediate
1085,"The robotics championship took place in Manila on November 10, 2016, drawing an audience of about 500000 people from around the United States.",Where did the robotics championship take place?,Manila,40,Intermediate
1086,"The annual jazz festival took place in Denver on March 5, 2019, drawing an audience of about 250000 people from around Portugal.",When did the annual jazz festival take place?,"March 5, 2019",49,Intermediate
1087,Maple Street School District was founded in Austin in 2007 by Grace Khan. The company now employs more than 250000 people across Ireland.,In what year was Maple Street School District founded?,2007,54,Intermediate
1088,The Central Library was completed in 2005 and is located in Helsinki. It attracts roughly 500000 visitors every year.,Where is the Central Library located?,Helsinki,60,Beginner
1089,David Patel joined Summit Robotics Inc. as a operations coordinator in 1990 and later moved to the Buenos Aires office in 1992.,Which office did David Patel later move to?,Buenos Aires,99,Beginner
1090,"The science and innovation fair took place in Buenos Aires on September 28, 2015, drawing an audience of about 500000 people from around the United States.",Where did the science and innovation fair take place?,Buenos Aires,46,Intermediate
1091,"The robotics championship took place in Wellington on March 4, 2020, drawing an audience of about 500000 people from around Portugal.",When did the robotics championship take place?,"March 4, 2020",54,Intermediate
1092,Liam Novak published a research paper on renewable energy storage in 2019 while working at Redstone Consulting in Cairo.,Where was Liam Novak working when the paper was published?,Redstone Consulting,91,Beginner
1093,The Harborview Bridge was completed in 1994 and is located in Mumbai. It attracts roughly 15000 visitors every year.,When was the Harborview Bridge completed?,1994,39,Intermediate
1094,The Riverside Museum was completed in 2000 and is located in Denver. It attracts roughly 8700 visitors every year.,When was the Riverside Museum completed?,2000,38,Advanced
1095,Sara Kowalski joined Coastal Insurance Co. as a marketing director in 1994 and later moved to the Amsterdam office in 1996.,What role did Sara Kowalski join Coastal Insurance Co. as?,marketing director,48,Beginner
1096,Chen Kowalski joined Coastal Insurance Co. as a project manager in 2010 and later moved to the Seoul office in 2013.,In what year did Chen Kowalski join Coastal Insurance Co.?,2010,67,Advanced
1097,Summit Robotics Inc. was founded in Melbourne in 1999 by Julia Clark. The company now employs more than 3400 people across the Philippines.,In which city was Summit Robotics Inc. founded?,Melbourne,36,Intermediate
1098,Lakeside Medical Center was founded in Berlin in 2002 by Liam Chen. The company now employs more than 500000 people across Finland.,In what year was Lakeside Medical Center founded?,2002,49,Advanced
1099,"The global health conference took place in Edinburgh on May 19, 2025, drawing an audience of about 500000 people from around the Philippines.",When did the global health conference take place?,"May 19, 2025",56,Beginner
1100,The Riverside Museum was completed in 2018 and is located in Nairobi. It attracts roughly 500000 visitors every year.,When was the Riverside Museum completed?,2018,38,Intermediate
1101,Meridian Financial Group was founded in Buenos Aires in 1999 by Ravi Haddad. The company now employs more than 22000 people across Egypt.,Who founded Meridian Financial Group?,Ravi Haddad,64,Intermediate
1102,Riverside Bank was founded in Seoul in 2016 by Ingrid Kim. The company now employs more than 250000 people across South Africa.,In what year was Riverside Bank founded?,2016,39,Intermediate
1103,Ironwood Steel Works was founded in Seoul in 2003 by Ingrid Kim. The company now employs more than 8700 people across New Zealand.,In what year was Ironwood Steel Works founded?,2003,45,Advanced
1104,The Central Library was completed in 2000 and is located in Manila. It attracts roughly 1200 visitors every year.,Where is the Central Library located?,Manila,60,Advanced
1105,"The robotics championship took place in Mumbai on February 6, 2025, drawing an audience of about 500000 people from around Kenya.",Where did the robotics championship take place?,Mumbai,40,Beginner
1106,Silverline Motors was founded in Cape Town in 1991 by Maria Suzuki. The company now employs more than 8700 people across the Philippines.,In what year was Silverline Motors founded?,1991,46,Beginner
1107,David Hall published a research paper on deep-sea biology in 2009 while working at Summit Robotics Inc. in Seoul.,What topic did David Hall research?,deep-sea biology,41,Beginner
1108,"The science and innovation fair took place in Cape Town on August 3, 2016, drawing an audience of about 8700 people from around Poland.",When did the science and innovation fair take place?,"August 3, 2016",59,Intermediate
1109,Zainab Silva joined Lakeside Medical Center as a marketing director in 2018 and later moved to the Seoul office in 2023.,In what year did Zainab Silva join Lakeside Medical Center?,2018,71,Advanced
1110,Global Trade Partners was founded in Mumbai in 2019 by Noah Haddad. The company now employs more than 500000 people across Denmark.,In which city was Global Trade Partners founded?,Mumbai,37,Intermediate
1111,"The international film festival took place in Denver on May 2, 2025, drawing an audience of about 22000 people from around Poland.",Where did the international film festival take place?,Denver,46,Beginner
1112,Lakeside Medical Center was founded in Santiago in 2022 by Noah Haddad. The company now employs more than 22000 people across the Czech Republic.,In which city was Lakeside Medical Center founded?,Santiago,39,Beginner
1113,Olivia Suzuki published a research paper on machine translation in 1993 while working at Summit Robotics Inc. in Vancouver.,What topic did Olivia Suzuki research?,machine translation,44,Beginner
1114,The Riverside Museum was completed in 2001 and is located in Buenos Aires. It attracts roughly 45000 visitors every year.,When was the Riverside Museum completed?,2001,38,Beginner
1115,"The international film festival took place in Edinburgh on June 24, 2021, drawing an audience of about 45000 people from around the United States.",When did the international film festival take place?,"June 24, 2021",59,Beginner
1116,The Riverside Museum was completed in 1995 and is located in Prague. It attracts roughly 500000 visitors every year.,When was the Riverside Museum completed?,1995,38,Beginner
1117,The Riverside Museum was completed in 2000 and is located in Vancouver. It attracts roughly 3400 visitors every year.,When was the Riverside Museum completed?,2000,38,Intermediate
1118,Charlotte Kim joined Ironwood Steel Works as a research scientist in 1991 and later moved to the Mumbai office in 1996.,In what year did Charlotte Kim join Ironwood Steel Works?,1991,69,Intermediate
1119,Ibrahim Chen joined BrightFuture Foundation as a marketing director in 1997 and later moved to the Denver office in 1998.,In what year did Ibrahim Chen join BrightFuture Foundation?,1997,71,Advanced
1120,Yuki Wilson joined Summit Robotics Inc. as a project manager in 2014 and later moved to the Manila office in 2016.,In what year did Yuki Wilson join Summit Robotics Inc.?,2014,64,Beginner
1121,Ingrid Khan joined Evergreen Energy Co. as a research scientist in 2019 and later moved to the Toronto office in 2021.,Which office did Ingrid Khan later move to?,Toronto,95,Beginner
1122,Mei Suzuki joined Zenith Pharmaceuticals as a marketing director in 2008 and later moved to the Bangkok office in 2009.,What role did Mei Suzuki join Zenith Pharmaceuticals as?,marketing director,46,Advanced
1123,Layla Novak joined Union Manufacturing Corp. as a project manager in 2003 and later moved to the Cape Town office in 2004.,In what year did Layla Novak join Union Manufacturing Corp.?,2003,69,Beginner
1124,Carlos Petrov published a research paper on urban air quality in 2015 while working at Summit Robotics Inc. in Toronto.,Where was Carlos Petrov working when the paper was published?,Summit Robotics Inc.,87,Intermediate
1125,The Grand Observatory was completed in 2022 and is located in Mumbai. It attracts roughly 45000 visitors every year.,When was the Grand Observatory completed?,2022,39,Intermediate
1126,George Smith published a research paper on deep-sea biology in 2002 while working at NextGen Software Labs in Kuala Lumpur.,What topic did George Smith research?,deep-sea biology,43,Beginner
1127,"The annual jazz festival took place in Kuala Lumpur on June 16, 2015, drawing an audience of about 96000 people from around Sweden.",Where did the annual jazz festival take place?,Kuala Lumpur,39,Beginner
1128,Ibrahim Wright joined Golden Gate Retailers as a operations coordinator in 2017 and later moved to the Marrakesh office in 2019.,In what year did Ibrahim Wright join Golden Gate Retailers?,2017,75,Advanced
1129,"The international film festival took place in Buenos Aires on November 8, 2021, drawing an audience of about 8700 people from around Portugal.",Where did the international film festival take place?,Buenos Aires,46,Beginner
1130,Meridian Financial Group was founded in Buenos Aires in 2015 by Mark Brown. The company now employs more than 250000 people across Finland.,In what year was Meridian Financial Group founded?,2015,56,Intermediate
1131,Nina Dubois published a research paper on renewable energy storage in 2023 while working at Ironwood Steel Works in Stockholm.,In what year did Nina Dubois publish the paper?,2023,70,Beginner
1132,"The annual jazz festival took place in Bangkok on March 25, 2024, drawing an audience of about 500000 people from around Japan.",When did the annual jazz festival take place?,"March 25, 2024",50,Beginner
1133,Victor Walker joined Evergreen Energy Co. as a senior analyst in 2007 and later moved to the Vancouver office in 2010.,Which office did Victor Walker later move to?,Vancouver,93,Intermediate
1134,Sara Scott joined Harborview College as a research scientist in 2000 and later moved to the Marrakesh office in 2002.,Which office did Sara Scott later move to?,Marrakesh,92,Intermediate
1135,Layla Dubois published a research paper on machine translation in 2017 while working at Global Trade Partners in Mumbai.,Where was Layla Dubois working when the paper was published?,Global Trade Partners,88,Intermediate
1136,Delta Cloud Services was founded in Dublin in 2013 by Elena Hall. The company now employs more than 250000 people across Finland.,In what year was Delta Cloud Services founded?,2013,46,Advanced
1137,Coastal Insurance Co. was founded in Berlin in 2000 by George Taylor. The company now employs more than 22000 people across India.,Who founded Coastal Insurance Co.?,George Taylor,55,Advanced
1138,The Grand Observatory was completed in 1997 and is located in Toronto. It attracts roughly 15000 visitors every year.,Where is the Grand Observatory located?,Toronto,62,Intermediate
1139,"The robotics championship took place in Berlin on February 3, 2019, drawing an audience of about 250000 people from around the Philippines.",Where did the robotics championship take place?,Berlin,40,Intermediate
1140,Priya Larsen joined Union Manufacturing Corp. as a marketing director in 2009 and later moved to the Warsaw office in 2014.,Which office did Priya Larsen later move to?,Warsaw,101,Beginner
1141,Nadia Young published a research paper on genetic markers in 2014 while working at Redstone Consulting in Berlin.,Where was Nadia Young working when the paper was published?,Redstone Consulting,83,Advanced
1142,Riverside Bank was founded in Santiago in 2011 by James Garcia. The company now employs more than 45000 people across Portugal.,Who founded Riverside Bank?,James Garcia,50,Intermediate
1143,"The technology summit took place in Manila on September 6, 2015, drawing an audience of about 8700 people from around the Philippines.",Where did the technology summit take place?,Manila,36,Intermediate
1144,Noah Haddad joined Ironwood Steel Works as a project manager in 2008 and later moved to the Denver office in 2012.,Which office did Noah Haddad later move to?,Denver,92,Advanced
1145,"The science and innovation fair took place in Toronto on July 4, 2016, drawing an audience of about 8700 people from around Japan.",When did the science and innovation fair take place?,"July 4, 2016",57,Beginner
1146,The Harborview Bridge was completed in 1995 and is located in Stockholm. It attracts roughly 3400 visitors every year.,Where is the Harborview Bridge located?,Stockholm,62,Beginner
1147,Oakwood Publishing House was founded in Toronto in 1995 by Priya Lewis. The company now employs more than 250000 people across Ireland.,In what year was Oakwood Publishing House founded?,1995,51,Beginner
1148,Riverside Bank was founded in Cairo in 1998 by Ingrid Haddad. The company now employs more than 1200 people across Poland.,In what year was Riverside Bank founded?,1998,39,Beginner
1149,Global Trade Partners was founded in Seoul in 2003 by Sara Young. The company now employs more than 22000 people across Germany.,Who founded Global Trade Partners?,Sara Young,54,Intermediate
1150,Maria Silva published a research paper on renewable energy storage in 1994 while working at Silverline Motors in Cape Town.,What topic did Maria Silva research?,renewable energy storage,42,Beginner
1151,Ibrahim Patel published a research paper on urban air quality in 2012 while working at Crescent Media Group in Jakarta.,Where was Ibrahim Patel working when the paper was published?,Crescent Media Group,87,Intermediate
1152,"The global health conference took place in Helsinki on February 24, 2019, drawing an audience of about 8700 people from around Kenya.",Where did the global health conference take place?,Helsinki,43,Intermediate
1153,Aisha Fernandez joined Summit Robotics Inc. as a operations coordinator in 2017 and later moved to the Vancouver office in 2018.,What role did Aisha Fernandez join Summit Robotics Inc. as?,operations coordinator,49,Intermediate
1154,The Harborview Bridge was completed in 2011 and is located in Copenhagen. It attracts roughly 8700 visitors every year.,Where is the Harborview Bridge located?,Copenhagen,62,Beginner
1155,The National Science Center was completed in 2000 and is located in Jakarta. It attracts roughly 96000 visitors every year.,When was the National Science Center completed?,2000,45,Intermediate
1156,Ingrid King joined Crescent Media Group as a operations coordinator in 1996 and later moved to the Melbourne office in 1997.,What role did Ingrid King join Crescent Media Group as?,operations coordinator,45,Advanced
1157,Chen Patel joined Brightline Technologies as a project manager in 1994 and later moved to the Osaka office in 1996.,Which office did Chen Patel later move to?,Osaka,94,Intermediate
1158,Wei Suzuki published a research paper on renewable energy storage in 1994 while working at Northfield University in Dublin.,In what year did Wei Suzuki publish the paper?,1994,69,Beginner
1159,"The science and innovation fair took place in Austin on November 16, 2023, drawing an audience of about 8700 people from around Ireland.",When did the science and innovation fair take place?,"November 16, 2023",56,Intermediate
1160,James Green published a research paper on quantum materials in 1998 while working at Cedar Grove Hospital in Santiago.,In what year did James Green publish the paper?,1998,63,Beginner
1161,Riverside Bank was founded in Denver in 1992 by Chen Garcia. The company now employs more than 250000 people across Finland.,In which city was Riverside Bank founded?,Denver,30,Advanced
1162,Wei Lewis published a research paper on renewable energy storage in 2009 while working at Cedar Grove Hospital in Toronto.,In what year did Wei Lewis publish the paper?,2009,68,Beginner
1163,Delta Cloud Services was founded in Nairobi in 2006 by Felix Lewis. The company now employs more than 96000 people across the United States.,Who founded Delta Cloud Services?,Felix Lewis,55,Beginner
1164,Yuki Moore published a research paper on urban air quality in 2004 while working at Pioneer Research Institute in Toronto.,In what year did Yuki Moore publish the paper?,2004,62,Intermediate
1165,Nina Dubois published a research paper on renewable energy storage in 2007 while working at Vertex Analytics in Toronto.,Where was Nina Dubois working when the paper was published?,Vertex Analytics,92,Advanced
1166,Wei Wright joined Harborview College as a lead engineer in 1994 and later moved to the Dublin office in 1998.,In what year did Wei Wright join Harborview College?,1994,59,Beginner
1167,Layla Baker joined Harborview College as a marketing director in 2011 and later moved to the Warsaw office in 2012.,What role did Layla Baker join Harborview College as?,marketing director,43,Beginner
1168,"The international film festival took place in Lisbon on May 20, 2025, drawing an audience of about 500000 people from around the Czech Republic.",When did the international film festival take place?,"May 20, 2025",56,Advanced
1169,Riverside Bank was founded in Toronto in 1999 by Fatima Nguyen. The company now employs more than 45000 people across Indonesia.,In what year was Riverside Bank founded?,1999,41,Advanced
1170,Emma Rossi joined Golden Gate Retailers as a operations coordinator in 2002 and later moved to the Mumbai office in 2005.,What role did Emma Rossi join Golden Gate Retailers as?,operations coordinator,45,Advanced
1171,The Central Library was completed in 2002 and is located in Warsaw. It attracts roughly 250000 visitors every year.,When was the Central Library completed?,2002,37,Intermediate
1172,Noah Wright published a research paper on deep-sea biology in 2014 while working at Union Manufacturing Corp. in Santiago.,In what year did Noah Wright publish the paper?,2014,62,Beginner
1173,The Central Library was completed in 2016 and is located in Vancouver. It attracts roughly 1200 visitors every year.,When was the Central Library completed?,2016,37,Advanced
1174,Emma Khan joined Redstone Consulting as a lead engineer in 2006 and later moved to the Marrakesh office in 2010.,What role did Emma Khan join Redstone Consulting as?,lead engineer,42,Advanced
1175,"The global health conference took place in Osaka on May 16, 2022, drawing an audience of about 250000 people from around Kenya.",When did the global health conference take place?,"May 16, 2022",52,Advanced
1176,Delta Cloud Services was founded in Prague in 2012 by James Haddad. The company now employs more than 500000 people across Poland.,In which city was Delta Cloud Services founded?,Prague,36,Advanced
1177,"The international film festival took place in Osaka on April 5, 2025, drawing an audience of about 500000 people from around South Africa.",When did the international film festival take place?,"April 5, 2025",55,Advanced
1178,Crescent Media Group was founded in Kuala Lumpur in 2018 by Nina Wright. The company now employs more than 96000 people across Finland.,Who founded Crescent Media Group?,Nina Wright,60,Intermediate
1179,"The international film festival took place in Cape Town on December 17, 2025, drawing an audience of about 1200 people from around India.",When did the international film festival take place?,"December 17, 2025",59,Beginner
1180,Mateus Hall joined Zenith Pharmaceuticals as a senior analyst in 2001 and later moved to the Bangkok office in 2002.,What role did Mateus Hall join Zenith Pharmaceuticals as?,senior analyst,47,Beginner
1181,Ethan Larsen published a research paper on renewable energy storage in 2022 while working at Global Trade Partners in Prague.,Where was Ethan Larsen working when the paper was published?,Global Trade Partners,93,Intermediate
1182,The Central Library was completed in 1992 and is located in Austin. It attracts roughly 500000 visitors every year.,When was the Central Library completed?,1992,37,Intermediate
1183,The Grand Observatory was completed in 1990 and is located in Amsterdam. It attracts roughly 8700 visitors every year.,When was the Grand Observatory completed?,1990,39,Intermediate
1184,The Grand Observatory was completed in 2002 and is located in Osaka. It attracts roughly 22000 visitors every year.,When was the Grand Observatory completed?,2002,39,Advanced
1185,The Grand Observatory was completed in 2009 and is located in Santiago. It attracts roughly 250000 visitors every year.,Where is the Grand Observatory located?,Santiago,62,Intermediate
1186,Nadia Yamamoto published a research paper on renewable energy storage in 2013 while working at Zenith Pharmaceuticals in Zurich.,Where was Nadia Yamamoto working when the paper was published?,Zenith Pharmaceuticals,95,Beginner
1187,Wei Green joined Skyline Real Estate as a project manager in 2015 and later moved to the Jakarta office in 2019.,In what year did Wei Green join Skyline Real Estate?,2015,61,Intermediate
1188,"The technology summit took place in Osaka on October 9, 2018, drawing an audience of about 96000 people from around Indonesia.",When did the technology summit take place?,"October 9, 2018",45,Advanced
1189,The Harborview Bridge was completed in 2018 and is located in Manila. It attracts roughly 500000 visitors every year.,When was the Harborview Bridge completed?,2018,39,Intermediate
1190,Felix Wright joined Crescent Media Group as a senior analyst in 2006 and later moved to the Kuala Lumpur office in 2010.,Which office did Felix Wright later move to?,Kuala Lumpur,92,Intermediate
1191,The Central Library was completed in 2006 and is located in Copenhagen. It attracts roughly 22000 visitors every year.,Where is the Central Library located?,Copenhagen,60,Beginner
1192,Crescent Media Group was founded in Edinburgh in 2008 by Lucas King. The company now employs more than 96000 people across Ireland.,In which city was Crescent Media Group founded?,Edinburgh,36,Intermediate
1193,Ahmed Kim joined Ironwood Steel Works as a marketing director in 2010 and later moved to the Buenos Aires office in 2014.,In what year did Ahmed Kim join Ironwood Steel Works?,2010,65,Intermediate
1194,Wei Young published a research paper on genetic markers in 2003 while working at Cedar Grove Hospital in Prague.,Where was Wei Young working when the paper was published?,Cedar Grove Hospital,81,Beginner
1195,Hassan Rossi published a research paper on renewable energy storage in 2001 while working at Oakwood Publishing House in Vancouver.,Where was Hassan Rossi working when the paper was published?,Oakwood Publishing House,93,Advanced
1196,Chen Dubois published a research paper on renewable energy storage in 1998 while working at Lakeside Medical Center in Osaka.,In what year did Chen Dubois publish the paper?,1998,70,Intermediate
1197,Riverside Bank was founded in Amsterdam in 2014 by Chen Osei. The company now employs more than 500000 people across Denmark.,In what year was Riverside Bank founded?,2014,43,Intermediate
1198,Liam Brown joined Ironwood Steel Works as a lead engineer in 2013 and later moved to the Austin office in 2014.,In what year did Liam Brown join Ironwood Steel Works?,2013,61,Intermediate
1199,The Harborview Bridge was completed in 2016 and is located in Berlin. It attracts roughly 15000 visitors every year.,Where is the Harborview Bridge located?,Berlin,62,Beginner
1200,Zenith Pharmaceuticals was founded in Berlin in 1993 by Carlos Costa. The company now employs more than 22000 people across Indonesia.,In which city was Zenith Pharmaceuticals founded?,Berlin,38,Beginner
1201,George Taylor joined Skyline Real Estate as a senior analyst in 1998 and later moved to the Stockholm office in 1999.,What role did George Taylor join Skyline Real Estate as?,senior analyst,46,Beginner
1202,Oakwood Publishing House was founded in Cape Town in 2017 by Adaeze Nguyen. The company now employs more than 15000 people across Germany.,In what year was Oakwood Publishing House founded?,2017,53,Beginner
1203,"The robotics championship took place in Buenos Aires on March 20, 2018, drawing an audience of about 45000 people from around Japan.",When did the robotics championship take place?,"March 20, 2018",56,Intermediate
1204,The Riverside Museum was completed in 1993 and is located in Dublin. It attracts roughly 3400 visitors every year.,Where is the Riverside Museum located?,Dublin,61,Intermediate
1205,Ahmed Larsen published a research paper on quantum materials in 1995 while working at Meridian Financial Group in Berlin.,In what year did Ahmed Larsen publish the paper?,1995,64,Advanced
1206,"The robotics championship took place in Bangkok on December 23, 2021, drawing an audience of about 3400 people from around New Zealand.",When did the robotics championship take place?,"December 23, 2021",51,Advanced
1207,Sara Kim joined Meridian Financial Group as a lead engineer in 1998 and later moved to the Jakarta office in 2003.,In what year did Sara Kim join Meridian Financial Group?,1998,63,Intermediate
1208,"The technology summit took place in Marrakesh on February 24, 2019, drawing an audience of about 1200 people from around the Czech Republic.",When did the technology summit take place?,"February 24, 2019",49,Advanced
1209,The National Science Center was completed in 1992 and is located in Toronto. It attracts roughly 8700 visitors every year.,Where is the National Science Center located?,Toronto,68,Beginner
1210,Nina Brown published a research paper on deep-sea biology in 2017 while working at BrightFuture Foundation in Toronto.,In what year did Nina Brown publish the paper?,2017,61,Intermediate
1211,Mateus Smith published a research paper on machine translation in 2021 while working at Redstone Consulting in Mumbai.,Where was Mateus Smith working when the paper was published?,Redstone Consulting,88,Beginner
1212,Chloe Kim joined Aurora Data Systems as a lead engineer in 1997 and later moved to the Toronto office in 2000.,What role did Chloe Kim join Aurora Data Systems as?,lead engineer,42,Intermediate
1213,Maple Street School District was founded in Cairo in 2002 by Peter Baker. The company now employs more than 22000 people across the Netherlands.,Who founded Maple Street School District?,Peter Baker,61,Beginner
1214,"The annual jazz festival took place in Wellington on June 1, 2020, drawing an audience of about 22000 people from around Japan.",When did the annual jazz festival take place?,"June 1, 2020",53,Intermediate
1215,Sofia Walker published a research paper on urban air quality in 1994 while working at Skyline Real Estate in Lisbon.,In what year did Sofia Walker publish the paper?,1994,64,Intermediate
1216,The Central Library was completed in 2021 and is located in Cape Town. It attracts roughly 250000 visitors every year.,When was the Central Library completed?,2021,37,Advanced
1217,The Harborview Bridge was completed in 1994 and is located in Nairobi. It attracts roughly 3400 visitors every year.,When was the Harborview Bridge completed?,1994,39,Advanced
1218,The National Science Center was completed in 1991 and is located in Berlin. It attracts roughly 500000 visitors every year.,Where is the National Science Center located?,Berlin,68,Beginner
1219,Amara Young joined Blue Horizon Airlines as a lead engineer in 2023 and later moved to the Denver office in 2028.,In what year did Amara Young join Blue Horizon Airlines?,2023,63,Beginner
1220,"The annual jazz festival took place in Zurich on September 17, 2019, drawing an audience of about 1200 people from around the United States.",When did the annual jazz festival take place?,"September 17, 2019",49,Advanced
1221,"The technology summit took place in Stockholm on May 26, 2025, drawing an audience of about 15000 people from around Ireland.",Where did the technology summit take place?,Stockholm,36,Intermediate
1222,Ahmed Novak published a research paper on quantum materials in 1998 while working at Harborview College in Santiago.,What topic did Ahmed Novak research?,quantum materials,42,Advanced
1223,The Old Town Hall was completed in 2000 and is located in Toronto. It attracts roughly 45000 visitors every year.,When was the Old Town Hall completed?,2000,35,Intermediate
1224,Sofia Anderson published a research paper on deep-sea biology in 2009 while working at Zenith Pharmaceuticals in Nairobi.,In what year did Sofia Anderson publish the paper?,2009,65,Intermediate
1225,Coastal Insurance Co. was founded in Cairo in 2022 by Carlos Kim. The company now employs more than 15000 people across Sweden.,In which city was Coastal Insurance Co. founded?,Cairo,37,Intermediate
1226,Daniel Baker joined Ironwood Steel Works as a operations coordinator in 2006 and later moved to the Prague office in 2009.,Which office did Daniel Baker later move to?,Prague,100,Beginner
1227,"The science and innovation fair took place in Melbourne on July 9, 2023, drawing an audience of about 250000 people from around Argentina.",Where did the science and innovation fair take place?,Melbourne,46,Intermediate
1228,"The global health conference took place in Seoul on March 8, 2022, drawing an audience of about 3400 people from around the Philippines.",When did the global health conference take place?,"March 8, 2022",52,Beginner
1229,"The global health conference took place in Lisbon on December 11, 2021, drawing an audience of about 15000 people from around Canada.",When did the global health conference take place?,"December 11, 2021",53,Intermediate
1230,Oakwood Publishing House was founded in Bangkok in 2003 by George Taylor. The company now employs more than 45000 people across Australia.,In what year was Oakwood Publishing House founded?,2003,51,Beginner
1231,Golden Gate Retailers was founded in Austin in 2018 by Mei Johansson. The company now employs more than 500000 people across Japan.,In which city was Golden Gate Retailers founded?,Austin,37,Beginner
1232,Chen Suzuki joined BrightFuture Foundation as a senior analyst in 2009 and later moved to the Wellington office in 2014.,What role did Chen Suzuki join BrightFuture Foundation as?,senior analyst,48,Beginner
1233,Chloe Clark joined Falcon Logistics as a operations coordinator in 2011 and later moved to the Melbourne office in 2013.,What role did Chloe Clark join Falcon Logistics as?,operations coordinator,41,Intermediate
1234,"The technology summit took place in Cairo on April 1, 2024, drawing an audience of about 45000 people from around Finland.",When did the technology summit take place?,"April 1, 2024",45,Beginner
1235,"The science and innovation fair took place in Stockholm on December 23, 2018, drawing an audience of about 250000 people from around Chile.",Where did the science and innovation fair take place?,Stockholm,46,Beginner
1236,The Grand Observatory was completed in 1994 and is located in Manila. It attracts roughly 3400 visitors every year.,When was the Grand Observatory completed?,1994,39,Beginner
1237,Mei Patel published a research paper on machine translation in 1998 while working at Redstone Consulting in Marrakesh.,What topic did Mei Patel research?,machine translation,40,Beginner
1238,Elena Chen published a research paper on genetic markers in 2003 while working at Silverline Motors in Edinburgh.,What topic did Elena Chen research?,genetic markers,41,Advanced
1239,The Riverside Museum was completed in 2010 and is located in Buenos Aires. It attracts roughly 8700 visitors every year.,When was the Riverside Museum completed?,2010,38,Advanced
1240,The Central Library was completed in 2013 and is located in Copenhagen. It attracts roughly 8700 visitors every year.,Where is the Central Library located?,Copenhagen,60,Advanced
1241,The Old Town Hall was completed in 2015 and is located in Seoul. It attracts roughly 22000 visitors every year.,When was the Old Town Hall completed?,2015,35,Advanced
1242,The National Science Center was completed in 1994 and is located in Kuala Lumpur. It attracts roughly 3400 visitors every year.,When was the National Science Center completed?,1994,45,Intermediate
1243,Layla Osei joined Coastal Insurance Co. as a senior analyst in 2001 and later moved to the Jakarta office in 2005.,What role did Layla Osei join Coastal Insurance Co. as?,senior analyst,45,Beginner
1244,Emma Fernandez published a research paper on genetic markers in 1993 while working at Zenith Pharmaceuticals in Helsinki.,In what year did Emma Fernandez publish the paper?,1993,64,Beginner
1245,"The annual jazz festival took place in Cape Town on November 11, 2016, drawing an audience of about 250000 people from around Sweden.",Where did the annual jazz festival take place?,Cape Town,39,Intermediate
1246,Sofia Nguyen joined Falcon Logistics as a lead engineer in 2005 and later moved to the Edinburgh office in 2009.,What role did Sofia Nguyen join Falcon Logistics as?,lead engineer,42,Advanced
1247,Isabella Clark joined Zenith Pharmaceuticals as a senior analyst in 2001 and later moved to the Nairobi office in 2006.,In what year did Isabella Clark join Zenith Pharmaceuticals?,2001,68,Advanced
1248,The National Science Center was completed in 1999 and is located in Melbourne. It attracts roughly 96000 visitors every year.,When was the National Science Center completed?,1999,45,Advanced
1249,"The global health conference took place in Zurich on October 6, 2023, drawing an audience of about 15000 people from around Finland.",Where did the global health conference take place?,Zurich,43,Intermediate
1250,The Old Town Hall was completed in 1996 and is located in Bangkok. It attracts roughly 250000 visitors every year.,When was the Old Town Hall completed?,1996,35,Intermediate
1251,Noah Wilson joined Blue Horizon Airlines as a senior analyst in 2014 and later moved to the Mumbai office in 2018.,Which office did Noah Wilson later move to?,Mumbai,92,Advanced
1252,Maple Street School District was founded in Cape Town in 1993 by Ahmed Brown. The company now employs more than 1200 people across Denmark.,In which city was Maple Street School District founded?,Cape Town,44,Advanced
1253,"The technology summit took place in Mumbai on June 13, 2021, drawing an audience of about 500000 people from around Germany.",When did the technology summit take place?,"June 13, 2021",46,Beginner
1254,Ingrid Walker joined Union Manufacturing Corp. as a research scientist in 2011 and later moved to the Melbourne office in 2014.,In what year did Ingrid Walker join Union Manufacturing Corp.?,2011,74,Beginner
1255,The Harborview Bridge was completed in 1993 and is located in Mumbai. It attracts roughly 500000 visitors every year.,When was the Harborview Bridge completed?,1993,39,Intermediate
1256,"The annual jazz festival took place in Prague on October 4, 2015, drawing an audience of about 500000 people from around Japan.",When did the annual jazz festival take place?,"October 4, 2015",49,Beginner
1257,The Old Town Hall was completed in 1997 and is located in Amsterdam. It attracts roughly 96000 visitors every year.,When was the Old Town Hall completed?,1997,35,Beginner
1258,The Grand Observatory was completed in 2006 and is located in Osaka. It attracts roughly 1200 visitors every year.,Where is the Grand Observatory located?,Osaka,62,Intermediate
1259,The Harborview Bridge was completed in 1999 and is located in Manila. It attracts roughly 15000 visitors every year.,When was the Harborview Bridge completed?,1999,39,Intermediate
1260,"The annual jazz festival took place in Lisbon on December 14, 2025, drawing an audience of about 22000 people from around Chile.",Where did the annual jazz festival take place?,Lisbon,39,Advanced
1261,Golden Gate Retailers was founded in Lisbon in 2009 by Adaeze Baker. The company now employs more than 8700 people across Kenya.,Who founded Golden Gate Retailers?,Adaeze Baker,55,Beginner
1262,The Harborview Bridge was completed in 2010 and is located in Zurich. It attracts roughly 3400 visitors every year.,Where is the Harborview Bridge located?,Zurich,62,Beginner
1263,"The science and innovation fair took place in Prague on June 8, 2019, drawing an audience of about 45000 people from around the Philippines.",When did the science and innovation fair take place?,"June 8, 2019",56,Intermediate
1264,Wei Yamamoto published a research paper on machine translation in 2000 while working at Skyline Real Estate in Jakarta.,What topic did Wei Yamamoto research?,machine translation,43,Beginner
1265,Olivia Johansson published a research paper on deep-sea biology in 1995 while working at Brightline Technologies in Dublin.,In what year did Olivia Johansson publish the paper?,1995,67,Advanced
1266,Chen Smith joined Riverside Bank as a operations coordinator in 1997 and later moved to the Denver office in 2001.,In what year did Chen Smith join Riverside Bank?,1997,64,Intermediate
1267,The Grand Observatory was completed in 2015 and is located in Manila. It attracts roughly 3400 visitors every year.,Where is the Grand Observatory located?,Manila,62,Intermediate
1268,Priya Silva joined Pioneer Research Institute as a lead engineer in 2012 and later moved to the Cape Town office in 2013.,In what year did Priya Silva join Pioneer Research Institute?,2012,68,Intermediate
1269,Julia Clark joined Skyline Real Estate as a project manager in 2006 and later moved to the Mumbai office in 2010.,What role did Julia Clark join Skyline Real Estate as?,project manager,44,Intermediate
1270,"The robotics championship took place in Seoul on March 19, 2015, drawing an audience of about 96000 people from around Indonesia.",Where did the robotics championship take place?,Seoul,40,Beginner
1271,Charlotte Chen joined Coastal Insurance Co. as a senior analyst in 2023 and later moved to the Kuala Lumpur office in 2027.,What role did Charlotte Chen join Coastal Insurance Co. as?,senior analyst,49,Beginner
1272,Chen Scott joined Cedar Grove Hospital as a project manager in 2014 and later moved to the Cape Town office in 2016.,In what year did Chen Scott join Cedar Grove Hospital?,2014,63,Intermediate
1273,The Central Library was completed in 2001 and is located in Marrakesh. It attracts roughly 15000 visitors every year.,When was the Central Library completed?,2001,37,Advanced
1274,Carlos Yamamoto joined Delta Cloud Services as a senior analyst in 1991 and later moved to the Lisbon office in 1993.,What role did Carlos Yamamoto join Delta Cloud Services as?,senior analyst,49,Intermediate
1275,Vertex Analytics was founded in Austin in 2014 by Ingrid Lewis. The company now employs more than 22000 people across Portugal.,In what year was Vertex Analytics founded?,2014,42,Beginner
1276,Isabella Suzuki published a research paper on quantum materials in 2009 while working at Northfield University in Dublin.,In what year did Isabella Suzuki publish the paper?,2009,67,Intermediate
1277,Silverline Motors was founded in Mumbai in 2004 by David Kim. The company now employs more than 15000 people across Chile.,In what year was Silverline Motors founded?,2004,43,Intermediate
1278,"The international film festival took place in Jakarta on April 27, 2022, drawing an audience of about 45000 people from around Kenya.",Where did the international film festival take place?,Jakarta,46,Intermediate
1279,"The science and innovation fair took place in Amsterdam on February 7, 2021, drawing an audience of about 22000 people from around Indonesia.",Where did the science and innovation fair take place?,Amsterdam,46,Beginner
1280,Mark Smith published a research paper on renewable energy storage in 2006 while working at Redstone Consulting in Kuala Lumpur.,Where was Mark Smith working when the paper was published?,Redstone Consulting,91,Intermediate
1281,The Old Town Hall was completed in 2007 and is located in Wellington. It attracts roughly 96000 visitors every year.,When was the Old Town Hall completed?,2007,35,Advanced
1282,Aurora Data Systems was founded in Denver in 2002 by Zainab Anderson. The company now employs more than 3400 people across South Africa.,In what year was Aurora Data Systems founded?,2002,45,Advanced
1283,"The robotics championship took place in Bangkok on January 20, 2023, drawing an audience of about 96000 people from around the Czech Republic.",When did the robotics championship take place?,"January 20, 2023",51,Intermediate
1284,Lakeside Medical Center was founded in Toronto in 1999 by Lucas Dubois. The company now employs more than 3400 people across the Netherlands.,Who founded Lakeside Medical Center?,Lucas Dubois,58,Advanced
1285,Aisha Garcia published a research paper on quantum materials in 2018 while working at Harborview College in Edinburgh.,Where was Aisha Garcia working when the paper was published?,Harborview College,86,Intermediate
1286,Skyline Real Estate was founded in Wellington in 2002 by Leila Brown. The company now employs more than 96000 people across South Africa.,In what year was Skyline Real Estate founded?,2002,49,Beginner
1287,The Riverside Museum was completed in 1997 and is located in Berlin. It attracts roughly 22000 visitors every year.,Where is the Riverside Museum located?,Berlin,61,Beginner
1288,"The annual jazz festival took place in Melbourne on July 7, 2017, drawing an audience of about 96000 people from around South Korea.",When did the annual jazz festival take place?,"July 7, 2017",52,Beginner
1289,The Harborview Bridge was completed in 2010 and is located in Kuala Lumpur. It attracts roughly 500000 visitors every year.,Where is the Harborview Bridge located?,Kuala Lumpur,62,Advanced
1290,"The international film festival took place in Seoul on April 25, 2021, drawing an audience of about 1200 people from around Argentina.",Where did the international film festival take place?,Seoul,46,Advanced
1291,The Central Library was completed in 2004 and is located in Jakarta. It attracts roughly 500000 visitors every year.,Where is the Central Library located?,Jakarta,60,Beginner
1292,Amara Johansson joined Golden Gate Retailers as a project manager in 2012 and later moved to the Melbourne office in 2015.,In what year did Amara Johansson join Golden Gate Retailers?,2012,69,Advanced
1293,Oakwood Publishing House was founded in Berlin in 2016 by Hassan Chen. The company now employs more than 250000 people across Germany.,Who founded Oakwood Publishing House?,Hassan Chen,58,Beginner
1294,Summit Robotics Inc. was founded in Cairo in 2000 by Tom Green. The company now employs more than 1200 people across Canada.,Who founded Summit Robotics Inc.?,Tom Green,53,Intermediate
1295,Maria Taylor joined Delta Cloud Services as a marketing director in 2012 and later moved to the Austin office in 2014.,In what year did Maria Taylor join Delta Cloud Services?,2012,68,Advanced
1296,"The robotics championship took place in Toronto on December 28, 2024, drawing an audience of about 22000 people from around Portugal.",Where did the robotics championship take place?,Toronto,40,Advanced
1297,The Central Library was completed in 2002 and is located in Edinburgh. It attracts roughly 8700 visitors every year.,When was the Central Library completed?,2002,37,Advanced
1298,Golden Gate Retailers was founded in Mumbai in 2023 by Samuel Rossi. The company now employs more than 8700 people across the United States.,In what year was Golden Gate Retailers founded?,2023,47,Intermediate
1299,Mei Patel published a research paper on urban air quality in 2010 while working at Aurora Data Systems in Helsinki.,What topic did Mei Patel research?,urban air quality,40,Intermediate
1300,Ahmed Kowalski joined Meridian Financial Group as a senior analyst in 2004 and later moved to the Vancouver office in 2009.,Which office did Ahmed Kowalski later move to?,Vancouver,98,Beginner
1301,Priya Müller joined Riverside Bank as a research scientist in 1996 and later moved to the Marrakesh office in 2000.,What role did Priya Müller join Riverside Bank as?,research scientist,40,Beginner
1302,Lakeside Medical Center was founded in Cape Town in 2022 by Hassan Larsen. The company now employs more than 45000 people across Indonesia.,In what year was Lakeside Medical Center founded?,2022,52,Intermediate
1303,Nadia King published a research paper on machine translation in 2000 while working at Pioneer Research Institute in Amsterdam.,What topic did Nadia King research?,machine translation,41,Beginner
1304,Meridian Financial Group was founded in Warsaw in 1998 by Nadia Costa. The company now employs more than 250000 people across Japan.,In which city was Meridian Financial Group founded?,Warsaw,40,Advanced
1305,Felix King published a research paper on renewable energy storage in 1997 while working at Falcon Logistics in Austin.,Where was Felix King working when the paper was published?,Falcon Logistics,91,Advanced
1306,"The global health conference took place in Zurich on August 15, 2021, drawing an audience of about 1200 people from around Sweden.",Where did the global health conference take place?,Zurich,43,Advanced
1307,Evergreen Energy Co. was founded in Warsaw in 2015 by Priya Baker. The company now employs more than 15000 people across India.,Who founded Evergreen Energy Co.?,Priya Baker,54,Intermediate
1308,Golden Gate Retailers was founded in Kuala Lumpur in 2009 by Omar Costa. The company now employs more than 8700 people across Denmark.,Who founded Golden Gate Retailers?,Omar Costa,61,Intermediate
1309,Global Trade Partners was founded in Austin in 2013 by David Larsen. The company now employs more than 250000 people across Denmark.,Who founded Global Trade Partners?,David Larsen,55,Beginner
1310,The Old Town Hall was completed in 1990 and is located in Prague. It attracts roughly 3400 visitors every year.,When was the Old Town Hall completed?,1990,35,Beginner
1311,Liam Novak joined Northfield University as a operations coordinator in 1999 and later moved to the Warsaw office in 2000.,In what year did Liam Novak join Northfield University?,1999,71,Intermediate
1312,Delta Cloud Services was founded in Cairo in 2015 by Felix Young. The company now employs more than 22000 people across Denmark.,In what year was Delta Cloud Services founded?,2015,45,Intermediate
1313,The National Science Center was completed in 1995 and is located in Osaka. It attracts roughly 1200 visitors every year.,When was the National Science Center completed?,1995,45,Beginner
1314,The Harborview Bridge was completed in 2012 and is located in Cairo. It attracts roughly 8700 visitors every year.,Where is the Harborview Bridge located?,Cairo,62,Beginner
1315,Hassan Wilson joined Golden Gate Retailers as a research scientist in 1995 and later moved to the Bangkok office in 1999.,What role did Hassan Wilson join Golden Gate Retailers as?,research scientist,48,Intermediate
1316,Adaeze Wright joined Falcon Logistics as a marketing director in 2004 and later moved to the Manila office in 2007.,Which office did Adaeze Wright later move to?,Manila,93,Beginner
1317,Ibrahim Baker published a research paper on genetic markers in 2009 while working at Cedar Grove Hospital in Amsterdam.,In what year did Ibrahim Baker publish the paper?,2009,63,Beginner
1318,The Central Library was completed in 2017 and is located in Cape Town. It attracts roughly 3400 visitors every year.,When was the Central Library completed?,2017,37,Beginner
1319,Skyline Real Estate was founded in Jakarta in 2008 by Priya Costa. The company now employs more than 500000 people across Sweden.,In which city was Skyline Real Estate founded?,Jakarta,35,Beginner
1320,Union Manufacturing Corp. was founded in Amsterdam in 1998 by Tom Yamamoto. The company now employs more than 250000 people across Finland.,In what year was Union Manufacturing Corp. founded?,1998,54,Beginner
1321,The National Science Center was completed in 2020 and is located in Cairo. It attracts roughly 1200 visitors every year.,When was the National Science Center completed?,2020,45,Advanced
1322,Nina Johansson joined Ironwood Steel Works as a research scientist in 2005 and later moved to the Bangkok office in 2006.,Which office did Nina Johansson later move to?,Bangkok,98,Intermediate
1323,The National Science Center was completed in 2021 and is located in Berlin. It attracts roughly 15000 visitors every year.,When was the National Science Center completed?,2021,45,Intermediate
1324,NextGen Software Labs was founded in Buenos Aires in 2021 by Sara Ivanov. The company now employs more than 250000 people across Ireland.,In which city was NextGen Software Labs founded?,Buenos Aires,37,Beginner
1325,Daniel Wright joined Coastal Insurance Co. as a research scientist in 2010 and later moved to the Buenos Aires office in 2012.,What role did Daniel Wright join Coastal Insurance Co. as?,research scientist,48,Advanced
1326,Northfield University was founded in Buenos Aires in 2008 by Carlos Wright. The company now employs more than 15000 people across Thailand.,In which city was Northfield University founded?,Buenos Aires,37,Beginner
1327,Tom Suzuki joined Summit Robotics Inc. as a senior analyst in 2004 and later moved to the Manila office in 2008.,In what year did Tom Suzuki join Summit Robotics Inc.?,2004,62,Advanced
1328,Julia Novak published a research paper on urban air quality in 1994 while working at Falcon Logistics in Nairobi.,In what year did Julia Novak publish the paper?,1994,63,Intermediate
1329,"The international film festival took place in Nairobi on January 11, 2019, drawing an audience of about 3400 people from around the United States.",When did the international film festival take place?,"January 11, 2019",57,Intermediate
1330,Wei Wilson joined Quantum Innovations as a lead engineer in 2017 and later moved to the Austin office in 2021.,Which office did Wei Wilson later move to?,Austin,88,Intermediate
1331,Carlos Kim published a research paper on machine translation in 2015 while working at Coastal Insurance Co. in Cape Town.,What topic did Carlos Kim research?,machine translation,41,Advanced
1332,Global Trade Partners was founded in Nairobi in 1994 by Lucas Petrov. The company now employs more than 8700 people across Australia.,In which city was Global Trade Partners founded?,Nairobi,37,Intermediate
1333,The Old Town Hall was completed in 1996 and is located in Edinburgh. It attracts roughly 15000 visitors every year.,When was the Old Town Hall completed?,1996,35,Advanced
1334,"The robotics championship took place in Nairobi on March 8, 2015, drawing an audience of about 500000 people from around Indonesia.",When did the robotics championship take place?,"March 8, 2015",51,Intermediate
1335,Grace Ivanov joined BrightFuture Foundation as a marketing director in 2022 and later moved to the Osaka office in 2024.,In what year did Grace Ivanov join BrightFuture Foundation?,2022,71,Intermediate
1336,Vertex Analytics was founded in Lisbon in 1996 by Sofia Wright. The company now employs more than 8700 people across Finland.,In which city was Vertex Analytics founded?,Lisbon,32,Beginner
1337,The Central Library was completed in 1997 and is located in Kuala Lumpur. It attracts roughly 500000 visitors every year.,Where is the Central Library located?,Kuala Lumpur,60,Beginner
1338,Tom Moore joined Crescent Media Group as a marketing director in 2015 and later moved to the Berlin office in 2017.,In what year did Tom Moore join Crescent Media Group?,2015,65,Intermediate
1339,Vertex Analytics was founded in Wellington in 2018 by Chen Smith. The company now employs more than 22000 people across Germany.,Who founded Vertex Analytics?,Chen Smith,54,Advanced
1340,Union Manufacturing Corp. was founded in Wellington in 2002 by Julia Haddad. The company now employs more than 45000 people across the United States.,In what year was Union Manufacturing Corp. founded?,2002,55,Advanced
1341,The Grand Observatory was completed in 1993 and is located in Marrakesh. It attracts roughly 22000 visitors every year.,When was the Grand Observatory completed?,1993,39,Intermediate
1342,"The international film festival took place in Nairobi on November 22, 2019, drawing an audience of about 500000 people from around New Zealand.",Where did the international film festival take place?,Nairobi,46,Advanced
1343,"The science and innovation fair took place in Toronto on May 10, 2025, drawing an audience of about 250000 people from around South Africa.",Where did the science and innovation fair take place?,Toronto,46,Beginner
1344,The Central Library was completed in 2016 and is located in Edinburgh. It attracts roughly 250000 visitors every year.,When was the Central Library completed?,2016,37,Beginner
1345,Priya Patel published a research paper on deep-sea biology in 1996 while working at Northfield University in Austin.,In what year did Priya Patel publish the paper?,1996,62,Intermediate
1346,"The robotics championship took place in Berlin on June 25, 2022, drawing an audience of about 45000 people from around Chile.",Where did the robotics championship take place?,Berlin,40,Intermediate
1347,Chen Costa published a research paper on quantum materials in 2002 while working at Skyline Real Estate in Cape Town.,What topic did Chen Costa research?,quantum materials,41,Intermediate
1348,Ravi Müller published a research paper on genetic markers in 1995 while working at Riverside Bank in Denver.,In what year did Ravi Müller publish the paper?,1995,61,Beginner
1349,"The annual jazz festival took place in Dublin on August 11, 2022, drawing an audience of about 8700 people from around the Czech Republic.",When did the annual jazz festival take place?,"August 11, 2022",49,Advanced
1350,Anna King joined Aurora Data Systems as a marketing director in 2014 and later moved to the Mumbai office in 2018.,In what year did Anna King join Aurora Data Systems?,2014,64,Intermediate
1351,The National Science Center was completed in 2020 and is located in Jakarta. It attracts roughly 15000 visitors every year.,When was the National Science Center completed?,2020,45,Advanced
1352,"The science and innovation fair took place in Santiago on April 4, 2018, drawing an audience of about 500000 people from around South Africa.",Where did the science and innovation fair take place?,Santiago,46,Intermediate
1353,Priya Osei joined BrightFuture Foundation as a operations coordinator in 2012 and later moved to the Dublin office in 2013.,What role did Priya Osei join BrightFuture Foundation as?,operations coordinator,47,Intermediate
1354,David Nguyen joined BrightFuture Foundation as a lead engineer in 2011 and later moved to the Warsaw office in 2016.,In what year did David Nguyen join BrightFuture Foundation?,2011,66,Intermediate
1355,"The annual jazz festival took place in Austin on November 21, 2016, drawing an audience of about 96000 people from around New Zealand.",Where did the annual jazz festival take place?,Austin,39,Intermediate
1356,"The robotics championship took place in Nairobi on March 27, 2024, drawing an audience of about 22000 people from around South Africa.",When did the robotics championship take place?,"March 27, 2024",51,Intermediate
1357,"The science and innovation fair took place in Zurich on November 1, 2020, drawing an audience of about 1200 people from around Poland.",When did the science and innovation fair take place?,"November 1, 2020",56,Beginner
1358,The Riverside Museum was completed in 2022 and is located in Bangkok. It attracts roughly 15000 visitors every year.,When was the Riverside Museum completed?,2022,38,Advanced
1359,Coastal Insurance Co. was founded in Kuala Lumpur in 2000 by Carlos Osei. The company now employs more than 500000 people across South Korea.,In which city was Coastal Insurance Co. founded?,Kuala Lumpur,37,Intermediate
1360,Sofia Wright published a research paper on renewable energy storage in 2019 while working at Lakeside Medical Center in Buenos Aires.,Where was Sofia Wright working when the paper was published?,Lakeside Medical Center,93,Beginner
1361,"The global health conference took place in Warsaw on January 8, 2017, drawing an audience of about 8700 people from around Egypt.",Where did the global health conference take place?,Warsaw,43,Advanced
1362,Zainab Wright joined Meridian Financial Group as a lead engineer in 2016 and later moved to the Warsaw office in 2019.,In what year did Zainab Wright join Meridian Financial Group?,2016,68,Beginner
1363,Ahmed Osei joined Skyline Real Estate as a senior analyst in 2017 and later moved to the Osaka office in 2019.,Which office did Ahmed Osei later move to?,Osaka,89,Advanced
1364,The Harborview Bridge was completed in 1999 and is located in Helsinki. It attracts roughly 45000 visitors every year.,When was the Harborview Bridge completed?,1999,39,Intermediate
1365,The Riverside Museum was completed in 2016 and is located in Vancouver. It attracts roughly 500000 visitors every year.,Where is the Riverside Museum located?,Vancouver,61,Intermediate
1366,Brightline Technologies was founded in Manila in 2007 by Carlos Young. The company now employs more than 8700 people across Portugal.,In what year was Brightline Technologies founded?,2007,49,Intermediate
1367,Lucas Wright joined Crescent Media Group as a research scientist in 2000 and later moved to the Marrakesh office in 2003.,What role did Lucas Wright join Crescent Media Group as?,research scientist,46,Intermediate
1368,"The technology summit took place in Kuala Lumpur on May 18, 2024, drawing an audience of about 96000 people from around Egypt.",When did the technology summit take place?,"May 18, 2024",52,Intermediate
1369,Julia Hall joined Falcon Logistics as a project manager in 1999 and later moved to the Bangkok office in 2000.,In what year did Julia Hall join Falcon Logistics?,1999,59,Advanced
1370,BrightFuture Foundation was founded in Toronto in 2015 by Wei Brown. The company now employs more than 3400 people across Finland.,In what year was BrightFuture Foundation founded?,2015,50,Advanced
1371,"The technology summit took place in Edinburgh on April 6, 2020, drawing an audience of about 15000 people from around Argentina.",Where did the technology summit take place?,Edinburgh,36,Beginner
1372,James Moore joined Harborview College as a project manager in 1992 and later moved to the Santiago office in 1994.,In what year did James Moore join Harborview College?,1992,62,Intermediate
1373,George Green joined Vertex Analytics as a marketing director in 2014 and later moved to the Berlin office in 2016.,What role did George Green join Vertex Analytics as?,marketing director,42,Beginner
1374,Zainab Green published a research paper on renewable energy storage in 2017 while working at Meridian Financial Group in Marrakesh.,In what year did Zainab Green publish the paper?,2017,71,Intermediate
1375,"The international film festival took place in Toronto on October 16, 2015, drawing an audience of about 500000 people from around Ireland.",When did the international film festival take place?,"October 16, 2015",57,Intermediate
1376,The Central Library was completed in 1996 and is located in Jakarta. It attracts roughly 96000 visitors every year.,When was the Central Library completed?,1996,37,Intermediate
1377,"The science and innovation fair took place in Manila on December 19, 2016, drawing an audience of about 500000 people from around Japan.",Where did the science and innovation fair take place?,Manila,46,Beginner
1378,Charlotte Ivanov published a research paper on deep-sea biology in 2015 while working at BrightFuture Foundation in Wellington.,Where was Charlotte Ivanov working when the paper was published?,BrightFuture Foundation,89,Beginner
1379,Zainab Clark joined Harborview College as a senior analyst in 1995 and later moved to the Bangkok office in 1999.,In what year did Zainab Clark join Harborview College?,1995,62,Intermediate
1380,Lakeside Medical Center was founded in Dublin in 2016 by Sara Kim. The company now employs more than 250000 people across Indonesia.,In what year was Lakeside Medical Center founded?,2016,49,Beginner
1381,Blue Horizon Airlines was founded in Prague in 2019 by Hassan Kim. The company now employs more than 500000 people across Chile.,In which city was Blue Horizon Airlines founded?,Prague,37,Intermediate
1382,Isabella Taylor joined Zenith Pharmaceuticals as a senior analyst in 2003 and later moved to the Osaka office in 2006.,In what year did Isabella Taylor join Zenith Pharmaceuticals?,2003,69,Intermediate
1383,George Walker published a research paper on machine translation in 2010 while working at Quantum Innovations in Cape Town.,What topic did George Walker research?,machine translation,44,Intermediate
1384,Noah Clark joined Pioneer Research Institute as a marketing director in 2014 and later moved to the Toronto office in 2018.,Which office did Noah Clark later move to?,Toronto,100,Advanced
1385,Fatima Patel joined BrightFuture Foundation as a project manager in 2001 and later moved to the Wellington office in 2004.,Which office did Fatima Patel later move to?,Wellington,96,Intermediate
1386,"The global health conference took place in Berlin on September 11, 2019, drawing an audience of about 1200 people from around the United States.",Where did the global health conference take place?,Berlin,43,Intermediate
1387,Tom Wright joined Blue Horizon Airlines as a senior analyst in 1990 and later moved to the Lisbon office in 1992.,What role did Tom Wright join Blue Horizon Airlines as?,senior analyst,45,Intermediate
1388,Hana Young joined Oakwood Publishing House as a operations coordinator in 2015 and later moved to the Edinburgh office in 2018.,What role did Hana Young join Oakwood Publishing House as?,operations coordinator,48,Advanced
1389,Leila Okafor published a research paper on deep-sea biology in 1999 while working at Crescent Media Group in Denver.,In what year did Leila Okafor publish the paper?,1999,63,Advanced
1390,Layla Wright published a research paper on urban air quality in 2013 while working at BrightFuture Foundation in Berlin.,What topic did Layla Wright research?,urban air quality,43,Beginner
1391,The Old Town Hall was completed in 1997 and is located in Warsaw. It attracts roughly 15000 visitors every year.,When was the Old Town Hall completed?,1997,35,Intermediate
1392,Pioneer Research Institute was founded in Mumbai in 2001 by Liam Garcia. The company now employs more than 96000 people across the Czech Republic.,Who founded Pioneer Research Institute?,Liam Garcia,60,Intermediate
1393,James Larsen joined Aurora Data Systems as a project manager in 1994 and later moved to the Seoul office in 1997.,In what year did James Larsen join Aurora Data Systems?,1994,64,Advanced
1394,Ethan Ivanov joined Golden Gate Retailers as a operations coordinator in 1995 and later moved to the Santiago office in 1996.,What role did Ethan Ivanov join Golden Gate Retailers as?,operations coordinator,47,Intermediate
1395,The Old Town Hall was completed in 2013 and is located in Prague. It attracts roughly 22000 visitors every year.,Where is the Old Town Hall located?,Prague,58,Intermediate
1396,Felix Clark published a research paper on deep-sea biology in 2003 while working at Harborview College in Vancouver.,Where was Felix Clark working when the paper was published?,Harborview College,84,Beginner
1397,Anna Haddad published a research paper on machine translation in 2004 while working at Riverside Bank in Seoul.,Where was Anna Haddad working when the paper was published?,Riverside Bank,87,Advanced
1398,Pioneer Research Institute was founded in Berlin in 2016 by Liam Johansson. The company now employs more than 8700 people across Chile.,Who founded Pioneer Research Institute?,Liam Johansson,60,Beginner
1399,Coastal Insurance Co. was founded in Prague in 2006 by Carlos Hall. The company now employs more than 250000 people across Thailand.,In which city was Coastal Insurance Co. founded?,Prague,37,Beginner
1400,Chen Wright published a research paper on deep-sea biology in 1999 while working at Redstone Consulting in Denver.,What topic did Chen Wright research?,deep-sea biology,42,Advanced
1401,The Old Town Hall was completed in 2003 and is located in Bangkok. It attracts roughly 8700 visitors every year.,When was the Old Town Hall completed?,2003,35,Beginner
1402,The National Science Center was completed in 2013 and is located in Berlin. It attracts roughly 500000 visitors every year.,When was the National Science Center completed?,2013,45,Advanced
1403,"The science and innovation fair took place in Prague on December 18, 2024, drawing an audience of about 500000 people from around India.",When did the science and innovation fair take place?,"December 18, 2024",56,Intermediate
1404,Evergreen Energy Co. was founded in Copenhagen in 2019 by James Walker. The company now employs more than 3400 people across Portugal.,In what year was Evergreen Energy Co. founded?,2019,50,Intermediate
1405,Hassan Johansson joined Northfield University as a operations coordinator in 2008 and later moved to the Manila office in 2012.,In what year did Hassan Johansson join Northfield University?,2008,77,Intermediate
1406,Yuki Young published a research paper on machine translation in 2010 while working at Riverside Bank in Denver.,In what year did Yuki Young publish the paper?,2010,64,Beginner
1407,The Central Library was completed in 2007 and is located in Dublin. It attracts roughly 15000 visitors every year.,When was the Central Library completed?,2007,37,Advanced
1408,Chen Baker published a research paper on machine translation in 2007 while working at Delta Cloud Services in Nairobi.,Where was Chen Baker working when the paper was published?,Delta Cloud Services,86,Intermediate
1409,The Grand Observatory was completed in 2019 and is located in Cape Town. It attracts roughly 45000 visitors every year.,Where is the Grand Observatory located?,Cape Town,62,Beginner
1410,The Grand Observatory was completed in 2015 and is located in Manila. It attracts roughly 96000 visitors every year.,When was the Grand Observatory completed?,2015,39,Beginner
1411,Fatima King joined Redstone Consulting as a marketing director in 2022 and later moved to the Austin office in 2027.,In what year did Fatima King join Redstone Consulting?,2022,66,Intermediate
1412,BrightFuture Foundation was founded in Lisbon in 2016 by Yuki Dubois. The company now employs more than 3400 people across Portugal.,In what year was BrightFuture Foundation founded?,2016,49,Beginner
1413,BrightFuture Foundation was founded in Edinburgh in 2018 by Leila Clark. The company now employs more than 8700 people across Malaysia.,Who founded BrightFuture Foundation?,Leila Clark,60,Beginner
1414,The Riverside Museum was completed in 2023 and is located in Helsinki. It attracts roughly 15000 visitors every year.,When was the Riverside Museum completed?,2023,38,Advanced
1415,The National Science Center was completed in 2020 and is located in Vancouver. It attracts roughly 15000 visitors every year.,Where is the National Science Center located?,Vancouver,68,Beginner
1416,Amara Rossi joined BrightFuture Foundation as a marketing director in 2012 and later moved to the Amsterdam office in 2015.,What role did Amara Rossi join BrightFuture Foundation as?,marketing director,48,Intermediate
1417,Aurora Data Systems was founded in Warsaw in 2021 by Mark Yamamoto. The company now employs more than 250000 people across Thailand.,In which city was Aurora Data Systems founded?,Warsaw,35,Intermediate
1418,"The science and innovation fair took place in Lisbon on May 11, 2021, drawing an audience of about 8700 people from around Denmark.",Where did the science and innovation fair take place?,Lisbon,46,Intermediate
1419,Blue Horizon Airlines was founded in Buenos Aires in 2016 by Mateus King. The company now employs more than 96000 people across India.,Who founded Blue Horizon Airlines?,Mateus King,61,Intermediate
1420,Julia Wilson joined Coastal Insurance Co. as a project manager in 1998 and later moved to the Santiago office in 2000.,In what year did Julia Wilson join Coastal Insurance Co.?,1998,66,Beginner
1421,Noah Anderson joined Union Manufacturing Corp. as a marketing director in 2004 and later moved to the Prague office in 2005.,Which office did Noah Anderson later move to?,Prague,102,Advanced
1422,Pioneer Research Institute was founded in Wellington in 2008 by Chen Young. The company now employs more than 1200 people across the Philippines.,In which city was Pioneer Research Institute founded?,Wellington,42,Intermediate
1423,Coastal Insurance Co. was founded in Stockholm in 2009 by Grace Larsen. The company now employs more than 1200 people across Argentina.,In what year was Coastal Insurance Co. founded?,2009,50,Intermediate
1424,Daniel Scott joined Delta Cloud Services as a senior analyst in 2019 and later moved to the Prague office in 2020.,What role did Daniel Scott join Delta Cloud Services as?,senior analyst,46,Intermediate
1425,The National Science Center was completed in 2017 and is located in Wellington. It attracts roughly 96000 visitors every year.,Where is the National Science Center located?,Wellington,68,Intermediate
1426,Mark Müller published a research paper on quantum materials in 1995 while working at BrightFuture Foundation in Melbourne.,In what year did Mark Müller publish the paper?,1995,63,Intermediate
1427,Kevin King published a research paper on deep-sea biology in 2020 while working at Aurora Data Systems in Helsinki.,In what year did Kevin King publish the paper?,2020,61,Beginner
1428,Coastal Insurance Co. was founded in Marrakesh in 2004 by Yuki Wilson. The company now employs more than 500000 people across Australia.,In what year was Coastal Insurance Co. founded?,2004,50,Beginner
1429,Amara Young published a research paper on machine translation in 2009 while working at Zenith Pharmaceuticals in Toronto.,Where was Amara Young working when the paper was published?,Zenith Pharmaceuticals,87,Beginner
1430,"The global health conference took place in Bangkok on May 19, 2022, drawing an audience of about 500000 people from around South Africa.",When did the global health conference take place?,"May 19, 2022",54,Intermediate
1431,Ibrahim Brown published a research paper on genetic markers in 2023 while working at Skyline Real Estate in Wellington.,Where was Ibrahim Brown working when the paper was published?,Skyline Real Estate,85,Intermediate
1432,Amara Johansson published a research paper on renewable energy storage in 2018 while working at Oakwood Publishing House in Buenos Aires.,Where was Amara Johansson working when the paper was published?,Oakwood Publishing House,96,Beginner
1433,Julia Silva published a research paper on machine translation in 2003 while working at Coastal Insurance Co. in Cape Town.,In what year did Julia Silva publish the paper?,2003,65,Beginner
1434,"The global health conference took place in Stockholm on March 9, 2017, drawing an audience of about 22000 people from around Germany.",When did the global health conference take place?,"March 9, 2017",56,Intermediate
1435,George Patel published a research paper on urban air quality in 2008 while working at Blue Horizon Airlines in Kuala Lumpur.,In what year did George Patel publish the paper?,2008,64,Advanced
1436,Nina Lewis joined Union Manufacturing Corp. as a senior analyst in 2019 and later moved to the Marrakesh office in 2023.,What role did Nina Lewis join Union Manufacturing Corp. as?,senior analyst,49,Beginner
1437,"The annual jazz festival took place in Osaka on June 14, 2015, drawing an audience of about 22000 people from around Germany.",Where did the annual jazz festival take place?,Osaka,39,Intermediate
1438,Ingrid Young published a research paper on machine translation in 2017 while working at Union Manufacturing Corp. in Helsinki.,What topic did Ingrid Young research?,machine translation,43,Intermediate
1439,James Wright published a research paper on urban air quality in 1997 while working at Aurora Data Systems in Melbourne.,In what year did James Wright publish the paper?,1997,64,Advanced
1440,Oakwood Publishing House was founded in Zurich in 1993 by Omar Young. The company now employs more than 22000 people across Malaysia.,Who founded Oakwood Publishing House?,Omar Young,58,Beginner
1441,"The global health conference took place in Berlin on August 16, 2020, drawing an audience of about 1200 people from around Australia.",Where did the global health conference take place?,Berlin,43,Advanced
1442,The National Science Center was completed in 2004 and is located in Manila. It attracts roughly 96000 visitors every year.,When was the National Science Center completed?,2004,45,Beginner
1443,Hana Brown joined Skyline Real Estate as a marketing director in 2013 and later moved to the Vancouver office in 2017.,What role did Hana Brown join Skyline Real Estate as?,marketing director,43,Beginner
1444,"The annual jazz festival took place in Bangkok on May 25, 2025, drawing an audience of about 3400 people from around South Korea.",When did the annual jazz festival take place?,"May 25, 2025",50,Intermediate
1445,The Old Town Hall was completed in 2001 and is located in Edinburgh. It attracts roughly 22000 visitors every year.,Where is the Old Town Hall located?,Edinburgh,58,Beginner
1446,The National Science Center was completed in 1997 and is located in Buenos Aires. It attracts roughly 8700 visitors every year.,Where is the National Science Center located?,Buenos Aires,68,Intermediate
1447,The Harborview Bridge was completed in 2021 and is located in Nairobi. It attracts roughly 45000 visitors every year.,When was the Harborview Bridge completed?,2021,39,Beginner
1448,Northfield University was founded in Zurich in 1992 by Mark Petrov. The company now employs more than 45000 people across Kenya.,In which city was Northfield University founded?,Zurich,37,Intermediate
1449,Elena Lewis joined Summit Robotics Inc. as a senior analyst in 1999 and later moved to the Santiago office in 2001.,In what year did Elena Lewis join Summit Robotics Inc.?,1999,63,Intermediate
1450,Pioneer Research Institute was founded in Seoul in 2006 by David Wright. The company now employs more than 500000 people across Canada.,Who founded Pioneer Research Institute?,David Wright,59,Intermediate
1451,Isabella Novak joined Vertex Analytics as a research scientist in 2014 and later moved to the Wellington office in 2015.,In what year did Isabella Novak join Vertex Analytics?,2014,66,Intermediate
1452,The National Science Center was completed in 2013 and is located in Lisbon. It attracts roughly 3400 visitors every year.,When was the National Science Center completed?,2013,45,Intermediate
1453,Coastal Insurance Co. was founded in Helsinki in 2015 by Victor Nguyen. The company now employs more than 250000 people across Germany.,In what year was Coastal Insurance Co. founded?,2015,49,Intermediate
1454,"The science and innovation fair took place in Nairobi on May 3, 2018, drawing an audience of about 96000 people from around Germany.",When did the science and innovation fair take place?,"May 3, 2018",57,Beginner
1455,"The technology summit took place in Jakarta on October 26, 2015, drawing an audience of about 22000 people from around Japan.",When did the technology summit take place?,"October 26, 2015",47,Beginner
1456,Felix Suzuki published a research paper on urban air quality in 1991 while working at NextGen Software Labs in Seoul.,What topic did Felix Suzuki research?,urban air quality,43,Advanced
1457,Adaeze Moore published a research paper on machine translation in 2005 while working at Oakwood Publishing House in Edinburgh.,In what year did Adaeze Moore publish the paper?,2005,66,Advanced
1458,Grace Scott joined Maple Street School District as a project manager in 1996 and later moved to the Denver office in 1998.,In what year did Grace Scott join Maple Street School District?,1996,72,Intermediate
1459,Riverside Bank was founded in Berlin in 2007 by Elena Okafor. The company now employs more than 8700 people across Canada.,Who founded Riverside Bank?,Elena Okafor,48,Advanced
1460,The Riverside Museum was completed in 2020 and is located in Cairo. It attracts roughly 8700 visitors every year.,When was the Riverside Museum completed?,2020,38,Intermediate
1461,Sara Larsen joined Golden Gate Retailers as a senior analyst in 2010 and later moved to the Denver office in 2011.,What role did Sara Larsen join Golden Gate Retailers as?,senior analyst,46,Beginner
1462,Julia Green joined Maple Street School District as a senior analyst in 2022 and later moved to the Zurich office in 2026.,In what year did Julia Green join Maple Street School District?,2022,71,Beginner
1463,Emma Dubois published a research paper on quantum materials in 2000 while working at Northfield University in Bangkok.,What topic did Emma Dubois research?,quantum materials,42,Advanced
1464,Blue Horizon Airlines was founded in Manila in 2003 by Isabella Brown. The company now employs more than 15000 people across Poland.,In which city was Blue Horizon Airlines founded?,Manila,37,Advanced
1465,Grace Wright joined Northfield University as a marketing director in 2006 and later moved to the Warsaw office in 2008.,In what year did Grace Wright join Northfield University?,2006,69,Intermediate
1466,Jack Wright published a research paper on genetic markers in 2005 while working at Delta Cloud Services in Seoul.,What topic did Jack Wright research?,genetic markers,42,Intermediate
1467,Ravi Patel joined NextGen Software Labs as a marketing director in 1991 and later moved to the Helsinki office in 1996.,What role did Ravi Patel join NextGen Software Labs as?,marketing director,45,Intermediate
1468,The Harborview Bridge was completed in 1993 and is located in Warsaw. It attracts roughly 22000 visitors every year.,When was the Harborview Bridge completed?,1993,39,Intermediate
1469,Cedar Grove Hospital was founded in Jakarta in 2000 by Leila Müller. The company now employs more than 500000 people across Finland.,Who founded Cedar Grove Hospital?,Leila Müller,55,Beginner
1470,Victor Patel joined Summit Robotics Inc. as a lead engineer in 2013 and later moved to the Prague office in 2018.,What role did Victor Patel join Summit Robotics Inc. as?,lead engineer,46,Beginner
1471,Delta Cloud Services was founded in Austin in 1997 by Hana Wright. The company now employs more than 45000 people across Portugal.,Who founded Delta Cloud Services?,Hana Wright,54,Intermediate
1472,The Riverside Museum was completed in 2019 and is located in Dublin. It attracts roughly 3400 visitors every year.,Where is the Riverside Museum located?,Dublin,61,Intermediate
1473,"The global health conference took place in Toronto on March 6, 2019, drawing an audience of about 250000 people from around Chile.",When did the global health conference take place?,"March 6, 2019",54,Beginner
1474,The Central Library was completed in 2018 and is located in Zurich. It attracts roughly 15000 visitors every year.,When was the Central Library completed?,2018,37,Beginner
1475,Hana King joined BrightFuture Foundation as a operations coordinator in 2008 and later moved to the Warsaw office in 2012.,Which office did Hana King later move to?,Warsaw,100,Advanced
1476,Sara Kowalski published a research paper on urban air quality in 2012 while working at Falcon Logistics in Dublin.,In what year did Sara Kowalski publish the paper?,2012,65,Intermediate
1477,"The robotics championship took place in Santiago on December 12, 2025, drawing an audience of about 22000 people from around South Africa.",Where did the robotics championship take place?,Santiago,40,Intermediate
1478,Riverside Bank was founded in Stockholm in 2022 by Julia Chen. The company now employs more than 15000 people across Ireland.,In what year was Riverside Bank founded?,2022,43,Advanced
1479,Peter Chen published a research paper on genetic markers in 2020 while working at Falcon Logistics in Dublin.,What topic did Peter Chen research?,genetic markers,41,Intermediate
1480,The Central Library was completed in 1996 and is located in Mumbai. It attracts roughly 3400 visitors every year.,When was the Central Library completed?,1996,37,Intermediate
1481,"The robotics championship took place in Santiago on July 10, 2015, drawing an audience of about 500000 people from around India.",Where did the robotics championship take place?,Santiago,40,Intermediate
1482,Mateus Novak published a research paper on renewable energy storage in 1998 while working at BrightFuture Foundation in Jakarta.,In what year did Mateus Novak publish the paper?,1998,71,Beginner
1483,The Old Town Hall was completed in 2011 and is located in Nairobi. It attracts roughly 15000 visitors every year.,Where is the Old Town Hall located?,Nairobi,58,Intermediate
1484,Crescent Media Group was founded in Jakarta in 2012 by Hana Young. The company now employs more than 3400 people across Sweden.,In what year was Crescent Media Group founded?,2012,47,Beginner
1485,Coastal Insurance Co. was founded in Copenhagen in 2021 by Mark Osei. The company now employs more than 96000 people across Germany.,In what year was Coastal Insurance Co. founded?,2021,51,Intermediate
1486,Ibrahim Yamamoto joined Aurora Data Systems as a lead engineer in 1990 and later moved to the Wellington office in 1994.,Which office did Ibrahim Yamamoto later move to?,Wellington,94,Advanced
1487,The Riverside Museum was completed in 2022 and is located in Wellington. It attracts roughly 22000 visitors every year.,Where is the Riverside Museum located?,Wellington,61,Advanced
1488,Northfield University was founded in Kuala Lumpur in 1994 by Sofia Johansson. The company now employs more than 1200 people across the United States.,Who founded Northfield University?,Sofia Johansson,61,Intermediate
1489,Hana Petrov joined Blue Horizon Airlines as a project manager in 2020 and later moved to the Cape Town office in 2021.,In what year did Hana Petrov join Blue Horizon Airlines?,2020,65,Beginner
1490,Layla Johansson joined Union Manufacturing Corp. as a senior analyst in 1993 and later moved to the Jakarta office in 1994.,What role did Layla Johansson join Union Manufacturing Corp. as?,senior analyst,54,Beginner
1491,The Old Town Hall was completed in 2022 and is located in Amsterdam. It attracts roughly 8700 visitors every year.,When was the Old Town Hall completed?,2022,35,Beginner
1492,Ahmed Kowalski published a research paper on machine translation in 1998 while working at Aurora Data Systems in Edinburgh.,In what year did Ahmed Kowalski publish the paper?,1998,68,Intermediate
1493,Mateus Kim published a research paper on machine translation in 1996 while working at Aurora Data Systems in Mumbai.,What topic did Mateus Kim research?,machine translation,41,Advanced
1494,"The science and innovation fair took place in Cape Town on September 13, 2025, drawing an audience of about 1200 people from around the Czech Republic.",When did the science and innovation fair take place?,"September 13, 2025",59,Intermediate
1495,Maria Patel joined Redstone Consulting as a research scientist in 1993 and later moved to the Amsterdam office in 1998.,In what year did Maria Patel join Redstone Consulting?,1993,66,Intermediate
1496,The Old Town Hall was completed in 2009 and is located in Denver. It attracts roughly 8700 visitors every year.,Where is the Old Town Hall located?,Denver,58,Beginner
1497,Sofia Garcia joined Summit Robotics Inc. as a lead engineer in 2023 and later moved to the Austin office in 2028.,What role did Sofia Garcia join Summit Robotics Inc. as?,lead engineer,46,Intermediate
1498,Hassan Osei joined Maple Street School District as a marketing director in 2023 and later moved to the Osaka office in 2024.,Which office did Hassan Osei later move to?,Osaka,103,Intermediate
1499,Emma Kim joined Riverside Bank as a research scientist in 2002 and later moved to the Cairo office in 2004.,In what year did Emma Kim join Riverside Bank?,2002,58,Advanced
1500,Sara Clark joined Crescent Media Group as a senior analyst in 2016 and later moved to the Toronto office in 2020.,In what year did Sara Clark join Crescent Media Group?,2016,62,Intermediate
1501,Omar Johansson published a research paper on genetic markers in 1998 while working at Meridian Financial Group in Kuala Lumpur.,In what year did Omar Johansson publish the paper?,1998,64,Beginner
1502,The Central Library was completed in 1992 and is located in Berlin. It attracts roughly 96000 visitors every year.,Where is the Central Library located?,Berlin,60,Beginner
1503,The Grand Observatory was completed in 1996 and is located in Cape Town. It attracts roughly 45000 visitors every year.,Where is the Grand Observatory located?,Cape Town,62,Beginner
1504,"The robotics championship took place in Bangkok on March 17, 2025, drawing an audience of about 1200 people from around Kenya.",Where did the robotics championship take place?,Bangkok,40,Beginner
1505,The Harborview Bridge was completed in 1996 and is located in Stockholm. It attracts roughly 96000 visitors every year.,Where is the Harborview Bridge located?,Stockholm,62,Advanced
1506,Mateus Hall joined Summit Robotics Inc. as a lead engineer in 2011 and later moved to the Manila office in 2014.,In what year did Mateus Hall join Summit Robotics Inc.?,2011,62,Advanced
1507,Kevin Petrov joined Delta Cloud Services as a project manager in 2010 and later moved to the Manila office in 2015.,What role did Kevin Petrov join Delta Cloud Services as?,project manager,46,Intermediate
1508,Zainab Patel published a research paper on quantum materials in 1994 while working at BrightFuture Foundation in Helsinki.,In what year did Zainab Patel publish the paper?,1994,64,Beginner
1509,Crescent Media Group was founded in Melbourne in 2020 by Victor Müller. The company now employs more than 45000 people across the Czech Republic.,In what year was Crescent Media Group founded?,2020,49,Beginner
1510,George Nguyen published a research paper on deep-sea biology in 2005 while working at Cedar Grove Hospital in Copenhagen.,Where was George Nguyen working when the paper was published?,Cedar Grove Hospital,86,Beginner
1511,Ingrid Larsen joined Ironwood Steel Works as a marketing director in 2015 and later moved to the Wellington office in 2017.,Which office did Ingrid Larsen later move to?,Wellington,97,Intermediate
1512,Meridian Financial Group was founded in Copenhagen in 2021 by Felix Larsen. The company now employs more than 15000 people across Ireland.,In what year was Meridian Financial Group founded?,2021,54,Beginner
1513,Maria Haddad published a research paper on urban air quality in 1992 while working at Cedar Grove Hospital in Lisbon.,Where was Maria Haddad working when the paper was published?,Cedar Grove Hospital,86,Intermediate
1514,"The annual jazz festival took place in Cairo on September 23, 2022, drawing an audience of about 96000 people from around the Philippines.",When did the annual jazz festival take place?,"September 23, 2022",48,Intermediate
1515,Nina Silva joined Skyline Real Estate as a marketing director in 1999 and later moved to the Denver office in 2002.,In what year did Nina Silva join Skyline Real Estate?,1999,65,Advanced
1516,Ironwood Steel Works was founded in Buenos Aires in 2008 by Elena Lewis. The company now employs more than 8700 people across Australia.,In which city was Ironwood Steel Works founded?,Buenos Aires,36,Intermediate
1517,Chloe Taylor published a research paper on genetic markers in 2005 while working at Brightline Technologies in Edinburgh.,In what year did Chloe Taylor publish the paper?,2005,62,Intermediate
1518,The Harborview Bridge was completed in 2014 and is located in Denver. It attracts roughly 96000 visitors every year.,When was the Harborview Bridge completed?,2014,39,Beginner
1519,"The robotics championship took place in Berlin on October 4, 2023, drawing an audience of about 45000 people from around Sweden.",When did the robotics championship take place?,"October 4, 2023",50,Beginner
1520,The Riverside Museum was completed in 1991 and is located in Prague. It attracts roughly 1200 visitors every year.,Where is the Riverside Museum located?,Prague,61,Beginner
1521,"The science and innovation fair took place in Mumbai on May 25, 2015, drawing an audience of about 500000 people from around New Zealand.",When did the science and innovation fair take place?,"May 25, 2015",56,Intermediate
1522,Ibrahim Fernandez published a research paper on urban air quality in 2019 while working at Brightline Technologies in Lisbon.,In what year did Ibrahim Fernandez publish the paper?,2019,69,Intermediate
1523,Mei Young published a research paper on genetic markers in 2015 while working at Union Manufacturing Corp. in Jakarta.,What topic did Mei Young research?,genetic markers,40,Advanced
1524,Crescent Media Group was founded in Wellington in 1993 by Maria Moore. The company now employs more than 96000 people across Portugal.,Who founded Crescent Media Group?,Maria Moore,58,Beginner
1525,Ingrid Clark published a research paper on machine translation in 1999 while working at BrightFuture Foundation in Dublin.,What topic did Ingrid Clark research?,machine translation,43,Intermediate
1526,The Central Library was completed in 2020 and is located in Copenhagen. It attracts roughly 22000 visitors every year.,When was the Central Library completed?,2020,37,Beginner
1527,Hana Scott joined Global Trade Partners as a research scientist in 2006 and later moved to the Zurich office in 2011.,In what year did Hana Scott join Global Trade Partners?,2006,67,Intermediate
1528,"The global health conference took place in Cape Town on November 1, 2023, drawing an audience of about 8700 people from around India.",When did the global health conference take place?,"November 1, 2023",56,Intermediate
1529,"The technology summit took place in Warsaw on November 28, 2023, drawing an audience of about 250000 people from around South Africa.",Where did the technology summit take place?,Warsaw,36,Beginner
1530,Sara Chen published a research paper on genetic markers in 1991 while working at Blue Horizon Airlines in Marrakesh.,In what year did Sara Chen publish the paper?,1991,59,Beginner
1531,The National Science Center was completed in 2009 and is located in Nairobi. It attracts roughly 500000 visitors every year.,Where is the National Science Center located?,Nairobi,68,Advanced
1532,Ironwood Steel Works was founded in Bangkok in 1991 by Charlotte Anderson. The company now employs more than 250000 people across India.,In what year was Ironwood Steel Works founded?,1991,47,Intermediate
1533,"The science and innovation fair took place in Zurich on March 20, 2019, drawing an audience of about 3400 people from around Canada.",When did the science and innovation fair take place?,"March 20, 2019",56,Advanced
1534,Riverside Bank was founded in Prague in 2011 by David Green. The company now employs more than 15000 people across the United States.,In what year was Riverside Bank founded?,2011,40,Advanced
1535,Noah Green published a research paper on urban air quality in 2018 while working at Delta Cloud Services in Amsterdam.,Where was Noah Green working when the paper was published?,Delta Cloud Services,84,Intermediate
1536,"The robotics championship took place in Osaka on December 26, 2019, drawing an audience of about 8700 people from around Portugal.",Where did the robotics championship take place?,Osaka,40,Advanced
1537,The National Science Center was completed in 2004 and is located in Edinburgh. It attracts roughly 3400 visitors every year.,When was the National Science Center completed?,2004,45,Advanced
1538,Yuki Johansson joined Blue Horizon Airlines as a operations coordinator in 1996 and later moved to the Denver office in 2000.,Which office did Yuki Johansson later move to?,Denver,103,Intermediate
1539,Kevin King published a research paper on deep-sea biology in 2003 while working at Lakeside Medical Center in Marrakesh.,In what year did Kevin King publish the paper?,2003,61,Intermediate
1540,Sofia Silva joined Meridian Financial Group as a research scientist in 2011 and later moved to the Bangkok office in 2015.,What role did Sofia Silva join Meridian Financial Group as?,research scientist,49,Beginner
1541,The Central Library was completed in 2014 and is located in Zurich. It attracts roughly 15000 visitors every year.,When was the Central Library completed?,2014,37,Intermediate
1542,"The robotics championship took place in Berlin on November 7, 2019, drawing an audience of about 250000 people from around the Netherlands.",Where did the robotics championship take place?,Berlin,40,Advanced
1543,"The global health conference took place in Mumbai on March 22, 2022, drawing an audience of about 22000 people from around New Zealand.",Where did the global health conference take place?,Mumbai,43,Intermediate
1544,Mateus Larsen published a research paper on renewable energy storage in 2021 while working at Blue Horizon Airlines in Helsinki.,What topic did Mateus Larsen research?,renewable energy storage,44,Beginner
1545,"The annual jazz festival took place in Stockholm on May 17, 2016, drawing an audience of about 250000 people from around Portugal.",Where did the annual jazz festival take place?,Stockholm,39,Beginner
1546,Nina Young published a research paper on urban air quality in 2016 while working at Silverline Motors in Wellington.,What topic did Nina Young research?,urban air quality,41,Advanced
1547,The Riverside Museum was completed in 2004 and is located in Cape Town. It attracts roughly 22000 visitors every year.,Where is the Riverside Museum located?,Cape Town,61,Advanced
1548,Nadia Young published a research paper on machine translation in 1992 while working at Skyline Real Estate in Prague.,In what year did Nadia Young publish the paper?,1992,65,Intermediate
1549,"The robotics championship took place in Toronto on July 6, 2015, drawing an audience of about 3400 people from around Sweden.",Where did the robotics championship take place?,Toronto,40,Beginner
1550,Leila Anderson published a research paper on genetic markers in 2012 while working at NextGen Software Labs in Austin.,In what year did Leila Anderson publish the paper?,2012,64,Beginner
1551,Leila Baker joined Pioneer Research Institute as a marketing director in 2017 and later moved to the Bangkok office in 2018.,What role did Leila Baker join Pioneer Research Institute as?,marketing director,51,Intermediate
1552,The Central Library was completed in 2002 and is located in Zurich. It attracts roughly 22000 visitors every year.,Where is the Central Library located?,Zurich,60,Advanced
1553,"The technology summit took place in Bangkok on September 9, 2023, drawing an audience of about 3400 people from around Ireland.",When did the technology summit take place?,"September 9, 2023",47,Advanced
1554,Riverside Bank was founded in Helsinki in 2020 by Hassan Walker. The company now employs more than 22000 people across South Africa.,In what year was Riverside Bank founded?,2020,42,Advanced
1555,Mei Walker published a research paper on machine translation in 2007 while working at Brightline Technologies in Cairo.,What topic did Mei Walker research?,machine translation,41,Beginner
1556,Maria Baker joined Quantum Innovations as a senior analyst in 2011 and later moved to the Kuala Lumpur office in 2014.,Which office did Maria Baker later move to?,Kuala Lumpur,90,Beginner
1557,Riverside Bank was founded in Kuala Lumpur in 2007 by Anna Haddad. The company now employs more than 15000 people across Australia.,Who founded Riverside Bank?,Anna Haddad,54,Intermediate
1558,George Rossi joined Harborview College as a research scientist in 2006 and later moved to the Stockholm office in 2007.,In what year did George Rossi join Harborview College?,2006,66,Advanced
1559,"The global health conference took place in Melbourne on March 22, 2015, drawing an audience of about 45000 people from around Thailand.",Where did the global health conference take place?,Melbourne,43,Advanced
1560,The Grand Observatory was completed in 1998 and is located in Cairo. It attracts roughly 8700 visitors every year.,When was the Grand Observatory completed?,1998,39,Intermediate
1561,Victor Clark published a research paper on machine translation in 2005 while working at Riverside Bank in Dublin.,What topic did Victor Clark research?,machine translation,43,Advanced
1562,"The robotics championship took place in Marrakesh on October 7, 2023, drawing an audience of about 96000 people from around the Philippines.",Where did the robotics championship take place?,Marrakesh,40,Advanced
1563,Hassan Lewis joined Northfield University as a senior analyst in 2009 and later moved to the Lisbon office in 2012.,Which office did Hassan Lewis later move to?,Lisbon,93,Intermediate
1564,Zainab Okafor joined Delta Cloud Services as a research scientist in 2003 and later moved to the Osaka office in 2007.,Which office did Zainab Okafor later move to?,Osaka,97,Advanced
1565,"The international film festival took place in Mumbai on November 17, 2021, drawing an audience of about 250000 people from around Argentina.",When did the international film festival take place?,"November 17, 2021",56,Beginner
1566,The Riverside Museum was completed in 2023 and is located in Manila. It attracts roughly 8700 visitors every year.,When was the Riverside Museum completed?,2023,38,Beginner
1567,Pioneer Research Institute was founded in Vancouver in 1991 by Adaeze Suzuki. The company now employs more than 45000 people across Indonesia.,In which city was Pioneer Research Institute founded?,Vancouver,42,Intermediate
1568,Wei Dubois joined Meridian Financial Group as a marketing director in 2004 and later moved to the Bangkok office in 2006.,In what year did Wei Dubois join Meridian Financial Group?,2004,70,Advanced
1569,"The robotics championship took place in Seoul on November 18, 2015, drawing an audience of about 96000 people from around Kenya.",When did the robotics championship take place?,"November 18, 2015",49,Advanced
1570,The National Science Center was completed in 2004 and is located in Seoul. It attracts roughly 22000 visitors every year.,When was the National Science Center completed?,2004,45,Intermediate
1571,Jack King published a research paper on quantum materials in 2000 while working at Oakwood Publishing House in Bangkok.,In what year did Jack King publish the paper?,2000,61,Intermediate
1572,Mateus Scott published a research paper on machine translation in 1996 while working at Brightline Technologies in Dublin.,In what year did Mateus Scott publish the paper?,1996,66,Intermediate
1573,"The robotics championship took place in Toronto on August 17, 2016, drawing an audience of about 96000 people from around South Africa.",Where did the robotics championship take place?,Toronto,40,Advanced
1574,Northfield University was founded in Denver in 2011 by Leila Wright. The company now employs more than 3400 people across Thailand.,In which city was Northfield University founded?,Denver,37,Intermediate
1575,Mateus Müller published a research paper on quantum materials in 1995 while working at Pioneer Research Institute in Austin.,In what year did Mateus Müller publish the paper?,1995,65,Advanced
1576,"The annual jazz festival took place in Toronto on April 17, 2018, drawing an audience of about 8700 people from around South Korea.",When did the annual jazz festival take place?,"April 17, 2018",50,Beginner
1577,Hassan Kim published a research paper on renewable energy storage in 2021 while working at Coastal Insurance Co. in Jakarta.,Where was Hassan Kim working when the paper was published?,Coastal Insurance Co.,91,Intermediate
1578,"The robotics championship took place in Bangkok on July 2, 2016, drawing an audience of about 45000 people from around the United States.",Where did the robotics championship take place?,Bangkok,40,Intermediate
1579,Felix Haddad published a research paper on urban air quality in 1991 while working at Skyline Real Estate in Marrakesh.,What topic did Felix Haddad research?,urban air quality,43,Intermediate
1580,"The robotics championship took place in Berlin on May 3, 2025, drawing an audience of about 500000 people from around Malaysia.",When did the robotics championship take place?,"May 3, 2025",50,Intermediate
1581,"The annual jazz festival took place in Austin on May 19, 2025, drawing an audience of about 8700 people from around India.",Where did the annual jazz festival take place?,Austin,39,Advanced
1582,Carlos Chen joined Northfield University as a research scientist in 2018 and later moved to the Mumbai office in 2023.,In what year did Carlos Chen join Northfield University?,2018,68,Intermediate
1583,"The science and innovation fair took place in Toronto on August 24, 2018, drawing an audience of about 3400 people from around Portugal.",Where did the science and innovation fair take place?,Toronto,46,Beginner
1584,James Petrov joined Maple Street School District as a senior analyst in 2012 and later moved to the Amsterdam office in 2013.,Which office did James Petrov later move to?,Amsterdam,100,Intermediate
1585,The National Science Center was completed in 1994 and is located in Cape Town. It attracts roughly 8700 visitors every year.,Where is the National Science Center located?,Cape Town,68,Beginner
1586,"The robotics championship took place in Marrakesh on June 25, 2018, drawing an audience of about 22000 people from around Japan.",When did the robotics championship take place?,"June 25, 2018",53,Intermediate
1587,The Central Library was completed in 2004 and is located in Cape Town. It attracts roughly 500000 visitors every year.,When was the Central Library completed?,2004,37,Advanced
1588,The Riverside Museum was completed in 1997 and is located in Kuala Lumpur. It attracts roughly 500000 visitors every year.,When was the Riverside Museum completed?,1997,38,Intermediate
1589,Global Trade Partners was founded in Jakarta in 1995 by Ahmed Rossi. The company now employs more than 1200 people across Australia.,Who founded Global Trade Partners?,Ahmed Rossi,56,Intermediate
1590,Redstone Consulting was founded in Zurich in 2015 by Grace Larsen. The company now employs more than 500000 people across Denmark.,In which city was Redstone Consulting founded?,Zurich,35,Beginner
1591,The Harborview Bridge was completed in 2017 and is located in Berlin. It attracts roughly 15000 visitors every year.,When was the Harborview Bridge completed?,2017,39,Intermediate
1592,Ibrahim Taylor published a research paper on genetic markers in 2013 while working at Silverline Motors in Jakarta.,What topic did Ibrahim Taylor research?,genetic markers,45,Beginner
1593,"The technology summit took place in Copenhagen on April 20, 2019, drawing an audience of about 45000 people from around Malaysia.",Where did the technology summit take place?,Copenhagen,36,Intermediate
1594,Jack Fernandez published a research paper on genetic markers in 2013 while working at Union Manufacturing Corp. in Helsinki.,What topic did Jack Fernandez research?,genetic markers,45,Intermediate
1595,Zainab Scott joined Brightline Technologies as a project manager in 2004 and later moved to the Edinburgh office in 2005.,Which office did Zainab Scott later move to?,Edinburgh,96,Intermediate
1596,Victor Wilson published a research paper on genetic markers in 2005 while working at Quantum Innovations in Santiago.,Where was Victor Wilson working when the paper was published?,Quantum Innovations,85,Beginner
1597,Samuel Silva joined Crescent Media Group as a lead engineer in 2023 and later moved to the Prague office in 2025.,Which office did Samuel Silva later move to?,Prague,91,Beginner
1598,Meridian Financial Group was founded in Stockholm in 2005 by Charlotte Fernandez. The company now employs more than 22000 people across the Philippines.,In what year was Meridian Financial Group founded?,2005,53,Advanced
1599,Daniel Müller published a research paper on machine translation in 2010 while working at Maple Street School District in Copenhagen.,Where was Daniel Müller working when the paper was published?,Maple Street School District,89,Advanced
1600,"The robotics championship took place in Bangkok on January 9, 2020, drawing an audience of about 8700 people from around Portugal.",When did the robotics championship take place?,"January 9, 2020",51,Intermediate
1601,Samuel Petrov published a research paper on urban air quality in 2016 while working at Meridian Financial Group in Cairo.,What topic did Samuel Petrov research?,urban air quality,44,Advanced
1602,Anna Taylor published a research paper on urban air quality in 2017 while working at Oakwood Publishing House in Mumbai.,In what year did Anna Taylor publish the paper?,2017,63,Beginner
1603,James Scott published a research paper on quantum materials in 2023 while working at Lakeside Medical Center in Melbourne.,In what year did James Scott publish the paper?,2023,63,Intermediate
1604,Harborview College was founded in Vancouver in 2001 by Mei Wright. The company now employs more than 500000 people across Sweden.,In what year was Harborview College founded?,2001,47,Intermediate
1605,Ibrahim Osei published a research paper on quantum materials in 2008 while working at Crescent Media Group in Prague.,What topic did Ibrahim Osei research?,quantum materials,43,Intermediate
1606,"The robotics championship took place in Santiago on December 8, 2025, drawing an audience of about 3400 people from around Chile.",When did the robotics championship take place?,"December 8, 2025",52,Beginner
1607,"The global health conference took place in Bangkok on September 19, 2022, drawing an audience of about 500000 people from around Sweden.",Where did the global health conference take place?,Bangkok,43,Advanced
1608,"The annual jazz festival took place in Bangkok on April 1, 2018, drawing an audience of about 3400 people from around Malaysia.",Where did the annual jazz festival take place?,Bangkok,39,Beginner
1609,Charlotte Patel joined Meridian Financial Group as a marketing director in 2014 and later moved to the Warsaw office in 2019.,In what year did Charlotte Patel join Meridian Financial Group?,2014,75,Advanced
1610,Hassan Osei published a research paper on machine translation in 2012 while working at Zenith Pharmaceuticals in Osaka.,In what year did Hassan Osei publish the paper?,2012,65,Beginner
1611,David Wilson joined Falcon Logistics as a marketing director in 1995 and later moved to the Wellington office in 1997.,Which office did David Wilson later move to?,Wellington,92,Beginner
1612,Oakwood Publishing House was founded in Santiago in 2016 by Aisha Okafor. The company now employs more than 45000 people across the United States.,Who founded Oakwood Publishing House?,Aisha Okafor,60,Intermediate
1613,The Grand Observatory was completed in 1998 and is located in Edinburgh. It attracts roughly 500000 visitors every year.,Where is the Grand Observatory located?,Edinburgh,62,Advanced
1614,The Grand Observatory was completed in 2006 and is located in Jakarta. It attracts roughly 96000 visitors every year.,Where is the Grand Observatory located?,Jakarta,62,Intermediate
1615,Lakeside Medical Center was founded in Manila in 1997 by Chen Green. The company now employs more than 3400 people across Argentina.,Who founded Lakeside Medical Center?,Chen Green,57,Beginner
1616,Skyline Real Estate was founded in Amsterdam in 1991 by Peter Costa. The company now employs more than 3400 people across South Africa.,In what year was Skyline Real Estate founded?,1991,48,Intermediate
1617,Nina Okafor joined Blue Horizon Airlines as a senior analyst in 2016 and later moved to the Amsterdam office in 2020.,In what year did Nina Okafor join Blue Horizon Airlines?,2016,64,Intermediate
1618,Zenith Pharmaceuticals was founded in Zurich in 1995 by Ravi Kim. The company now employs more than 8700 people across Argentina.,In which city was Zenith Pharmaceuticals founded?,Zurich,38,Advanced
1619,"The international film festival took place in Santiago on June 11, 2015, drawing an audience of about 15000 people from around Chile.",When did the international film festival take place?,"June 11, 2015",58,Intermediate
1620,Maria Lewis published a research paper on machine translation in 2023 while working at Union Manufacturing Corp. in Zurich.,Where was Maria Lewis working when the paper was published?,Union Manufacturing Corp.,87,Beginner
1621,"The international film festival took place in Buenos Aires on February 9, 2018, drawing an audience of about 500000 people from around the Netherlands.",Where did the international film festival take place?,Buenos Aires,46,Beginner
1622,Maria Clark published a research paper on genetic markers in 1991 while working at NextGen Software Labs in Osaka.,Where was Maria Clark working when the paper was published?,NextGen Software Labs,83,Beginner
1623,Fatima King published a research paper on urban air quality in 2003 while working at Zenith Pharmaceuticals in Copenhagen.,Where was Fatima King working when the paper was published?,Zenith Pharmaceuticals,85,Advanced
1624,Ingrid Wright published a research paper on deep-sea biology in 1997 while working at Meridian Financial Group in Dublin.,What topic did Ingrid Wright research?,deep-sea biology,44,Beginner
1625,"The robotics championship took place in Amsterdam on June 20, 2020, drawing an audience of about 8700 people from around Japan.",When did the robotics championship take place?,"June 20, 2020",53,Intermediate
1626,Julia Khan published a research paper on quantum materials in 1998 while working at Falcon Logistics in Lisbon.,Where was Julia Khan working when the paper was published?,Falcon Logistics,84,Intermediate
1627,The Central Library was completed in 2018 and is located in Zurich. It attracts roughly 22000 visitors every year.,Where is the Central Library located?,Zurich,60,Beginner
1628,Nina Yamamoto published a research paper on machine translation in 1997 while working at Zenith Pharmaceuticals in Denver.,What topic did Nina Yamamoto research?,machine translation,44,Beginner
1629,Tom Green joined Evergreen Energy Co. as a research scientist in 2014 and later moved to the Toronto office in 2016.,What role did Tom Green join Evergreen Energy Co. as?,research scientist,43,Beginner
1630,Harborview College was founded in Berlin in 2001 by Sara Kowalski. The company now employs more than 1200 people across Chile.,In which city was Harborview College founded?,Berlin,34,Intermediate
1631,Noah Novak published a research paper on deep-sea biology in 2015 while working at Quantum Innovations in Santiago.,What topic did Noah Novak research?,deep-sea biology,41,Advanced
1632,The Riverside Museum was completed in 2005 and is located in Seoul. It attracts roughly 22000 visitors every year.,When was the Riverside Museum completed?,2005,38,Intermediate
1633,Victor Okafor joined Riverside Bank as a operations coordinator in 1993 and later moved to the Wellington office in 1994.,What role did Victor Okafor join Riverside Bank as?,operations coordinator,41,Intermediate
1634,Hana Green joined Oakwood Publishing House as a operations coordinator in 1994 and later moved to the Stockholm office in 1999.,Which office did Hana Green later move to?,Stockholm,102,Intermediate
1635,"The robotics championship took place in Berlin on August 10, 2018, drawing an audience of about 3400 people from around Sweden.",When did the robotics championship take place?,"August 10, 2018",50,Beginner
1636,Liam Lewis published a research paper on urban air quality in 2020 while working at Zenith Pharmaceuticals in Toronto.,What topic did Liam Lewis research?,urban air quality,41,Intermediate
1637,Lucas Moore published a research paper on machine translation in 2014 while working at Blue Horizon Airlines in Helsinki.,What topic did Lucas Moore research?,machine translation,42,Advanced
1638,The Central Library was completed in 2023 and is located in Manila. It attracts roughly 45000 visitors every year.,Where is the Central Library located?,Manila,60,Advanced
1639,BrightFuture Foundation was founded in Lisbon in 1997 by Wei Petrov. The company now employs more than 8700 people across the United States.,In what year was BrightFuture Foundation founded?,1997,49,Intermediate
1640,The National Science Center was completed in 2017 and is located in Prague. It attracts roughly 8700 visitors every year.,Where is the National Science Center located?,Prague,68,Intermediate
1641,The Riverside Museum was completed in 1992 and is located in Marrakesh. It attracts roughly 45000 visitors every year.,When was the Riverside Museum completed?,1992,38,Beginner
1642,Fatima Brown joined Harborview College as a project manager in 2003 and later moved to the Osaka office in 2008.,What role did Fatima Brown join Harborview College as?,project manager,44,Intermediate
1643,The Grand Observatory was completed in 2013 and is located in Manila. It attracts roughly 500000 visitors every year.,When was the Grand Observatory completed?,2013,39,Beginner
1644,Sofia Osei published a research paper on renewable energy storage in 2014 while working at BrightFuture Foundation in Berlin.,What topic did Sofia Osei research?,renewable energy storage,41,Intermediate
1645,Chen Suzuki published a research paper on renewable energy storage in 1998 while working at Oakwood Publishing House in Vancouver.,What topic did Chen Suzuki research?,renewable energy storage,42,Beginner
1646,"The annual jazz festival took place in Prague on March 19, 2023, drawing an audience of about 45000 people from around Argentina.",When did the annual jazz festival take place?,"March 19, 2023",49,Intermediate
1647,The Harborview Bridge was completed in 2007 and is located in Copenhagen. It attracts roughly 8700 visitors every year.,Where is the Harborview Bridge located?,Copenhagen,62,Intermediate
1648,The National Science Center was completed in 2002 and is located in Vancouver. It attracts roughly 8700 visitors every year.,Where is the National Science Center located?,Vancouver,68,Beginner
1649,Chloe Chen joined Harborview College as a project manager in 2000 and later moved to the Bangkok office in 2003.,What role did Chloe Chen join Harborview College as?,project manager,42,Beginner
1650,Noah Silva joined Union Manufacturing Corp. as a senior analyst in 2000 and later moved to the Helsinki office in 2001.,What role did Noah Silva join Union Manufacturing Corp. as?,senior analyst,49,Beginner
1651,Mei Kowalski joined Silverline Motors as a senior analyst in 2002 and later moved to the Mumbai office in 2003.,Which office did Mei Kowalski later move to?,Mumbai,89,Beginner
1652,Lakeside Medical Center was founded in Zurich in 1992 by Lucas Wilson. The company now employs more than 250000 people across Poland.,In what year was Lakeside Medical Center founded?,1992,49,Advanced
1653,Ethan Baker joined Cedar Grove Hospital as a research scientist in 1995 and later moved to the Toronto office in 1997.,Which office did Ethan Baker later move to?,Toronto,95,Intermediate
1654,"The international film festival took place in Bangkok on September 28, 2020, drawing an audience of about 8700 people from around Ireland.",Where did the international film festival take place?,Bangkok,46,Advanced
1655,The Harborview Bridge was completed in 1990 and is located in Dublin. It attracts roughly 3400 visitors every year.,Where is the Harborview Bridge located?,Dublin,62,Advanced
1656,Victor Kim joined Oakwood Publishing House as a marketing director in 2021 and later moved to the Nairobi office in 2022.,Which office did Victor Kim later move to?,Nairobi,98,Beginner
1657,Charlotte Brown joined Delta Cloud Services as a marketing director in 2021 and later moved to the Austin office in 2022.,Which office did Charlotte Brown later move to?,Austin,99,Advanced
1658,Ahmed Dubois joined Redstone Consulting as a senior analyst in 2013 and later moved to the Stockholm office in 2016.,What role did Ahmed Dubois join Redstone Consulting as?,senior analyst,45,Beginner
1659,Victor Costa published a research paper on genetic markers in 2007 while working at Aurora Data Systems in Stockholm.,In what year did Victor Costa publish the paper?,2007,62,Beginner
1660,"The robotics championship took place in Edinburgh on July 7, 2019, drawing an audience of about 45000 people from around Sweden.",When did the robotics championship take place?,"July 7, 2019",53,Beginner
1661,The Central Library was completed in 2022 and is located in Cape Town. It attracts roughly 96000 visitors every year.,Where is the Central Library located?,Cape Town,60,Beginner
1662,Golden Gate Retailers was founded in Zurich in 2001 by Nadia Müller. The company now employs more than 250000 people across New Zealand.,Who founded Golden Gate Retailers?,Nadia Müller,55,Beginner
1663,Daniel Wright published a research paper on deep-sea biology in 1993 while working at Redstone Consulting in Zurich.,Where was Daniel Wright working when the paper was published?,Redstone Consulting,86,Beginner
1664,Wei Novak joined Falcon Logistics as a marketing director in 2000 and later moved to the Mumbai office in 2005.,Which office did Wei Novak later move to?,Mumbai,89,Beginner
1665,Priya Silva published a research paper on genetic markers in 2009 while working at Golden Gate Retailers in Warsaw.,In what year did Priya Silva publish the paper?,2009,61,Beginner
1666,The Central Library was completed in 1994 and is located in Edinburgh. It attracts roughly 96000 visitors every year.,When was the Central Library completed?,1994,37,Intermediate
1667,"The annual jazz festival took place in Kuala Lumpur on August 16, 2019, drawing an audience of about 500000 people from around Finland.",Where did the annual jazz festival take place?,Kuala Lumpur,39,Beginner
1668,Northfield University was founded in Jakarta in 2008 by Emma Osei. The company now employs more than 3400 people across Sweden.,In which city was Northfield University founded?,Jakarta,37,Advanced
1669,Samuel Walker joined Harborview College as a operations coordinator in 2000 and later moved to the Cape Town office in 2003.,What role did Samuel Walker join Harborview College as?,operations coordinator,45,Advanced
1670,"The technology summit took place in Bangkok on November 23, 2017, drawing an audience of about 22000 people from around Egypt.",Where did the technology summit take place?,Bangkok,36,Intermediate
1671,Crescent Media Group was founded in Manila in 2004 by Fatima Moore. The company now employs more than 250000 people across Malaysia.,In which city was Crescent Media Group founded?,Manila,36,Intermediate
1672,The Old Town Hall was completed in 1998 and is located in Warsaw. It attracts roughly 250000 visitors every year.,When was the Old Town Hall completed?,1998,35,Intermediate
1673,James Green published a research paper on renewable energy storage in 2012 while working at Blue Horizon Airlines in Zurich.,What topic did James Green research?,renewable energy storage,42,Beginner
1674,Evergreen Energy Co. was founded in Nairobi in 2021 by Victor Baker. The company now employs more than 1200 people across Ireland.,Who founded Evergreen Energy Co.?,Victor Baker,55,Intermediate
1675,Fatima Wilson published a research paper on genetic markers in 2014 while working at Pioneer Research Institute in Stockholm.,In what year did Fatima Wilson publish the paper?,2014,63,Intermediate
1676,Ahmed Haddad published a research paper on quantum materials in 2003 while working at Harborview College in Santiago.,Where was Ahmed Haddad working when the paper was published?,Harborview College,86,Advanced
1677,Cedar Grove Hospital was founded in Manila in 2005 by Leila Brown. The company now employs more than 45000 people across Argentina.,In which city was Cedar Grove Hospital founded?,Manila,36,Advanced
1678,Layla Moore published a research paper on urban air quality in 2000 while working at Skyline Real Estate in Osaka.,In what year did Layla Moore publish the paper?,2000,63,Beginner
1679,"The annual jazz festival took place in Kuala Lumpur on November 9, 2019, drawing an audience of about 15000 people from around the Netherlands.",Where did the annual jazz festival take place?,Kuala Lumpur,39,Intermediate
1680,Falcon Logistics was founded in Toronto in 1998 by Liam Anderson. The company now employs more than 15000 people across Argentina.,In which city was Falcon Logistics founded?,Toronto,32,Beginner
1681,Chen Petrov published a research paper on urban air quality in 1995 while working at Lakeside Medical Center in Stockholm.,Where was Chen Petrov working when the paper was published?,Lakeside Medical Center,85,Beginner
1682,Falcon Logistics was founded in Stockholm in 1994 by Julia Kim. The company now employs more than 96000 people across South Africa.,In what year was Falcon Logistics founded?,1994,45,Beginner
1683,The Central Library was completed in 2019 and is located in Cairo. It attracts roughly 500000 visitors every year.,Where is the Central Library located?,Cairo,60,Beginner
1684,Daniel Taylor joined Golden Gate Retailers as a operations coordinator in 1995 and later moved to the Jakarta office in 1997.,Which office did Daniel Taylor later move to?,Jakarta,102,Intermediate
1685,Fatima Walker published a research paper on quantum materials in 2013 while working at Delta Cloud Services in Vancouver.,What topic did Fatima Walker research?,quantum materials,44,Intermediate
1686,Quantum Innovations was founded in Melbourne in 2013 by Ahmed Osei. The company now employs more than 96000 people across Chile.,Who founded Quantum Innovations?,Ahmed Osei,56,Advanced
1687,Quantum Innovations was founded in Bangkok in 2002 by Aisha Moore. The company now employs more than 250000 people across New Zealand.,In what year was Quantum Innovations founded?,2002,46,Beginner
1688,"The robotics championship took place in Buenos Aires on April 15, 2017, drawing an audience of about 3400 people from around South Africa.",When did the robotics championship take place?,"April 15, 2017",56,Advanced
1689,"The science and innovation fair took place in Jakarta on September 25, 2020, drawing an audience of about 22000 people from around the Philippines.",Where did the science and innovation fair take place?,Jakarta,46,Intermediate
1690,The Grand Observatory was completed in 1999 and is located in Cape Town. It attracts roughly 22000 visitors every year.,Where is the Grand Observatory located?,Cape Town,62,Advanced
1691,"The robotics championship took place in Marrakesh on March 20, 2018, drawing an audience of about 500000 people from around the Philippines.",When did the robotics championship take place?,"March 20, 2018",53,Intermediate
1692,Jack Fernandez published a research paper on deep-sea biology in 1991 while working at NextGen Software Labs in Kuala Lumpur.,Where was Jack Fernandez working when the paper was published?,NextGen Software Labs,87,Beginner
1693,"The global health conference took place in Prague on November 8, 2022, drawing an audience of about 8700 people from around Finland.",When did the global health conference take place?,"November 8, 2022",53,Beginner
1694,The Grand Observatory was completed in 1995 and is located in Toronto. It attracts roughly 250000 visitors every year.,When was the Grand Observatory completed?,1995,39,Beginner
1695,Maple Street School District was founded in Bangkok in 2000 by David Garcia. The company now employs more than 45000 people across Kenya.,In what year was Maple Street School District founded?,2000,55,Advanced
1696,Zenith Pharmaceuticals was founded in Stockholm in 1999 by Sofia Okafor. The company now employs more than 250000 people across New Zealand.,In what year was Zenith Pharmaceuticals founded?,1999,51,Intermediate
1697,Hana Novak joined Quantum Innovations as a senior analyst in 2021 and later moved to the Helsinki office in 2025.,Which office did Hana Novak later move to?,Helsinki,89,Beginner
1698,"The technology summit took place in Berlin on February 25, 2019, drawing an audience of about 3400 people from around Thailand.",When did the technology summit take place?,"February 25, 2019",46,Intermediate
1699,The Harborview Bridge was completed in 1990 and is located in Cape Town. It attracts roughly 96000 visitors every year.,Where is the Harborview Bridge located?,Cape Town,62,Beginner
1700,The Central Library was completed in 2001 and is located in Helsinki. It attracts roughly 1200 visitors every year.,When was the Central Library completed?,2001,37,Intermediate
1701,Vertex Analytics was founded in Edinburgh in 1999 by Elena Fernandez. The company now employs more than 500000 people across New Zealand.,In which city was Vertex Analytics founded?,Edinburgh,32,Advanced
1702,Crescent Media Group was founded in Marrakesh in 2010 by Adaeze Scott. The company now employs more than 3400 people across the Czech Republic.,In which city was Crescent Media Group founded?,Marrakesh,36,Intermediate
1703,The Grand Observatory was completed in 2014 and is located in Warsaw. It attracts roughly 45000 visitors every year.,Where is the Grand Observatory located?,Warsaw,62,Beginner
1704,Ethan Taylor published a research paper on machine translation in 2016 while working at Aurora Data Systems in Seoul.,Where was Ethan Taylor working when the paper was published?,Aurora Data Systems,88,Intermediate
1705,Hassan Yamamoto joined Oakwood Publishing House as a project manager in 2014 and later moved to the Toronto office in 2016.,Which office did Hassan Yamamoto later move to?,Toronto,100,Intermediate
1706,"The international film festival took place in Cape Town on May 26, 2023, drawing an audience of about 96000 people from around Finland.",Where did the international film festival take place?,Cape Town,46,Intermediate
1707,The National Science Center was completed in 1995 and is located in Cape Town. It attracts roughly 3400 visitors every year.,Where is the National Science Center located?,Cape Town,68,Advanced
1708,Northfield University was founded in Berlin in 2009 by Sara Khan. The company now employs more than 3400 people across South Africa.,In what year was Northfield University founded?,2009,47,Advanced
1709,Jack Ivanov joined Evergreen Energy Co. as a marketing director in 2017 and later moved to the Vancouver office in 2021.,Which office did Jack Ivanov later move to?,Vancouver,95,Intermediate
1710,Aisha Suzuki joined Summit Robotics Inc. as a marketing director in 2021 and later moved to the Jakarta office in 2026.,What role did Aisha Suzuki join Summit Robotics Inc. as?,marketing director,46,Beginner
1711,Meridian Financial Group was founded in Buenos Aires in 2003 by Amara Costa. The company now employs more than 1200 people across Poland.,In what year was Meridian Financial Group founded?,2003,56,Beginner
1712,Leila Fernandez joined Oakwood Publishing House as a marketing director in 2023 and later moved to the Copenhagen office in 2028.,What role did Leila Fernandez join Oakwood Publishing House as?,marketing director,53,Advanced
1713,Harborview College was founded in Zurich in 2015 by David Clark. The company now employs more than 1200 people across the Philippines.,In what year was Harborview College founded?,2015,44,Beginner
1714,The Harborview Bridge was completed in 2014 and is located in Amsterdam. It attracts roughly 15000 visitors every year.,When was the Harborview Bridge completed?,2014,39,Beginner
1715,"The technology summit took place in Santiago on November 19, 2019, drawing an audience of about 500000 people from around the United States.",Where did the technology summit take place?,Santiago,36,Advanced
1716,Ethan Moore published a research paper on renewable energy storage in 1997 while working at Meridian Financial Group in Warsaw.,What topic did Ethan Moore research?,renewable energy storage,42,Beginner
1717,Carlos Baker joined Brightline Technologies as a research scientist in 1994 and later moved to the Edinburgh office in 1998.,What role did Carlos Baker join Brightline Technologies as?,research scientist,49,Beginner
1718,Lakeside Medical Center was founded in Helsinki in 1990 by Noah Wright. The company now employs more than 1200 people across the Czech Republic.,In what year was Lakeside Medical Center founded?,1990,51,Intermediate
1719,Sofia Garcia published a research paper on deep-sea biology in 2004 while working at Ironwood Steel Works in Helsinki.,Where was Sofia Garcia working when the paper was published?,Ironwood Steel Works,85,Advanced
1720,Wei King joined Oakwood Publishing House as a operations coordinator in 1999 and later moved to the Wellington office in 2004.,Which office did Wei King later move to?,Wellington,100,Intermediate
1721,"The science and innovation fair took place in Marrakesh on August 13, 2021, drawing an audience of about 22000 people from around the Netherlands.",When did the science and innovation fair take place?,"August 13, 2021",59,Intermediate
1722,George Green joined Maple Street School District as a lead engineer in 2013 and later moved to the Jakarta office in 2014.,Which office did George Green later move to?,Jakarta,99,Intermediate
1723,Global Trade Partners was founded in Copenhagen in 1995 by Lucas Novak. The company now employs more than 15000 people across South Korea.,In what year was Global Trade Partners founded?,1995,51,Beginner
1724,Tom Clark joined BrightFuture Foundation as a operations coordinator in 2017 and later moved to the Buenos Aires office in 2019.,Which office did Tom Clark later move to?,Buenos Aires,100,Intermediate
1725,Cedar Grove Hospital was founded in Vancouver in 1992 by Mateus King. The company now employs more than 3400 people across South Korea.,In which city was Cedar Grove Hospital founded?,Vancouver,36,Beginner
1726,The Harborview Bridge was completed in 1995 and is located in Santiago. It attracts roughly 8700 visitors every year.,Where is the Harborview Bridge located?,Santiago,62,Advanced
1727,Carlos Dubois joined Quantum Innovations as a lead engineer in 1994 and later moved to the Manila office in 1998.,In what year did Carlos Dubois join Quantum Innovations?,1994,63,Intermediate
1728,"The global health conference took place in Bangkok on April 16, 2022, drawing an audience of about 1200 people from around Germany.",Where did the global health conference take place?,Bangkok,43,Intermediate
1729,Ironwood Steel Works was founded in Edinburgh in 1990 by Adaeze Okafor. The company now employs more than 15000 people across South Africa.,Who founded Ironwood Steel Works?,Adaeze Okafor,57,Intermediate
1730,"The science and innovation fair took place in Cairo on May 26, 2017, drawing an audience of about 96000 people from around Egypt.",Where did the science and innovation fair take place?,Cairo,46,Intermediate
1731,Noah Kim published a research paper on quantum materials in 2018 while working at Skyline Real Estate in Denver.,What topic did Noah Kim research?,quantum materials,39,Beginner
1732,Meridian Financial Group was founded in Nairobi in 2015 by Julia Wilson. The company now employs more than 500000 people across Egypt.,In what year was Meridian Financial Group founded?,2015,51,Advanced
1733,Sofia Green published a research paper on quantum materials in 2011 while working at Oakwood Publishing House in Cairo.,In what year did Sofia Green publish the paper?,2011,63,Intermediate
1734,The Riverside Museum was completed in 2017 and is located in Buenos Aires. It attracts roughly 500000 visitors every year.,When was the Riverside Museum completed?,2017,38,Beginner
1735,"The global health conference took place in Toronto on December 20, 2017, drawing an audience of about 96000 people from around Argentina.",Where did the global health conference take place?,Toronto,43,Intermediate
1736,The Old Town Hall was completed in 1998 and is located in Berlin. It attracts roughly 45000 visitors every year.,Where is the Old Town Hall located?,Berlin,58,Advanced
1737,Maple Street School District was founded in Zurich in 2011 by Ingrid Patel. The company now employs more than 8700 people across Argentina.,In which city was Maple Street School District founded?,Zurich,44,Intermediate
1738,Northfield University was founded in Helsinki in 2007 by Samuel Wright. The company now employs more than 96000 people across India.,Who founded Northfield University?,Samuel Wright,57,Advanced
1739,Grace Garcia published a research paper on renewable energy storage in 1999 while working at Blue Horizon Airlines in Buenos Aires.,In what year did Grace Garcia publish the paper?,1999,71,Advanced
1740,Amara Costa joined Union Manufacturing Corp. as a project manager in 1995 and later moved to the Nairobi office in 1997.,Which office did Amara Costa later move to?,Nairobi,97,Beginner
1741,Summit Robotics Inc. was founded in Kuala Lumpur in 2014 by Hana Hall. The company now employs more than 250000 people across South Africa.,In what year was Summit Robotics Inc. founded?,2014,52,Beginner
1742,Harborview College was founded in Mumbai in 2003 by Samuel Müller. The company now employs more than 250000 people across Germany.,In what year was Harborview College founded?,2003,44,Intermediate
1743,Global Trade Partners was founded in Cairo in 1995 by Olivia Baker. The company now employs more than 15000 people across the Czech Republic.,In what year was Global Trade Partners founded?,1995,46,Advanced
1744,The Riverside Museum was completed in 2023 and is located in Melbourne. It attracts roughly 15000 visitors every year.,When was the Riverside Museum completed?,2023,38,Beginner
1745,Nadia Rossi published a research paper on machine translation in 2006 while working at Harborview College in Toronto.,In what year did Nadia Rossi publish the paper?,2006,65,Beginner
1746,Isabella Khan joined Coastal Insurance Co. as a project manager in 2000 and later moved to the Santiago office in 2002.,What role did Isabella Khan join Coastal Insurance Co. as?,project manager,48,Beginner
1747,Skyline Real Estate was founded in Manila in 2000 by Emma Novak. The company now employs more than 96000 people across Australia.,Who founded Skyline Real Estate?,Emma Novak,53,Beginner
1748,Peter King published a research paper on deep-sea biology in 1991 while working at Redstone Consulting in Toronto.,In what year did Peter King publish the paper?,1991,61,Beginner
1749,Samuel Young joined Quantum Innovations as a operations coordinator in 2009 and later moved to the Lisbon office in 2010.,Which office did Samuel Young later move to?,Lisbon,99,Advanced
1750,Daniel Kowalski joined Northfield University as a lead engineer in 1996 and later moved to the Helsinki office in 1997.,In what year did Daniel Kowalski join Northfield University?,1996,67,Beginner
1751,Tom King joined Quantum Innovations as a lead engineer in 2016 and later moved to the Mumbai office in 2019.,In what year did Tom King join Quantum Innovations?,2016,58,Beginner
1752,Nina Fernandez joined Ironwood Steel Works as a operations coordinator in 1997 and later moved to the Stockholm office in 2001.,In what year did Nina Fernandez join Ironwood Steel Works?,1997,74,Beginner
1753,"The global health conference took place in Edinburgh on September 6, 2022, drawing an audience of about 250000 people from around Sweden.",When did the global health conference take place?,"September 6, 2022",56,Beginner
1754,Hana Lewis joined Summit Robotics Inc. as a research scientist in 2001 and later moved to the Marrakesh office in 2005.,In what year did Hana Lewis join Summit Robotics Inc.?,2001,66,Beginner
1755,Ahmed Chen joined Riverside Bank as a research scientist in 2020 and later moved to the Mumbai office in 2023.,Which office did Ahmed Chen later move to?,Mumbai,88,Intermediate
1756,The National Science Center was completed in 2020 and is located in Austin. It attracts roughly 1200 visitors every year.,Where is the National Science Center located?,Austin,68,Beginner
1757,Zainab Wright joined Pioneer Research Institute as a senior analyst in 2022 and later moved to the Santiago office in 2027.,In what year did Zainab Wright join Pioneer Research Institute?,2022,71,Advanced
1758,Chloe Fernandez published a research paper on quantum materials in 1990 while working at Oakwood Publishing House in Seoul.,What topic did Chloe Fernandez research?,quantum materials,46,Beginner
1759,James Yamamoto joined Delta Cloud Services as a project manager in 1996 and later moved to the Kuala Lumpur office in 1997.,What role did James Yamamoto join Delta Cloud Services as?,project manager,48,Intermediate
1760,Aurora Data Systems was founded in Melbourne in 2012 by Wei Smith. The company now employs more than 22000 people across the United States.,Who founded Aurora Data Systems?,Wei Smith,56,Advanced
1761,Golden Gate Retailers was founded in Mumbai in 1990 by Daniel Nguyen. The company now employs more than 250000 people across Poland.,In which city was Golden Gate Retailers founded?,Mumbai,37,Beginner
1762,"The annual jazz festival took place in Wellington on March 16, 2018, drawing an audience of about 500000 people from around Kenya.",Where did the annual jazz festival take place?,Wellington,39,Advanced
1763,Pioneer Research Institute was founded in Bangkok in 2003 by Wei Novak. The company now employs more than 8700 people across Indonesia.,In which city was Pioneer Research Institute founded?,Bangkok,42,Advanced
1764,"The global health conference took place in Wellington on March 25, 2019, drawing an audience of about 1200 people from around Canada.",Where did the global health conference take place?,Wellington,43,Beginner
1765,Ravi Okafor published a research paper on machine translation in 1993 while working at Crescent Media Group in Buenos Aires.,Where was Ravi Okafor working when the paper was published?,Crescent Media Group,87,Intermediate
1766,Zenith Pharmaceuticals was founded in Cape Town in 2021 by George Osei. The company now employs more than 250000 people across India.,In what year was Zenith Pharmaceuticals founded?,2021,51,Advanced
1767,The Harborview Bridge was completed in 1997 and is located in Kuala Lumpur. It attracts roughly 15000 visitors every year.,Where is the Harborview Bridge located?,Kuala Lumpur,62,Intermediate
1768,The Harborview Bridge was completed in 2010 and is located in Melbourne. It attracts roughly 96000 visitors every year.,Where is the Harborview Bridge located?,Melbourne,62,Intermediate
1769,Kevin Johansson joined Silverline Motors as a project manager in 2015 and later moved to the Santiago office in 2020.,Which office did Kevin Johansson later move to?,Santiago,93,Beginner
1770,"The international film festival took place in Berlin on November 4, 2020, drawing an audience of about 15000 people from around Thailand.",When did the international film festival take place?,"November 4, 2020",56,Advanced
1771,Carlos Nguyen published a research paper on deep-sea biology in 2019 while working at Summit Robotics Inc. in Nairobi.,Where was Carlos Nguyen working when the paper was published?,Summit Robotics Inc.,86,Beginner
1772,"The global health conference took place in Mumbai on August 17, 2020, drawing an audience of about 22000 people from around the Czech Republic.",Where did the global health conference take place?,Mumbai,43,Intermediate
1773,The Grand Observatory was completed in 2015 and is located in Austin. It attracts roughly 500000 visitors every year.,Where is the Grand Observatory located?,Austin,62,Beginner
1774,"The annual jazz festival took place in Kuala Lumpur on March 13, 2024, drawing an audience of about 500000 people from around Ireland.",When did the annual jazz festival take place?,"March 13, 2024",55,Beginner
1775,Grace Garcia joined Quantum Innovations as a research scientist in 2002 and later moved to the Wellington office in 2005.,What role did Grace Garcia join Quantum Innovations as?,research scientist,45,Advanced
1776,"The robotics championship took place in Cape Town on June 1, 2020, drawing an audience of about 3400 people from around South Africa.",Where did the robotics championship take place?,Cape Town,40,Advanced
1777,The Riverside Museum was completed in 1997 and is located in Melbourne. It attracts roughly 96000 visitors every year.,Where is the Riverside Museum located?,Melbourne,61,Intermediate
1778,Zainab Müller published a research paper on machine translation in 1995 while working at Brightline Technologies in Buenos Aires.,What topic did Zainab Müller research?,machine translation,44,Advanced
1779,James Taylor joined Global Trade Partners as a senior analyst in 2011 and later moved to the Prague office in 2015.,What role did James Taylor join Global Trade Partners as?,senior analyst,47,Beginner
1780,Oakwood Publishing House was founded in Edinburgh in 1992 by Zainab Brown. The company now employs more than 500000 people across Thailand.,Who founded Oakwood Publishing House?,Zainab Brown,61,Advanced
1781,Kevin Kim published a research paper on deep-sea biology in 2013 while working at Brightline Technologies in Cape Town.,In what year did Kevin Kim publish the paper?,2013,60,Intermediate
1782,Silverline Motors was founded in Prague in 1991 by Maria Novak. The company now employs more than 15000 people across Japan.,In what year was Silverline Motors founded?,1991,43,Beginner
1783,Wei Wilson joined Silverline Motors as a project manager in 1992 and later moved to the Seoul office in 1994.,Which office did Wei Wilson later move to?,Seoul,88,Advanced
1784,Felix Fernandez joined Maple Street School District as a lead engineer in 2000 and later moved to the Manila office in 2004.,What role did Felix Fernandez join Maple Street School District as?,lead engineer,57,Intermediate
1785,"The global health conference took place in Kuala Lumpur on May 8, 2022, drawing an audience of about 250000 people from around the Netherlands.",Where did the global health conference take place?,Kuala Lumpur,43,Intermediate
1786,Vertex Analytics was founded in Melbourne in 2008 by Kevin King. The company now employs more than 45000 people across New Zealand.,Who founded Vertex Analytics?,Kevin King,53,Beginner
1787,Harborview College was founded in Toronto in 1995 by Hana Moore. The company now employs more than 3400 people across the United States.,Who founded Harborview College?,Hana Moore,53,Advanced
1788,Adaeze Haddad published a research paper on machine translation in 2005 while working at BrightFuture Foundation in Melbourne.,What topic did Adaeze Haddad research?,machine translation,44,Advanced
1789,Amara Patel published a research paper on urban air quality in 2004 while working at BrightFuture Foundation in Melbourne.,In what year did Amara Patel publish the paper?,2004,63,Beginner
1790,"The annual jazz festival took place in Stockholm on November 20, 2024, drawing an audience of about 1200 people from around Poland.",Where did the annual jazz festival take place?,Stockholm,39,Intermediate
1791,The Old Town Hall was completed in 2006 and is located in Berlin. It attracts roughly 500000 visitors every year.,Where is the Old Town Hall located?,Berlin,58,Intermediate
1792,Elena Patel joined Evergreen Energy Co. as a marketing director in 1992 and later moved to the Cape Town office in 1997.,Which office did Elena Patel later move to?,Cape Town,95,Beginner
1793,Falcon Logistics was founded in Zurich in 1998 by George Dubois. The company now employs more than 22000 people across Poland.,In which city was Falcon Logistics founded?,Zurich,32,Beginner
1794,Chloe Wilson published a research paper on deep-sea biology in 2007 while working at Union Manufacturing Corp. in Nairobi.,In what year did Chloe Wilson publish the paper?,2007,63,Intermediate
1795,"The technology summit took place in Bangkok on June 26, 2023, drawing an audience of about 1200 people from around South Korea.",When did the technology summit take place?,"June 26, 2023",47,Beginner
1796,Zainab Anderson published a research paper on renewable energy storage in 2021 while working at Riverside Bank in Kuala Lumpur.,In what year did Zainab Anderson publish the paper?,2021,74,Beginner
1797,Emma Okafor published a research paper on urban air quality in 2003 while working at Falcon Logistics in Amsterdam.,What topic did Emma Okafor research?,urban air quality,42,Intermediate
1798,Zainab Smith published a research paper on urban air quality in 2005 while working at Quantum Innovations in Kuala Lumpur.,What topic did Zainab Smith research?,urban air quality,43,Beginner
1799,Meridian Financial Group was founded in Toronto in 1998 by Jack Khan. The company now employs more than 15000 people across Thailand.,Who founded Meridian Financial Group?,Jack Khan,59,Intermediate
1800,Kevin Osei joined Meridian Financial Group as a project manager in 1990 and later moved to the Marrakesh office in 1995.,Which office did Kevin Osei later move to?,Marrakesh,95,Beginner
1801,The Harborview Bridge was completed in 2018 and is located in Copenhagen. It attracts roughly 22000 visitors every year.,Where is the Harborview Bridge located?,Copenhagen,62,Advanced
1802,Skyline Real Estate was founded in Cairo in 2015 by Anna Walker. The company now employs more than 96000 people across Poland.,In which city was Skyline Real Estate founded?,Cairo,35,Advanced
1803,The Central Library was completed in 1994 and is located in Edinburgh. It attracts roughly 1200 visitors every year.,When was the Central Library completed?,1994,37,Beginner
1804,Zainab Young published a research paper on machine translation in 2000 while working at Coastal Insurance Co. in Jakarta.,In what year did Zainab Young publish the paper?,2000,66,Advanced
1805,"The technology summit took place in Cape Town on July 3, 2023, drawing an audience of about 22000 people from around Sweden.",Where did the technology summit take place?,Cape Town,36,Advanced
1806,"The science and innovation fair took place in Dublin on January 26, 2015, drawing an audience of about 22000 people from around Denmark.",When did the science and innovation fair take place?,"January 26, 2015",56,Beginner
1807,The National Science Center was completed in 2020 and is located in Kuala Lumpur. It attracts roughly 96000 visitors every year.,Where is the National Science Center located?,Kuala Lumpur,68,Intermediate
1808,Maria Chen joined Union Manufacturing Corp. as a lead engineer in 2015 and later moved to the Helsinki office in 2017.,What role did Maria Chen join Union Manufacturing Corp. as?,lead engineer,49,Advanced
1809,Global Trade Partners was founded in Denver in 2009 by Ravi Khan. The company now employs more than 45000 people across India.,In what year was Global Trade Partners founded?,2009,47,Advanced
1810,The Central Library was completed in 2010 and is located in Jakarta. It attracts roughly 22000 visitors every year.,When was the Central Library completed?,2010,37,Beginner
1811,The National Science Center was completed in 2010 and is located in Lisbon. It attracts roughly 22000 visitors every year.,Where is the National Science Center located?,Lisbon,68,Intermediate
1812,Charlotte Costa joined Falcon Logistics as a project manager in 2021 and later moved to the Cape Town office in 2022.,In what year did Charlotte Costa join Falcon Logistics?,2021,64,Beginner
1813,Vertex Analytics was founded in Austin in 2012 by Sofia Smith. The company now employs more than 8700 people across Indonesia.,In what year was Vertex Analytics founded?,2012,42,Intermediate
1814,Chloe Clark published a research paper on genetic markers in 1990 while working at Pioneer Research Institute in Toronto.,In what year did Chloe Clark publish the paper?,1990,61,Intermediate
1815,Evergreen Energy Co. was founded in Bangkok in 2001 by Charlotte Smith. The company now employs more than 96000 people across Malaysia.,Who founded Evergreen Energy Co.?,Charlotte Smith,55,Advanced
1816,Hassan Okafor joined Falcon Logistics as a senior analyst in 2019 and later moved to the Buenos Aires office in 2024.,What role did Hassan Okafor join Falcon Logistics as?,senior analyst,43,Intermediate
1817,Coastal Insurance Co. was founded in Denver in 1992 by Charlotte Dubois. The company now employs more than 22000 people across Japan.,Who founded Coastal Insurance Co.?,Charlotte Dubois,55,Advanced
1818,Aisha Anderson joined NextGen Software Labs as a lead engineer in 2015 and later moved to the Lisbon office in 2018.,In what year did Aisha Anderson join NextGen Software Labs?,2015,66,Intermediate
1819,"The science and innovation fair took place in Bangkok on May 9, 2015, drawing an audience of about 96000 people from around Indonesia.",Where did the science and innovation fair take place?,Bangkok,46,Intermediate
1820,Redstone Consulting was founded in Prague in 2019 by Wei Scott. The company now employs more than 8700 people across Kenya.,In what year was Redstone Consulting founded?,2019,45,Beginner
1821,Pioneer Research Institute was founded in Prague in 2004 by Peter Haddad. The company now employs more than 250000 people across Argentina.,In which city was Pioneer Research Institute founded?,Prague,42,Intermediate
1822,George Taylor published a research paper on urban air quality in 2020 while working at Meridian Financial Group in Marrakesh.,In what year did George Taylor publish the paper?,2020,65,Advanced
1823,Hassan Novak published a research paper on urban air quality in 2016 while working at Delta Cloud Services in Amsterdam.,Where was Hassan Novak working when the paper was published?,Delta Cloud Services,86,Intermediate
1824,Leila Nguyen published a research paper on quantum materials in 2010 while working at Northfield University in Dublin.,In what year did Leila Nguyen publish the paper?,2010,64,Beginner
1825,The Grand Observatory was completed in 1997 and is located in Berlin. It attracts roughly 22000 visitors every year.,Where is the Grand Observatory located?,Berlin,62,Intermediate
1826,"The global health conference took place in Nairobi on June 11, 2023, drawing an audience of about 96000 people from around Australia.",Where did the global health conference take place?,Nairobi,43,Beginner
1827,"The science and innovation fair took place in Dublin on May 19, 2020, drawing an audience of about 96000 people from around the Philippines.",When did the science and innovation fair take place?,"May 19, 2020",56,Beginner
1828,Evergreen Energy Co. was founded in Warsaw in 1992 by Chloe Anderson. The company now employs more than 3400 people across Chile.,In what year was Evergreen Energy Co. founded?,1992,46,Beginner
1829,The Harborview Bridge was completed in 2004 and is located in Berlin. It attracts roughly 250000 visitors every year.,Where is the Harborview Bridge located?,Berlin,62,Beginner
1830,Victor Yamamoto joined Global Trade Partners as a marketing director in 2022 and later moved to the Buenos Aires office in 2027.,In what year did Victor Yamamoto join Global Trade Partners?,2022,72,Beginner
1831,Nina Okafor joined BrightFuture Foundation as a lead engineer in 2011 and later moved to the Toronto office in 2015.,Which office did Nina Okafor later move to?,Toronto,93,Advanced
1832,Maple Street School District was founded in Bangkok in 2017 by Sara Osei. The company now employs more than 1200 people across the United States.,In which city was Maple Street School District founded?,Bangkok,44,Beginner
1833,The Central Library was completed in 2014 and is located in Marrakesh. It attracts roughly 250000 visitors every year.,When was the Central Library completed?,2014,37,Beginner
1834,Riverside Bank was founded in Dublin in 2014 by Julia Wright. The company now employs more than 3400 people across Japan.,In what year was Riverside Bank founded?,2014,40,Advanced
1835,Priya Brown published a research paper on urban air quality in 2021 while working at Crescent Media Group in Osaka.,What topic did Priya Brown research?,urban air quality,42,Intermediate
1836,Priya Ivanov published a research paper on machine translation in 1995 while working at Silverline Motors in Warsaw.,Where was Priya Ivanov working when the paper was published?,Silverline Motors,88,Intermediate
1837,Elena Khan published a research paper on genetic markers in 2018 while working at Global Trade Partners in Vancouver.,Where was Elena Khan working when the paper was published?,Global Trade Partners,82,Intermediate
1838,Wei Wilson joined BrightFuture Foundation as a operations coordinator in 1993 and later moved to the Cape Town office in 1998.,Which office did Wei Wilson later move to?,Cape Town,101,Beginner
1839,"The global health conference took place in Nairobi on February 26, 2016, drawing an audience of about 45000 people from around Poland.",When did the global health conference take place?,"February 26, 2016",54,Advanced
1840,George Brown joined Brightline Technologies as a marketing director in 2009 and later moved to the Marrakesh office in 2012.,In what year did George Brown join Brightline Technologies?,2009,71,Beginner
1841,Charlotte Fernandez published a research paper on quantum materials in 2000 while working at Meridian Financial Group in Kuala Lumpur.,What topic did Charlotte Fernandez research?,quantum materials,50,Beginner
1842,Ethan Okafor joined Quantum Innovations as a lead engineer in 2011 and later moved to the Amsterdam office in 2014.,Which office did Ethan Okafor later move to?,Amsterdam,90,Beginner
1843,Wei Fernandez joined Quantum Innovations as a operations coordinator in 2011 and later moved to the Santiago office in 2012.,Which office did Wei Fernandez later move to?,Santiago,100,Advanced
1844,Lakeside Medical Center was founded in Cape Town in 2011 by David Wright. The company now employs more than 250000 people across Denmark.,In what year was Lakeside Medical Center founded?,2011,52,Advanced
1845,"The technology summit took place in Austin on June 1, 2024, drawing an audience of about 250000 people from around the Netherlands.",When did the technology summit take place?,"June 1, 2024",46,Intermediate
1846,The National Science Center was completed in 1993 and is located in Marrakesh. It attracts roughly 3400 visitors every year.,Where is the National Science Center located?,Marrakesh,68,Beginner
1847,Amara Ivanov joined Crescent Media Group as a operations coordinator in 2004 and later moved to the Mumbai office in 2005.,Which office did Amara Ivanov later move to?,Mumbai,100,Beginner
1848,Falcon Logistics was founded in Helsinki in 2002 by Fatima King. The company now employs more than 3400 people across Chile.,In what year was Falcon Logistics founded?,2002,44,Intermediate
1849,"The science and innovation fair took place in Amsterdam on August 23, 2020, drawing an audience of about 250000 people from around India.",When did the science and innovation fair take place?,"August 23, 2020",59,Intermediate
1850,The Central Library was completed in 2013 and is located in Edinburgh. It attracts roughly 15000 visitors every year.,When was the Central Library completed?,2013,37,Intermediate
1851,The Old Town Hall was completed in 1995 and is located in Bangkok. It attracts roughly 3400 visitors every year.,Where is the Old Town Hall located?,Bangkok,58,Intermediate
1852,The Grand Observatory was completed in 2013 and is located in Cape Town. It attracts roughly 500000 visitors every year.,Where is the Grand Observatory located?,Cape Town,62,Intermediate
1853,The Central Library was completed in 2014 and is located in Vancouver. It attracts roughly 8700 visitors every year.,When was the Central Library completed?,2014,37,Intermediate
1854,Ibrahim Okafor published a research paper on genetic markers in 2017 while working at Skyline Real Estate in Vancouver.,In what year did Ibrahim Okafor publish the paper?,2017,64,Advanced
1855,The Old Town Hall was completed in 2005 and is located in Osaka. It attracts roughly 8700 visitors every year.,Where is the Old Town Hall located?,Osaka,58,Intermediate
1856,Zenith Pharmaceuticals was founded in Seoul in 1998 by Lucas Müller. The company now employs more than 15000 people across Denmark.,In what year was Zenith Pharmaceuticals founded?,1998,47,Beginner
1857,The Central Library was completed in 2009 and is located in Bangkok. It attracts roughly 3400 visitors every year.,Where is the Central Library located?,Bangkok,60,Beginner
1858,"The science and innovation fair took place in Zurich on March 11, 2022, drawing an audience of about 15000 people from around Japan.",When did the science and innovation fair take place?,"March 11, 2022",56,Advanced
1859,Hassan Young published a research paper on genetic markers in 2020 while working at Skyline Real Estate in Toronto.,Where was Hassan Young working when the paper was published?,Skyline Real Estate,84,Intermediate
1860,"The science and innovation fair took place in Santiago on July 16, 2025, drawing an audience of about 96000 people from around Poland.",When did the science and innovation fair take place?,"July 16, 2025",58,Beginner
1861,Felix Hall published a research paper on genetic markers in 2023 while working at Riverside Bank in Berlin.,What topic did Felix Hall research?,genetic markers,41,Beginner
1862,The Grand Observatory was completed in 2002 and is located in Warsaw. It attracts roughly 45000 visitors every year.,Where is the Grand Observatory located?,Warsaw,62,Advanced
1863,Lakeside Medical Center was founded in Berlin in 2013 by Noah Wilson. The company now employs more than 500000 people across Australia.,In what year was Lakeside Medical Center founded?,2013,49,Intermediate
1864,Adaeze Costa published a research paper on genetic markers in 2012 while working at Harborview College in Dublin.,In what year did Adaeze Costa publish the paper?,2012,62,Advanced
1865,Adaeze Walker joined Coastal Insurance Co. as a lead engineer in 1990 and later moved to the Copenhagen office in 1994.,What role did Adaeze Walker join Coastal Insurance Co. as?,lead engineer,48,Intermediate
1866,Hana Scott published a research paper on renewable energy storage in 1990 while working at Oakwood Publishing House in Mumbai.,In what year did Hana Scott publish the paper?,1990,69,Intermediate
1867,The Harborview Bridge was completed in 2016 and is located in Osaka. It attracts roughly 45000 visitors every year.,When was the Harborview Bridge completed?,2016,39,Advanced
1868,Omar King published a research paper on deep-sea biology in 2012 while working at Delta Cloud Services in Warsaw.,In what year did Omar King publish the paper?,2012,60,Intermediate
1869,"The robotics championship took place in Wellington on December 2, 2018, drawing an audience of about 1200 people from around Denmark.",Where did the robotics championship take place?,Wellington,40,Advanced
1870,The Central Library was completed in 1996 and is located in Marrakesh. It attracts roughly 250000 visitors every year.,When was the Central Library completed?,1996,37,Intermediate
1871,"The global health conference took place in Buenos Aires on September 2, 2017, drawing an audience of about 500000 people from around the United States.",Where did the global health conference take place?,Buenos Aires,43,Advanced
1872,Ravi Fernandez published a research paper on urban air quality in 2000 while working at Evergreen Energy Co. in Marrakesh.,What topic did Ravi Fernandez research?,urban air quality,45,Advanced
1873,"The annual jazz festival took place in Cairo on February 6, 2020, drawing an audience of about 22000 people from around Kenya.",When did the annual jazz festival take place?,"February 6, 2020",48,Beginner
1874,Mark Osei published a research paper on machine translation in 1991 while working at Vertex Analytics in Cairo.,In what year did Mark Osei publish the paper?,1991,63,Intermediate
1875,The Harborview Bridge was completed in 2009 and is located in Seoul. It attracts roughly 22000 visitors every year.,Where is the Harborview Bridge located?,Seoul,62,Advanced
1876,Elena Patel published a research paper on quantum materials in 2020 while working at Ironwood Steel Works in Helsinki.,In what year did Elena Patel publish the paper?,2020,63,Beginner
1877,"The robotics championship took place in Marrakesh on August 10, 2025, drawing an audience of about 22000 people from around Australia.",When did the robotics championship take place?,"August 10, 2025",53,Intermediate
1878,The National Science Center was completed in 2023 and is located in Warsaw. It attracts roughly 250000 visitors every year.,When was the National Science Center completed?,2023,45,Intermediate
1879,Liam Patel published a research paper on genetic markers in 2012 while working at BrightFuture Foundation in Mumbai.,Where was Liam Patel working when the paper was published?,BrightFuture Foundation,82,Intermediate
1880,"The global health conference took place in Kuala Lumpur on July 22, 2016, drawing an audience of about 8700 people from around Finland.",When did the global health conference take place?,"July 22, 2016",59,Advanced
1881,The Harborview Bridge was completed in 2010 and is located in Jakarta. It attracts roughly 3400 visitors every year.,When was the Harborview Bridge completed?,2010,39,Intermediate
1882,"The robotics championship took place in Nairobi on February 2, 2017, drawing an audience of about 8700 people from around India.",Where did the robotics championship take place?,Nairobi,40,Beginner
1883,The Riverside Museum was completed in 2013 and is located in Lisbon. It attracts roughly 3400 visitors every year.,When was the Riverside Museum completed?,2013,38,Advanced
1884,Anna Dubois published a research paper on genetic markers in 2021 while working at Redstone Consulting in Santiago.,What topic did Anna Dubois research?,genetic markers,42,Beginner
1885,Anna Haddad joined Falcon Logistics as a senior analyst in 2015 and later moved to the Vancouver office in 2017.,Which office did Anna Haddad later move to?,Vancouver,87,Intermediate
1886,"The international film festival took place in Jakarta on February 1, 2017, drawing an audience of about 250000 people from around the Czech Republic.",When did the international film festival take place?,"February 1, 2017",57,Beginner
1887,Anna Chen joined Evergreen Energy Co. as a project manager in 2014 and later moved to the Bangkok office in 2017.,In what year did Anna Chen join Evergreen Energy Co.?,2014,62,Advanced
1888,The Old Town Hall was completed in 1997 and is located in Vancouver. It attracts roughly 15000 visitors every year.,Where is the Old Town Hall located?,Vancouver,58,Beginner
1889,Mateus Smith joined Union Manufacturing Corp. as a project manager in 1991 and later moved to the Helsinki office in 1992.,What role did Mateus Smith join Union Manufacturing Corp. as?,project manager,51,Beginner
1890,The Riverside Museum was completed in 2021 and is located in Vancouver. It attracts roughly 96000 visitors every year.,When was the Riverside Museum completed?,2021,38,Beginner
1891,BrightFuture Foundation was founded in Zurich in 2006 by Olivia Osei. The company now employs more than 22000 people across Thailand.,Who founded BrightFuture Foundation?,Olivia Osei,57,Intermediate
1892,Ingrid Young published a research paper on machine translation in 2003 while working at Zenith Pharmaceuticals in Lisbon.,What topic did Ingrid Young research?,machine translation,43,Intermediate
1893,"The technology summit took place in Nairobi on June 12, 2019, drawing an audience of about 15000 people from around Kenya.",Where did the technology summit take place?,Nairobi,36,Beginner
1894,Summit Robotics Inc. was founded in Bangkok in 2000 by Ahmed Kowalski. The company now employs more than 3400 people across Denmark.,In what year was Summit Robotics Inc. founded?,2000,47,Beginner
1895,Sara Nguyen joined NextGen Software Labs as a project manager in 1993 and later moved to the Jakarta office in 1998.,Which office did Sara Nguyen later move to?,Jakarta,93,Beginner
1896,The Harborview Bridge was completed in 2022 and is located in Osaka. It attracts roughly 1200 visitors every year.,When was the Harborview Bridge completed?,2022,39,Intermediate
1897,Anna Anderson joined Pioneer Research Institute as a marketing director in 2007 and later moved to the Melbourne office in 2008.,What role did Anna Anderson join Pioneer Research Institute as?,marketing director,53,Advanced
1898,Mateus Okafor joined Aurora Data Systems as a lead engineer in 2004 and later moved to the Wellington office in 2008.,What role did Mateus Okafor join Aurora Data Systems as?,lead engineer,46,Beginner
1899,Hassan Green joined Union Manufacturing Corp. as a operations coordinator in 2022 and later moved to the Cairo office in 2023.,In what year did Hassan Green join Union Manufacturing Corp.?,2022,77,Beginner
1900,Harborview College was founded in Stockholm in 2014 by Ahmed Larsen. The company now employs more than 3400 people across the Czech Republic.,In which city was Harborview College founded?,Stockholm,34,Advanced
1901,The National Science Center was completed in 1993 and is located in Seoul. It attracts roughly 3400 visitors every year.,Where is the National Science Center located?,Seoul,68,Intermediate
1902,"The technology summit took place in Toronto on January 11, 2015, drawing an audience of about 8700 people from around Ireland.",When did the technology summit take place?,"January 11, 2015",47,Beginner
1903,Kevin Suzuki published a research paper on deep-sea biology in 1993 while working at Quantum Innovations in Prague.,Where was Kevin Suzuki working when the paper was published?,Quantum Innovations,85,Advanced
1904,Ironwood Steel Works was founded in Dublin in 1999 by Charlotte Anderson. The company now employs more than 45000 people across Denmark.,In which city was Ironwood Steel Works founded?,Dublin,36,Beginner
1905,"The international film festival took place in Prague on April 19, 2024, drawing an audience of about 250000 people from around Ireland.",Where did the international film festival take place?,Prague,46,Beginner
1906,"The technology summit took place in Amsterdam on November 4, 2021, drawing an audience of about 250000 people from around New Zealand.",When did the technology summit take place?,"November 4, 2021",49,Intermediate
1907,The Riverside Museum was completed in 2019 and is located in Copenhagen. It attracts roughly 96000 visitors every year.,Where is the Riverside Museum located?,Copenhagen,61,Advanced
1908,The Grand Observatory was completed in 1991 and is located in Zurich. It attracts roughly 96000 visitors every year.,Where is the Grand Observatory located?,Zurich,62,Intermediate
1909,The Harborview Bridge was completed in 1991 and is located in Wellington. It attracts roughly 1200 visitors every year.,When was the Harborview Bridge completed?,1991,39,Beginner
1910,Kevin Wilson joined Pioneer Research Institute as a operations coordinator in 2019 and later moved to the Amsterdam office in 2022.,Which office did Kevin Wilson later move to?,Amsterdam,106,Intermediate
1911,The Riverside Museum was completed in 2015 and is located in Amsterdam. It attracts roughly 8700 visitors every year.,When was the Riverside Museum completed?,2015,38,Beginner
1912,"The annual jazz festival took place in Buenos Aires on March 8, 2024, drawing an audience of about 22000 people from around Poland.",When did the annual jazz festival take place?,"March 8, 2024",55,Beginner
1913,Victor Baker joined Lakeside Medical Center as a lead engineer in 2011 and later moved to the Seoul office in 2012.,Which office did Victor Baker later move to?,Seoul,94,Intermediate
1914,The Central Library was completed in 2017 and is located in Cairo. It attracts roughly 22000 visitors every year.,Where is the Central Library located?,Cairo,60,Advanced
1915,Amara Rossi joined Skyline Real Estate as a project manager in 1999 and later moved to the Santiago office in 2002.,In what year did Amara Rossi join Skyline Real Estate?,1999,63,Beginner
1916,The Central Library was completed in 2009 and is located in Helsinki. It attracts roughly 45000 visitors every year.,Where is the Central Library located?,Helsinki,60,Intermediate
1917,"The science and innovation fair took place in Cape Town on July 7, 2024, drawing an audience of about 96000 people from around Malaysia.",Where did the science and innovation fair take place?,Cape Town,46,Intermediate
1918,The Old Town Hall was completed in 2017 and is located in Bangkok. It attracts roughly 1200 visitors every year.,When was the Old Town Hall completed?,2017,35,Advanced
1919,Wei Rossi published a research paper on machine translation in 2013 while working at Crescent Media Group in Mumbai.,Where was Wei Rossi working when the paper was published?,Crescent Media Group,85,Beginner
1920,The Old Town Hall was completed in 1991 and is located in Lisbon. It attracts roughly 96000 visitors every year.,Where is the Old Town Hall located?,Lisbon,58,Intermediate
1921,Lucas Patel published a research paper on urban air quality in 2009 while working at Cedar Grove Hospital in Kuala Lumpur.,Where was Lucas Patel working when the paper was published?,Cedar Grove Hospital,85,Intermediate
1922,Samuel Silva joined Northfield University as a research scientist in 2010 and later moved to the Osaka office in 2015.,In what year did Samuel Silva join Northfield University?,2010,69,Intermediate
1923,"The international film festival took place in Berlin on December 16, 2024, drawing an audience of about 250000 people from around Kenya.",When did the international film festival take place?,"December 16, 2024",56,Intermediate
1924,Carlos Dubois published a research paper on genetic markers in 1990 while working at Redstone Consulting in Nairobi.,Where was Carlos Dubois working when the paper was published?,Redstone Consulting,85,Intermediate
1925,Brightline Technologies was founded in Austin in 2018 by Ibrahim Haddad. The company now employs more than 96000 people across Thailand.,In which city was Brightline Technologies founded?,Austin,39,Intermediate
1926,Anna Lewis joined Delta Cloud Services as a marketing director in 2018 and later moved to the Mumbai office in 2022.,What role did Anna Lewis join Delta Cloud Services as?,marketing director,44,Intermediate
1927,"The science and innovation fair took place in Dublin on November 8, 2020, drawing an audience of about 500000 people from around Chile.",Where did the science and innovation fair take place?,Dublin,46,Beginner
1928,The Old Town Hall was completed in 2004 and is located in Kuala Lumpur. It attracts roughly 22000 visitors every year.,Where is the Old Town Hall located?,Kuala Lumpur,58,Advanced
1929,Julia Patel published a research paper on machine translation in 1993 while working at Summit Robotics Inc. in Buenos Aires.,In what year did Julia Patel publish the paper?,1993,65,Beginner
1930,George Okafor joined Maple Street School District as a senior analyst in 2007 and later moved to the Jakarta office in 2008.,What role did George Okafor join Maple Street School District as?,senior analyst,55,Advanced
1931,"The science and innovation fair took place in Prague on May 26, 2017, drawing an audience of about 45000 people from around Canada.",Where did the science and innovation fair take place?,Prague,46,Beginner
1932,"The global health conference took place in Marrakesh on April 17, 2022, drawing an audience of about 22000 people from around Germany.",When did the global health conference take place?,"April 17, 2022",56,Intermediate
1933,Falcon Logistics was founded in Manila in 2000 by Nadia Silva. The company now employs more than 500000 people across Sweden.,In what year was Falcon Logistics founded?,2000,42,Intermediate
1934,Noah Dubois published a research paper on quantum materials in 2005 while working at Blue Horizon Airlines in Stockholm.,In what year did Noah Dubois publish the paper?,2005,63,Advanced
1935,"The technology summit took place in Copenhagen on July 27, 2017, drawing an audience of about 500000 people from around New Zealand.",Where did the technology summit take place?,Copenhagen,36,Beginner
1936,James Khan joined Summit Robotics Inc. as a lead engineer in 1992 and later moved to the Osaka office in 1994.,Which office did James Khan later move to?,Osaka,89,Beginner
1937,Samuel Kim published a research paper on quantum materials in 1991 while working at Skyline Real Estate in Stockholm.,What topic did Samuel Kim research?,quantum materials,41,Advanced
1938,Harborview College was founded in Kuala Lumpur in 2000 by Maria Dubois. The company now employs more than 3400 people across Denmark.,In what year was Harborview College founded?,2000,50,Beginner
1939,Aisha Costa published a research paper on deep-sea biology in 2022 while working at Aurora Data Systems in Berlin.,What topic did Aisha Costa research?,deep-sea biology,42,Advanced
1940,"The science and innovation fair took place in Amsterdam on April 21, 2022, drawing an audience of about 15000 people from around Thailand.",Where did the science and innovation fair take place?,Amsterdam,46,Beginner
1941,The Central Library was completed in 1994 and is located in Austin. It attracts roughly 1200 visitors every year.,Where is the Central Library located?,Austin,60,Intermediate
1942,"The annual jazz festival took place in Denver on March 17, 2023, drawing an audience of about 8700 people from around Canada.",Where did the annual jazz festival take place?,Denver,39,Advanced
1943,The Grand Observatory was completed in 1995 and is located in Cairo. It attracts roughly 15000 visitors every year.,Where is the Grand Observatory located?,Cairo,62,Advanced
1944,Golden Gate Retailers was founded in Cape Town in 1990 by Chen Ivanov. The company now employs more than 96000 people across the United States.,Who founded Golden Gate Retailers?,Chen Ivanov,58,Intermediate
1945,The Riverside Museum was completed in 2015 and is located in Melbourne. It attracts roughly 22000 visitors every year.,Where is the Riverside Museum located?,Melbourne,61,Advanced
1946,Quantum Innovations was founded in Dublin in 2008 by Kevin Wilson. The company now employs more than 15000 people across Finland.,In what year was Quantum Innovations founded?,2008,45,Intermediate
1947,Skyline Real Estate was founded in Toronto in 2006 by Mateus Nguyen. The company now employs more than 96000 people across Argentina.,In what year was Skyline Real Estate founded?,2006,46,Advanced
1948,Nadia Dubois published a research paper on quantum materials in 1991 while working at Cedar Grove Hospital in Kuala Lumpur.,Where was Nadia Dubois working when the paper was published?,Cedar Grove Hospital,86,Beginner
1949,"The robotics championship took place in Vancouver on June 23, 2019, drawing an audience of about 15000 people from around the United States.",When did the robotics championship take place?,"June 23, 2019",53,Intermediate
1950,NextGen Software Labs was founded in Jakarta in 2010 by Chen King. The company now employs more than 45000 people across Kenya.,In which city was NextGen Software Labs founded?,Jakarta,37,Advanced
1951,Adaeze Müller joined Blue Horizon Airlines as a lead engineer in 1993 and later moved to the Jakarta office in 1997.,In what year did Adaeze Müller join Blue Horizon Airlines?,1993,65,Intermediate
1952,David Anderson published a research paper on machine translation in 1991 while working at Harborview College in Amsterdam.,What topic did David Anderson research?,machine translation,45,Intermediate
1953,Noah Anderson published a research paper on quantum materials in 2020 while working at NextGen Software Labs in Cairo.,In what year did Noah Anderson publish the paper?,2020,65,Beginner
1954,Chloe Ivanov joined Pioneer Research Institute as a senior analyst in 2000 and later moved to the Santiago office in 2004.,Which office did Chloe Ivanov later move to?,Santiago,98,Intermediate
1955,Ahmed Baker joined Skyline Real Estate as a lead engineer in 1996 and later moved to the Lisbon office in 2001.,What role did Ahmed Baker join Skyline Real Estate as?,lead engineer,44,Beginner
1956,"The annual jazz festival took place in Denver on November 17, 2020, drawing an audience of about 250000 people from around Indonesia.",When did the annual jazz festival take place?,"November 17, 2020",49,Advanced
1957,The Riverside Museum was completed in 2014 and is located in Toronto. It attracts roughly 8700 visitors every year.,Where is the Riverside Museum located?,Toronto,61,Beginner
1958,"The global health conference took place in Melbourne on July 10, 2022, drawing an audience of about 15000 people from around South Africa.",Where did the global health conference take place?,Melbourne,43,Beginner
1959,NextGen Software Labs was founded in Nairobi in 1990 by Olivia Wright. The company now employs more than 45000 people across India.,In which city was NextGen Software Labs founded?,Nairobi,37,Beginner
1960,Daniel Novak joined Crescent Media Group as a senior analyst in 1996 and later moved to the Seoul office in 1997.,What role did Daniel Novak join Crescent Media Group as?,senior analyst,46,Beginner
1961,Daniel Costa joined Zenith Pharmaceuticals as a lead engineer in 2002 and later moved to the Prague office in 2005.,What role did Daniel Costa join Zenith Pharmaceuticals as?,lead engineer,48,Beginner
1962,"The science and innovation fair took place in Berlin on September 23, 2021, drawing an audience of about 250000 people from around Kenya.",When did the science and innovation fair take place?,"September 23, 2021",56,Intermediate
1963,Mei Chen published a research paper on renewable energy storage in 1995 while working at Delta Cloud Services in Vancouver.,What topic did Mei Chen research?,renewable energy storage,39,Intermediate
1964,Harborview College was founded in Copenhagen in 2008 by Anna Hall. The company now employs more than 15000 people across Poland.,In what year was Harborview College founded?,2008,48,Intermediate
1965,The Old Town Hall was completed in 2019 and is located in Dublin. It attracts roughly 250000 visitors every year.,When was the Old Town Hall completed?,2019,35,Advanced
1966,Blue Horizon Airlines was founded in Jakarta in 2006 by Maria Osei. The company now employs more than 3400 people across Chile.,In what year was Blue Horizon Airlines founded?,2006,48,Intermediate
1967,The Central Library was completed in 2007 and is located in Berlin. It attracts roughly 3400 visitors every year.,When was the Central Library completed?,2007,37,Intermediate
1968,The Old Town Hall was completed in 2018 and is located in Warsaw. It attracts roughly 1200 visitors every year.,Where is the Old Town Hall located?,Warsaw,58,Advanced
1969,Golden Gate Retailers was founded in Santiago in 1997 by Julia Costa. The company now employs more than 500000 people across the Czech Republic.,Who founded Golden Gate Retailers?,Julia Costa,57,Beginner
1970,NextGen Software Labs was founded in Dublin in 1996 by Julia Brown. The company now employs more than 15000 people across Malaysia.,Who founded NextGen Software Labs?,Julia Brown,55,Intermediate
1971,"The global health conference took place in Nairobi on July 12, 2023, drawing an audience of about 45000 people from around Finland.",When did the global health conference take place?,"July 12, 2023",54,Beginner
1972,"The global health conference took place in Buenos Aires on June 27, 2025, drawing an audience of about 1200 people from around Egypt.",Where did the global health conference take place?,Buenos Aires,43,Beginner
1973,The Riverside Museum was completed in 1996 and is located in Buenos Aires. It attracts roughly 45000 visitors every year.,When was the Riverside Museum completed?,1996,38,Beginner
1974,Northfield University was founded in Wellington in 2003 by Amara Petrov. The company now employs more than 45000 people across Indonesia.,In which city was Northfield University founded?,Wellington,37,Advanced
1975,Emma Garcia published a research paper on deep-sea biology in 1994 while working at Global Trade Partners in Bangkok.,Where was Emma Garcia working when the paper was published?,Global Trade Partners,84,Advanced
1976,The National Science Center was completed in 2008 and is located in Manila. It attracts roughly 45000 visitors every year.,When was the National Science Center completed?,2008,45,Intermediate
1977,"The technology summit took place in Bangkok on February 9, 2025, drawing an audience of about 15000 people from around Canada.",When did the technology summit take place?,"February 9, 2025",47,Intermediate
1978,The National Science Center was completed in 1991 and is located in Denver. It attracts roughly 96000 visitors every year.,When was the National Science Center completed?,1991,45,Advanced
1979,Samuel Novak joined Brightline Technologies as a operations coordinator in 2001 and later moved to the Melbourne office in 2005.,Which office did Samuel Novak later move to?,Melbourne,103,Advanced
1980,The Harborview Bridge was completed in 2010 and is located in Vancouver. It attracts roughly 3400 visitors every year.,Where is the Harborview Bridge located?,Vancouver,62,Advanced
1981,Samuel Chen joined Blue Horizon Airlines as a marketing director in 1991 and later moved to the Denver office in 1992.,In what year did Samuel Chen join Blue Horizon Airlines?,1991,68,Advanced
1982,"The science and innovation fair took place in Bangkok on October 15, 2017, drawing an audience of about 3400 people from around South Korea.",When did the science and innovation fair take place?,"October 15, 2017",57,Beginner
1983,"The global health conference took place in Cairo on July 15, 2019, drawing an audience of about 3400 people from around the Philippines.",Where did the global health conference take place?,Cairo,43,Advanced
1984,Felix Suzuki published a research paper on machine translation in 2012 while working at Riverside Bank in Stockholm.,What topic did Felix Suzuki research?,machine translation,43,Intermediate
1985,Noah Smith published a research paper on urban air quality in 1993 while working at Oakwood Publishing House in Edinburgh.,Where was Noah Smith working when the paper was published?,Oakwood Publishing House,84,Intermediate
1986,Nadia Yamamoto joined Blue Horizon Airlines as a project manager in 2003 and later moved to the Cape Town office in 2007.,What role did Nadia Yamamoto join Blue Horizon Airlines as?,project manager,49,Intermediate
1987,Nina Larsen joined Ironwood Steel Works as a lead engineer in 2014 and later moved to the Zurich office in 2015.,In what year did Nina Larsen join Ironwood Steel Works?,2014,62,Advanced
1988,Omar Kowalski published a research paper on renewable energy storage in 2002 while working at Cedar Grove Hospital in Berlin.,Where was Omar Kowalski working when the paper was published?,Cedar Grove Hospital,94,Advanced
1989,"The robotics championship took place in Kuala Lumpur on September 19, 2015, drawing an audience of about 1200 people from around the Czech Republic.",Where did the robotics championship take place?,Kuala Lumpur,40,Beginner
1990,Priya Khan published a research paper on deep-sea biology in 1999 while working at Aurora Data Systems in Denver.,In what year did Priya Khan publish the paper?,1999,61,Advanced
1991,The National Science Center was completed in 2022 and is located in Helsinki. It attracts roughly 3400 visitors every year.,Where is the National Science Center located?,Helsinki,68,Advanced
1992,The Old Town Hall was completed in 2003 and is located in Copenhagen. It attracts roughly 96000 visitors every year.,When was the Old Town Hall completed?,2003,35,Beginner
1993,BrightFuture Foundation was founded in Wellington in 2011 by David Rossi. The company now employs more than 250000 people across South Korea.,In what year was BrightFuture Foundation founded?,2011,53,Beginner
1994,Redstone Consulting was founded in Dublin in 2010 by Isabella Fernandez. The company now employs more than 22000 people across Finland.,In which city was Redstone Consulting founded?,Dublin,35,Intermediate
1995,Northfield University was founded in Prague in 1998 by Wei Müller. The company now employs more than 3400 people across Germany.,In what year was Northfield University founded?,1998,47,Advanced
1996,The Riverside Museum was completed in 2010 and is located in Stockholm. It attracts roughly 15000 visitors every year.,Where is the Riverside Museum located?,Stockholm,61,Beginner
1997,Mateus Yamamoto published a research paper on machine translation in 2014 while working at Pioneer Research Institute in Jakarta.,What topic did Mateus Yamamoto research?,machine translation,46,Beginner
1998,Nadia Larsen published a research paper on genetic markers in 2013 while working at Zenith Pharmaceuticals in Warsaw.,What topic did Nadia Larsen research?,genetic markers,43,Advanced
1999,The Riverside Museum was completed in 2020 and is located in Mumbai. It attracts roughly 3400 visitors every year.,Where is the Riverside Museum located?,Mumbai,61,Beginner
2000,"The international film festival took place in Helsinki on November 21, 2015, drawing an audience of about 3400 people from around Egypt.",When did the international film festival take place?,"November 21, 2015",58,Intermediate
