id,text,sentiment,sentiment_score,emotion,category
1,This thriller met the basic expectations and was generally typical.,Neutral,0.06,Neutral,Movie Review
2,We were thrilled with this consulting firm — it felt exceptional and well worth the money.,Positive,0.84,Satisfied,Service Review
3,The latest trend was a disappointment; the whole experience felt poorly made.,Negative,-0.58,Angry,Social Media
4,"This blender turned out to be wonderful, and I would recommend it to anyone.",Positive,0.65,Excited,Product Review
5,It's hard to say much about this workshop; it was simply okay.,Neutral,-0.06,Neutral,Education
6,I'd describe this workshop as reasonable — it did the job without standing out.,Neutral,0.02,Neutral,Education
7,I was really let down by this thread — it was poorly made compared to what was promised.,Negative,-1.0,Angry,Social Media
8,This consulting firm was a disappointment; the whole experience felt disappointing.,Negative,-0.61,Fear,Service Review
9,I was really let down by the tech support line — it was frustrating compared to what was promised.,Negative,-0.82,Sad,Service Review
10,This rental agency met the basic expectations and was generally fine.,Neutral,-0.07,Neutral,Service Review
11,"Unfortunately, this documentary was underwhelming, and I regret spending money on it.",Negative,-0.68,Disappointed,Movie Review
12,"Honestly, this laptop was fantastic from start to finish, no complaints at all.",Positive,0.64,Excited,Product Review
13,The office chair was a disappointment; the whole experience felt frustrating.,Negative,-0.82,Sad,Product Review
14,"Honestly, this backpack was amazing from start to finish, no complaints at all.",Positive,0.6,Excited,Product Review
15,We were thrilled with the delivery service — it felt fantastic and well worth the money.,Positive,0.8,Satisfied,Service Review
16,We were thrilled with the moving company — it felt top-notch and well worth the money.,Positive,0.68,Happy,Service Review
17,This video impressed everyone in our group; simply superb.,Positive,0.95,Happy,Social Media
18,This cleaning company was a disappointment; the whole experience felt terrible.,Negative,-0.82,Angry,Service Review
19,I'd describe this blender as okay — it did the job without standing out.,Neutral,0.09,Neutral,Product Review
20,"I have to say, this food truck exceeded my expectations; it was truly top-notch.",Positive,0.99,Happy,Food Review
21,It's hard to say much about the romantic comedy; it was simply acceptable.,Neutral,0.08,Neutral,Movie Review
22,"Sadly, this thriller turned out to be unreliable, and I wouldn't try it again.",Negative,-0.99,Angry,Movie Review
23,I'd describe the vacuum cleaner as adequate — it did the job without standing out.,Neutral,0.05,Neutral,Product Review
24,"Honestly, the animated movie was top-notch from start to finish, no complaints at all.",Positive,0.64,Satisfied,Movie Review
25,The smartwatch was a disappointment; the whole experience felt unreliable.,Negative,-0.73,Sad,Product Review
26,This course impressed everyone in our group; simply superb.,Positive,0.77,Happy,Education
27,"Unfortunately, this consulting firm was poorly made, and I regret spending money on it.",Negative,-0.97,Disappointed,Service Review
28,"The new cafe turned out to be excellent, and I would recommend it to anyone.",Positive,0.94,Excited,Food Review
29,"Honestly, this thread was outstanding from start to finish, no complaints at all.",Positive,0.72,Excited,Social Media
30,I'd describe the wireless headphones as reasonable — it did the job without standing out.,Neutral,-0.08,Neutral,Product Review
31,The delivery service was a disappointment; the whole experience felt overpriced.,Negative,-0.92,Fear,Service Review
32,"The tutoring session turned out to be amazing, and I would recommend it to anyone.",Positive,0.85,Excited,Education
33,This consulting firm impressed everyone in our group; simply superb.,Positive,0.91,Happy,Service Review
34,The wireless headphones impressed everyone in our group; simply top-notch.,Positive,0.8,Happy,Product Review
35,"I have to say, the romantic comedy exceeded my expectations; it was truly superb.",Positive,0.71,Excited,Movie Review
36,"Unfortunately, this workshop was disappointing, and I regret spending money on it.",Negative,-0.55,Angry,Education
37,I'd describe the romantic comedy as typical — it did the job without standing out.,Neutral,-0.09,Neutral,Movie Review
38,We were thrilled with the pasta dish — it felt amazing and well worth the money.,Positive,0.79,Excited,Food Review
39,I was really let down by the delivery service — it was underwhelming compared to what was promised.,Negative,-0.67,Sad,Service Review
40,We were thrilled with the dessert menu — it felt amazing and well worth the money.,Positive,0.81,Happy,Food Review
41,We were thrilled with the new sequel — it felt amazing and well worth the money.,Positive,0.85,Excited,Movie Review
42,I was really let down by the online lecture — it was unreliable compared to what was promised.,Negative,-0.72,Disappointed,Education
43,"I have to say, the livestream exceeded my expectations; it was truly delightful.",Positive,0.95,Happy,Social Media
44,The action film met the basic expectations and was generally ordinary.,Neutral,0.07,Neutral,Movie Review
45,"The study guide was standard; nothing special, but nothing terrible either.",Neutral,-0.13,Neutral,Education
46,"The tech support line was ordinary; nothing special, but nothing terrible either.",Neutral,0.12,Neutral,Service Review
47,"The app redesign turned out to be exceptional, and I would recommend it to anyone.",Positive,0.87,Satisfied,Social Media
48,"I have to say, the tech support line exceeded my expectations; it was truly outstanding.",Positive,0.73,Satisfied,Service Review
49,We were thrilled with the sushi platter — it felt excellent and well worth the money.,Positive,0.72,Satisfied,Food Review
50,This drama was a disappointment; the whole experience felt underwhelming.,Negative,-0.74,Disappointed,Movie Review
51,"This restaurant was average; nothing special, but nothing terrible either.",Neutral,-0.08,Neutral,Food Review
52,This meme impressed everyone in our group; simply amazing.,Positive,0.68,Excited,Social Media
53,"I have to say, the tutoring session exceeded my expectations; it was truly outstanding.",Positive,0.83,Happy,Education
54,"Unfortunately, the customer support team was underwhelming, and I regret spending money on it.",Negative,-0.9,Angry,Service Review
55,"Honestly, this course was delightful from start to finish, no complaints at all.",Positive,0.82,Satisfied,Education
56,"Honestly, the tech support line was amazing from start to finish, no complaints at all.",Positive,0.61,Happy,Service Review
57,"This laptop turned out to be delightful, and I would recommend it to anyone.",Positive,0.69,Excited,Product Review
58,I was really let down by this cleaning company — it was subpar compared to what was promised.,Negative,-0.74,Disappointed,Service Review
59,The latest trend impressed everyone in our group; simply wonderful.,Positive,0.94,Satisfied,Social Media
60,"I have to say, the new sequel exceeded my expectations; it was truly fantastic.",Positive,0.73,Excited,Movie Review
61,"This course was fine; nothing special, but nothing terrible either.",Neutral,0.06,Neutral,Education
62,"Sadly, this drama turned out to be disappointing, and I wouldn't try it again.",Negative,-0.73,Angry,Movie Review
63,I was really let down by this water bottle — it was poorly made compared to what was promised.,Negative,-0.84,Fear,Product Review
64,"The office chair was typical; nothing special, but nothing terrible either.",Neutral,-0.02,Neutral,Product Review
65,"I have to say, the office chair exceeded my expectations; it was truly wonderful.",Positive,0.87,Happy,Product Review
66,This cleaning company was a disappointment; the whole experience felt awful.,Negative,-0.83,Angry,Service Review
67,"The resort was okay; nothing special, but nothing terrible either.",Neutral,-0.12,Neutral,Travel Review
68,"I have to say, this repair service exceeded my expectations; it was truly exceptional.",Positive,0.79,Happy,Service Review
69,"Honestly, this documentary was superb from start to finish, no complaints at all.",Positive,0.99,Excited,Movie Review
70,We were thrilled with this post — it felt amazing and well worth the money.,Positive,0.94,Happy,Social Media
71,"Honestly, this laptop was superb from start to finish, no complaints at all.",Positive,0.68,Satisfied,Product Review
72,"Sadly, the delivery service turned out to be disappointing, and I wouldn't try it again.",Negative,-0.6,Angry,Service Review
73,"Unfortunately, this meme was disappointing, and I regret spending money on it.",Negative,-0.9,Sad,Social Media
74,"Sadly, the animated movie turned out to be disappointing, and I wouldn't try it again.",Negative,-0.58,Angry,Movie Review
75,"Honestly, this thriller was fantastic from start to finish, no complaints at all.",Positive,0.75,Satisfied,Movie Review
76,This cruise met the basic expectations and was generally ordinary.,Neutral,0.08,Neutral,Travel Review
77,"This blender was acceptable; nothing special, but nothing terrible either.",Neutral,-0.1,Neutral,Product Review
78,"The city tour turned out to be wonderful, and I would recommend it to anyone.",Positive,0.93,Excited,Travel Review
79,"Sadly, this rental agency turned out to be mediocre, and I wouldn't try it again.",Negative,-0.68,Fear,Service Review
80,"Sadly, this documentary turned out to be disappointing, and I wouldn't try it again.",Negative,-0.78,Angry,Movie Review
81,I was really let down by the new update — it was underwhelming compared to what was promised.,Negative,-0.62,Sad,Social Media
82,"The smartwatch turned out to be superb, and I would recommend it to anyone.",Positive,0.9,Happy,Product Review
83,This video left a lot to be desired; overall it felt unreliable.,Negative,-0.99,Fear,Social Media
84,"The new update was acceptable; nothing special, but nothing terrible either.",Neutral,0.1,Neutral,Social Media
85,"This post was acceptable overall, similar to most alternatives out there.",Neutral,0.14,Neutral,Social Media
86,We were thrilled with the training program — it felt wonderful and well worth the money.,Positive,0.97,Excited,Education
87,This textbook was a disappointment; the whole experience felt terrible.,Negative,-0.97,Disappointed,Education
88,I was really let down by this video — it was overpriced compared to what was promised.,Negative,-0.69,Fear,Social Media
89,"The mountain lodge turned out to be delightful, and I would recommend it to anyone.",Positive,0.78,Happy,Travel Review
90,"Honestly, this film was exceptional from start to finish, no complaints at all.",Positive,0.85,Satisfied,Movie Review
91,The livestream met the basic expectations and was generally okay.,Neutral,0.02,Neutral,Social Media
92,I was really let down by the resort — it was overpriced compared to what was promised.,Negative,-0.56,Sad,Travel Review
93,"Sadly, the moving company turned out to be unreliable, and I wouldn't try it again.",Negative,-0.78,Sad,Service Review
94,The office chair was a disappointment; the whole experience felt awful.,Negative,-0.97,Angry,Product Review
95,"Sadly, the app redesign turned out to be unreliable, and I wouldn't try it again.",Negative,-0.82,Fear,Social Media
96,"This hotel turned out to be impressive, and I would recommend it to anyone.",Positive,0.98,Satisfied,Travel Review
97,"This video turned out to be amazing, and I would recommend it to anyone.",Positive,0.8,Excited,Social Media
98,I'd describe the smartwatch as adequate — it did the job without standing out.,Neutral,-0.09,Neutral,Product Review
99,"Unfortunately, this hotel was unreliable, and I regret spending money on it.",Negative,-0.57,Sad,Travel Review
100,The latest trend was a disappointment; the whole experience felt mediocre.,Negative,-0.86,Fear,Social Media
101,"The study guide turned out to be outstanding, and I would recommend it to anyone.",Positive,0.7,Happy,Education
102,The beach destination met the basic expectations and was generally adequate.,Neutral,0.05,Neutral,Travel Review
103,"I have to say, the new update exceeded my expectations; it was truly wonderful.",Positive,0.63,Satisfied,Social Media
104,"I have to say, this tour package exceeded my expectations; it was truly amazing.",Positive,0.76,Happy,Travel Review
105,"Unfortunately, the training program was frustrating, and I regret spending money on it.",Negative,-0.61,Disappointed,Education
106,"The customer support team turned out to be fantastic, and I would recommend it to anyone.",Positive,0.69,Excited,Service Review
107,"The pasta dish turned out to be excellent, and I would recommend it to anyone.",Positive,0.8,Happy,Food Review
108,"This repair service turned out to be excellent, and I would recommend it to anyone.",Positive,0.83,Excited,Service Review
109,I'd describe the wireless headphones as typical — it did the job without standing out.,Neutral,-0.0,Neutral,Product Review
110,"The sushi platter turned out to be delightful, and I would recommend it to anyone.",Positive,0.81,Satisfied,Food Review
111,It's hard to say much about this hostel; it was simply reasonable.,Neutral,0.08,Neutral,Travel Review
112,"The action film turned out to be outstanding, and I would recommend it to anyone.",Positive,0.62,Happy,Movie Review
113,We were thrilled with the study guide — it felt wonderful and well worth the money.,Positive,0.98,Happy,Education
114,"Sadly, this cleaning company turned out to be frustrating, and I wouldn't try it again.",Negative,-0.81,Disappointed,Service Review
115,"This water bottle turned out to be wonderful, and I would recommend it to anyone.",Positive,0.74,Satisfied,Product Review
116,"Unfortunately, the customer support team was terrible, and I regret spending money on it.",Negative,-0.93,Disappointed,Service Review
117,I was really let down by the romantic comedy — it was overpriced compared to what was promised.,Negative,-0.89,Sad,Movie Review
118,"Honestly, the office chair was fantastic from start to finish, no complaints at all.",Positive,0.96,Satisfied,Product Review
119,"Unfortunately, the city tour was underwhelming, and I regret spending money on it.",Negative,-0.77,Angry,Travel Review
120,This workshop impressed everyone in our group; simply excellent.,Positive,0.73,Satisfied,Education
121,The sushi platter left a lot to be desired; overall it felt disappointing.,Negative,-0.65,Disappointed,Food Review
122,"This cruise was ordinary overall, similar to most alternatives out there.",Neutral,-0.07,Neutral,Travel Review
123,"Honestly, this hostel was delightful from start to finish, no complaints at all.",Positive,0.66,Happy,Travel Review
124,"The animated movie turned out to be superb, and I would recommend it to anyone.",Positive,0.79,Excited,Movie Review
125,"Honestly, the new cafe was amazing from start to finish, no complaints at all.",Positive,0.63,Excited,Food Review
126,"The moving company was acceptable overall, similar to most alternatives out there.",Neutral,0.14,Neutral,Service Review
127,I'd describe this restaurant as unremarkable — it did the job without standing out.,Neutral,0.01,Neutral,Food Review
128,I was really let down by this restaurant — it was frustrating compared to what was promised.,Negative,-0.7,Fear,Food Review
129,This backpack was a disappointment; the whole experience felt poorly made.,Negative,-0.96,Sad,Product Review
130,This backpack impressed everyone in our group; simply excellent.,Positive,0.86,Happy,Product Review
131,This water bottle was a disappointment; the whole experience felt poorly made.,Negative,-0.81,Disappointed,Product Review
132,"The smartwatch turned out to be impressive, and I would recommend it to anyone.",Positive,0.73,Happy,Product Review
133,The tutoring session left a lot to be desired; overall it felt underwhelming.,Negative,-0.59,Fear,Education
134,This cruise met the basic expectations and was generally adequate.,Neutral,-0.08,Neutral,Travel Review
135,The training program met the basic expectations and was generally average.,Neutral,-0.04,Neutral,Education
136,"I have to say, this film exceeded my expectations; it was truly excellent.",Positive,0.86,Happy,Movie Review
137,The action film was a disappointment; the whole experience felt overpriced.,Negative,-0.69,Sad,Movie Review
138,"Honestly, this laptop was amazing from start to finish, no complaints at all.",Positive,0.63,Excited,Product Review
139,I'd describe this cleaning company as reasonable — it did the job without standing out.,Neutral,-0.05,Neutral,Service Review
140,"Honestly, the moving company was amazing from start to finish, no complaints at all.",Positive,0.8,Satisfied,Service Review
141,"This certification was fine overall, similar to most alternatives out there.",Neutral,0.05,Neutral,Education
142,This hostel left a lot to be desired; overall it felt terrible.,Negative,-0.89,Sad,Travel Review
143,The moving company met the basic expectations and was generally ordinary.,Neutral,-0.05,Neutral,Service Review
144,I was really let down by this cleaning company — it was awful compared to what was promised.,Negative,-0.7,Sad,Service Review
145,I was really let down by this cleaning company — it was mediocre compared to what was promised.,Negative,-0.77,Angry,Service Review
146,We were thrilled with this laptop — it felt impressive and well worth the money.,Positive,0.98,Happy,Product Review
147,"I have to say, the sushi platter exceeded my expectations; it was truly top-notch.",Positive,0.64,Happy,Food Review
148,We were thrilled with this water bottle — it felt superb and well worth the money.,Positive,0.84,Happy,Product Review
149,The romantic comedy was a disappointment; the whole experience felt subpar.,Negative,-0.79,Sad,Movie Review
150,"I have to say, this textbook exceeded my expectations; it was truly delightful.",Positive,0.84,Happy,Education
151,"Honestly, this laptop was delightful from start to finish, no complaints at all.",Positive,0.98,Excited,Product Review
152,This backpack met the basic expectations and was generally standard.,Neutral,0.11,Neutral,Product Review
153,The study guide impressed everyone in our group; simply top-notch.,Positive,0.96,Excited,Education
154,We were thrilled with this backpack — it felt exceptional and well worth the money.,Positive,0.88,Satisfied,Product Review
155,"I have to say, the action film exceeded my expectations; it was truly delightful.",Positive,0.81,Satisfied,Movie Review
156,"Sadly, this video turned out to be frustrating, and I wouldn't try it again.",Negative,-0.59,Sad,Social Media
157,This food truck left a lot to be desired; overall it felt overpriced.,Negative,-0.75,Disappointed,Food Review
158,This course was a disappointment; the whole experience felt awful.,Negative,-0.99,Angry,Education
159,This repair service impressed everyone in our group; simply amazing.,Positive,0.71,Happy,Service Review
160,"The office chair was typical overall, similar to most alternatives out there.",Neutral,-0.02,Neutral,Product Review
161,It's hard to say much about the new sequel; it was simply unremarkable.,Neutral,-0.05,Neutral,Movie Review
162,"Honestly, this film was fantastic from start to finish, no complaints at all.",Positive,0.79,Excited,Movie Review
163,"I have to say, the online lecture exceeded my expectations; it was truly exceptional.",Positive,0.95,Excited,Education
164,It's hard to say much about this water bottle; it was simply standard.,Neutral,-0.06,Neutral,Product Review
165,"I have to say, this certification exceeded my expectations; it was truly delightful.",Positive,0.96,Happy,Education
166,"The customer support team was ordinary; nothing special, but nothing terrible either.",Neutral,0.12,Neutral,Service Review
167,"I have to say, the wireless headphones exceeded my expectations; it was truly amazing.",Positive,0.89,Satisfied,Product Review
168,I'd describe this hotel as ordinary — it did the job without standing out.,Neutral,-0.11,Neutral,Travel Review
169,This consulting firm met the basic expectations and was generally typical.,Neutral,0.1,Neutral,Service Review
170,"Honestly, this cruise was wonderful from start to finish, no complaints at all.",Positive,0.85,Excited,Travel Review
171,The pasta dish impressed everyone in our group; simply impressive.,Positive,0.67,Excited,Food Review
172,The online lecture impressed everyone in our group; simply impressive.,Positive,0.79,Happy,Education
173,The delivery service was a disappointment; the whole experience felt unreliable.,Negative,-0.93,Angry,Service Review
174,I was really let down by this hostel — it was disappointing compared to what was promised.,Negative,-0.76,Disappointed,Travel Review
175,I was really let down by the study guide — it was poorly made compared to what was promised.,Negative,-0.58,Sad,Education
176,"I have to say, this consulting firm exceeded my expectations; it was truly wonderful.",Positive,0.74,Happy,Service Review
177,The beach destination was a disappointment; the whole experience felt mediocre.,Negative,-0.81,Sad,Travel Review
178,This bakery was a disappointment; the whole experience felt awful.,Negative,-0.69,Fear,Food Review
179,I was really let down by the new update — it was subpar compared to what was promised.,Negative,-0.57,Angry,Social Media
180,"Sadly, the vacuum cleaner turned out to be mediocre, and I wouldn't try it again.",Negative,-0.66,Disappointed,Product Review
181,"This restaurant was typical; nothing special, but nothing terrible either.",Neutral,-0.02,Neutral,Food Review
182,The office chair impressed everyone in our group; simply amazing.,Positive,0.67,Happy,Product Review
183,"This water bottle turned out to be superb, and I would recommend it to anyone.",Positive,0.85,Satisfied,Product Review
184,We were thrilled with the moving company — it felt exceptional and well worth the money.,Positive,0.73,Excited,Service Review
185,"This course was average; nothing special, but nothing terrible either.",Neutral,0.05,Neutral,Education
186,"Sadly, this water bottle turned out to be mediocre, and I wouldn't try it again.",Negative,-0.95,Fear,Product Review
187,"I have to say, this rental agency exceeded my expectations; it was truly superb.",Positive,0.95,Happy,Service Review
188,"The training program turned out to be excellent, and I would recommend it to anyone.",Positive,0.87,Excited,Education
189,It's hard to say much about the new update; it was simply average.,Neutral,0.08,Neutral,Social Media
190,"The mountain lodge was unremarkable overall, similar to most alternatives out there.",Neutral,0.1,Neutral,Travel Review
191,"I have to say, the study guide exceeded my expectations; it was truly impressive.",Positive,0.73,Satisfied,Education
192,"This documentary turned out to be outstanding, and I would recommend it to anyone.",Positive,0.95,Satisfied,Movie Review
193,I was really let down by this hotel — it was poorly made compared to what was promised.,Negative,-0.87,Sad,Travel Review
194,"Unfortunately, the study guide was poorly made, and I regret spending money on it.",Negative,-0.79,Fear,Education
195,This blender left a lot to be desired; overall it felt subpar.,Negative,-0.6,Sad,Product Review
196,"The new cafe turned out to be fantastic, and I would recommend it to anyone.",Positive,0.92,Happy,Food Review
197,"The office chair was reasonable overall, similar to most alternatives out there.",Neutral,-0.12,Neutral,Product Review
198,The romantic comedy met the basic expectations and was generally reasonable.,Neutral,-0.02,Neutral,Movie Review
199,This bakery impressed everyone in our group; simply excellent.,Positive,0.8,Satisfied,Food Review
200,It's hard to say much about this certification; it was simply reasonable.,Neutral,-0.07,Neutral,Education
201,The tech support line impressed everyone in our group; simply excellent.,Positive,0.72,Happy,Service Review
202,The romantic comedy was a disappointment; the whole experience felt frustrating.,Negative,-0.65,Disappointed,Movie Review
203,The beach destination left a lot to be desired; overall it felt terrible.,Negative,-0.67,Fear,Travel Review
204,This certification was a disappointment; the whole experience felt disappointing.,Negative,-0.59,Disappointed,Education
205,"This laptop was average overall, similar to most alternatives out there.",Neutral,-0.13,Neutral,Product Review
206,I'd describe this food truck as fine — it did the job without standing out.,Neutral,-0.12,Neutral,Food Review
207,It's hard to say much about the tech support line; it was simply ordinary.,Neutral,0.11,Neutral,Service Review
208,This workshop impressed everyone in our group; simply outstanding.,Positive,0.78,Happy,Education
209,I'd describe this cruise as standard — it did the job without standing out.,Neutral,-0.07,Neutral,Travel Review
210,"I have to say, this bakery exceeded my expectations; it was truly delightful.",Positive,0.84,Satisfied,Food Review
211,"The new sequel was okay overall, similar to most alternatives out there.",Neutral,0.02,Neutral,Movie Review
212,"This cruise was average overall, similar to most alternatives out there.",Neutral,-0.14,Neutral,Travel Review
213,I'd describe this cleaning company as acceptable — it did the job without standing out.,Neutral,-0.08,Neutral,Service Review
214,It's hard to say much about this backpack; it was simply standard.,Neutral,0.12,Neutral,Product Review
215,"This repair service turned out to be delightful, and I would recommend it to anyone.",Positive,0.97,Happy,Service Review
216,This bakery left a lot to be desired; overall it felt unreliable.,Negative,-0.62,Sad,Food Review
217,"Unfortunately, the smartwatch was subpar, and I regret spending money on it.",Negative,-0.63,Fear,Product Review
218,This water bottle left a lot to be desired; overall it felt underwhelming.,Negative,-0.68,Disappointed,Product Review
219,It's hard to say much about the latest trend; it was simply ordinary.,Neutral,0.06,Neutral,Social Media
220,We were thrilled with the romantic comedy — it felt outstanding and well worth the money.,Positive,0.66,Happy,Movie Review
221,"Unfortunately, the action film was mediocre, and I regret spending money on it.",Negative,-0.8,Disappointed,Movie Review
222,"Sadly, this diner turned out to be frustrating, and I wouldn't try it again.",Negative,-0.75,Fear,Food Review
223,I'd describe this film as typical — it did the job without standing out.,Neutral,0.11,Neutral,Movie Review
224,I was really let down by the new sequel — it was poorly made compared to what was promised.,Negative,-0.61,Disappointed,Movie Review
225,"This hostel turned out to be fantastic, and I would recommend it to anyone.",Positive,0.81,Happy,Travel Review
226,We were thrilled with the office chair — it felt fantastic and well worth the money.,Positive,0.87,Satisfied,Product Review
227,We were thrilled with this blender — it felt excellent and well worth the money.,Positive,0.76,Excited,Product Review
228,"I have to say, the resort exceeded my expectations; it was truly amazing.",Positive,0.96,Happy,Travel Review
229,I was really let down by the office chair — it was disappointing compared to what was promised.,Negative,-0.98,Sad,Product Review
230,"The beach destination was standard overall, similar to most alternatives out there.",Neutral,-0.07,Neutral,Travel Review
231,This certification impressed everyone in our group; simply wonderful.,Positive,0.73,Satisfied,Education
232,It's hard to say much about the study guide; it was simply unremarkable.,Neutral,0.14,Neutral,Education
233,We were thrilled with the customer support team — it felt delightful and well worth the money.,Positive,0.77,Satisfied,Service Review
234,"Unfortunately, the wireless headphones was unreliable, and I regret spending money on it.",Negative,-0.59,Disappointed,Product Review
235,"I have to say, this rental agency exceeded my expectations; it was truly exceptional.",Positive,0.6,Excited,Service Review
236,I'd describe this certification as okay — it did the job without standing out.,Neutral,-0.11,Neutral,Education
237,The resort was a disappointment; the whole experience felt overpriced.,Negative,-0.85,Angry,Travel Review
238,This cruise impressed everyone in our group; simply delightful.,Positive,0.68,Happy,Travel Review
239,"This hostel turned out to be delightful, and I would recommend it to anyone.",Positive,0.85,Happy,Travel Review
240,"Honestly, this cruise was fantastic from start to finish, no complaints at all.",Positive,0.9,Satisfied,Travel Review
241,I was really let down by the sushi platter — it was overpriced compared to what was promised.,Negative,-0.84,Sad,Food Review
242,This restaurant left a lot to be desired; overall it felt underwhelming.,Negative,-0.98,Sad,Food Review
243,The new cafe met the basic expectations and was generally fine.,Neutral,0.07,Neutral,Food Review
244,This bakery met the basic expectations and was generally acceptable.,Neutral,-0.05,Neutral,Food Review
245,I was really let down by the smartwatch — it was subpar compared to what was promised.,Negative,-0.98,Angry,Product Review
246,The action film left a lot to be desired; overall it felt unreliable.,Negative,-0.79,Sad,Movie Review
247,This backpack was a disappointment; the whole experience felt disappointing.,Negative,-0.76,Disappointed,Product Review
248,It's hard to say much about this drama; it was simply unremarkable.,Neutral,-0.15,Neutral,Movie Review
249,"This blender turned out to be amazing, and I would recommend it to anyone.",Positive,0.86,Satisfied,Product Review
250,I'd describe this post as adequate — it did the job without standing out.,Neutral,-0.13,Neutral,Social Media
251,This rental agency was a disappointment; the whole experience felt overpriced.,Negative,-0.95,Disappointed,Service Review
252,We were thrilled with the tech support line — it felt excellent and well worth the money.,Positive,0.85,Excited,Service Review
253,"Sadly, this tour package turned out to be terrible, and I wouldn't try it again.",Negative,-0.81,Fear,Travel Review
254,"The smartwatch was acceptable overall, similar to most alternatives out there.",Neutral,-0.06,Neutral,Product Review
255,I'd describe the sushi platter as reasonable — it did the job without standing out.,Neutral,0.09,Neutral,Food Review
256,"This hotel was average overall, similar to most alternatives out there.",Neutral,0.0,Neutral,Travel Review
257,"Honestly, the training program was exceptional from start to finish, no complaints at all.",Positive,0.65,Happy,Education
258,"Honestly, this video was top-notch from start to finish, no complaints at all.",Positive,0.88,Satisfied,Social Media
259,This bakery was a disappointment; the whole experience felt subpar.,Negative,-0.79,Angry,Food Review
260,This film left a lot to be desired; overall it felt poorly made.,Negative,-0.96,Disappointed,Movie Review
261,"The pasta dish was okay overall, similar to most alternatives out there.",Neutral,-0.05,Neutral,Food Review
262,"Honestly, this backpack was delightful from start to finish, no complaints at all.",Positive,0.64,Happy,Product Review
263,I was really let down by this restaurant — it was mediocre compared to what was promised.,Negative,-0.8,Angry,Food Review
264,"I have to say, this restaurant exceeded my expectations; it was truly superb.",Positive,0.81,Satisfied,Food Review
265,It's hard to say much about this meme; it was simply standard.,Neutral,0.08,Neutral,Social Media
266,I'd describe this textbook as acceptable — it did the job without standing out.,Neutral,0.11,Neutral,Education
267,This food truck met the basic expectations and was generally acceptable.,Neutral,0.11,Neutral,Food Review
268,It's hard to say much about the vacuum cleaner; it was simply ordinary.,Neutral,0.05,Neutral,Product Review
269,This backpack impressed everyone in our group; simply fantastic.,Positive,0.82,Happy,Product Review
270,"I have to say, the office chair exceeded my expectations; it was truly delightful.",Positive,0.96,Satisfied,Product Review
271,I'd describe this textbook as fine — it did the job without standing out.,Neutral,0.09,Neutral,Education
272,"The online lecture was typical; nothing special, but nothing terrible either.",Neutral,-0.07,Neutral,Education
273,I'd describe the dessert menu as ordinary — it did the job without standing out.,Neutral,0.14,Neutral,Food Review
274,This certification was a disappointment; the whole experience felt underwhelming.,Negative,-0.77,Fear,Education
275,"Unfortunately, this hotel was overpriced, and I regret spending money on it.",Negative,-0.74,Disappointed,Travel Review
276,"Unfortunately, this diner was awful, and I regret spending money on it.",Negative,-0.65,Fear,Food Review
277,This cleaning company impressed everyone in our group; simply wonderful.,Positive,0.73,Satisfied,Service Review
278,"Honestly, the new cafe was superb from start to finish, no complaints at all.",Positive,0.69,Satisfied,Food Review
279,The online lecture left a lot to be desired; overall it felt mediocre.,Negative,-0.6,Fear,Education
280,I'd describe the livestream as unremarkable — it did the job without standing out.,Neutral,-0.06,Neutral,Social Media
281,"Sadly, the training program turned out to be poorly made, and I wouldn't try it again.",Negative,-0.62,Fear,Education
282,This certification met the basic expectations and was generally fine.,Neutral,0.03,Neutral,Education
283,We were thrilled with this hotel — it felt superb and well worth the money.,Positive,0.69,Excited,Travel Review
284,"I have to say, this documentary exceeded my expectations; it was truly amazing.",Positive,0.71,Excited,Movie Review
285,"Honestly, this video was amazing from start to finish, no complaints at all.",Positive,0.84,Excited,Social Media
286,I'd describe this repair service as average — it did the job without standing out.,Neutral,-0.03,Neutral,Service Review
287,"Unfortunately, this post was terrible, and I regret spending money on it.",Negative,-0.72,Angry,Social Media
288,This laptop left a lot to be desired; overall it felt awful.,Negative,-0.94,Disappointed,Product Review
289,"The dessert menu was unremarkable; nothing special, but nothing terrible either.",Neutral,-0.09,Neutral,Food Review
290,"The mountain lodge turned out to be superb, and I would recommend it to anyone.",Positive,0.79,Excited,Travel Review
291,The tech support line met the basic expectations and was generally unremarkable.,Neutral,0.13,Neutral,Service Review
292,"This workshop turned out to be wonderful, and I would recommend it to anyone.",Positive,0.62,Excited,Education
293,"Honestly, the new update was delightful from start to finish, no complaints at all.",Positive,0.7,Satisfied,Social Media
294,The tech support line was a disappointment; the whole experience felt mediocre.,Negative,-0.77,Sad,Service Review
295,The study guide left a lot to be desired; overall it felt mediocre.,Negative,-0.63,Fear,Education
296,I was really let down by the city tour — it was poorly made compared to what was promised.,Negative,-0.67,Disappointed,Travel Review
297,The latest trend was a disappointment; the whole experience felt subpar.,Negative,-0.6,Disappointed,Social Media
298,We were thrilled with this thread — it felt wonderful and well worth the money.,Positive,0.87,Excited,Social Media
299,"The new cafe was ordinary overall, similar to most alternatives out there.",Neutral,0.14,Neutral,Food Review
300,"Unfortunately, this diner was unreliable, and I regret spending money on it.",Negative,-0.56,Angry,Food Review
301,"I have to say, the sushi platter exceeded my expectations; it was truly impressive.",Positive,0.95,Excited,Food Review
302,This video left a lot to be desired; overall it felt frustrating.,Negative,-0.59,Sad,Social Media
303,The animated movie left a lot to be desired; overall it felt awful.,Negative,-0.58,Fear,Movie Review
304,We were thrilled with the sushi platter — it felt amazing and well worth the money.,Positive,0.9,Happy,Food Review
305,This consulting firm was a disappointment; the whole experience felt frustrating.,Negative,-0.95,Fear,Service Review
306,This video met the basic expectations and was generally adequate.,Neutral,-0.14,Neutral,Social Media
307,I'd describe the resort as adequate — it did the job without standing out.,Neutral,-0.12,Neutral,Travel Review
308,I was really let down by this restaurant — it was subpar compared to what was promised.,Negative,-0.99,Fear,Food Review
309,I'd describe this textbook as standard — it did the job without standing out.,Neutral,0.05,Neutral,Education
310,"The customer support team was ordinary overall, similar to most alternatives out there.",Neutral,-0.02,Neutral,Service Review
311,"Honestly, this hotel was excellent from start to finish, no complaints at all.",Positive,0.68,Excited,Travel Review
312,I was really let down by the new cafe — it was unreliable compared to what was promised.,Negative,-0.68,Sad,Food Review
313,The smartwatch impressed everyone in our group; simply impressive.,Positive,0.66,Happy,Product Review
314,I'd describe the tech support line as typical — it did the job without standing out.,Neutral,-0.11,Neutral,Service Review
315,"Unfortunately, this drama was disappointing, and I regret spending money on it.",Negative,-0.74,Sad,Movie Review
316,"Sadly, this bakery turned out to be frustrating, and I wouldn't try it again.",Negative,-0.55,Sad,Food Review
317,The smartwatch left a lot to be desired; overall it felt unreliable.,Negative,-0.77,Sad,Product Review
318,"The resort was unremarkable; nothing special, but nothing terrible either.",Neutral,-0.12,Neutral,Travel Review
319,We were thrilled with this diner — it felt outstanding and well worth the money.,Positive,0.78,Happy,Food Review
320,"Unfortunately, the action film was awful, and I regret spending money on it.",Negative,-0.67,Sad,Movie Review
321,"This diner was unremarkable; nothing special, but nothing terrible either.",Neutral,0.11,Neutral,Food Review
322,I'd describe this backpack as typical — it did the job without standing out.,Neutral,0.08,Neutral,Product Review
323,It's hard to say much about the app redesign; it was simply acceptable.,Neutral,0.12,Neutral,Social Media
324,"The latest trend turned out to be exceptional, and I would recommend it to anyone.",Positive,0.92,Happy,Social Media
325,"Sadly, this tour package turned out to be mediocre, and I wouldn't try it again.",Negative,-0.87,Disappointed,Travel Review
326,This textbook left a lot to be desired; overall it felt mediocre.,Negative,-0.74,Disappointed,Education
327,I'd describe this water bottle as okay — it did the job without standing out.,Neutral,-0.07,Neutral,Product Review
328,"I have to say, the study guide exceeded my expectations; it was truly exceptional.",Positive,0.75,Excited,Education
329,"Honestly, this thread was fantastic from start to finish, no complaints at all.",Positive,0.67,Satisfied,Social Media
330,"Unfortunately, this workshop was frustrating, and I regret spending money on it.",Negative,-0.74,Sad,Education
331,This certification was a disappointment; the whole experience felt frustrating.,Negative,-0.86,Fear,Education
332,This thriller impressed everyone in our group; simply wonderful.,Positive,0.69,Excited,Movie Review
333,"The animated movie turned out to be impressive, and I would recommend it to anyone.",Positive,0.86,Excited,Movie Review
334,This meme was a disappointment; the whole experience felt overpriced.,Negative,-0.75,Disappointed,Social Media
335,I was really let down by this post — it was overpriced compared to what was promised.,Negative,-0.83,Fear,Social Media
336,The mountain lodge impressed everyone in our group; simply fantastic.,Positive,0.81,Excited,Travel Review
337,We were thrilled with the city tour — it felt impressive and well worth the money.,Positive,0.8,Satisfied,Travel Review
338,"Sadly, the new sequel turned out to be subpar, and I wouldn't try it again.",Negative,-0.93,Angry,Movie Review
339,It's hard to say much about this post; it was simply acceptable.,Neutral,-0.04,Neutral,Social Media
340,"I have to say, the smartwatch exceeded my expectations; it was truly exceptional.",Positive,0.86,Happy,Product Review
341,"Sadly, the sushi platter turned out to be overpriced, and I wouldn't try it again.",Negative,-0.89,Sad,Food Review
342,"Sadly, the tutoring session turned out to be disappointing, and I wouldn't try it again.",Negative,-0.73,Fear,Education
343,We were thrilled with this cruise — it felt superb and well worth the money.,Positive,0.72,Satisfied,Travel Review
344,We were thrilled with the study guide — it felt fantastic and well worth the money.,Positive,0.78,Happy,Education
345,"I have to say, this tour package exceeded my expectations; it was truly outstanding.",Positive,0.99,Excited,Travel Review
346,We were thrilled with this blender — it felt superb and well worth the money.,Positive,0.88,Satisfied,Product Review
347,This hotel was a disappointment; the whole experience felt mediocre.,Negative,-0.66,Disappointed,Travel Review
348,"I have to say, this video exceeded my expectations; it was truly superb.",Positive,0.7,Satisfied,Social Media
349,This consulting firm met the basic expectations and was generally reasonable.,Neutral,-0.11,Neutral,Service Review
350,This workshop met the basic expectations and was generally fine.,Neutral,-0.14,Neutral,Education
351,"The city tour was okay overall, similar to most alternatives out there.",Neutral,0.09,Neutral,Travel Review
352,This diner impressed everyone in our group; simply exceptional.,Positive,0.69,Excited,Food Review
353,"I have to say, the beach destination exceeded my expectations; it was truly superb.",Positive,0.66,Happy,Travel Review
354,"This bakery turned out to be superb, and I would recommend it to anyone.",Positive,1.0,Satisfied,Food Review
355,I'd describe this course as adequate — it did the job without standing out.,Neutral,0.05,Neutral,Education
356,"I have to say, the new sequel exceeded my expectations; it was truly top-notch.",Positive,0.63,Satisfied,Movie Review
357,This thread was a disappointment; the whole experience felt unreliable.,Negative,-0.89,Sad,Social Media
358,This rental agency was a disappointment; the whole experience felt poorly made.,Negative,-0.72,Angry,Service Review
359,We were thrilled with the dessert menu — it felt delightful and well worth the money.,Positive,0.81,Happy,Food Review
360,This laptop met the basic expectations and was generally ordinary.,Neutral,-0.0,Neutral,Product Review
361,The resort was a disappointment; the whole experience felt frustrating.,Negative,-0.68,Disappointed,Travel Review
362,"The training program turned out to be amazing, and I would recommend it to anyone.",Positive,1.0,Happy,Education
363,"Sadly, the tech support line turned out to be frustrating, and I wouldn't try it again.",Negative,-0.88,Disappointed,Service Review
364,The romantic comedy impressed everyone in our group; simply outstanding.,Positive,0.78,Happy,Movie Review
365,I'd describe the latest trend as acceptable — it did the job without standing out.,Neutral,0.01,Neutral,Social Media
366,"Honestly, the pasta dish was fantastic from start to finish, no complaints at all.",Positive,0.72,Happy,Food Review
367,The vacuum cleaner met the basic expectations and was generally standard.,Neutral,-0.03,Neutral,Product Review
368,This thriller impressed everyone in our group; simply excellent.,Positive,0.86,Excited,Movie Review
369,We were thrilled with the pasta dish — it felt excellent and well worth the money.,Positive,0.95,Happy,Food Review
370,"Unfortunately, the new sequel was terrible, and I regret spending money on it.",Negative,-0.59,Disappointed,Movie Review
371,"Unfortunately, the city tour was subpar, and I regret spending money on it.",Negative,-0.62,Sad,Travel Review
372,The vacuum cleaner met the basic expectations and was generally okay.,Neutral,0.02,Neutral,Product Review
373,It's hard to say much about the vacuum cleaner; it was simply unremarkable.,Neutral,-0.11,Neutral,Product Review
374,I was really let down by the animated movie — it was disappointing compared to what was promised.,Negative,-0.96,Disappointed,Movie Review
375,"Sadly, this thriller turned out to be subpar, and I wouldn't try it again.",Negative,-0.64,Fear,Movie Review
376,"The online lecture turned out to be amazing, and I would recommend it to anyone.",Positive,0.78,Excited,Education
377,"Unfortunately, this thriller was terrible, and I regret spending money on it.",Negative,-0.97,Sad,Movie Review
378,"Sadly, this cleaning company turned out to be poorly made, and I wouldn't try it again.",Negative,-0.59,Sad,Service Review
379,We were thrilled with the vacuum cleaner — it felt wonderful and well worth the money.,Positive,0.86,Excited,Product Review
380,The app redesign left a lot to be desired; overall it felt frustrating.,Negative,-0.71,Fear,Social Media
381,"This drama was fine; nothing special, but nothing terrible either.",Neutral,-0.14,Neutral,Movie Review
382,This thriller was a disappointment; the whole experience felt terrible.,Negative,-0.7,Fear,Movie Review
383,I'd describe this bakery as acceptable — it did the job without standing out.,Neutral,0.06,Neutral,Food Review
384,This cleaning company left a lot to be desired; overall it felt unreliable.,Negative,-0.77,Sad,Service Review
385,"The dessert menu was standard; nothing special, but nothing terrible either.",Neutral,-0.1,Neutral,Food Review
386,"I have to say, this course exceeded my expectations; it was truly top-notch.",Positive,0.88,Excited,Education
387,The romantic comedy was a disappointment; the whole experience felt terrible.,Negative,-0.93,Fear,Movie Review
388,"I have to say, the animated movie exceeded my expectations; it was truly impressive.",Positive,0.65,Happy,Movie Review
389,"I have to say, this hotel exceeded my expectations; it was truly fantastic.",Positive,0.61,Excited,Travel Review
390,"Sadly, the mountain lodge turned out to be underwhelming, and I wouldn't try it again.",Negative,-0.79,Fear,Travel Review
391,"Sadly, this laptop turned out to be frustrating, and I wouldn't try it again.",Negative,-0.68,Fear,Product Review
392,"This certification was typical; nothing special, but nothing terrible either.",Neutral,0.15,Neutral,Education
393,"The smartwatch was standard overall, similar to most alternatives out there.",Neutral,0.08,Neutral,Product Review
394,"The latest trend was fine; nothing special, but nothing terrible either.",Neutral,-0.13,Neutral,Social Media
395,"This certification turned out to be superb, and I would recommend it to anyone.",Positive,0.94,Happy,Education
396,"The training program was adequate; nothing special, but nothing terrible either.",Neutral,-0.11,Neutral,Education
397,We were thrilled with this laptop — it felt fantastic and well worth the money.,Positive,0.82,Happy,Product Review
398,This course met the basic expectations and was generally unremarkable.,Neutral,-0.13,Neutral,Education
399,"The delivery service was okay; nothing special, but nothing terrible either.",Neutral,-0.08,Neutral,Service Review
400,"The dessert menu turned out to be outstanding, and I would recommend it to anyone.",Positive,0.79,Excited,Food Review
401,"Unfortunately, this drama was terrible, and I regret spending money on it.",Negative,-0.79,Fear,Movie Review
402,This thriller impressed everyone in our group; simply amazing.,Positive,0.84,Satisfied,Movie Review
403,"I have to say, this thriller exceeded my expectations; it was truly delightful.",Positive,0.97,Satisfied,Movie Review
404,It's hard to say much about this rental agency; it was simply okay.,Neutral,-0.14,Neutral,Service Review
405,This backpack left a lot to be desired; overall it felt mediocre.,Negative,-0.59,Fear,Product Review
406,"This cleaning company turned out to be amazing, and I would recommend it to anyone.",Positive,0.9,Satisfied,Service Review
407,"This repair service was acceptable; nothing special, but nothing terrible either.",Neutral,0.02,Neutral,Service Review
408,This thread impressed everyone in our group; simply impressive.,Positive,0.68,Excited,Social Media
409,We were thrilled with this course — it felt top-notch and well worth the money.,Positive,0.99,Satisfied,Education
410,"This hotel was acceptable; nothing special, but nothing terrible either.",Neutral,-0.14,Neutral,Travel Review
411,This video impressed everyone in our group; simply wonderful.,Positive,0.73,Happy,Social Media
412,"Unfortunately, this film was frustrating, and I regret spending money on it.",Negative,-0.65,Fear,Movie Review
413,This course left a lot to be desired; overall it felt unreliable.,Negative,-0.96,Angry,Education
414,I'd describe the animated movie as typical — it did the job without standing out.,Neutral,0.09,Neutral,Movie Review
415,"Unfortunately, the moving company was awful, and I regret spending money on it.",Negative,-0.67,Sad,Service Review
416,This diner left a lot to be desired; overall it felt subpar.,Negative,-0.82,Fear,Food Review
417,"Sadly, this rental agency turned out to be terrible, and I wouldn't try it again.",Negative,-0.72,Fear,Service Review
418,The customer support team left a lot to be desired; overall it felt disappointing.,Negative,-0.81,Disappointed,Service Review
419,The animated movie impressed everyone in our group; simply excellent.,Positive,0.86,Happy,Movie Review
420,I was really let down by this bakery — it was disappointing compared to what was promised.,Negative,-0.7,Fear,Food Review
421,It's hard to say much about this thriller; it was simply okay.,Neutral,0.06,Neutral,Movie Review
422,The new cafe impressed everyone in our group; simply amazing.,Positive,0.66,Excited,Food Review
423,The livestream impressed everyone in our group; simply wonderful.,Positive,0.79,Excited,Social Media
424,"I have to say, this post exceeded my expectations; it was truly superb.",Positive,0.97,Excited,Social Media
425,"This course was acceptable overall, similar to most alternatives out there.",Neutral,0.09,Neutral,Education
426,This cruise left a lot to be desired; overall it felt underwhelming.,Negative,-0.95,Angry,Travel Review
427,This hotel met the basic expectations and was generally acceptable.,Neutral,-0.03,Neutral,Travel Review
428,I was really let down by the customer support team — it was poorly made compared to what was promised.,Negative,-0.74,Disappointed,Service Review
429,"This tour package was fine; nothing special, but nothing terrible either.",Neutral,0.01,Neutral,Travel Review
430,It's hard to say much about this thread; it was simply adequate.,Neutral,-0.01,Neutral,Social Media
431,"Unfortunately, the online lecture was underwhelming, and I regret spending money on it.",Negative,-0.83,Angry,Education
432,I'd describe the customer support team as unremarkable — it did the job without standing out.,Neutral,0.03,Neutral,Service Review
433,The animated movie was a disappointment; the whole experience felt overpriced.,Negative,-0.96,Sad,Movie Review
434,"Honestly, this thriller was superb from start to finish, no complaints at all.",Positive,0.81,Satisfied,Movie Review
435,This rental agency was a disappointment; the whole experience felt frustrating.,Negative,-0.84,Disappointed,Service Review
436,It's hard to say much about this tour package; it was simply typical.,Neutral,-0.03,Neutral,Travel Review
437,"Honestly, this consulting firm was fantastic from start to finish, no complaints at all.",Positive,0.68,Satisfied,Service Review
438,"Sadly, this bakery turned out to be terrible, and I wouldn't try it again.",Negative,-0.68,Fear,Food Review
439,"Honestly, the customer support team was outstanding from start to finish, no complaints at all.",Positive,0.9,Excited,Service Review
440,It's hard to say much about the action film; it was simply reasonable.,Neutral,-0.07,Neutral,Movie Review
441,"I have to say, the resort exceeded my expectations; it was truly outstanding.",Positive,0.77,Happy,Travel Review
442,This water bottle left a lot to be desired; overall it felt overpriced.,Negative,-0.79,Fear,Product Review
443,"Honestly, this drama was amazing from start to finish, no complaints at all.",Positive,0.91,Excited,Movie Review
444,"This food truck was reasonable overall, similar to most alternatives out there.",Neutral,0.1,Neutral,Food Review
445,"Honestly, the vacuum cleaner was top-notch from start to finish, no complaints at all.",Positive,0.65,Happy,Product Review
446,This water bottle left a lot to be desired; overall it felt subpar.,Negative,-0.57,Disappointed,Product Review
447,"I have to say, the dessert menu exceeded my expectations; it was truly wonderful.",Positive,0.68,Happy,Food Review
448,This certification met the basic expectations and was generally typical.,Neutral,-0.08,Neutral,Education
449,The study guide was a disappointment; the whole experience felt subpar.,Negative,-0.77,Fear,Education
450,It's hard to say much about this rental agency; it was simply adequate.,Neutral,-0.0,Neutral,Service Review
451,"This consulting firm was average; nothing special, but nothing terrible either.",Neutral,-0.02,Neutral,Service Review
452,"This post turned out to be outstanding, and I would recommend it to anyone.",Positive,0.88,Happy,Social Media
453,This bakery left a lot to be desired; overall it felt awful.,Negative,-0.99,Disappointed,Food Review
454,"The action film was standard; nothing special, but nothing terrible either.",Neutral,-0.02,Neutral,Movie Review
455,We were thrilled with the office chair — it felt delightful and well worth the money.,Positive,0.63,Happy,Product Review
456,This laptop met the basic expectations and was generally average.,Neutral,0.07,Neutral,Product Review
457,"I have to say, the online lecture exceeded my expectations; it was truly impressive.",Positive,0.63,Satisfied,Education
458,We were thrilled with the vacuum cleaner — it felt delightful and well worth the money.,Positive,0.83,Happy,Product Review
459,"Sadly, the office chair turned out to be unreliable, and I wouldn't try it again.",Negative,-0.65,Fear,Product Review
460,This restaurant left a lot to be desired; overall it felt disappointing.,Negative,-0.7,Disappointed,Food Review
461,"This thriller was typical overall, similar to most alternatives out there.",Neutral,0.05,Neutral,Movie Review
462,"The office chair was okay; nothing special, but nothing terrible either.",Neutral,-0.07,Neutral,Product Review
463,The new cafe left a lot to be desired; overall it felt poorly made.,Negative,-0.98,Angry,Food Review
464,"Unfortunately, the new sequel was overpriced, and I regret spending money on it.",Negative,-0.96,Disappointed,Movie Review
465,The office chair met the basic expectations and was generally unremarkable.,Neutral,-0.09,Neutral,Product Review
466,"Unfortunately, the moving company was underwhelming, and I regret spending money on it.",Negative,-0.74,Fear,Service Review
467,The tech support line met the basic expectations and was generally okay.,Neutral,0.12,Neutral,Service Review
468,"Unfortunately, this post was subpar, and I regret spending money on it.",Negative,-0.67,Sad,Social Media
469,I'd describe the city tour as acceptable — it did the job without standing out.,Neutral,-0.04,Neutral,Travel Review
470,We were thrilled with this film — it felt fantastic and well worth the money.,Positive,0.63,Excited,Movie Review
471,"I have to say, this thread exceeded my expectations; it was truly exceptional.",Positive,0.73,Happy,Social Media
472,"The training program was unremarkable; nothing special, but nothing terrible either.",Neutral,0.07,Neutral,Education
473,The smartwatch met the basic expectations and was generally unremarkable.,Neutral,0.14,Neutral,Product Review
474,I was really let down by this certification — it was terrible compared to what was promised.,Negative,-0.75,Disappointed,Education
475,"I have to say, this cruise exceeded my expectations; it was truly outstanding.",Positive,0.61,Satisfied,Travel Review
476,The sushi platter left a lot to be desired; overall it felt underwhelming.,Negative,-0.98,Sad,Food Review
477,"Honestly, the city tour was excellent from start to finish, no complaints at all.",Positive,0.85,Happy,Travel Review
478,"This bakery was standard overall, similar to most alternatives out there.",Neutral,-0.03,Neutral,Food Review
479,"Unfortunately, the livestream was underwhelming, and I regret spending money on it.",Negative,-0.67,Disappointed,Social Media
480,"I have to say, the resort exceeded my expectations; it was truly delightful.",Positive,0.86,Happy,Travel Review
481,"The tutoring session was ordinary overall, similar to most alternatives out there.",Neutral,-0.1,Neutral,Education
482,We were thrilled with this workshop — it felt wonderful and well worth the money.,Positive,0.86,Happy,Education
483,"This course was ordinary overall, similar to most alternatives out there.",Neutral,0.05,Neutral,Education
484,I'd describe the dessert menu as typical — it did the job without standing out.,Neutral,-0.11,Neutral,Food Review
485,"Sadly, this bakery turned out to be underwhelming, and I wouldn't try it again.",Negative,-0.61,Sad,Food Review
486,"Honestly, this meme was wonderful from start to finish, no complaints at all.",Positive,0.76,Excited,Social Media
487,"Honestly, this rental agency was wonderful from start to finish, no complaints at all.",Positive,0.87,Excited,Service Review
488,This water bottle impressed everyone in our group; simply impressive.,Positive,0.67,Happy,Product Review
489,The study guide met the basic expectations and was generally typical.,Neutral,-0.08,Neutral,Education
490,It's hard to say much about this backpack; it was simply typical.,Neutral,-0.05,Neutral,Product Review
491,"Honestly, this documentary was exceptional from start to finish, no complaints at all.",Positive,0.79,Happy,Movie Review
492,"Honestly, the online lecture was amazing from start to finish, no complaints at all.",Positive,0.86,Satisfied,Education
493,"Honestly, the livestream was amazing from start to finish, no complaints at all.",Positive,0.72,Satisfied,Social Media
494,The dessert menu was a disappointment; the whole experience felt terrible.,Negative,-0.77,Disappointed,Food Review
495,"This film turned out to be top-notch, and I would recommend it to anyone.",Positive,0.72,Happy,Movie Review
496,This rental agency was a disappointment; the whole experience felt unreliable.,Negative,-0.86,Angry,Service Review
497,"The action film was okay; nothing special, but nothing terrible either.",Neutral,0.15,Neutral,Movie Review
498,The delivery service left a lot to be desired; overall it felt mediocre.,Negative,-0.73,Angry,Service Review
499,I'd describe the mountain lodge as fine — it did the job without standing out.,Neutral,0.13,Neutral,Travel Review
500,We were thrilled with the new sequel — it felt impressive and well worth the money.,Positive,0.74,Satisfied,Movie Review
501,We were thrilled with the wireless headphones — it felt top-notch and well worth the money.,Positive,0.85,Excited,Product Review
502,The training program impressed everyone in our group; simply fantastic.,Positive,0.65,Excited,Education
503,I'd describe this rental agency as acceptable — it did the job without standing out.,Neutral,-0.06,Neutral,Service Review
504,"The wireless headphones was reasonable overall, similar to most alternatives out there.",Neutral,0.07,Neutral,Product Review
505,We were thrilled with this workshop — it felt amazing and well worth the money.,Positive,0.7,Excited,Education
506,"The tutoring session was reasonable; nothing special, but nothing terrible either.",Neutral,0.1,Neutral,Education
507,The latest trend impressed everyone in our group; simply impressive.,Positive,0.65,Excited,Social Media
508,"Honestly, the resort was top-notch from start to finish, no complaints at all.",Positive,0.64,Happy,Travel Review
509,The tech support line was a disappointment; the whole experience felt disappointing.,Negative,-0.56,Sad,Service Review
510,This workshop left a lot to be desired; overall it felt disappointing.,Negative,-0.65,Sad,Education
511,"The online lecture turned out to be impressive, and I would recommend it to anyone.",Positive,0.8,Satisfied,Education
512,We were thrilled with this thriller — it felt impressive and well worth the money.,Positive,0.92,Happy,Movie Review
513,The new update was a disappointment; the whole experience felt underwhelming.,Negative,-0.76,Sad,Social Media
514,"Unfortunately, the new sequel was unreliable, and I regret spending money on it.",Negative,-0.75,Sad,Movie Review
515,"Sadly, the city tour turned out to be unreliable, and I wouldn't try it again.",Negative,-0.65,Fear,Travel Review
516,"Unfortunately, the online lecture was disappointing, and I regret spending money on it.",Negative,-0.96,Angry,Education
517,"I have to say, the office chair exceeded my expectations; it was truly outstanding.",Positive,0.69,Satisfied,Product Review
518,We were thrilled with this water bottle — it felt top-notch and well worth the money.,Positive,0.96,Satisfied,Product Review
519,I'd describe the pasta dish as average — it did the job without standing out.,Neutral,-0.08,Neutral,Food Review
520,The moving company was a disappointment; the whole experience felt underwhelming.,Negative,-0.95,Angry,Service Review
521,"I have to say, this post exceeded my expectations; it was truly excellent.",Positive,0.82,Happy,Social Media
522,The resort met the basic expectations and was generally standard.,Neutral,0.04,Neutral,Travel Review
523,This certification left a lot to be desired; overall it felt subpar.,Negative,-0.59,Sad,Education
524,"Sadly, this documentary turned out to be awful, and I wouldn't try it again.",Negative,-0.7,Disappointed,Movie Review
525,"Sadly, this hostel turned out to be disappointing, and I wouldn't try it again.",Negative,-0.92,Sad,Travel Review
526,"Sadly, this laptop turned out to be underwhelming, and I wouldn't try it again.",Negative,-0.97,Sad,Product Review
527,I'd describe this hotel as adequate — it did the job without standing out.,Neutral,0.06,Neutral,Travel Review
528,This textbook was a disappointment; the whole experience felt frustrating.,Negative,-0.63,Fear,Education
529,The customer support team was a disappointment; the whole experience felt disappointing.,Negative,-0.8,Fear,Service Review
530,"I have to say, the mountain lodge exceeded my expectations; it was truly impressive.",Positive,0.65,Excited,Travel Review
531,This drama was a disappointment; the whole experience felt terrible.,Negative,-0.62,Angry,Movie Review
532,This hostel was a disappointment; the whole experience felt underwhelming.,Negative,-0.71,Fear,Travel Review
533,"The office chair was acceptable overall, similar to most alternatives out there.",Neutral,-0.11,Neutral,Product Review
534,"The animated movie turned out to be delightful, and I would recommend it to anyone.",Positive,0.86,Satisfied,Movie Review
535,"The new update was adequate overall, similar to most alternatives out there.",Neutral,0.05,Neutral,Social Media
536,"This consulting firm turned out to be outstanding, and I would recommend it to anyone.",Positive,0.89,Happy,Service Review
537,We were thrilled with this backpack — it felt wonderful and well worth the money.,Positive,0.64,Excited,Product Review
538,"This repair service turned out to be impressive, and I would recommend it to anyone.",Positive,0.66,Happy,Service Review
539,The wireless headphones impressed everyone in our group; simply wonderful.,Positive,0.89,Satisfied,Product Review
540,The animated movie left a lot to be desired; overall it felt unreliable.,Negative,-0.86,Disappointed,Movie Review
541,"Unfortunately, this laptop was poorly made, and I regret spending money on it.",Negative,-0.64,Fear,Product Review
542,"Sadly, this tour package turned out to be unreliable, and I wouldn't try it again.",Negative,-0.94,Angry,Travel Review
543,The delivery service met the basic expectations and was generally typical.,Neutral,-0.04,Neutral,Service Review
544,"Honestly, the vacuum cleaner was impressive from start to finish, no complaints at all.",Positive,0.94,Satisfied,Product Review
545,"The tech support line was ordinary overall, similar to most alternatives out there.",Neutral,0.06,Neutral,Service Review
546,I'd describe the tutoring session as standard — it did the job without standing out.,Neutral,0.14,Neutral,Education
547,It's hard to say much about the pasta dish; it was simply okay.,Neutral,0.01,Neutral,Food Review
548,"I have to say, the customer support team exceeded my expectations; it was truly top-notch.",Positive,0.64,Satisfied,Service Review
549,"Honestly, this blender was impressive from start to finish, no complaints at all.",Positive,0.69,Excited,Product Review
550,This thriller impressed everyone in our group; simply delightful.,Positive,0.85,Satisfied,Movie Review
551,"Sadly, the wireless headphones turned out to be poorly made, and I wouldn't try it again.",Negative,-0.56,Angry,Product Review
552,The romantic comedy left a lot to be desired; overall it felt overpriced.,Negative,-0.8,Fear,Movie Review
553,"I have to say, this diner exceeded my expectations; it was truly superb.",Positive,0.72,Excited,Food Review
554,The resort impressed everyone in our group; simply impressive.,Positive,0.95,Satisfied,Travel Review
555,The latest trend met the basic expectations and was generally unremarkable.,Neutral,-0.04,Neutral,Social Media
556,"This cruise was typical overall, similar to most alternatives out there.",Neutral,-0.01,Neutral,Travel Review
557,I was really let down by the mountain lodge — it was underwhelming compared to what was promised.,Negative,-0.67,Angry,Travel Review
558,It's hard to say much about this thriller; it was simply average.,Neutral,0.06,Neutral,Movie Review
559,"This drama was acceptable overall, similar to most alternatives out there.",Neutral,-0.08,Neutral,Movie Review
560,This post impressed everyone in our group; simply wonderful.,Positive,0.97,Satisfied,Social Media
561,The vacuum cleaner was a disappointment; the whole experience felt underwhelming.,Negative,-0.8,Fear,Product Review
562,"This meme turned out to be delightful, and I would recommend it to anyone.",Positive,0.93,Satisfied,Social Media
563,We were thrilled with the city tour — it felt top-notch and well worth the money.,Positive,0.93,Excited,Travel Review
564,I was really let down by the app redesign — it was subpar compared to what was promised.,Negative,-0.73,Fear,Social Media
565,"Honestly, this course was wonderful from start to finish, no complaints at all.",Positive,0.75,Satisfied,Education
566,This bakery was a disappointment; the whole experience felt overpriced.,Negative,-0.78,Angry,Food Review
567,"This post turned out to be excellent, and I would recommend it to anyone.",Positive,0.65,Happy,Social Media
568,"Honestly, the app redesign was delightful from start to finish, no complaints at all.",Positive,0.61,Satisfied,Social Media
569,We were thrilled with the delivery service — it felt excellent and well worth the money.,Positive,0.6,Happy,Service Review
570,"Unfortunately, the pasta dish was subpar, and I regret spending money on it.",Negative,-0.72,Fear,Food Review
571,This diner was a disappointment; the whole experience felt frustrating.,Negative,-0.82,Sad,Food Review
572,This drama impressed everyone in our group; simply delightful.,Positive,0.98,Happy,Movie Review
573,"Unfortunately, this consulting firm was frustrating, and I regret spending money on it.",Negative,-0.66,Disappointed,Service Review
574,"This bakery turned out to be delightful, and I would recommend it to anyone.",Positive,0.69,Satisfied,Food Review
575,"This food truck was average overall, similar to most alternatives out there.",Neutral,0.01,Neutral,Food Review
576,The beach destination was a disappointment; the whole experience felt overpriced.,Negative,-0.72,Disappointed,Travel Review
577,"The online lecture turned out to be delightful, and I would recommend it to anyone.",Positive,0.71,Excited,Education
578,I'd describe the smartwatch as reasonable — it did the job without standing out.,Neutral,0.06,Neutral,Product Review
579,"The online lecture turned out to be fantastic, and I would recommend it to anyone.",Positive,0.9,Satisfied,Education
580,I'd describe the new cafe as okay — it did the job without standing out.,Neutral,-0.08,Neutral,Food Review
581,"This blender was typical overall, similar to most alternatives out there.",Neutral,0.03,Neutral,Product Review
582,"This bakery turned out to be excellent, and I would recommend it to anyone.",Positive,0.73,Happy,Food Review
583,"Honestly, this hostel was outstanding from start to finish, no complaints at all.",Positive,0.75,Satisfied,Travel Review
584,We were thrilled with this laptop — it felt wonderful and well worth the money.,Positive,0.99,Satisfied,Product Review
585,It's hard to say much about this restaurant; it was simply acceptable.,Neutral,0.05,Neutral,Food Review
586,"The delivery service turned out to be exceptional, and I would recommend it to anyone.",Positive,0.61,Happy,Service Review
587,I'd describe this drama as typical — it did the job without standing out.,Neutral,-0.13,Neutral,Movie Review
588,"The wireless headphones was unremarkable; nothing special, but nothing terrible either.",Neutral,0.04,Neutral,Product Review
589,"Honestly, the customer support team was excellent from start to finish, no complaints at all.",Positive,0.61,Satisfied,Service Review
590,The city tour met the basic expectations and was generally average.,Neutral,-0.0,Neutral,Travel Review
591,We were thrilled with this bakery — it felt excellent and well worth the money.,Positive,0.62,Excited,Food Review
592,The study guide left a lot to be desired; overall it felt unreliable.,Negative,-0.74,Disappointed,Education
593,The latest trend impressed everyone in our group; simply excellent.,Positive,0.85,Happy,Social Media
594,The pasta dish impressed everyone in our group; simply exceptional.,Positive,0.67,Satisfied,Food Review
595,"Sadly, this certification turned out to be subpar, and I wouldn't try it again.",Negative,-0.66,Disappointed,Education
596,"Unfortunately, this workshop was mediocre, and I regret spending money on it.",Negative,-0.87,Fear,Education
597,"The new sequel turned out to be fantastic, and I would recommend it to anyone.",Positive,0.62,Excited,Movie Review
598,We were thrilled with the study guide — it felt exceptional and well worth the money.,Positive,0.88,Excited,Education
599,We were thrilled with the mountain lodge — it felt delightful and well worth the money.,Positive,0.76,Satisfied,Travel Review
600,"Honestly, this backpack was fantastic from start to finish, no complaints at all.",Positive,0.96,Happy,Product Review
601,"The livestream turned out to be delightful, and I would recommend it to anyone.",Positive,0.71,Excited,Social Media
602,"The smartwatch was reasonable overall, similar to most alternatives out there.",Neutral,-0.1,Neutral,Product Review
603,"Unfortunately, this film was mediocre, and I regret spending money on it.",Negative,-0.82,Angry,Movie Review
604,"I have to say, the tech support line exceeded my expectations; it was truly wonderful.",Positive,0.9,Satisfied,Service Review
605,The beach destination left a lot to be desired; overall it felt overpriced.,Negative,-0.91,Sad,Travel Review
606,It's hard to say much about this video; it was simply ordinary.,Neutral,-0.13,Neutral,Social Media
607,The app redesign was a disappointment; the whole experience felt mediocre.,Negative,-0.76,Disappointed,Social Media
608,We were thrilled with this hotel — it felt excellent and well worth the money.,Positive,0.77,Happy,Travel Review
609,This repair service was a disappointment; the whole experience felt poorly made.,Negative,-0.77,Angry,Service Review
610,The romantic comedy was a disappointment; the whole experience felt underwhelming.,Negative,-0.57,Disappointed,Movie Review
611,I was really let down by this repair service — it was terrible compared to what was promised.,Negative,-0.78,Disappointed,Service Review
612,The sushi platter was a disappointment; the whole experience felt unreliable.,Negative,-0.85,Fear,Food Review
613,I'd describe this restaurant as adequate — it did the job without standing out.,Neutral,-0.04,Neutral,Food Review
614,We were thrilled with this thread — it felt superb and well worth the money.,Positive,0.62,Excited,Social Media
615,"Sadly, this post turned out to be poorly made, and I wouldn't try it again.",Negative,-0.86,Sad,Social Media
616,I'd describe the tutoring session as reasonable — it did the job without standing out.,Neutral,-0.13,Neutral,Education
617,The sushi platter impressed everyone in our group; simply superb.,Positive,0.92,Happy,Food Review
618,This diner was a disappointment; the whole experience felt disappointing.,Negative,-0.74,Disappointed,Food Review
619,"This diner turned out to be wonderful, and I would recommend it to anyone.",Positive,0.74,Satisfied,Food Review
620,We were thrilled with this textbook — it felt excellent and well worth the money.,Positive,0.85,Happy,Education
621,We were thrilled with the new sequel — it felt top-notch and well worth the money.,Positive,0.66,Happy,Movie Review
622,We were thrilled with the office chair — it felt amazing and well worth the money.,Positive,0.79,Satisfied,Product Review
623,"Unfortunately, this course was overpriced, and I regret spending money on it.",Negative,-0.82,Disappointed,Education
624,"The pasta dish was acceptable overall, similar to most alternatives out there.",Neutral,-0.07,Neutral,Food Review
625,I'd describe this cleaning company as typical — it did the job without standing out.,Neutral,0.1,Neutral,Service Review
626,The action film left a lot to be desired; overall it felt mediocre.,Negative,-0.78,Fear,Movie Review
627,"The wireless headphones was acceptable overall, similar to most alternatives out there.",Neutral,-0.1,Neutral,Product Review
628,The sushi platter met the basic expectations and was generally standard.,Neutral,-0.14,Neutral,Food Review
629,This food truck left a lot to be desired; overall it felt unreliable.,Negative,-0.81,Angry,Food Review
630,"I have to say, this drama exceeded my expectations; it was truly outstanding.",Positive,0.79,Excited,Movie Review
631,"Honestly, the vacuum cleaner was wonderful from start to finish, no complaints at all.",Positive,0.7,Excited,Product Review
632,This video left a lot to be desired; overall it felt underwhelming.,Negative,-0.96,Disappointed,Social Media
633,"Sadly, this film turned out to be unreliable, and I wouldn't try it again.",Negative,-0.97,Angry,Movie Review
634,We were thrilled with the pasta dish — it felt wonderful and well worth the money.,Positive,0.72,Excited,Food Review
635,"Honestly, this backpack was outstanding from start to finish, no complaints at all.",Positive,0.88,Happy,Product Review
636,"Honestly, this cleaning company was wonderful from start to finish, no complaints at all.",Positive,0.83,Happy,Service Review
637,"Sadly, this repair service turned out to be overpriced, and I wouldn't try it again.",Negative,-0.74,Disappointed,Service Review
638,"I have to say, this drama exceeded my expectations; it was truly exceptional.",Positive,0.64,Excited,Movie Review
639,The new update impressed everyone in our group; simply superb.,Positive,0.61,Happy,Social Media
640,"The city tour was standard overall, similar to most alternatives out there.",Neutral,0.01,Neutral,Travel Review
641,"Unfortunately, the customer support team was frustrating, and I regret spending money on it.",Negative,-0.67,Disappointed,Service Review
642,It's hard to say much about this drama; it was simply adequate.,Neutral,0.1,Neutral,Movie Review
643,"Honestly, the mountain lodge was wonderful from start to finish, no complaints at all.",Positive,0.69,Excited,Travel Review
644,I was really let down by the city tour — it was mediocre compared to what was promised.,Negative,-1.0,Sad,Travel Review
645,"This tour package was adequate overall, similar to most alternatives out there.",Neutral,-0.02,Neutral,Travel Review
646,I'd describe this thriller as fine — it did the job without standing out.,Neutral,-0.06,Neutral,Movie Review
647,"Honestly, this tour package was amazing from start to finish, no complaints at all.",Positive,0.68,Happy,Travel Review
648,This food truck met the basic expectations and was generally standard.,Neutral,-0.12,Neutral,Food Review
649,It's hard to say much about this certification; it was simply unremarkable.,Neutral,-0.13,Neutral,Education
650,We were thrilled with this restaurant — it felt exceptional and well worth the money.,Positive,0.82,Excited,Food Review
651,"Unfortunately, the vacuum cleaner was underwhelming, and I regret spending money on it.",Negative,-0.65,Sad,Product Review
652,"Honestly, the online lecture was fantastic from start to finish, no complaints at all.",Positive,0.7,Excited,Education
653,"This food truck turned out to be impressive, and I would recommend it to anyone.",Positive,0.79,Happy,Food Review
654,This water bottle met the basic expectations and was generally standard.,Neutral,-0.01,Neutral,Product Review
655,We were thrilled with the animated movie — it felt outstanding and well worth the money.,Positive,0.74,Satisfied,Movie Review
656,"The tutoring session turned out to be wonderful, and I would recommend it to anyone.",Positive,0.91,Excited,Education
657,"Honestly, this meme was fantastic from start to finish, no complaints at all.",Positive,0.6,Excited,Social Media
658,This rental agency impressed everyone in our group; simply excellent.,Positive,0.69,Excited,Service Review
659,"I have to say, this documentary exceeded my expectations; it was truly wonderful.",Positive,1.0,Satisfied,Movie Review
660,We were thrilled with this blender — it felt delightful and well worth the money.,Positive,0.68,Satisfied,Product Review
661,"This documentary was standard overall, similar to most alternatives out there.",Neutral,0.06,Neutral,Movie Review
662,"The tech support line was typical overall, similar to most alternatives out there.",Neutral,0.14,Neutral,Service Review
663,It's hard to say much about the latest trend; it was simply typical.,Neutral,-0.03,Neutral,Social Media
664,I was really let down by the latest trend — it was overpriced compared to what was promised.,Negative,-0.9,Sad,Social Media
665,I was really let down by this laptop — it was underwhelming compared to what was promised.,Negative,-0.75,Fear,Product Review
666,This repair service left a lot to be desired; overall it felt poorly made.,Negative,-0.85,Disappointed,Service Review
667,This diner left a lot to be desired; overall it felt disappointing.,Negative,-0.81,Fear,Food Review
668,It's hard to say much about the new cafe; it was simply standard.,Neutral,0.1,Neutral,Food Review
669,"I have to say, the animated movie exceeded my expectations; it was truly top-notch.",Positive,0.74,Satisfied,Movie Review
670,"This meme was unremarkable overall, similar to most alternatives out there.",Neutral,0.11,Neutral,Social Media
671,"This rental agency was standard; nothing special, but nothing terrible either.",Neutral,0.06,Neutral,Service Review
672,The delivery service was a disappointment; the whole experience felt mediocre.,Negative,-0.57,Sad,Service Review
673,We were thrilled with the latest trend — it felt outstanding and well worth the money.,Positive,0.63,Satisfied,Social Media
674,The mountain lodge was a disappointment; the whole experience felt terrible.,Negative,-0.6,Sad,Travel Review
675,The latest trend left a lot to be desired; overall it felt poorly made.,Negative,-0.75,Disappointed,Social Media
676,"Honestly, this thread was top-notch from start to finish, no complaints at all.",Positive,0.94,Excited,Social Media
677,"This blender was reasonable overall, similar to most alternatives out there.",Neutral,0.04,Neutral,Product Review
678,"I have to say, this meme exceeded my expectations; it was truly wonderful.",Positive,0.99,Happy,Social Media
679,It's hard to say much about this textbook; it was simply ordinary.,Neutral,-0.13,Neutral,Education
680,"Honestly, the animated movie was impressive from start to finish, no complaints at all.",Positive,0.68,Happy,Movie Review
681,"I have to say, this restaurant exceeded my expectations; it was truly delightful.",Positive,0.85,Happy,Food Review
682,"The livestream was acceptable overall, similar to most alternatives out there.",Neutral,0.04,Neutral,Social Media
683,The smartwatch left a lot to be desired; overall it felt poorly made.,Negative,-0.72,Sad,Product Review
684,"I have to say, this thread exceeded my expectations; it was truly fantastic.",Positive,0.61,Happy,Social Media
685,"Unfortunately, the action film was overpriced, and I regret spending money on it.",Negative,-0.96,Angry,Movie Review
686,This food truck left a lot to be desired; overall it felt poorly made.,Negative,-0.67,Sad,Food Review
687,"This meme was unremarkable; nothing special, but nothing terrible either.",Neutral,-0.14,Neutral,Social Media
688,"This backpack turned out to be outstanding, and I would recommend it to anyone.",Positive,0.96,Happy,Product Review
689,"This drama turned out to be fantastic, and I would recommend it to anyone.",Positive,0.83,Happy,Movie Review
690,"I have to say, this backpack exceeded my expectations; it was truly wonderful.",Positive,0.95,Excited,Product Review
691,We were thrilled with the tech support line — it felt outstanding and well worth the money.,Positive,0.84,Satisfied,Service Review
692,This water bottle met the basic expectations and was generally acceptable.,Neutral,-0.05,Neutral,Product Review
693,"I have to say, the tech support line exceeded my expectations; it was truly top-notch.",Positive,0.68,Excited,Service Review
694,I was really let down by this hotel — it was mediocre compared to what was promised.,Negative,-0.68,Disappointed,Travel Review
695,The training program was a disappointment; the whole experience felt mediocre.,Negative,-0.68,Angry,Education
696,The customer support team impressed everyone in our group; simply top-notch.,Positive,0.97,Satisfied,Service Review
697,"Honestly, this water bottle was wonderful from start to finish, no complaints at all.",Positive,0.97,Satisfied,Product Review
698,The app redesign impressed everyone in our group; simply fantastic.,Positive,0.74,Happy,Social Media
699,"The new update was okay; nothing special, but nothing terrible either.",Neutral,0.06,Neutral,Social Media
700,We were thrilled with the city tour — it felt excellent and well worth the money.,Positive,0.9,Happy,Travel Review
701,I'd describe this drama as ordinary — it did the job without standing out.,Neutral,0.04,Neutral,Movie Review
702,"I have to say, this consulting firm exceeded my expectations; it was truly impressive.",Positive,0.69,Excited,Service Review
703,"The action film was unremarkable; nothing special, but nothing terrible either.",Neutral,0.15,Neutral,Movie Review
704,It's hard to say much about this repair service; it was simply ordinary.,Neutral,-0.01,Neutral,Service Review
705,This thread left a lot to be desired; overall it felt awful.,Negative,-0.95,Fear,Social Media
706,We were thrilled with this documentary — it felt impressive and well worth the money.,Positive,0.92,Satisfied,Movie Review
707,"This textbook was acceptable; nothing special, but nothing terrible either.",Neutral,0.14,Neutral,Education
708,"This consulting firm turned out to be wonderful, and I would recommend it to anyone.",Positive,0.88,Satisfied,Service Review
709,The city tour left a lot to be desired; overall it felt disappointing.,Negative,-0.75,Disappointed,Travel Review
710,"The customer support team turned out to be exceptional, and I would recommend it to anyone.",Positive,0.71,Happy,Service Review
711,"This food truck turned out to be exceptional, and I would recommend it to anyone.",Positive,0.85,Satisfied,Food Review
712,This post was a disappointment; the whole experience felt overpriced.,Negative,-0.7,Sad,Social Media
713,"Unfortunately, this blender was underwhelming, and I regret spending money on it.",Negative,-0.83,Sad,Product Review
714,The dessert menu was a disappointment; the whole experience felt overpriced.,Negative,-0.69,Fear,Food Review
715,"Sadly, this video turned out to be mediocre, and I wouldn't try it again.",Negative,-0.73,Fear,Social Media
716,"This cleaning company turned out to be exceptional, and I would recommend it to anyone.",Positive,0.76,Excited,Service Review
717,"I have to say, the new update exceeded my expectations; it was truly outstanding.",Positive,0.8,Excited,Social Media
718,I was really let down by this backpack — it was mediocre compared to what was promised.,Negative,-0.79,Disappointed,Product Review
719,I was really let down by this cruise — it was poorly made compared to what was promised.,Negative,-0.56,Sad,Travel Review
720,"I have to say, this thread exceeded my expectations; it was truly outstanding.",Positive,0.75,Happy,Social Media
721,This hotel was a disappointment; the whole experience felt overpriced.,Negative,-0.91,Fear,Travel Review
722,The sushi platter met the basic expectations and was generally acceptable.,Neutral,-0.12,Neutral,Food Review
723,"Honestly, this hotel was exceptional from start to finish, no complaints at all.",Positive,0.85,Excited,Travel Review
724,I was really let down by the romantic comedy — it was underwhelming compared to what was promised.,Negative,-0.62,Fear,Movie Review
725,This textbook left a lot to be desired; overall it felt overpriced.,Negative,-0.86,Fear,Education
726,"Honestly, this meme was outstanding from start to finish, no complaints at all.",Positive,0.85,Satisfied,Social Media
727,"This diner was okay; nothing special, but nothing terrible either.",Neutral,-0.11,Neutral,Food Review
728,The wireless headphones impressed everyone in our group; simply exceptional.,Positive,0.9,Happy,Product Review
729,The moving company was a disappointment; the whole experience felt subpar.,Negative,-0.7,Sad,Service Review
730,I was really let down by this thread — it was overpriced compared to what was promised.,Negative,-0.66,Sad,Social Media
731,"Honestly, the pasta dish was outstanding from start to finish, no complaints at all.",Positive,0.87,Excited,Food Review
732,It's hard to say much about this film; it was simply average.,Neutral,-0.03,Neutral,Movie Review
733,This textbook met the basic expectations and was generally average.,Neutral,0.15,Neutral,Education
734,"I have to say, this meme exceeded my expectations; it was truly impressive.",Positive,0.69,Excited,Social Media
735,"The romantic comedy turned out to be exceptional, and I would recommend it to anyone.",Positive,0.63,Happy,Movie Review
736,We were thrilled with this restaurant — it felt impressive and well worth the money.,Positive,0.89,Excited,Food Review
737,"Unfortunately, this documentary was frustrating, and I regret spending money on it.",Negative,-0.61,Fear,Movie Review
738,The vacuum cleaner left a lot to be desired; overall it felt subpar.,Negative,-0.65,Sad,Product Review
739,The beach destination left a lot to be desired; overall it felt disappointing.,Negative,-0.84,Fear,Travel Review
740,"The office chair was ordinary; nothing special, but nothing terrible either.",Neutral,-0.01,Neutral,Product Review
741,I was really let down by the smartwatch — it was terrible compared to what was promised.,Negative,-0.58,Fear,Product Review
742,This cruise impressed everyone in our group; simply amazing.,Positive,0.72,Happy,Travel Review
743,"Sadly, the action film turned out to be terrible, and I wouldn't try it again.",Negative,-0.81,Fear,Movie Review
744,"The livestream was acceptable; nothing special, but nothing terrible either.",Neutral,-0.08,Neutral,Social Media
745,We were thrilled with this workshop — it felt superb and well worth the money.,Positive,0.7,Satisfied,Education
746,The smartwatch impressed everyone in our group; simply delightful.,Positive,0.77,Excited,Product Review
747,"Unfortunately, the wireless headphones was underwhelming, and I regret spending money on it.",Negative,-1.0,Disappointed,Product Review
748,The pasta dish was a disappointment; the whole experience felt subpar.,Negative,-0.63,Angry,Food Review
749,"The online lecture turned out to be excellent, and I would recommend it to anyone.",Positive,0.67,Excited,Education
750,"Sadly, this hotel turned out to be subpar, and I wouldn't try it again.",Negative,-0.88,Fear,Travel Review
751,"This hostel turned out to be superb, and I would recommend it to anyone.",Positive,0.65,Satisfied,Travel Review
752,This cleaning company left a lot to be desired; overall it felt underwhelming.,Negative,-0.94,Sad,Service Review
753,The smartwatch was a disappointment; the whole experience felt frustrating.,Negative,-0.78,Sad,Product Review
754,"The training program was okay overall, similar to most alternatives out there.",Neutral,0.01,Neutral,Education
755,This blender was a disappointment; the whole experience felt unreliable.,Negative,-0.99,Sad,Product Review
756,It's hard to say much about the new cafe; it was simply unremarkable.,Neutral,-0.08,Neutral,Food Review
757,"This meme was typical overall, similar to most alternatives out there.",Neutral,-0.13,Neutral,Social Media
758,I'd describe this workshop as unremarkable — it did the job without standing out.,Neutral,0.06,Neutral,Education
759,"Sadly, the tutoring session turned out to be subpar, and I wouldn't try it again.",Negative,-0.79,Angry,Education
760,"The tech support line turned out to be delightful, and I would recommend it to anyone.",Positive,0.85,Satisfied,Service Review
761,The mountain lodge impressed everyone in our group; simply outstanding.,Positive,0.7,Excited,Travel Review
762,"The vacuum cleaner was adequate; nothing special, but nothing terrible either.",Neutral,0.09,Neutral,Product Review
763,"The new sequel turned out to be impressive, and I would recommend it to anyone.",Positive,0.9,Satisfied,Movie Review
764,"Honestly, the training program was amazing from start to finish, no complaints at all.",Positive,0.79,Happy,Education
765,This course left a lot to be desired; overall it felt underwhelming.,Negative,-0.95,Sad,Education
766,"The online lecture turned out to be superb, and I would recommend it to anyone.",Positive,0.99,Happy,Education
767,"Unfortunately, this cruise was awful, and I regret spending money on it.",Negative,-0.89,Sad,Travel Review
768,This documentary left a lot to be desired; overall it felt subpar.,Negative,-0.9,Angry,Movie Review
769,It's hard to say much about the resort; it was simply okay.,Neutral,0.14,Neutral,Travel Review
770,"The dessert menu was unremarkable overall, similar to most alternatives out there.",Neutral,-0.09,Neutral,Food Review
771,The smartwatch met the basic expectations and was generally okay.,Neutral,-0.06,Neutral,Product Review
772,It's hard to say much about the resort; it was simply unremarkable.,Neutral,-0.05,Neutral,Travel Review
773,"The tech support line was adequate; nothing special, but nothing terrible either.",Neutral,-0.12,Neutral,Service Review
774,"Sadly, the new update turned out to be unreliable, and I wouldn't try it again.",Negative,-0.77,Fear,Social Media
775,"I have to say, this thread exceeded my expectations; it was truly amazing.",Positive,0.76,Excited,Social Media
776,"The livestream was reasonable overall, similar to most alternatives out there.",Neutral,-0.05,Neutral,Social Media
777,This cleaning company left a lot to be desired; overall it felt awful.,Negative,-0.63,Disappointed,Service Review
778,This laptop impressed everyone in our group; simply fantastic.,Positive,0.77,Satisfied,Product Review
779,We were thrilled with the tutoring session — it felt delightful and well worth the money.,Positive,0.85,Satisfied,Education
780,We were thrilled with the new cafe — it felt excellent and well worth the money.,Positive,0.68,Happy,Food Review
781,"Sadly, this documentary turned out to be underwhelming, and I wouldn't try it again.",Negative,-0.61,Sad,Movie Review
782,The action film impressed everyone in our group; simply wonderful.,Positive,0.81,Satisfied,Movie Review
783,"Honestly, the office chair was top-notch from start to finish, no complaints at all.",Positive,0.76,Happy,Product Review
784,This repair service met the basic expectations and was generally acceptable.,Neutral,0.06,Neutral,Service Review
785,The new update was a disappointment; the whole experience felt subpar.,Negative,-0.75,Sad,Social Media
786,The tutoring session met the basic expectations and was generally okay.,Neutral,0.08,Neutral,Education
787,The animated movie met the basic expectations and was generally typical.,Neutral,-0.03,Neutral,Movie Review
788,This cleaning company left a lot to be desired; overall it felt mediocre.,Negative,-0.8,Sad,Service Review
789,I was really let down by the delivery service — it was subpar compared to what was promised.,Negative,-0.71,Disappointed,Service Review
790,"The vacuum cleaner turned out to be impressive, and I would recommend it to anyone.",Positive,1.0,Satisfied,Product Review
791,"Honestly, this bakery was wonderful from start to finish, no complaints at all.",Positive,0.7,Excited,Food Review
792,"Honestly, this tour package was excellent from start to finish, no complaints at all.",Positive,0.86,Happy,Travel Review
793,This cruise left a lot to be desired; overall it felt subpar.,Negative,-0.68,Angry,Travel Review
794,The app redesign impressed everyone in our group; simply top-notch.,Positive,0.99,Excited,Social Media
795,"I have to say, this restaurant exceeded my expectations; it was truly top-notch.",Positive,0.7,Satisfied,Food Review
796,We were thrilled with the moving company — it felt outstanding and well worth the money.,Positive,0.95,Satisfied,Service Review
797,"I have to say, the customer support team exceeded my expectations; it was truly excellent.",Positive,0.91,Satisfied,Service Review
798,"The action film turned out to be excellent, and I would recommend it to anyone.",Positive,0.93,Happy,Movie Review
799,It's hard to say much about this drama; it was simply acceptable.,Neutral,-0.01,Neutral,Movie Review
800,This cleaning company left a lot to be desired; overall it felt subpar.,Negative,-0.62,Fear,Service Review
801,The mountain lodge left a lot to be desired; overall it felt terrible.,Negative,-0.99,Disappointed,Travel Review
802,This documentary impressed everyone in our group; simply excellent.,Positive,0.84,Excited,Movie Review
803,"The new sequel turned out to be wonderful, and I would recommend it to anyone.",Positive,0.73,Satisfied,Movie Review
804,We were thrilled with this consulting firm — it felt wonderful and well worth the money.,Positive,0.74,Satisfied,Service Review
805,I was really let down by this cruise — it was overpriced compared to what was promised.,Negative,-0.85,Angry,Travel Review
806,"I have to say, this diner exceeded my expectations; it was truly excellent.",Positive,0.67,Happy,Food Review
807,I was really let down by the mountain lodge — it was poorly made compared to what was promised.,Negative,-0.74,Sad,Travel Review
808,The animated movie left a lot to be desired; overall it felt frustrating.,Negative,-0.63,Fear,Movie Review
809,The tech support line left a lot to be desired; overall it felt frustrating.,Negative,-0.62,Disappointed,Service Review
810,I was really let down by the beach destination — it was underwhelming compared to what was promised.,Negative,-0.82,Disappointed,Travel Review
811,This textbook impressed everyone in our group; simply delightful.,Positive,0.94,Happy,Education
812,This drama left a lot to be desired; overall it felt underwhelming.,Negative,-0.9,Fear,Movie Review
813,"Honestly, the smartwatch was outstanding from start to finish, no complaints at all.",Positive,0.92,Excited,Product Review
814,This water bottle met the basic expectations and was generally typical.,Neutral,-0.07,Neutral,Product Review
815,"I have to say, the moving company exceeded my expectations; it was truly wonderful.",Positive,0.98,Excited,Service Review
816,The study guide was a disappointment; the whole experience felt disappointing.,Negative,-0.71,Angry,Education
817,It's hard to say much about the wireless headphones; it was simply fine.,Neutral,-0.1,Neutral,Product Review
818,The delivery service left a lot to be desired; overall it felt poorly made.,Negative,-0.95,Disappointed,Service Review
819,"This hostel was adequate; nothing special, but nothing terrible either.",Neutral,-0.11,Neutral,Travel Review
820,"Sadly, the dessert menu turned out to be poorly made, and I wouldn't try it again.",Negative,-0.87,Sad,Food Review
821,"Sadly, the wireless headphones turned out to be subpar, and I wouldn't try it again.",Negative,-0.59,Disappointed,Product Review
822,We were thrilled with this food truck — it felt wonderful and well worth the money.,Positive,0.7,Satisfied,Food Review
823,"Unfortunately, this water bottle was underwhelming, and I regret spending money on it.",Negative,-0.56,Fear,Product Review
824,This thriller was a disappointment; the whole experience felt mediocre.,Negative,-0.7,Sad,Movie Review
825,"Sadly, this documentary turned out to be subpar, and I wouldn't try it again.",Negative,-0.75,Disappointed,Movie Review
826,"Unfortunately, this blender was unreliable, and I regret spending money on it.",Negative,-0.89,Sad,Product Review
827,The online lecture was a disappointment; the whole experience felt overpriced.,Negative,-0.64,Fear,Education
828,I was really let down by this certification — it was unreliable compared to what was promised.,Negative,-0.61,Disappointed,Education
829,"Unfortunately, this restaurant was disappointing, and I regret spending money on it.",Negative,-0.73,Fear,Food Review
830,"I have to say, the moving company exceeded my expectations; it was truly excellent.",Positive,0.67,Excited,Service Review
831,"Sadly, this laptop turned out to be poorly made, and I wouldn't try it again.",Negative,-0.77,Sad,Product Review
832,I'd describe the animated movie as adequate — it did the job without standing out.,Neutral,-0.14,Neutral,Movie Review
833,The dessert menu impressed everyone in our group; simply outstanding.,Positive,0.63,Satisfied,Food Review
834,"I have to say, this meme exceeded my expectations; it was truly fantastic.",Positive,0.87,Excited,Social Media
835,I'd describe this repair service as ordinary — it did the job without standing out.,Neutral,0.12,Neutral,Service Review
836,The vacuum cleaner impressed everyone in our group; simply fantastic.,Positive,0.61,Excited,Product Review
837,"The study guide was typical overall, similar to most alternatives out there.",Neutral,-0.13,Neutral,Education
838,"Unfortunately, the latest trend was awful, and I regret spending money on it.",Negative,-0.66,Fear,Social Media
839,"Unfortunately, this thriller was unreliable, and I regret spending money on it.",Negative,-0.59,Disappointed,Movie Review
840,"Unfortunately, the animated movie was subpar, and I regret spending money on it.",Negative,-0.99,Angry,Movie Review
841,"Unfortunately, this backpack was overpriced, and I regret spending money on it.",Negative,-0.63,Disappointed,Product Review
842,This drama left a lot to be desired; overall it felt terrible.,Negative,-1.0,Disappointed,Movie Review
843,"This diner was typical; nothing special, but nothing terrible either.",Neutral,0.12,Neutral,Food Review
844,"Unfortunately, this consulting firm was disappointing, and I regret spending money on it.",Negative,-0.57,Fear,Service Review
845,This post was a disappointment; the whole experience felt awful.,Negative,-0.98,Sad,Social Media
846,"Honestly, this cruise was superb from start to finish, no complaints at all.",Positive,0.61,Happy,Travel Review
847,This textbook left a lot to be desired; overall it felt disappointing.,Negative,-0.83,Angry,Education
848,I'd describe the city tour as adequate — it did the job without standing out.,Neutral,0.03,Neutral,Travel Review
849,"I have to say, this water bottle exceeded my expectations; it was truly wonderful.",Positive,0.89,Excited,Product Review
850,"I have to say, this restaurant exceeded my expectations; it was truly fantastic.",Positive,0.98,Happy,Food Review
851,I'd describe the new cafe as acceptable — it did the job without standing out.,Neutral,0.07,Neutral,Food Review
852,"I have to say, this bakery exceeded my expectations; it was truly superb.",Positive,0.69,Happy,Food Review
853,"Unfortunately, the app redesign was awful, and I regret spending money on it.",Negative,-0.88,Sad,Social Media
854,I was really let down by this hotel — it was awful compared to what was promised.,Negative,-0.61,Sad,Travel Review
855,We were thrilled with the mountain lodge — it felt wonderful and well worth the money.,Positive,0.67,Satisfied,Travel Review
856,"Sadly, this restaurant turned out to be subpar, and I wouldn't try it again.",Negative,-0.98,Angry,Food Review
857,The latest trend was a disappointment; the whole experience felt terrible.,Negative,-0.7,Angry,Social Media
858,"Honestly, this thread was exceptional from start to finish, no complaints at all.",Positive,0.72,Excited,Social Media
859,I'd describe this water bottle as typical — it did the job without standing out.,Neutral,-0.04,Neutral,Product Review
860,"I have to say, the study guide exceeded my expectations; it was truly superb.",Positive,0.71,Satisfied,Education
861,"The office chair was unremarkable overall, similar to most alternatives out there.",Neutral,-0.08,Neutral,Product Review
862,I was really let down by this documentary — it was frustrating compared to what was promised.,Negative,-0.66,Sad,Movie Review
863,It's hard to say much about this documentary; it was simply adequate.,Neutral,0.15,Neutral,Movie Review
864,I'd describe this cleaning company as average — it did the job without standing out.,Neutral,-0.15,Neutral,Service Review
865,"The livestream turned out to be exceptional, and I would recommend it to anyone.",Positive,0.99,Happy,Social Media
866,"This hotel turned out to be exceptional, and I would recommend it to anyone.",Positive,0.87,Excited,Travel Review
867,"This cruise turned out to be top-notch, and I would recommend it to anyone.",Positive,0.83,Happy,Travel Review
868,I was really let down by the customer support team — it was subpar compared to what was promised.,Negative,-0.77,Fear,Service Review
869,We were thrilled with this drama — it felt impressive and well worth the money.,Positive,0.8,Satisfied,Movie Review
870,"I have to say, the sushi platter exceeded my expectations; it was truly superb.",Positive,0.8,Satisfied,Food Review
871,The vacuum cleaner was a disappointment; the whole experience felt poorly made.,Negative,-0.94,Angry,Product Review
872,This certification met the basic expectations and was generally reasonable.,Neutral,0.02,Neutral,Education
873,The animated movie impressed everyone in our group; simply exceptional.,Positive,0.83,Excited,Movie Review
874,I was really let down by the office chair — it was mediocre compared to what was promised.,Negative,-0.58,Angry,Product Review
875,I'd describe the delivery service as standard — it did the job without standing out.,Neutral,0.03,Neutral,Service Review
876,This documentary impressed everyone in our group; simply outstanding.,Positive,0.72,Excited,Movie Review
877,"The new cafe was acceptable; nothing special, but nothing terrible either.",Neutral,-0.08,Neutral,Food Review
878,I was really let down by the pasta dish — it was unreliable compared to what was promised.,Negative,-0.58,Disappointed,Food Review
879,"Honestly, the app redesign was top-notch from start to finish, no complaints at all.",Positive,0.99,Satisfied,Social Media
880,The smartwatch impressed everyone in our group; simply amazing.,Positive,0.63,Excited,Product Review
881,The action film left a lot to be desired; overall it felt disappointing.,Negative,-0.59,Sad,Movie Review
882,"This food truck turned out to be excellent, and I would recommend it to anyone.",Positive,0.98,Satisfied,Food Review
883,This meme left a lot to be desired; overall it felt overpriced.,Negative,-0.78,Disappointed,Social Media
884,The beach destination met the basic expectations and was generally okay.,Neutral,0.12,Neutral,Travel Review
885,I'd describe this drama as unremarkable — it did the job without standing out.,Neutral,0.08,Neutral,Movie Review
886,"I have to say, this drama exceeded my expectations; it was truly fantastic.",Positive,0.9,Satisfied,Movie Review
887,"Unfortunately, the smartwatch was frustrating, and I regret spending money on it.",Negative,-0.77,Fear,Product Review
888,This laptop left a lot to be desired; overall it felt mediocre.,Negative,-0.69,Sad,Product Review
889,"Honestly, this film was wonderful from start to finish, no complaints at all.",Positive,0.69,Excited,Movie Review
890,The action film impressed everyone in our group; simply outstanding.,Positive,0.99,Satisfied,Movie Review
891,The beach destination was a disappointment; the whole experience felt subpar.,Negative,-0.76,Sad,Travel Review
892,I was really let down by this documentary — it was unreliable compared to what was promised.,Negative,-0.57,Angry,Movie Review
893,I was really let down by this course — it was mediocre compared to what was promised.,Negative,-0.75,Disappointed,Education
894,The moving company impressed everyone in our group; simply excellent.,Positive,0.93,Satisfied,Service Review
895,"The resort was ordinary; nothing special, but nothing terrible either.",Neutral,-0.1,Neutral,Travel Review
896,It's hard to say much about the animated movie; it was simply typical.,Neutral,-0.13,Neutral,Movie Review
897,"This meme turned out to be amazing, and I would recommend it to anyone.",Positive,0.61,Satisfied,Social Media
898,"I have to say, the resort exceeded my expectations; it was truly excellent.",Positive,0.86,Excited,Travel Review
899,The sushi platter impressed everyone in our group; simply exceptional.,Positive,0.98,Satisfied,Food Review
900,The wireless headphones impressed everyone in our group; simply amazing.,Positive,0.86,Happy,Product Review
901,We were thrilled with this food truck — it felt exceptional and well worth the money.,Positive,0.62,Excited,Food Review
902,I'd describe this laptop as fine — it did the job without standing out.,Neutral,-0.07,Neutral,Product Review
903,I'd describe this food truck as unremarkable — it did the job without standing out.,Neutral,0.06,Neutral,Food Review
904,"Sadly, this hostel turned out to be terrible, and I wouldn't try it again.",Negative,-0.93,Angry,Travel Review
905,It's hard to say much about the online lecture; it was simply unremarkable.,Neutral,0.09,Neutral,Education
906,This textbook impressed everyone in our group; simply wonderful.,Positive,0.68,Excited,Education
907,The latest trend was a disappointment; the whole experience felt underwhelming.,Negative,-0.84,Disappointed,Social Media
908,The app redesign met the basic expectations and was generally fine.,Neutral,0.03,Neutral,Social Media
909,We were thrilled with the delivery service — it felt amazing and well worth the money.,Positive,0.87,Excited,Service Review
910,We were thrilled with this thread — it felt exceptional and well worth the money.,Positive,0.94,Satisfied,Social Media
911,The app redesign left a lot to be desired; overall it felt overpriced.,Negative,-0.57,Fear,Social Media
912,"The vacuum cleaner was okay overall, similar to most alternatives out there.",Neutral,-0.02,Neutral,Product Review
913,The study guide left a lot to be desired; overall it felt subpar.,Negative,-0.98,Fear,Education
914,"Honestly, the animated movie was wonderful from start to finish, no complaints at all.",Positive,0.98,Satisfied,Movie Review
915,This film was a disappointment; the whole experience felt underwhelming.,Negative,-0.76,Disappointed,Movie Review
916,"Sadly, the action film turned out to be disappointing, and I wouldn't try it again.",Negative,-0.99,Angry,Movie Review
917,We were thrilled with the training program — it felt outstanding and well worth the money.,Positive,0.96,Excited,Education
918,"This textbook was okay overall, similar to most alternatives out there.",Neutral,-0.06,Neutral,Education
919,The dessert menu impressed everyone in our group; simply impressive.,Positive,0.65,Excited,Food Review
920,"Unfortunately, the pasta dish was unreliable, and I regret spending money on it.",Negative,-0.91,Disappointed,Food Review
921,"I have to say, this documentary exceeded my expectations; it was truly outstanding.",Positive,0.96,Happy,Movie Review
922,"This course turned out to be excellent, and I would recommend it to anyone.",Positive,0.62,Excited,Education
923,We were thrilled with this cleaning company — it felt fantastic and well worth the money.,Positive,0.9,Satisfied,Service Review
924,The tutoring session met the basic expectations and was generally unremarkable.,Neutral,0.0,Neutral,Education
925,"Unfortunately, the sushi platter was awful, and I regret spending money on it.",Negative,-0.94,Angry,Food Review
926,"Honestly, the app redesign was fantastic from start to finish, no complaints at all.",Positive,0.63,Satisfied,Social Media
927,The city tour was a disappointment; the whole experience felt disappointing.,Negative,-0.73,Fear,Travel Review
928,"This consulting firm was reasonable; nothing special, but nothing terrible either.",Neutral,0.14,Neutral,Service Review
929,"Unfortunately, the resort was underwhelming, and I regret spending money on it.",Negative,-0.64,Fear,Travel Review
930,The moving company impressed everyone in our group; simply delightful.,Positive,0.93,Happy,Service Review
931,I was really let down by this rental agency — it was poorly made compared to what was promised.,Negative,-0.92,Angry,Service Review
932,"I have to say, the city tour exceeded my expectations; it was truly impressive.",Positive,0.87,Satisfied,Travel Review
933,"This meme turned out to be exceptional, and I would recommend it to anyone.",Positive,0.65,Satisfied,Social Media
934,I'd describe this hotel as average — it did the job without standing out.,Neutral,0.07,Neutral,Travel Review
935,"I have to say, this cleaning company exceeded my expectations; it was truly amazing.",Positive,0.84,Excited,Service Review
936,It's hard to say much about this cleaning company; it was simply unremarkable.,Neutral,0.14,Neutral,Service Review
937,"Honestly, the wireless headphones was outstanding from start to finish, no complaints at all.",Positive,0.97,Excited,Product Review
938,We were thrilled with the new update — it felt top-notch and well worth the money.,Positive,0.64,Happy,Social Media
939,"The training program was typical; nothing special, but nothing terrible either.",Neutral,-0.12,Neutral,Education
940,"This documentary turned out to be wonderful, and I would recommend it to anyone.",Positive,0.78,Happy,Movie Review
941,"The action film was typical overall, similar to most alternatives out there.",Neutral,0.01,Neutral,Movie Review
942,The city tour left a lot to be desired; overall it felt mediocre.,Negative,-0.8,Angry,Travel Review
943,"The smartwatch was acceptable; nothing special, but nothing terrible either.",Neutral,-0.07,Neutral,Product Review
944,"Honestly, this food truck was wonderful from start to finish, no complaints at all.",Positive,0.77,Excited,Food Review
945,This course impressed everyone in our group; simply outstanding.,Positive,0.92,Satisfied,Education
946,I was really let down by the animated movie — it was poorly made compared to what was promised.,Negative,-0.59,Sad,Movie Review
947,"Honestly, this repair service was impressive from start to finish, no complaints at all.",Positive,0.61,Satisfied,Service Review
948,"Unfortunately, the animated movie was overpriced, and I regret spending money on it.",Negative,-0.74,Disappointed,Movie Review
949,"This water bottle turned out to be fantastic, and I would recommend it to anyone.",Positive,0.7,Happy,Product Review
950,This blender impressed everyone in our group; simply exceptional.,Positive,0.7,Satisfied,Product Review
951,I was really let down by this diner — it was disappointing compared to what was promised.,Negative,-0.91,Fear,Food Review
952,The city tour met the basic expectations and was generally unremarkable.,Neutral,0.12,Neutral,Travel Review
953,I was really let down by this drama — it was subpar compared to what was promised.,Negative,-0.84,Fear,Movie Review
954,"Honestly, the delivery service was excellent from start to finish, no complaints at all.",Positive,0.91,Excited,Service Review
955,I was really let down by the action film — it was awful compared to what was promised.,Negative,-0.57,Sad,Movie Review
956,The latest trend was a disappointment; the whole experience felt unreliable.,Negative,-0.77,Fear,Social Media
957,"Unfortunately, this backpack was subpar, and I regret spending money on it.",Negative,-0.69,Disappointed,Product Review
958,"This post was reasonable; nothing special, but nothing terrible either.",Neutral,-0.1,Neutral,Social Media
959,The delivery service met the basic expectations and was generally adequate.,Neutral,-0.05,Neutral,Service Review
960,"The city tour turned out to be fantastic, and I would recommend it to anyone.",Positive,0.78,Excited,Travel Review
961,It's hard to say much about the city tour; it was simply standard.,Neutral,0.06,Neutral,Travel Review
962,"Sadly, the latest trend turned out to be poorly made, and I wouldn't try it again.",Negative,-0.9,Fear,Social Media
963,I'd describe the romantic comedy as okay — it did the job without standing out.,Neutral,0.11,Neutral,Movie Review
964,"This rental agency turned out to be delightful, and I would recommend it to anyone.",Positive,0.75,Satisfied,Service Review
965,I was really let down by the tutoring session — it was underwhelming compared to what was promised.,Negative,-0.63,Angry,Education
966,We were thrilled with this thread — it felt amazing and well worth the money.,Positive,0.65,Happy,Social Media
967,We were thrilled with this backpack — it felt fantastic and well worth the money.,Positive,0.75,Satisfied,Product Review
968,"This documentary turned out to be excellent, and I would recommend it to anyone.",Positive,1.0,Excited,Movie Review
969,We were thrilled with this cleaning company — it felt outstanding and well worth the money.,Positive,0.81,Satisfied,Service Review
970,This thriller impressed everyone in our group; simply top-notch.,Positive,0.65,Excited,Movie Review
971,The pasta dish met the basic expectations and was generally acceptable.,Neutral,0.12,Neutral,Food Review
972,I was really let down by this post — it was terrible compared to what was promised.,Negative,-0.76,Fear,Social Media
973,I'd describe this backpack as acceptable — it did the job without standing out.,Neutral,0.1,Neutral,Product Review
974,We were thrilled with the tech support line — it felt superb and well worth the money.,Positive,0.64,Excited,Service Review
975,The customer support team was a disappointment; the whole experience felt subpar.,Negative,-0.7,Sad,Service Review
976,I'd describe this textbook as average — it did the job without standing out.,Neutral,0.15,Neutral,Education
977,This documentary met the basic expectations and was generally acceptable.,Neutral,-0.05,Neutral,Movie Review
978,The study guide left a lot to be desired; overall it felt disappointing.,Negative,-0.75,Angry,Education
979,This restaurant was a disappointment; the whole experience felt frustrating.,Negative,-0.55,Disappointed,Food Review
980,"This bakery was okay overall, similar to most alternatives out there.",Neutral,-0.1,Neutral,Food Review
981,"This post was reasonable overall, similar to most alternatives out there.",Neutral,0.09,Neutral,Social Media
982,I was really let down by this thread — it was awful compared to what was promised.,Negative,-0.78,Sad,Social Media
983,I'd describe this certification as adequate — it did the job without standing out.,Neutral,0.15,Neutral,Education
984,"The online lecture turned out to be wonderful, and I would recommend it to anyone.",Positive,0.68,Excited,Education
985,This meme was a disappointment; the whole experience felt poorly made.,Negative,-0.83,Fear,Social Media
986,"Unfortunately, the latest trend was frustrating, and I regret spending money on it.",Negative,-0.75,Angry,Social Media
987,The city tour met the basic expectations and was generally acceptable.,Neutral,-0.1,Neutral,Travel Review
988,The customer support team left a lot to be desired; overall it felt overpriced.,Negative,-0.6,Fear,Service Review
989,"The livestream was okay; nothing special, but nothing terrible either.",Neutral,-0.08,Neutral,Social Media
990,It's hard to say much about the sushi platter; it was simply reasonable.,Neutral,0.07,Neutral,Food Review
991,I was really let down by this workshop — it was subpar compared to what was promised.,Negative,-0.92,Fear,Education
992,I'd describe this course as standard — it did the job without standing out.,Neutral,0.04,Neutral,Education
993,"Sadly, the new cafe turned out to be disappointing, and I wouldn't try it again.",Negative,-0.77,Disappointed,Food Review
994,It's hard to say much about the romantic comedy; it was simply average.,Neutral,-0.15,Neutral,Movie Review
995,This certification met the basic expectations and was generally standard.,Neutral,-0.08,Neutral,Education
996,This laptop impressed everyone in our group; simply top-notch.,Positive,0.98,Satisfied,Product Review
997,We were thrilled with this drama — it felt fantastic and well worth the money.,Positive,0.86,Satisfied,Movie Review
998,This blender left a lot to be desired; overall it felt unreliable.,Negative,-0.64,Disappointed,Product Review
999,This rental agency was a disappointment; the whole experience felt mediocre.,Negative,-0.74,Disappointed,Service Review
1000,"The customer support team turned out to be delightful, and I would recommend it to anyone.",Positive,0.74,Excited,Service Review
1001,I'd describe the dessert menu as okay — it did the job without standing out.,Neutral,0.13,Neutral,Food Review
1002,The new update impressed everyone in our group; simply outstanding.,Positive,0.85,Excited,Social Media
1003,The livestream left a lot to be desired; overall it felt disappointing.,Negative,-0.76,Angry,Social Media
1004,"I have to say, this documentary exceeded my expectations; it was truly superb.",Positive,0.68,Excited,Movie Review
1005,"Honestly, the vacuum cleaner was outstanding from start to finish, no complaints at all.",Positive,0.73,Excited,Product Review
1006,The tech support line impressed everyone in our group; simply amazing.,Positive,0.68,Happy,Service Review
1007,The dessert menu left a lot to be desired; overall it felt poorly made.,Negative,-0.82,Fear,Food Review
1008,"Sadly, the training program turned out to be unreliable, and I wouldn't try it again.",Negative,-0.96,Angry,Education
1009,"Sadly, this water bottle turned out to be underwhelming, and I wouldn't try it again.",Negative,-1.0,Sad,Product Review
1010,The smartwatch was a disappointment; the whole experience felt underwhelming.,Negative,-0.57,Angry,Product Review
1011,The vacuum cleaner left a lot to be desired; overall it felt unreliable.,Negative,-0.92,Fear,Product Review
1012,The sushi platter impressed everyone in our group; simply fantastic.,Positive,0.79,Satisfied,Food Review
1013,"Unfortunately, the resort was disappointing, and I regret spending money on it.",Negative,-0.69,Fear,Travel Review
1014,This blender left a lot to be desired; overall it felt frustrating.,Negative,-0.68,Sad,Product Review
1015,This restaurant impressed everyone in our group; simply superb.,Positive,0.63,Excited,Food Review
1016,"Honestly, the study guide was fantastic from start to finish, no complaints at all.",Positive,0.66,Satisfied,Education
1017,"The delivery service was adequate; nothing special, but nothing terrible either.",Neutral,0.14,Neutral,Service Review
1018,The vacuum cleaner left a lot to be desired; overall it felt disappointing.,Negative,-0.62,Disappointed,Product Review
1019,The beach destination was a disappointment; the whole experience felt awful.,Negative,-0.98,Disappointed,Travel Review
1020,This post was a disappointment; the whole experience felt mediocre.,Negative,-0.63,Disappointed,Social Media
1021,This repair service was a disappointment; the whole experience felt disappointing.,Negative,-0.6,Angry,Service Review
1022,The livestream impressed everyone in our group; simply excellent.,Positive,0.81,Satisfied,Social Media
1023,"Honestly, this tour package was outstanding from start to finish, no complaints at all.",Positive,0.66,Satisfied,Travel Review
1024,"Sadly, the online lecture turned out to be disappointing, and I wouldn't try it again.",Negative,-0.89,Disappointed,Education
1025,"This diner was reasonable overall, similar to most alternatives out there.",Neutral,-0.1,Neutral,Food Review
1026,"This consulting firm was reasonable overall, similar to most alternatives out there.",Neutral,0.09,Neutral,Service Review
1027,"I have to say, this water bottle exceeded my expectations; it was truly outstanding.",Positive,0.95,Satisfied,Product Review
1028,This hostel met the basic expectations and was generally typical.,Neutral,0.13,Neutral,Travel Review
1029,"Sadly, the study guide turned out to be disappointing, and I wouldn't try it again.",Negative,-0.56,Angry,Education
1030,I was really let down by this workshop — it was disappointing compared to what was promised.,Negative,-0.92,Fear,Education
1031,I was really let down by this course — it was overpriced compared to what was promised.,Negative,-0.63,Angry,Education
1032,"This rental agency turned out to be amazing, and I would recommend it to anyone.",Positive,0.73,Satisfied,Service Review
1033,It's hard to say much about this meme; it was simply adequate.,Neutral,-0.09,Neutral,Social Media
1034,The new cafe was a disappointment; the whole experience felt underwhelming.,Negative,-0.63,Fear,Food Review
1035,I was really let down by the new cafe — it was frustrating compared to what was promised.,Negative,-0.75,Disappointed,Food Review
1036,We were thrilled with this hostel — it felt impressive and well worth the money.,Positive,0.99,Excited,Travel Review
1037,"This documentary turned out to be superb, and I would recommend it to anyone.",Positive,0.84,Satisfied,Movie Review
1038,"The new sequel was adequate; nothing special, but nothing terrible either.",Neutral,-0.07,Neutral,Movie Review
1039,"I have to say, the online lecture exceeded my expectations; it was truly superb.",Positive,0.84,Satisfied,Education
1040,"I have to say, the delivery service exceeded my expectations; it was truly excellent.",Positive,0.62,Happy,Service Review
1041,It's hard to say much about this tour package; it was simply ordinary.,Neutral,0.06,Neutral,Travel Review
1042,"Honestly, the latest trend was amazing from start to finish, no complaints at all.",Positive,0.67,Satisfied,Social Media
1043,I was really let down by this certification — it was poorly made compared to what was promised.,Negative,-0.62,Fear,Education
1044,"Unfortunately, this video was unreliable, and I regret spending money on it.",Negative,-0.58,Sad,Social Media
1045,I'd describe the online lecture as okay — it did the job without standing out.,Neutral,-0.14,Neutral,Education
1046,I'd describe this certification as unremarkable — it did the job without standing out.,Neutral,-0.07,Neutral,Education
1047,This thriller impressed everyone in our group; simply fantastic.,Positive,0.84,Excited,Movie Review
1048,I'd describe this restaurant as average — it did the job without standing out.,Neutral,0.13,Neutral,Food Review
1049,"Honestly, this diner was fantastic from start to finish, no complaints at all.",Positive,0.78,Satisfied,Food Review
1050,"This meme turned out to be outstanding, and I would recommend it to anyone.",Positive,0.83,Happy,Social Media
1051,We were thrilled with the romantic comedy — it felt exceptional and well worth the money.,Positive,0.92,Satisfied,Movie Review
1052,"This diner turned out to be exceptional, and I would recommend it to anyone.",Positive,0.7,Satisfied,Food Review
1053,"I have to say, this certification exceeded my expectations; it was truly top-notch.",Positive,0.77,Happy,Education
1054,"This blender turned out to be delightful, and I would recommend it to anyone.",Positive,0.8,Happy,Product Review
1055,"Unfortunately, the latest trend was terrible, and I regret spending money on it.",Negative,-0.7,Disappointed,Social Media
1056,This course was a disappointment; the whole experience felt terrible.,Negative,-0.82,Angry,Education
1057,"Sadly, the tech support line turned out to be overpriced, and I wouldn't try it again.",Negative,-0.59,Disappointed,Service Review
1058,We were thrilled with this video — it felt impressive and well worth the money.,Positive,0.97,Satisfied,Social Media
1059,"I have to say, this hotel exceeded my expectations; it was truly wonderful.",Positive,0.84,Excited,Travel Review
1060,"Sadly, the vacuum cleaner turned out to be overpriced, and I wouldn't try it again.",Negative,-0.59,Sad,Product Review
1061,It's hard to say much about the moving company; it was simply reasonable.,Neutral,-0.01,Neutral,Service Review
1062,I was really let down by this video — it was poorly made compared to what was promised.,Negative,-0.67,Disappointed,Social Media
1063,"The latest trend turned out to be impressive, and I would recommend it to anyone.",Positive,0.97,Satisfied,Social Media
1064,I was really let down by this water bottle — it was terrible compared to what was promised.,Negative,-0.86,Disappointed,Product Review
1065,This consulting firm left a lot to be desired; overall it felt underwhelming.,Negative,-0.56,Fear,Service Review
1066,I was really let down by the app redesign — it was mediocre compared to what was promised.,Negative,-0.98,Disappointed,Social Media
1067,We were thrilled with this diner — it felt impressive and well worth the money.,Positive,0.66,Excited,Food Review
1068,I'd describe this video as standard — it did the job without standing out.,Neutral,0.04,Neutral,Social Media
1069,We were thrilled with the moving company — it felt fantastic and well worth the money.,Positive,0.99,Happy,Service Review
1070,This hotel was a disappointment; the whole experience felt awful.,Negative,-0.58,Sad,Travel Review
1071,This blender left a lot to be desired; overall it felt awful.,Negative,-0.88,Sad,Product Review
1072,"The resort turned out to be impressive, and I would recommend it to anyone.",Positive,0.94,Happy,Travel Review
1073,"Unfortunately, this repair service was overpriced, and I regret spending money on it.",Negative,-0.99,Disappointed,Service Review
1074,"The study guide was adequate overall, similar to most alternatives out there.",Neutral,0.02,Neutral,Education
1075,The dessert menu met the basic expectations and was generally adequate.,Neutral,0.05,Neutral,Food Review
1076,I was really let down by this cleaning company — it was poorly made compared to what was promised.,Negative,-0.81,Disappointed,Service Review
1077,"The livestream was okay overall, similar to most alternatives out there.",Neutral,0.05,Neutral,Social Media
1078,"Sadly, the customer support team turned out to be disappointing, and I wouldn't try it again.",Negative,-0.79,Disappointed,Service Review
1079,"I have to say, the tutoring session exceeded my expectations; it was truly amazing.",Positive,0.98,Excited,Education
1080,The mountain lodge was a disappointment; the whole experience felt frustrating.,Negative,-0.75,Angry,Travel Review
1081,I'd describe the sushi platter as unremarkable — it did the job without standing out.,Neutral,0.02,Neutral,Food Review
1082,"I have to say, this tour package exceeded my expectations; it was truly wonderful.",Positive,0.76,Excited,Travel Review
1083,This cruise impressed everyone in our group; simply wonderful.,Positive,0.94,Excited,Travel Review
1084,It's hard to say much about this drama; it was simply reasonable.,Neutral,-0.02,Neutral,Movie Review
1085,"The dessert menu was typical; nothing special, but nothing terrible either.",Neutral,0.14,Neutral,Food Review
1086,It's hard to say much about the app redesign; it was simply okay.,Neutral,-0.1,Neutral,Social Media
1087,"This post turned out to be delightful, and I would recommend it to anyone.",Positive,0.67,Excited,Social Media
1088,The vacuum cleaner left a lot to be desired; overall it felt underwhelming.,Negative,-0.83,Disappointed,Product Review
1089,The new cafe was a disappointment; the whole experience felt subpar.,Negative,-0.65,Disappointed,Food Review
1090,I was really let down by this course — it was terrible compared to what was promised.,Negative,-0.99,Sad,Education
1091,"This thread turned out to be outstanding, and I would recommend it to anyone.",Positive,0.75,Satisfied,Social Media
1092,It's hard to say much about this cleaning company; it was simply standard.,Neutral,-0.11,Neutral,Service Review
1093,"Honestly, the delivery service was fantastic from start to finish, no complaints at all.",Positive,0.73,Happy,Service Review
1094,"Sadly, the app redesign turned out to be awful, and I wouldn't try it again.",Negative,-0.95,Fear,Social Media
1095,I'd describe the romantic comedy as standard — it did the job without standing out.,Neutral,0.03,Neutral,Movie Review
1096,"This course turned out to be exceptional, and I would recommend it to anyone.",Positive,0.83,Excited,Education
1097,"Sadly, the delivery service turned out to be mediocre, and I wouldn't try it again.",Negative,-0.93,Disappointed,Service Review
1098,This course met the basic expectations and was generally okay.,Neutral,-0.06,Neutral,Education
1099,The latest trend left a lot to be desired; overall it felt disappointing.,Negative,-0.73,Disappointed,Social Media
1100,The pasta dish left a lot to be desired; overall it felt subpar.,Negative,-0.75,Sad,Food Review
1101,"This hostel turned out to be impressive, and I would recommend it to anyone.",Positive,0.83,Satisfied,Travel Review
1102,"Sadly, this thread turned out to be poorly made, and I wouldn't try it again.",Negative,-0.85,Angry,Social Media
1103,It's hard to say much about this post; it was simply average.,Neutral,0.12,Neutral,Social Media
1104,I was really let down by this hotel — it was subpar compared to what was promised.,Negative,-0.76,Fear,Travel Review
1105,"This backpack turned out to be top-notch, and I would recommend it to anyone.",Positive,0.74,Satisfied,Product Review
1106,This documentary was a disappointment; the whole experience felt awful.,Negative,-0.56,Angry,Movie Review
1107,"The resort was typical; nothing special, but nothing terrible either.",Neutral,0.08,Neutral,Travel Review
1108,"The beach destination was acceptable; nothing special, but nothing terrible either.",Neutral,0.04,Neutral,Travel Review
1109,"Honestly, this diner was delightful from start to finish, no complaints at all.",Positive,0.8,Happy,Food Review
1110,"Unfortunately, the animated movie was disappointing, and I regret spending money on it.",Negative,-0.71,Fear,Movie Review
1111,"Unfortunately, the pasta dish was disappointing, and I regret spending money on it.",Negative,-0.71,Angry,Food Review
1112,We were thrilled with the training program — it felt exceptional and well worth the money.,Positive,0.69,Satisfied,Education
1113,"Honestly, the online lecture was delightful from start to finish, no complaints at all.",Positive,0.87,Satisfied,Education
1114,The office chair met the basic expectations and was generally reasonable.,Neutral,0.08,Neutral,Product Review
1115,"The wireless headphones turned out to be excellent, and I would recommend it to anyone.",Positive,0.95,Happy,Product Review
1116,"Honestly, this documentary was excellent from start to finish, no complaints at all.",Positive,0.75,Satisfied,Movie Review
1117,"The sushi platter turned out to be impressive, and I would recommend it to anyone.",Positive,0.99,Satisfied,Food Review
1118,We were thrilled with this cruise — it felt amazing and well worth the money.,Positive,0.99,Excited,Travel Review
1119,This documentary met the basic expectations and was generally unremarkable.,Neutral,-0.02,Neutral,Movie Review
1120,I'd describe the sushi platter as adequate — it did the job without standing out.,Neutral,0.08,Neutral,Food Review
1121,"The training program turned out to be delightful, and I would recommend it to anyone.",Positive,0.99,Happy,Education
1122,We were thrilled with the new update — it felt excellent and well worth the money.,Positive,0.65,Satisfied,Social Media
1123,"This bakery was adequate; nothing special, but nothing terrible either.",Neutral,-0.1,Neutral,Food Review
1124,We were thrilled with this textbook — it felt delightful and well worth the money.,Positive,0.96,Satisfied,Education
1125,I was really let down by this video — it was awful compared to what was promised.,Negative,-0.83,Angry,Social Media
1126,This blender impressed everyone in our group; simply delightful.,Positive,0.93,Happy,Product Review
1127,"The new cafe was adequate; nothing special, but nothing terrible either.",Neutral,-0.08,Neutral,Food Review
1128,"Unfortunately, the training program was subpar, and I regret spending money on it.",Negative,-0.67,Angry,Education
1129,"The tutoring session was typical overall, similar to most alternatives out there.",Neutral,-0.08,Neutral,Education
1130,"I have to say, the city tour exceeded my expectations; it was truly delightful.",Positive,0.65,Happy,Travel Review
1131,I'd describe the new cafe as typical — it did the job without standing out.,Neutral,0.08,Neutral,Food Review
1132,The delivery service met the basic expectations and was generally okay.,Neutral,0.07,Neutral,Service Review
1133,"Sadly, this thriller turned out to be terrible, and I wouldn't try it again.",Negative,-0.96,Sad,Movie Review
1134,I was really let down by the animated movie — it was awful compared to what was promised.,Negative,-0.56,Sad,Movie Review
1135,"The vacuum cleaner turned out to be wonderful, and I would recommend it to anyone.",Positive,0.92,Happy,Product Review
1136,"Honestly, the study guide was top-notch from start to finish, no complaints at all.",Positive,0.77,Happy,Education
1137,This laptop was a disappointment; the whole experience felt subpar.,Negative,-0.55,Angry,Product Review
1138,"This water bottle was unremarkable; nothing special, but nothing terrible either.",Neutral,0.12,Neutral,Product Review
1139,We were thrilled with this cruise — it felt impressive and well worth the money.,Positive,0.81,Satisfied,Travel Review
1140,"I have to say, the delivery service exceeded my expectations; it was truly outstanding.",Positive,0.6,Satisfied,Service Review
1141,This restaurant met the basic expectations and was generally unremarkable.,Neutral,-0.14,Neutral,Food Review
1142,This diner impressed everyone in our group; simply impressive.,Positive,0.93,Satisfied,Food Review
1143,This textbook impressed everyone in our group; simply superb.,Positive,0.79,Happy,Education
1144,We were thrilled with the tech support line — it felt wonderful and well worth the money.,Positive,0.85,Excited,Service Review
1145,The moving company impressed everyone in our group; simply top-notch.,Positive,0.6,Excited,Service Review
1146,The vacuum cleaner left a lot to be desired; overall it felt awful.,Negative,-0.55,Sad,Product Review
1147,"Unfortunately, this cleaning company was overpriced, and I regret spending money on it.",Negative,-0.93,Fear,Service Review
1148,The study guide left a lot to be desired; overall it felt poorly made.,Negative,-0.93,Fear,Education
1149,I was really let down by the moving company — it was disappointing compared to what was promised.,Negative,-0.98,Sad,Service Review
1150,This food truck was a disappointment; the whole experience felt disappointing.,Negative,-0.97,Fear,Food Review
1151,"Honestly, the customer support team was delightful from start to finish, no complaints at all.",Positive,0.86,Happy,Service Review
1152,"Unfortunately, the action film was unreliable, and I regret spending money on it.",Negative,-0.59,Disappointed,Movie Review
1153,We were thrilled with the beach destination — it felt top-notch and well worth the money.,Positive,0.98,Excited,Travel Review
1154,It's hard to say much about the delivery service; it was simply fine.,Neutral,0.07,Neutral,Service Review
1155,This thread impressed everyone in our group; simply amazing.,Positive,0.84,Satisfied,Social Media
1156,The resort left a lot to be desired; overall it felt unreliable.,Negative,-0.58,Fear,Travel Review
1157,The app redesign impressed everyone in our group; simply amazing.,Positive,0.87,Happy,Social Media
1158,"The tutoring session was adequate; nothing special, but nothing terrible either.",Neutral,0.13,Neutral,Education
1159,"This hostel was standard overall, similar to most alternatives out there.",Neutral,0.13,Neutral,Travel Review
1160,I'd describe the new sequel as average — it did the job without standing out.,Neutral,-0.03,Neutral,Movie Review
1161,"The moving company turned out to be exceptional, and I would recommend it to anyone.",Positive,0.78,Excited,Service Review
1162,"Sadly, the beach destination turned out to be poorly made, and I wouldn't try it again.",Negative,-0.96,Disappointed,Travel Review
1163,"Unfortunately, this meme was unreliable, and I regret spending money on it.",Negative,-0.61,Disappointed,Social Media
1164,"Unfortunately, the smartwatch was unreliable, and I regret spending money on it.",Negative,-0.75,Fear,Product Review
1165,It's hard to say much about the latest trend; it was simply average.,Neutral,0.11,Neutral,Social Media
1166,I'd describe this rental agency as typical — it did the job without standing out.,Neutral,0.0,Neutral,Service Review
1167,"I have to say, this post exceeded my expectations; it was truly impressive.",Positive,0.61,Satisfied,Social Media
1168,"I have to say, the moving company exceeded my expectations; it was truly outstanding.",Positive,0.75,Happy,Service Review
1169,"The resort turned out to be wonderful, and I would recommend it to anyone.",Positive,0.74,Satisfied,Travel Review
1170,"Sadly, this film turned out to be overpriced, and I wouldn't try it again.",Negative,-0.97,Fear,Movie Review
1171,The action film was a disappointment; the whole experience felt disappointing.,Negative,-0.78,Sad,Movie Review
1172,I was really let down by the latest trend — it was frustrating compared to what was promised.,Negative,-0.81,Angry,Social Media
1173,"This water bottle was acceptable; nothing special, but nothing terrible either.",Neutral,0.13,Neutral,Product Review
1174,I'd describe this hostel as standard — it did the job without standing out.,Neutral,-0.1,Neutral,Travel Review
1175,The animated movie impressed everyone in our group; simply top-notch.,Positive,0.85,Happy,Movie Review
1176,I was really let down by the tech support line — it was unreliable compared to what was promised.,Negative,-0.65,Angry,Service Review
1177,We were thrilled with the resort — it felt impressive and well worth the money.,Positive,0.76,Excited,Travel Review
1178,We were thrilled with the romantic comedy — it felt impressive and well worth the money.,Positive,0.63,Excited,Movie Review
1179,"This drama turned out to be excellent, and I would recommend it to anyone.",Positive,0.81,Excited,Movie Review
1180,This cruise left a lot to be desired; overall it felt disappointing.,Negative,-0.84,Sad,Travel Review
1181,"This hotel was adequate; nothing special, but nothing terrible either.",Neutral,0.13,Neutral,Travel Review
1182,This film impressed everyone in our group; simply outstanding.,Positive,0.98,Satisfied,Movie Review
1183,"Unfortunately, the study guide was subpar, and I regret spending money on it.",Negative,-0.58,Fear,Education
1184,"I have to say, the dessert menu exceeded my expectations; it was truly outstanding.",Positive,0.63,Satisfied,Food Review
1185,This hostel met the basic expectations and was generally unremarkable.,Neutral,-0.1,Neutral,Travel Review
1186,We were thrilled with the latest trend — it felt amazing and well worth the money.,Positive,0.72,Excited,Social Media
1187,We were thrilled with the smartwatch — it felt superb and well worth the money.,Positive,0.62,Excited,Product Review
1188,It's hard to say much about this laptop; it was simply okay.,Neutral,0.12,Neutral,Product Review
1189,"Honestly, the moving company was exceptional from start to finish, no complaints at all.",Positive,0.68,Happy,Service Review
1190,"The resort was average; nothing special, but nothing terrible either.",Neutral,-0.12,Neutral,Travel Review
1191,This laptop met the basic expectations and was generally reasonable.,Neutral,-0.13,Neutral,Product Review
1192,The pasta dish was a disappointment; the whole experience felt underwhelming.,Negative,-0.72,Fear,Food Review
1193,It's hard to say much about the vacuum cleaner; it was simply acceptable.,Neutral,0.07,Neutral,Product Review
1194,I was really let down by this workshop — it was poorly made compared to what was promised.,Negative,-0.71,Fear,Education
1195,The resort met the basic expectations and was generally unremarkable.,Neutral,0.11,Neutral,Travel Review
1196,"Sadly, the new update turned out to be disappointing, and I wouldn't try it again.",Negative,-0.94,Angry,Social Media
1197,"This meme was acceptable overall, similar to most alternatives out there.",Neutral,0.03,Neutral,Social Media
1198,"Honestly, the new cafe was wonderful from start to finish, no complaints at all.",Positive,0.78,Happy,Food Review
1199,"This repair service turned out to be top-notch, and I would recommend it to anyone.",Positive,0.63,Excited,Service Review
1200,"The livestream was average overall, similar to most alternatives out there.",Neutral,-0.05,Neutral,Social Media
1201,"Unfortunately, the mountain lodge was subpar, and I regret spending money on it.",Negative,-0.73,Disappointed,Travel Review
1202,"This meme was reasonable; nothing special, but nothing terrible either.",Neutral,-0.03,Neutral,Social Media
1203,"The tutoring session turned out to be excellent, and I would recommend it to anyone.",Positive,0.66,Happy,Education
1204,We were thrilled with the tutoring session — it felt exceptional and well worth the money.,Positive,0.9,Happy,Education
1205,"This meme was standard overall, similar to most alternatives out there.",Neutral,-0.03,Neutral,Social Media
1206,"The tech support line turned out to be outstanding, and I would recommend it to anyone.",Positive,0.99,Excited,Service Review
1207,This workshop met the basic expectations and was generally adequate.,Neutral,0.09,Neutral,Education
1208,"The wireless headphones was standard overall, similar to most alternatives out there.",Neutral,-0.02,Neutral,Product Review
1209,This certification impressed everyone in our group; simply exceptional.,Positive,0.63,Satisfied,Education
1210,I was really let down by the vacuum cleaner — it was unreliable compared to what was promised.,Negative,-0.84,Fear,Product Review
1211,The resort was a disappointment; the whole experience felt disappointing.,Negative,-0.61,Angry,Travel Review
1212,The tutoring session impressed everyone in our group; simply impressive.,Positive,0.86,Excited,Education
1213,"Honestly, this bakery was outstanding from start to finish, no complaints at all.",Positive,0.71,Happy,Food Review
1214,I'd describe this documentary as reasonable — it did the job without standing out.,Neutral,0.1,Neutral,Movie Review
1215,"The wireless headphones was standard; nothing special, but nothing terrible either.",Neutral,0.06,Neutral,Product Review
1216,"This workshop was okay; nothing special, but nothing terrible either.",Neutral,-0.14,Neutral,Education
1217,"I have to say, the new cafe exceeded my expectations; it was truly fantastic.",Positive,0.63,Satisfied,Food Review
1218,"Sadly, this thriller turned out to be underwhelming, and I wouldn't try it again.",Negative,-0.62,Angry,Movie Review
1219,The study guide was a disappointment; the whole experience felt terrible.,Negative,-0.87,Disappointed,Education
1220,We were thrilled with the vacuum cleaner — it felt impressive and well worth the money.,Positive,0.79,Satisfied,Product Review
1221,"Unfortunately, the romantic comedy was awful, and I regret spending money on it.",Negative,-0.79,Fear,Movie Review
1222,It's hard to say much about this blender; it was simply adequate.,Neutral,-0.12,Neutral,Product Review
1223,This drama was a disappointment; the whole experience felt mediocre.,Negative,-0.66,Fear,Movie Review
1224,This backpack impressed everyone in our group; simply impressive.,Positive,0.78,Satisfied,Product Review
1225,I was really let down by the app redesign — it was poorly made compared to what was promised.,Negative,-0.94,Disappointed,Social Media
1226,It's hard to say much about the study guide; it was simply typical.,Neutral,-0.12,Neutral,Education
1227,This water bottle impressed everyone in our group; simply amazing.,Positive,0.61,Happy,Product Review
1228,"Sadly, the romantic comedy turned out to be subpar, and I wouldn't try it again.",Negative,-0.94,Sad,Movie Review
1229,I'd describe the vacuum cleaner as average — it did the job without standing out.,Neutral,0.04,Neutral,Product Review
1230,The vacuum cleaner met the basic expectations and was generally fine.,Neutral,0.05,Neutral,Product Review
1231,I was really let down by the training program — it was mediocre compared to what was promised.,Negative,-0.78,Disappointed,Education
1232,"This diner was unremarkable overall, similar to most alternatives out there.",Neutral,0.08,Neutral,Food Review
1233,"Honestly, the training program was delightful from start to finish, no complaints at all.",Positive,0.86,Excited,Education
1234,"The resort was acceptable; nothing special, but nothing terrible either.",Neutral,0.12,Neutral,Travel Review
1235,I was really let down by the resort — it was mediocre compared to what was promised.,Negative,-0.82,Fear,Travel Review
1236,"I have to say, the vacuum cleaner exceeded my expectations; it was truly impressive.",Positive,0.99,Excited,Product Review
1237,"I have to say, this laptop exceeded my expectations; it was truly outstanding.",Positive,0.6,Happy,Product Review
1238,"Unfortunately, this documentary was awful, and I regret spending money on it.",Negative,-0.67,Angry,Movie Review
1239,"Honestly, this course was fantastic from start to finish, no complaints at all.",Positive,0.87,Happy,Education
1240,This blender met the basic expectations and was generally acceptable.,Neutral,0.05,Neutral,Product Review
1241,"I have to say, this cleaning company exceeded my expectations; it was truly fantastic.",Positive,0.68,Happy,Service Review
1242,This thread met the basic expectations and was generally typical.,Neutral,0.1,Neutral,Social Media
1243,"Honestly, the beach destination was excellent from start to finish, no complaints at all.",Positive,0.82,Satisfied,Travel Review
1244,"I have to say, the customer support team exceeded my expectations; it was truly exceptional.",Positive,0.72,Happy,Service Review
1245,"I have to say, this film exceeded my expectations; it was truly fantastic.",Positive,0.7,Satisfied,Movie Review
1246,"The office chair was adequate overall, similar to most alternatives out there.",Neutral,0.13,Neutral,Product Review
1247,This diner impressed everyone in our group; simply amazing.,Positive,0.71,Satisfied,Food Review
1248,This tour package met the basic expectations and was generally unremarkable.,Neutral,-0.14,Neutral,Travel Review
1249,"The beach destination was okay; nothing special, but nothing terrible either.",Neutral,0.13,Neutral,Travel Review
1250,"I have to say, this certification exceeded my expectations; it was truly superb.",Positive,0.97,Excited,Education
1251,I was really let down by this workshop — it was terrible compared to what was promised.,Negative,-0.77,Sad,Education
1252,"Unfortunately, this film was awful, and I regret spending money on it.",Negative,-0.92,Angry,Movie Review
1253,The vacuum cleaner impressed everyone in our group; simply amazing.,Positive,0.99,Happy,Product Review
1254,I was really let down by the moving company — it was poorly made compared to what was promised.,Negative,-0.92,Sad,Service Review
1255,"I have to say, the action film exceeded my expectations; it was truly amazing.",Positive,0.98,Excited,Movie Review
1256,This post was a disappointment; the whole experience felt poorly made.,Negative,-0.62,Sad,Social Media
1257,"Sadly, this restaurant turned out to be mediocre, and I wouldn't try it again.",Negative,-0.67,Sad,Food Review
1258,"Unfortunately, this documentary was unreliable, and I regret spending money on it.",Negative,-0.95,Disappointed,Movie Review
1259,"Honestly, this certification was superb from start to finish, no complaints at all.",Positive,0.98,Happy,Education
1260,The moving company impressed everyone in our group; simply superb.,Positive,0.81,Happy,Service Review
1261,The office chair impressed everyone in our group; simply superb.,Positive,0.61,Excited,Product Review
1262,This hostel impressed everyone in our group; simply superb.,Positive,0.87,Excited,Travel Review
1263,I was really let down by the new update — it was unreliable compared to what was promised.,Negative,-0.71,Fear,Social Media
1264,"Sadly, this textbook turned out to be awful, and I wouldn't try it again.",Negative,-0.82,Angry,Education
1265,I was really let down by the online lecture — it was poorly made compared to what was promised.,Negative,-0.78,Angry,Education
1266,"Sadly, the study guide turned out to be subpar, and I wouldn't try it again.",Negative,-0.59,Sad,Education
1267,"The office chair was unremarkable; nothing special, but nothing terrible either.",Neutral,-0.03,Neutral,Product Review
1268,"The smartwatch was adequate; nothing special, but nothing terrible either.",Neutral,-0.04,Neutral,Product Review
1269,The customer support team impressed everyone in our group; simply wonderful.,Positive,1.0,Happy,Service Review
1270,The action film was a disappointment; the whole experience felt awful.,Negative,-0.59,Disappointed,Movie Review
1271,"This rental agency was reasonable overall, similar to most alternatives out there.",Neutral,0.06,Neutral,Service Review
1272,I was really let down by this thriller — it was subpar compared to what was promised.,Negative,-0.88,Angry,Movie Review
1273,"I have to say, the livestream exceeded my expectations; it was truly fantastic.",Positive,0.94,Satisfied,Social Media
1274,"Sadly, this repair service turned out to be poorly made, and I wouldn't try it again.",Negative,-0.81,Disappointed,Service Review
1275,"I have to say, this drama exceeded my expectations; it was truly superb.",Positive,0.89,Excited,Movie Review
1276,I was really let down by this course — it was disappointing compared to what was promised.,Negative,-0.92,Disappointed,Education
1277,It's hard to say much about this cruise; it was simply standard.,Neutral,-0.08,Neutral,Travel Review
1278,I was really let down by the vacuum cleaner — it was frustrating compared to what was promised.,Negative,-0.92,Sad,Product Review
1279,"Sadly, the livestream turned out to be unreliable, and I wouldn't try it again.",Negative,-0.8,Angry,Social Media
1280,This blender met the basic expectations and was generally unremarkable.,Neutral,0.05,Neutral,Product Review
1281,"This hostel was reasonable overall, similar to most alternatives out there.",Neutral,-0.12,Neutral,Travel Review
1282,I was really let down by this cleaning company — it was underwhelming compared to what was promised.,Negative,-0.74,Disappointed,Service Review
1283,I'd describe the moving company as reasonable — it did the job without standing out.,Neutral,-0.08,Neutral,Service Review
1284,"This hostel was average; nothing special, but nothing terrible either.",Neutral,-0.12,Neutral,Travel Review
1285,This tour package met the basic expectations and was generally reasonable.,Neutral,0.07,Neutral,Travel Review
1286,It's hard to say much about this thread; it was simply okay.,Neutral,0.1,Neutral,Social Media
1287,"This film turned out to be amazing, and I would recommend it to anyone.",Positive,0.61,Satisfied,Movie Review
1288,We were thrilled with this hostel — it felt outstanding and well worth the money.,Positive,0.84,Happy,Travel Review
1289,The new update impressed everyone in our group; simply fantastic.,Positive,0.65,Happy,Social Media
1290,"The dessert menu was average overall, similar to most alternatives out there.",Neutral,0.09,Neutral,Food Review
1291,This thread was a disappointment; the whole experience felt mediocre.,Negative,-0.94,Disappointed,Social Media
1292,"I have to say, this diner exceeded my expectations; it was truly wonderful.",Positive,0.95,Satisfied,Food Review
1293,It's hard to say much about this workshop; it was simply standard.,Neutral,0.11,Neutral,Education
1294,"Sadly, this course turned out to be disappointing, and I wouldn't try it again.",Negative,-0.74,Fear,Education
1295,This thriller was a disappointment; the whole experience felt frustrating.,Negative,-0.92,Angry,Movie Review
1296,The online lecture was a disappointment; the whole experience felt mediocre.,Negative,-0.6,Sad,Education
1297,"Unfortunately, this food truck was poorly made, and I regret spending money on it.",Negative,-0.97,Angry,Food Review
1298,"This hostel was typical; nothing special, but nothing terrible either.",Neutral,-0.05,Neutral,Travel Review
1299,The livestream impressed everyone in our group; simply top-notch.,Positive,0.82,Happy,Social Media
1300,"I have to say, the tech support line exceeded my expectations; it was truly exceptional.",Positive,0.95,Happy,Service Review
1301,"Sadly, the app redesign turned out to be terrible, and I wouldn't try it again.",Negative,-0.86,Sad,Social Media
1302,I'd describe the training program as acceptable — it did the job without standing out.,Neutral,-0.05,Neutral,Education
1303,This documentary was a disappointment; the whole experience felt unreliable.,Negative,-0.55,Sad,Movie Review
1304,This blender impressed everyone in our group; simply amazing.,Positive,0.77,Satisfied,Product Review
1305,"This laptop turned out to be impressive, and I would recommend it to anyone.",Positive,0.63,Excited,Product Review
1306,"Sadly, this laptop turned out to be overpriced, and I wouldn't try it again.",Negative,-0.72,Fear,Product Review
1307,"Unfortunately, the moving company was unreliable, and I regret spending money on it.",Negative,-0.57,Disappointed,Service Review
1308,"Sadly, this thread turned out to be frustrating, and I wouldn't try it again.",Negative,-0.84,Fear,Social Media
1309,I was really let down by this thriller — it was poorly made compared to what was promised.,Negative,-0.64,Disappointed,Movie Review
1310,The online lecture met the basic expectations and was generally reasonable.,Neutral,0.03,Neutral,Education
1311,This documentary was a disappointment; the whole experience felt underwhelming.,Negative,-0.59,Angry,Movie Review
1312,"This laptop was ordinary; nothing special, but nothing terrible either.",Neutral,0.07,Neutral,Product Review
1313,"This laptop was reasonable overall, similar to most alternatives out there.",Neutral,-0.0,Neutral,Product Review
1314,I was really let down by the sushi platter — it was disappointing compared to what was promised.,Negative,-0.94,Angry,Food Review
1315,The sushi platter was a disappointment; the whole experience felt mediocre.,Negative,-0.58,Angry,Food Review
1316,The sushi platter was a disappointment; the whole experience felt underwhelming.,Negative,-0.96,Disappointed,Food Review
1317,The animated movie impressed everyone in our group; simply amazing.,Positive,0.76,Happy,Movie Review
1318,We were thrilled with this restaurant — it felt superb and well worth the money.,Positive,0.6,Happy,Food Review
1319,"This diner was ordinary; nothing special, but nothing terrible either.",Neutral,0.14,Neutral,Food Review
1320,"Sadly, this hotel turned out to be disappointing, and I wouldn't try it again.",Negative,-0.68,Angry,Travel Review
1321,We were thrilled with the latest trend — it felt impressive and well worth the money.,Positive,0.71,Satisfied,Social Media
1322,The app redesign left a lot to be desired; overall it felt awful.,Negative,-0.77,Disappointed,Social Media
1323,"Honestly, the latest trend was exceptional from start to finish, no complaints at all.",Positive,0.98,Happy,Social Media
1324,"The app redesign was fine; nothing special, but nothing terrible either.",Neutral,0.03,Neutral,Social Media
1325,"Honestly, this water bottle was impressive from start to finish, no complaints at all.",Positive,0.73,Happy,Product Review
1326,"Honestly, the city tour was delightful from start to finish, no complaints at all.",Positive,0.9,Happy,Travel Review
1327,"Sadly, the tech support line turned out to be terrible, and I wouldn't try it again.",Negative,-0.91,Angry,Service Review
1328,"I have to say, the new cafe exceeded my expectations; it was truly outstanding.",Positive,0.61,Satisfied,Food Review
1329,This bakery met the basic expectations and was generally fine.,Neutral,-0.0,Neutral,Food Review
1330,"The customer support team turned out to be wonderful, and I would recommend it to anyone.",Positive,0.94,Satisfied,Service Review
1331,We were thrilled with this tour package — it felt excellent and well worth the money.,Positive,0.61,Satisfied,Travel Review
1332,This restaurant impressed everyone in our group; simply exceptional.,Positive,0.79,Excited,Food Review
1333,"Unfortunately, the delivery service was poorly made, and I regret spending money on it.",Negative,-0.65,Sad,Service Review
1334,"The app redesign was adequate overall, similar to most alternatives out there.",Neutral,-0.13,Neutral,Social Media
1335,"Honestly, this water bottle was outstanding from start to finish, no complaints at all.",Positive,0.82,Satisfied,Product Review
1336,"Unfortunately, this bakery was disappointing, and I regret spending money on it.",Negative,-0.85,Fear,Food Review
1337,The tutoring session impressed everyone in our group; simply excellent.,Positive,0.67,Satisfied,Education
1338,"Unfortunately, this workshop was poorly made, and I regret spending money on it.",Negative,-0.66,Disappointed,Education
1339,It's hard to say much about the dessert menu; it was simply fine.,Neutral,0.03,Neutral,Food Review
1340,This diner left a lot to be desired; overall it felt mediocre.,Negative,-0.73,Sad,Food Review
1341,"This blender turned out to be superb, and I would recommend it to anyone.",Positive,0.69,Excited,Product Review
1342,"Honestly, this textbook was delightful from start to finish, no complaints at all.",Positive,0.85,Satisfied,Education
1343,"This bakery turned out to be amazing, and I would recommend it to anyone.",Positive,0.83,Happy,Food Review
1344,I'd describe the beach destination as unremarkable — it did the job without standing out.,Neutral,-0.02,Neutral,Travel Review
1345,It's hard to say much about this meme; it was simply reasonable.,Neutral,-0.04,Neutral,Social Media
1346,This documentary impressed everyone in our group; simply wonderful.,Positive,0.76,Happy,Movie Review
1347,"Unfortunately, the study guide was mediocre, and I regret spending money on it.",Negative,-0.75,Sad,Education
1348,I was really let down by the new cafe — it was subpar compared to what was promised.,Negative,-0.6,Angry,Food Review
1349,"Honestly, the office chair was amazing from start to finish, no complaints at all.",Positive,0.84,Happy,Product Review
1350,The office chair left a lot to be desired; overall it felt underwhelming.,Negative,-0.74,Fear,Product Review
1351,This certification impressed everyone in our group; simply impressive.,Positive,0.93,Satisfied,Education
1352,The animated movie left a lot to be desired; overall it felt overpriced.,Negative,-0.93,Disappointed,Movie Review
1353,This repair service was a disappointment; the whole experience felt overpriced.,Negative,-0.56,Fear,Service Review
1354,We were thrilled with this cleaning company — it felt impressive and well worth the money.,Positive,0.82,Happy,Service Review
1355,"I have to say, the online lecture exceeded my expectations; it was truly delightful.",Positive,0.99,Excited,Education
1356,The romantic comedy met the basic expectations and was generally okay.,Neutral,-0.04,Neutral,Movie Review
1357,We were thrilled with this film — it felt wonderful and well worth the money.,Positive,0.67,Satisfied,Movie Review
1358,We were thrilled with the animated movie — it felt fantastic and well worth the money.,Positive,0.61,Happy,Movie Review
1359,It's hard to say much about the sushi platter; it was simply standard.,Neutral,-0.1,Neutral,Food Review
1360,"The pasta dish was reasonable; nothing special, but nothing terrible either.",Neutral,-0.06,Neutral,Food Review
1361,"This tour package was average; nothing special, but nothing terrible either.",Neutral,-0.06,Neutral,Travel Review
1362,The pasta dish impressed everyone in our group; simply excellent.,Positive,0.87,Happy,Food Review
1363,"This textbook turned out to be delightful, and I would recommend it to anyone.",Positive,1.0,Happy,Education
1364,"Unfortunately, the beach destination was frustrating, and I regret spending money on it.",Negative,-0.72,Disappointed,Travel Review
1365,"The moving company turned out to be fantastic, and I would recommend it to anyone.",Positive,0.77,Satisfied,Service Review
1366,I'd describe the city tour as fine — it did the job without standing out.,Neutral,0.04,Neutral,Travel Review
1367,"Sadly, the romantic comedy turned out to be awful, and I wouldn't try it again.",Negative,-0.69,Disappointed,Movie Review
1368,We were thrilled with the smartwatch — it felt exceptional and well worth the money.,Positive,0.82,Satisfied,Product Review
1369,We were thrilled with this textbook — it felt amazing and well worth the money.,Positive,0.72,Excited,Education
1370,The new sequel left a lot to be desired; overall it felt mediocre.,Negative,-0.91,Fear,Movie Review
1371,We were thrilled with this documentary — it felt outstanding and well worth the money.,Positive,0.79,Satisfied,Movie Review
1372,I was really let down by the office chair — it was unreliable compared to what was promised.,Negative,-0.99,Sad,Product Review
1373,"I have to say, the training program exceeded my expectations; it was truly impressive.",Positive,0.83,Happy,Education
1374,I was really let down by the latest trend — it was mediocre compared to what was promised.,Negative,-0.88,Sad,Social Media
1375,"Unfortunately, the new sequel was disappointing, and I regret spending money on it.",Negative,-0.85,Disappointed,Movie Review
1376,"Unfortunately, this documentary was disappointing, and I regret spending money on it.",Negative,-0.9,Angry,Movie Review
1377,We were thrilled with this blender — it felt amazing and well worth the money.,Positive,0.93,Happy,Product Review
1378,"The romantic comedy turned out to be outstanding, and I would recommend it to anyone.",Positive,0.99,Excited,Movie Review
1379,The dessert menu met the basic expectations and was generally standard.,Neutral,0.13,Neutral,Food Review
1380,"The dessert menu turned out to be excellent, and I would recommend it to anyone.",Positive,0.72,Happy,Food Review
1381,"I have to say, the animated movie exceeded my expectations; it was truly outstanding.",Positive,0.85,Satisfied,Movie Review
1382,The tech support line was a disappointment; the whole experience felt subpar.,Negative,-0.65,Disappointed,Service Review
1383,The smartwatch left a lot to be desired; overall it felt underwhelming.,Negative,-0.65,Fear,Product Review
1384,I was really let down by this consulting firm — it was unreliable compared to what was promised.,Negative,-0.8,Fear,Service Review
1385,This water bottle met the basic expectations and was generally unremarkable.,Neutral,-0.07,Neutral,Product Review
1386,I'd describe the pasta dish as ordinary — it did the job without standing out.,Neutral,-0.14,Neutral,Food Review
1387,I was really let down by this backpack — it was underwhelming compared to what was promised.,Negative,-0.77,Disappointed,Product Review
1388,"Sadly, the livestream turned out to be overpriced, and I wouldn't try it again.",Negative,-0.97,Sad,Social Media
1389,"I have to say, this hostel exceeded my expectations; it was truly impressive.",Positive,0.81,Satisfied,Travel Review
1390,"This post was adequate; nothing special, but nothing terrible either.",Neutral,0.07,Neutral,Social Media
1391,"Sadly, the office chair turned out to be disappointing, and I wouldn't try it again.",Negative,-0.79,Angry,Product Review
1392,I was really let down by this meme — it was disappointing compared to what was promised.,Negative,-0.78,Sad,Social Media
1393,We were thrilled with the delivery service — it felt top-notch and well worth the money.,Positive,0.78,Satisfied,Service Review
1394,"I have to say, this laptop exceeded my expectations; it was truly superb.",Positive,0.8,Excited,Product Review
1395,"Sadly, this post turned out to be awful, and I wouldn't try it again.",Negative,-0.95,Disappointed,Social Media
1396,The new update impressed everyone in our group; simply delightful.,Positive,0.8,Happy,Social Media
1397,"Sadly, the study guide turned out to be mediocre, and I wouldn't try it again.",Negative,-0.95,Fear,Education
1398,I'd describe the new cafe as reasonable — it did the job without standing out.,Neutral,-0.07,Neutral,Food Review
1399,"This water bottle was adequate overall, similar to most alternatives out there.",Neutral,-0.09,Neutral,Product Review
1400,"The resort turned out to be superb, and I would recommend it to anyone.",Positive,0.99,Excited,Travel Review
1401,"Honestly, the beach destination was superb from start to finish, no complaints at all.",Positive,0.74,Satisfied,Travel Review
1402,It's hard to say much about the new update; it was simply ordinary.,Neutral,-0.06,Neutral,Social Media
1403,"This course turned out to be fantastic, and I would recommend it to anyone.",Positive,0.99,Happy,Education
1404,"Sadly, this tour package turned out to be subpar, and I wouldn't try it again.",Negative,-0.99,Angry,Travel Review
1405,The new cafe met the basic expectations and was generally acceptable.,Neutral,-0.09,Neutral,Food Review
1406,"This cruise turned out to be impressive, and I would recommend it to anyone.",Positive,0.67,Happy,Travel Review
1407,"Unfortunately, this hotel was frustrating, and I regret spending money on it.",Negative,-0.77,Angry,Travel Review
1408,"The delivery service turned out to be delightful, and I would recommend it to anyone.",Positive,0.64,Satisfied,Service Review
1409,We were thrilled with this repair service — it felt outstanding and well worth the money.,Positive,0.9,Excited,Service Review
1410,This blender left a lot to be desired; overall it felt terrible.,Negative,-0.67,Sad,Product Review
1411,The moving company left a lot to be desired; overall it felt poorly made.,Negative,-0.92,Angry,Service Review
1412,"I have to say, this food truck exceeded my expectations; it was truly amazing.",Positive,0.7,Happy,Food Review
1413,"Sadly, the tech support line turned out to be poorly made, and I wouldn't try it again.",Negative,-0.57,Fear,Service Review
1414,This food truck impressed everyone in our group; simply excellent.,Positive,0.7,Happy,Food Review
1415,It's hard to say much about the delivery service; it was simply reasonable.,Neutral,-0.06,Neutral,Service Review
1416,I was really let down by this backpack — it was subpar compared to what was promised.,Negative,-0.72,Sad,Product Review
1417,We were thrilled with the animated movie — it felt exceptional and well worth the money.,Positive,0.79,Happy,Movie Review
1418,"I have to say, the online lecture exceeded my expectations; it was truly excellent.",Positive,0.79,Happy,Education
1419,This consulting firm impressed everyone in our group; simply wonderful.,Positive,0.73,Happy,Service Review
1420,It's hard to say much about this certification; it was simply average.,Neutral,-0.1,Neutral,Education
1421,The new update impressed everyone in our group; simply top-notch.,Positive,0.95,Happy,Social Media
1422,This course left a lot to be desired; overall it felt frustrating.,Negative,-0.8,Angry,Education
1423,"The study guide turned out to be superb, and I would recommend it to anyone.",Positive,0.63,Excited,Education
1424,This tour package impressed everyone in our group; simply impressive.,Positive,0.67,Excited,Travel Review
1425,"Honestly, this hotel was impressive from start to finish, no complaints at all.",Positive,0.62,Excited,Travel Review
1426,"This thriller was average; nothing special, but nothing terrible either.",Neutral,0.1,Neutral,Movie Review
1427,"Honestly, the city tour was superb from start to finish, no complaints at all.",Positive,0.63,Happy,Travel Review
1428,We were thrilled with this post — it felt wonderful and well worth the money.,Positive,0.66,Satisfied,Social Media
1429,"This certification turned out to be delightful, and I would recommend it to anyone.",Positive,0.83,Excited,Education
1430,I'd describe this hostel as acceptable — it did the job without standing out.,Neutral,0.11,Neutral,Travel Review
1431,This food truck impressed everyone in our group; simply top-notch.,Positive,0.87,Satisfied,Food Review
1432,This workshop was a disappointment; the whole experience felt overpriced.,Negative,-0.73,Disappointed,Education
1433,I'd describe this diner as ordinary — it did the job without standing out.,Neutral,0.01,Neutral,Food Review
1434,This consulting firm met the basic expectations and was generally okay.,Neutral,0.06,Neutral,Service Review
1435,This hostel met the basic expectations and was generally fine.,Neutral,0.03,Neutral,Travel Review
1436,I was really let down by this hostel — it was terrible compared to what was promised.,Negative,-0.73,Angry,Travel Review
1437,We were thrilled with the mountain lodge — it felt fantastic and well worth the money.,Positive,0.69,Happy,Travel Review
1438,The action film was a disappointment; the whole experience felt unreliable.,Negative,-0.85,Angry,Movie Review
1439,The dessert menu left a lot to be desired; overall it felt mediocre.,Negative,-0.95,Sad,Food Review
1440,"I have to say, this cruise exceeded my expectations; it was truly wonderful.",Positive,0.75,Excited,Travel Review
1441,The training program left a lot to be desired; overall it felt frustrating.,Negative,-0.79,Fear,Education
1442,It's hard to say much about this workshop; it was simply unremarkable.,Neutral,0.12,Neutral,Education
1443,"Unfortunately, the tech support line was frustrating, and I regret spending money on it.",Negative,-0.7,Fear,Service Review
1444,I'd describe the dessert menu as adequate — it did the job without standing out.,Neutral,-0.02,Neutral,Food Review
1445,"Unfortunately, the sushi platter was mediocre, and I regret spending money on it.",Negative,-0.72,Disappointed,Food Review
1446,This food truck impressed everyone in our group; simply impressive.,Positive,0.95,Satisfied,Food Review
1447,The office chair impressed everyone in our group; simply top-notch.,Positive,0.7,Excited,Product Review
1448,It's hard to say much about this course; it was simply reasonable.,Neutral,-0.05,Neutral,Education
1449,"The romantic comedy turned out to be superb, and I would recommend it to anyone.",Positive,0.89,Excited,Movie Review
1450,"Honestly, the wireless headphones was top-notch from start to finish, no complaints at all.",Positive,0.86,Excited,Product Review
1451,This tour package left a lot to be desired; overall it felt overpriced.,Negative,-0.86,Sad,Travel Review
1452,We were thrilled with the customer support team — it felt outstanding and well worth the money.,Positive,0.8,Satisfied,Service Review
1453,I'd describe this documentary as unremarkable — it did the job without standing out.,Neutral,0.09,Neutral,Movie Review
1454,The tech support line was a disappointment; the whole experience felt frustrating.,Negative,-0.87,Disappointed,Service Review
1455,We were thrilled with the app redesign — it felt superb and well worth the money.,Positive,0.98,Happy,Social Media
1456,This workshop impressed everyone in our group; simply top-notch.,Positive,0.93,Excited,Education
1457,"This backpack was standard overall, similar to most alternatives out there.",Neutral,-0.02,Neutral,Product Review
1458,"Honestly, the city tour was wonderful from start to finish, no complaints at all.",Positive,0.62,Excited,Travel Review
1459,I was really let down by the training program — it was disappointing compared to what was promised.,Negative,-0.9,Fear,Education
1460,"Unfortunately, this cruise was disappointing, and I regret spending money on it.",Negative,-0.83,Angry,Travel Review
1461,We were thrilled with this course — it felt fantastic and well worth the money.,Positive,0.68,Happy,Education
1462,"Sadly, the customer support team turned out to be frustrating, and I wouldn't try it again.",Negative,-0.92,Angry,Service Review
1463,I'd describe this film as okay — it did the job without standing out.,Neutral,-0.05,Neutral,Movie Review
1464,It's hard to say much about this repair service; it was simply typical.,Neutral,0.05,Neutral,Service Review
1465,"Sadly, this hotel turned out to be mediocre, and I wouldn't try it again.",Negative,-0.76,Sad,Travel Review
1466,It's hard to say much about this textbook; it was simply typical.,Neutral,0.1,Neutral,Education
1467,I'd describe the customer support team as standard — it did the job without standing out.,Neutral,-0.02,Neutral,Service Review
1468,"Unfortunately, this certification was terrible, and I regret spending money on it.",Negative,-0.8,Angry,Education
1469,"This restaurant was unremarkable; nothing special, but nothing terrible either.",Neutral,0.01,Neutral,Food Review
1470,"Honestly, this textbook was excellent from start to finish, no complaints at all.",Positive,0.79,Happy,Education
1471,"The smartwatch turned out to be outstanding, and I would recommend it to anyone.",Positive,0.86,Satisfied,Product Review
1472,I'd describe this drama as adequate — it did the job without standing out.,Neutral,0.11,Neutral,Movie Review
1473,"Sadly, this backpack turned out to be unreliable, and I wouldn't try it again.",Negative,-0.81,Sad,Product Review
1474,This laptop met the basic expectations and was generally unremarkable.,Neutral,0.07,Neutral,Product Review
1475,"Honestly, this blender was wonderful from start to finish, no complaints at all.",Positive,0.94,Excited,Product Review
1476,The romantic comedy left a lot to be desired; overall it felt disappointing.,Negative,-0.86,Disappointed,Movie Review
1477,I was really let down by the smartwatch — it was mediocre compared to what was promised.,Negative,-0.68,Sad,Product Review
1478,The new sequel impressed everyone in our group; simply top-notch.,Positive,0.7,Satisfied,Movie Review
1479,"Unfortunately, this water bottle was subpar, and I regret spending money on it.",Negative,-0.8,Angry,Product Review
1480,I was really let down by this consulting firm — it was terrible compared to what was promised.,Negative,-0.59,Fear,Service Review
1481,This course left a lot to be desired; overall it felt disappointing.,Negative,-0.99,Sad,Education
1482,"I have to say, the tutoring session exceeded my expectations; it was truly superb.",Positive,0.98,Happy,Education
1483,"I have to say, this documentary exceeded my expectations; it was truly exceptional.",Positive,0.76,Satisfied,Movie Review
1484,This blender impressed everyone in our group; simply wonderful.,Positive,0.63,Happy,Product Review
1485,"This thread was acceptable; nothing special, but nothing terrible either.",Neutral,0.08,Neutral,Social Media
1486,I was really let down by the dessert menu — it was poorly made compared to what was promised.,Negative,-0.83,Angry,Food Review
1487,This film was a disappointment; the whole experience felt disappointing.,Negative,-0.99,Angry,Movie Review
1488,"I have to say, the new update exceeded my expectations; it was truly top-notch.",Positive,0.69,Happy,Social Media
1489,"The study guide turned out to be excellent, and I would recommend it to anyone.",Positive,0.82,Happy,Education
1490,This course impressed everyone in our group; simply fantastic.,Positive,0.95,Happy,Education
1491,"Honestly, this thriller was delightful from start to finish, no complaints at all.",Positive,0.92,Excited,Movie Review
1492,"Sadly, this hostel turned out to be awful, and I wouldn't try it again.",Negative,-0.83,Fear,Travel Review
1493,We were thrilled with the tech support line — it felt exceptional and well worth the money.,Positive,0.88,Satisfied,Service Review
1494,"Sadly, the training program turned out to be disappointing, and I wouldn't try it again.",Negative,-0.7,Sad,Education
1495,It's hard to say much about the new cafe; it was simply fine.,Neutral,-0.14,Neutral,Food Review
1496,I'd describe the training program as reasonable — it did the job without standing out.,Neutral,0.11,Neutral,Education
1497,"This workshop was typical overall, similar to most alternatives out there.",Neutral,0.03,Neutral,Education
1498,I'd describe this consulting firm as unremarkable — it did the job without standing out.,Neutral,0.12,Neutral,Service Review
1499,This thread met the basic expectations and was generally fine.,Neutral,0.01,Neutral,Social Media
1500,I'd describe this workshop as acceptable — it did the job without standing out.,Neutral,-0.04,Neutral,Education
1501,"The tech support line turned out to be exceptional, and I would recommend it to anyone.",Positive,0.91,Happy,Service Review
1502,The city tour impressed everyone in our group; simply impressive.,Positive,0.92,Happy,Travel Review
1503,"This backpack was average overall, similar to most alternatives out there.",Neutral,0.12,Neutral,Product Review
1504,The delivery service left a lot to be desired; overall it felt subpar.,Negative,-0.91,Fear,Service Review
1505,The app redesign was a disappointment; the whole experience felt poorly made.,Negative,-0.93,Fear,Social Media
1506,I'd describe the livestream as standard — it did the job without standing out.,Neutral,0.13,Neutral,Social Media
1507,"This bakery turned out to be wonderful, and I would recommend it to anyone.",Positive,0.8,Happy,Food Review
1508,It's hard to say much about this water bottle; it was simply reasonable.,Neutral,0.05,Neutral,Product Review
1509,"Unfortunately, the pasta dish was terrible, and I regret spending money on it.",Negative,-0.66,Sad,Food Review
1510,The smartwatch left a lot to be desired; overall it felt awful.,Negative,-0.75,Angry,Product Review
1511,I was really let down by the sushi platter — it was unreliable compared to what was promised.,Negative,-0.91,Sad,Food Review
1512,"Sadly, the tutoring session turned out to be awful, and I wouldn't try it again.",Negative,-0.9,Sad,Education
1513,"Unfortunately, this thriller was awful, and I regret spending money on it.",Negative,-0.56,Fear,Movie Review
1514,"I have to say, the training program exceeded my expectations; it was truly amazing.",Positive,0.83,Satisfied,Education
1515,I'd describe the tutoring session as okay — it did the job without standing out.,Neutral,-0.06,Neutral,Education
1516,"The tech support line turned out to be amazing, and I would recommend it to anyone.",Positive,0.93,Happy,Service Review
1517,"The beach destination turned out to be wonderful, and I would recommend it to anyone.",Positive,0.72,Happy,Travel Review
1518,I was really let down by this certification — it was mediocre compared to what was promised.,Negative,-0.63,Disappointed,Education
1519,The dessert menu was a disappointment; the whole experience felt subpar.,Negative,-0.84,Angry,Food Review
1520,"The study guide turned out to be fantastic, and I would recommend it to anyone.",Positive,0.87,Excited,Education
1521,This textbook left a lot to be desired; overall it felt awful.,Negative,-0.91,Angry,Education
1522,The latest trend met the basic expectations and was generally average.,Neutral,-0.05,Neutral,Social Media
1523,The tech support line met the basic expectations and was generally average.,Neutral,0.06,Neutral,Service Review
1524,We were thrilled with this hostel — it felt excellent and well worth the money.,Positive,0.98,Excited,Travel Review
1525,We were thrilled with this food truck — it felt impressive and well worth the money.,Positive,0.73,Excited,Food Review
1526,"Honestly, this thriller was exceptional from start to finish, no complaints at all.",Positive,0.73,Excited,Movie Review
1527,I'd describe the sushi platter as typical — it did the job without standing out.,Neutral,-0.06,Neutral,Food Review
1528,"I have to say, the app redesign exceeded my expectations; it was truly exceptional.",Positive,0.71,Happy,Social Media
1529,"The new sequel turned out to be top-notch, and I would recommend it to anyone.",Positive,0.77,Excited,Movie Review
1530,We were thrilled with the sushi platter — it felt delightful and well worth the money.,Positive,0.65,Satisfied,Food Review
1531,This consulting firm left a lot to be desired; overall it felt overpriced.,Negative,-0.69,Sad,Service Review
1532,This hostel was a disappointment; the whole experience felt overpriced.,Negative,-0.63,Sad,Travel Review
1533,"This food truck was ordinary overall, similar to most alternatives out there.",Neutral,-0.14,Neutral,Food Review
1534,This consulting firm impressed everyone in our group; simply fantastic.,Positive,0.66,Excited,Service Review
1535,I was really let down by this film — it was poorly made compared to what was promised.,Negative,-0.85,Fear,Movie Review
1536,"Honestly, this rental agency was delightful from start to finish, no complaints at all.",Positive,0.77,Satisfied,Service Review
1537,The city tour impressed everyone in our group; simply top-notch.,Positive,0.79,Satisfied,Travel Review
1538,This food truck impressed everyone in our group; simply delightful.,Positive,0.86,Satisfied,Food Review
1539,"I have to say, the latest trend exceeded my expectations; it was truly excellent.",Positive,0.7,Satisfied,Social Media
1540,The smartwatch met the basic expectations and was generally ordinary.,Neutral,-0.08,Neutral,Product Review
1541,The moving company left a lot to be desired; overall it felt overpriced.,Negative,-0.9,Angry,Service Review
1542,"The romantic comedy turned out to be delightful, and I would recommend it to anyone.",Positive,0.67,Excited,Movie Review
1543,It's hard to say much about the delivery service; it was simply ordinary.,Neutral,-0.02,Neutral,Service Review
1544,The new update was a disappointment; the whole experience felt unreliable.,Negative,-0.62,Fear,Social Media
1545,We were thrilled with this thread — it felt fantastic and well worth the money.,Positive,0.87,Satisfied,Social Media
1546,The moving company left a lot to be desired; overall it felt terrible.,Negative,-0.91,Disappointed,Service Review
1547,This laptop left a lot to be desired; overall it felt poorly made.,Negative,-0.61,Angry,Product Review
1548,The resort impressed everyone in our group; simply excellent.,Positive,0.87,Satisfied,Travel Review
1549,This diner met the basic expectations and was generally adequate.,Neutral,0.05,Neutral,Food Review
1550,"This repair service was okay; nothing special, but nothing terrible either.",Neutral,0.12,Neutral,Service Review
1551,This cruise impressed everyone in our group; simply superb.,Positive,0.94,Satisfied,Travel Review
1552,We were thrilled with the moving company — it felt delightful and well worth the money.,Positive,0.61,Happy,Service Review
1553,"This thriller was okay; nothing special, but nothing terrible either.",Neutral,-0.07,Neutral,Movie Review
1554,This meme met the basic expectations and was generally reasonable.,Neutral,-0.14,Neutral,Social Media
1555,"Unfortunately, the office chair was disappointing, and I regret spending money on it.",Negative,-0.73,Angry,Product Review
1556,"Unfortunately, the tech support line was overpriced, and I regret spending money on it.",Negative,-0.86,Fear,Service Review
1557,I was really let down by the city tour — it was frustrating compared to what was promised.,Negative,-0.82,Fear,Travel Review
1558,"Sadly, the vacuum cleaner turned out to be frustrating, and I wouldn't try it again.",Negative,-0.99,Angry,Product Review
1559,"I have to say, the new update exceeded my expectations; it was truly impressive.",Positive,0.72,Happy,Social Media
1560,"The training program was adequate overall, similar to most alternatives out there.",Neutral,-0.02,Neutral,Education
1561,This course impressed everyone in our group; simply delightful.,Positive,0.74,Excited,Education
1562,"Unfortunately, the customer support team was mediocre, and I regret spending money on it.",Negative,-0.69,Angry,Service Review
1563,"The tech support line turned out to be wonderful, and I would recommend it to anyone.",Positive,0.81,Happy,Service Review
1564,"Sadly, this hostel turned out to be underwhelming, and I wouldn't try it again.",Negative,-0.59,Disappointed,Travel Review
1565,"I have to say, the app redesign exceeded my expectations; it was truly wonderful.",Positive,0.6,Happy,Social Media
1566,The online lecture was a disappointment; the whole experience felt awful.,Negative,-0.69,Disappointed,Education
1567,"The delivery service turned out to be amazing, and I would recommend it to anyone.",Positive,0.77,Happy,Service Review
1568,It's hard to say much about this laptop; it was simply average.,Neutral,0.04,Neutral,Product Review
1569,"I have to say, the city tour exceeded my expectations; it was truly wonderful.",Positive,0.78,Happy,Travel Review
1570,I'd describe the delivery service as okay — it did the job without standing out.,Neutral,0.04,Neutral,Service Review
1571,"The beach destination was ordinary overall, similar to most alternatives out there.",Neutral,0.12,Neutral,Travel Review
1572,We were thrilled with this drama — it felt top-notch and well worth the money.,Positive,0.64,Happy,Movie Review
1573,I'd describe the beach destination as typical — it did the job without standing out.,Neutral,-0.01,Neutral,Travel Review
1574,"Honestly, the new cafe was exceptional from start to finish, no complaints at all.",Positive,0.84,Satisfied,Food Review
1575,It's hard to say much about this cruise; it was simply reasonable.,Neutral,-0.06,Neutral,Travel Review
1576,"Honestly, the vacuum cleaner was fantastic from start to finish, no complaints at all.",Positive,0.77,Satisfied,Product Review
1577,"The new cafe was reasonable; nothing special, but nothing terrible either.",Neutral,0.04,Neutral,Food Review
1578,This backpack left a lot to be desired; overall it felt awful.,Negative,-0.98,Angry,Product Review
1579,We were thrilled with this water bottle — it felt outstanding and well worth the money.,Positive,0.64,Happy,Product Review
1580,"Unfortunately, the pasta dish was poorly made, and I regret spending money on it.",Negative,-0.78,Angry,Food Review
1581,"This film was ordinary overall, similar to most alternatives out there.",Neutral,-0.1,Neutral,Movie Review
1582,"Sadly, the latest trend turned out to be subpar, and I wouldn't try it again.",Negative,-0.97,Angry,Social Media
1583,The resort impressed everyone in our group; simply wonderful.,Positive,0.89,Excited,Travel Review
1584,I was really let down by this laptop — it was poorly made compared to what was promised.,Negative,-0.78,Angry,Product Review
1585,This food truck was a disappointment; the whole experience felt overpriced.,Negative,-0.72,Sad,Food Review
1586,"Unfortunately, this tour package was disappointing, and I regret spending money on it.",Negative,-0.76,Disappointed,Travel Review
1587,We were thrilled with the delivery service — it felt delightful and well worth the money.,Positive,0.62,Happy,Service Review
1588,The action film impressed everyone in our group; simply excellent.,Positive,0.94,Satisfied,Movie Review
1589,The dessert menu left a lot to be desired; overall it felt disappointing.,Negative,-0.84,Sad,Food Review
1590,This course impressed everyone in our group; simply exceptional.,Positive,0.86,Satisfied,Education
1591,I'd describe the online lecture as fine — it did the job without standing out.,Neutral,0.06,Neutral,Education
1592,"Sadly, this course turned out to be awful, and I wouldn't try it again.",Negative,-0.84,Fear,Education
1593,I was really let down by the new sequel — it was unreliable compared to what was promised.,Negative,-0.67,Angry,Movie Review
1594,"Sadly, this food truck turned out to be underwhelming, and I wouldn't try it again.",Negative,-0.65,Sad,Food Review
1595,I'd describe the app redesign as average — it did the job without standing out.,Neutral,-0.08,Neutral,Social Media
1596,"I have to say, the wireless headphones exceeded my expectations; it was truly wonderful.",Positive,0.94,Excited,Product Review
1597,"I have to say, the office chair exceeded my expectations; it was truly top-notch.",Positive,0.87,Happy,Product Review
1598,I'd describe this food truck as standard — it did the job without standing out.,Neutral,-0.14,Neutral,Food Review
1599,The city tour met the basic expectations and was generally standard.,Neutral,0.05,Neutral,Travel Review
1600,"I have to say, the animated movie exceeded my expectations; it was truly fantastic.",Positive,0.73,Happy,Movie Review
1601,This hotel left a lot to be desired; overall it felt disappointing.,Negative,-0.73,Fear,Travel Review
1602,"Sadly, this repair service turned out to be disappointing, and I wouldn't try it again.",Negative,-0.59,Fear,Service Review
1603,This food truck met the basic expectations and was generally okay.,Neutral,-0.11,Neutral,Food Review
1604,We were thrilled with this cruise — it felt exceptional and well worth the money.,Positive,0.81,Happy,Travel Review
1605,We were thrilled with this backpack — it felt amazing and well worth the money.,Positive,0.68,Excited,Product Review
1606,"I have to say, this restaurant exceeded my expectations; it was truly outstanding.",Positive,0.61,Excited,Food Review
1607,The new cafe left a lot to be desired; overall it felt overpriced.,Negative,-0.89,Sad,Food Review
1608,We were thrilled with the online lecture — it felt excellent and well worth the money.,Positive,0.73,Happy,Education
1609,This film was a disappointment; the whole experience felt frustrating.,Negative,-0.71,Angry,Movie Review
1610,I'd describe the city tour as reasonable — it did the job without standing out.,Neutral,-0.15,Neutral,Travel Review
1611,"Sadly, the city tour turned out to be terrible, and I wouldn't try it again.",Negative,-0.79,Disappointed,Travel Review
1612,"This hotel turned out to be delightful, and I would recommend it to anyone.",Positive,0.8,Satisfied,Travel Review
1613,I'd describe this certification as ordinary — it did the job without standing out.,Neutral,-0.13,Neutral,Education
1614,"Honestly, the beach destination was delightful from start to finish, no complaints at all.",Positive,0.75,Happy,Travel Review
1615,It's hard to say much about this workshop; it was simply average.,Neutral,0.06,Neutral,Education
1616,"I have to say, this bakery exceeded my expectations; it was truly excellent.",Positive,0.79,Excited,Food Review
1617,I was really let down by the beach destination — it was disappointing compared to what was promised.,Negative,-0.88,Disappointed,Travel Review
1618,I was really let down by the mountain lodge — it was disappointing compared to what was promised.,Negative,-0.95,Sad,Travel Review
1619,The study guide left a lot to be desired; overall it felt awful.,Negative,-0.8,Fear,Education
1620,"Unfortunately, this course was subpar, and I regret spending money on it.",Negative,-0.95,Sad,Education
1621,"I have to say, the city tour exceeded my expectations; it was truly superb.",Positive,0.88,Satisfied,Travel Review
1622,We were thrilled with this documentary — it felt wonderful and well worth the money.,Positive,0.63,Excited,Movie Review
1623,"I have to say, this textbook exceeded my expectations; it was truly top-notch.",Positive,0.87,Happy,Education
1624,I'd describe the office chair as unremarkable — it did the job without standing out.,Neutral,0.01,Neutral,Product Review
1625,I was really let down by the new update — it was terrible compared to what was promised.,Negative,-0.8,Fear,Social Media
1626,"The sushi platter was average; nothing special, but nothing terrible either.",Neutral,-0.14,Neutral,Food Review
1627,"This thriller turned out to be amazing, and I would recommend it to anyone.",Positive,0.79,Satisfied,Movie Review
1628,"This consulting firm turned out to be superb, and I would recommend it to anyone.",Positive,0.78,Satisfied,Service Review
1629,"I have to say, the study guide exceeded my expectations; it was truly top-notch.",Positive,0.77,Excited,Education
1630,It's hard to say much about the vacuum cleaner; it was simply average.,Neutral,-0.1,Neutral,Product Review
1631,"Honestly, this food truck was fantastic from start to finish, no complaints at all.",Positive,0.84,Happy,Food Review
1632,This laptop left a lot to be desired; overall it felt frustrating.,Negative,-0.77,Disappointed,Product Review
1633,The study guide was a disappointment; the whole experience felt unreliable.,Negative,-0.56,Angry,Education
1634,"Sadly, the pasta dish turned out to be mediocre, and I wouldn't try it again.",Negative,-0.9,Disappointed,Food Review
1635,"Unfortunately, this post was frustrating, and I regret spending money on it.",Negative,-0.78,Angry,Social Media
1636,"The vacuum cleaner was ordinary overall, similar to most alternatives out there.",Neutral,0.05,Neutral,Product Review
1637,"This backpack turned out to be excellent, and I would recommend it to anyone.",Positive,0.88,Excited,Product Review
1638,"Sadly, the tech support line turned out to be awful, and I wouldn't try it again.",Negative,-0.56,Angry,Service Review
1639,This cleaning company impressed everyone in our group; simply delightful.,Positive,0.92,Happy,Service Review
1640,"The resort was adequate; nothing special, but nothing terrible either.",Neutral,0.04,Neutral,Travel Review
1641,"I have to say, this drama exceeded my expectations; it was truly wonderful.",Positive,0.86,Excited,Movie Review
1642,This diner left a lot to be desired; overall it felt frustrating.,Negative,-0.7,Disappointed,Food Review
1643,The tutoring session left a lot to be desired; overall it felt unreliable.,Negative,-0.64,Fear,Education
1644,It's hard to say much about the new update; it was simply fine.,Neutral,0.05,Neutral,Social Media
1645,We were thrilled with this tour package — it felt fantastic and well worth the money.,Positive,0.79,Happy,Travel Review
1646,"I have to say, the pasta dish exceeded my expectations; it was truly exceptional.",Positive,0.79,Excited,Food Review
1647,"I have to say, the new sequel exceeded my expectations; it was truly superb.",Positive,0.88,Excited,Movie Review
1648,"This tour package was adequate; nothing special, but nothing terrible either.",Neutral,0.14,Neutral,Travel Review
1649,"I have to say, this cleaning company exceeded my expectations; it was truly excellent.",Positive,0.62,Excited,Service Review
1650,"Unfortunately, the moving company was disappointing, and I regret spending money on it.",Negative,-0.64,Fear,Service Review
1651,The new cafe left a lot to be desired; overall it felt subpar.,Negative,-0.81,Angry,Food Review
1652,This restaurant was a disappointment; the whole experience felt unreliable.,Negative,-0.9,Fear,Food Review
1653,"Honestly, this meme was superb from start to finish, no complaints at all.",Positive,0.65,Excited,Social Media
1654,"Honestly, the livestream was fantastic from start to finish, no complaints at all.",Positive,0.73,Satisfied,Social Media
1655,This certification left a lot to be desired; overall it felt unreliable.,Negative,-0.71,Angry,Education
1656,The wireless headphones impressed everyone in our group; simply impressive.,Positive,0.65,Excited,Product Review
1657,The animated movie was a disappointment; the whole experience felt subpar.,Negative,-0.76,Disappointed,Movie Review
1658,This certification impressed everyone in our group; simply fantastic.,Positive,0.92,Excited,Education
1659,This tour package was a disappointment; the whole experience felt poorly made.,Negative,-0.95,Disappointed,Travel Review
1660,"Sadly, this backpack turned out to be terrible, and I wouldn't try it again.",Negative,-0.61,Angry,Product Review
1661,"Honestly, the animated movie was amazing from start to finish, no complaints at all.",Positive,0.96,Satisfied,Movie Review
1662,"This textbook turned out to be wonderful, and I would recommend it to anyone.",Positive,0.76,Excited,Education
1663,"This repair service was unremarkable; nothing special, but nothing terrible either.",Neutral,0.03,Neutral,Service Review
1664,This restaurant impressed everyone in our group; simply top-notch.,Positive,0.64,Excited,Food Review
1665,We were thrilled with the new sequel — it felt exceptional and well worth the money.,Positive,0.77,Excited,Movie Review
1666,"Sadly, this workshop turned out to be poorly made, and I wouldn't try it again.",Negative,-0.73,Fear,Education
1667,"Unfortunately, this meme was overpriced, and I regret spending money on it.",Negative,-0.56,Disappointed,Social Media
1668,"Unfortunately, this backpack was underwhelming, and I regret spending money on it.",Negative,-0.93,Sad,Product Review
1669,The mountain lodge left a lot to be desired; overall it felt unreliable.,Negative,-0.68,Angry,Travel Review
1670,"I have to say, this meme exceeded my expectations; it was truly amazing.",Positive,0.84,Satisfied,Social Media
1671,"The new cafe was standard; nothing special, but nothing terrible either.",Neutral,0.07,Neutral,Food Review
1672,The moving company left a lot to be desired; overall it felt underwhelming.,Negative,-0.77,Fear,Service Review
1673,This water bottle impressed everyone in our group; simply exceptional.,Positive,0.94,Happy,Product Review
1674,"Sadly, the tutoring session turned out to be terrible, and I wouldn't try it again.",Negative,-0.96,Angry,Education
1675,The livestream was a disappointment; the whole experience felt unreliable.,Negative,-0.69,Sad,Social Media
1676,"This backpack was ordinary; nothing special, but nothing terrible either.",Neutral,-0.13,Neutral,Product Review
1677,"I have to say, this course exceeded my expectations; it was truly amazing.",Positive,0.86,Happy,Education
1678,This course met the basic expectations and was generally typical.,Neutral,-0.06,Neutral,Education
1679,"The new cafe was unremarkable overall, similar to most alternatives out there.",Neutral,-0.02,Neutral,Food Review
1680,"This blender turned out to be excellent, and I would recommend it to anyone.",Positive,0.89,Excited,Product Review
1681,"The livestream turned out to be wonderful, and I would recommend it to anyone.",Positive,0.68,Excited,Social Media
1682,"The tech support line was standard; nothing special, but nothing terrible either.",Neutral,-0.14,Neutral,Service Review
1683,"This bakery was fine overall, similar to most alternatives out there.",Neutral,-0.12,Neutral,Food Review
1684,We were thrilled with this restaurant — it felt wonderful and well worth the money.,Positive,0.64,Satisfied,Food Review
1685,We were thrilled with the new sequel — it felt excellent and well worth the money.,Positive,0.8,Satisfied,Movie Review
1686,The dessert menu met the basic expectations and was generally ordinary.,Neutral,-0.11,Neutral,Food Review
1687,We were thrilled with this diner — it felt delightful and well worth the money.,Positive,0.61,Excited,Food Review
1688,I was really let down by this course — it was unreliable compared to what was promised.,Negative,-0.76,Angry,Education
1689,It's hard to say much about the resort; it was simply fine.,Neutral,-0.01,Neutral,Travel Review
1690,This backpack impressed everyone in our group; simply delightful.,Positive,0.79,Excited,Product Review
1691,"The sushi platter was adequate; nothing special, but nothing terrible either.",Neutral,-0.08,Neutral,Food Review
1692,The action film met the basic expectations and was generally typical.,Neutral,-0.04,Neutral,Movie Review
1693,"Honestly, the wireless headphones was superb from start to finish, no complaints at all.",Positive,0.63,Excited,Product Review
1694,The dessert menu left a lot to be desired; overall it felt frustrating.,Negative,-0.95,Angry,Food Review
1695,"Unfortunately, this video was awful, and I regret spending money on it.",Negative,-0.8,Disappointed,Social Media
1696,This laptop left a lot to be desired; overall it felt subpar.,Negative,-0.61,Sad,Product Review
1697,"Honestly, this documentary was outstanding from start to finish, no complaints at all.",Positive,0.95,Satisfied,Movie Review
1698,I'd describe the app redesign as okay — it did the job without standing out.,Neutral,-0.11,Neutral,Social Media
1699,The livestream impressed everyone in our group; simply fantastic.,Positive,0.62,Happy,Social Media
1700,This thriller met the basic expectations and was generally unremarkable.,Neutral,0.06,Neutral,Movie Review
1701,I was really let down by this tour package — it was terrible compared to what was promised.,Negative,-0.82,Angry,Travel Review
1702,This tour package met the basic expectations and was generally okay.,Neutral,-0.13,Neutral,Travel Review
1703,It's hard to say much about this blender; it was simply ordinary.,Neutral,-0.06,Neutral,Product Review
1704,The tutoring session was a disappointment; the whole experience felt awful.,Negative,-0.78,Fear,Education
1705,"Honestly, this drama was superb from start to finish, no complaints at all.",Positive,0.84,Excited,Movie Review
1706,"Sadly, this hotel turned out to be terrible, and I wouldn't try it again.",Negative,-0.78,Angry,Travel Review
1707,This bakery left a lot to be desired; overall it felt terrible.,Negative,-0.92,Disappointed,Food Review
1708,"I have to say, this rental agency exceeded my expectations; it was truly top-notch.",Positive,0.73,Excited,Service Review
1709,We were thrilled with this thread — it felt outstanding and well worth the money.,Positive,0.81,Satisfied,Social Media
1710,"Sadly, this thread turned out to be terrible, and I wouldn't try it again.",Negative,-0.57,Disappointed,Social Media
1711,We were thrilled with the app redesign — it felt impressive and well worth the money.,Positive,0.82,Excited,Social Media
1712,"This course turned out to be delightful, and I would recommend it to anyone.",Positive,0.97,Excited,Education
1713,The beach destination met the basic expectations and was generally reasonable.,Neutral,0.09,Neutral,Travel Review
1714,"Honestly, the livestream was impressive from start to finish, no complaints at all.",Positive,0.83,Excited,Social Media
1715,"This food truck turned out to be top-notch, and I would recommend it to anyone.",Positive,0.85,Satisfied,Food Review
1716,"I have to say, the training program exceeded my expectations; it was truly wonderful.",Positive,0.79,Excited,Education
1717,It's hard to say much about the wireless headphones; it was simply adequate.,Neutral,0.04,Neutral,Product Review
1718,The romantic comedy impressed everyone in our group; simply excellent.,Positive,0.65,Excited,Movie Review
1719,We were thrilled with the resort — it felt exceptional and well worth the money.,Positive,0.63,Excited,Travel Review
1720,"I have to say, this film exceeded my expectations; it was truly exceptional.",Positive,0.7,Excited,Movie Review
1721,"Unfortunately, this rental agency was poorly made, and I regret spending money on it.",Negative,-0.65,Sad,Service Review
1722,The new update met the basic expectations and was generally okay.,Neutral,0.13,Neutral,Social Media
1723,It's hard to say much about the animated movie; it was simply unremarkable.,Neutral,-0.15,Neutral,Movie Review
1724,We were thrilled with this drama — it felt excellent and well worth the money.,Positive,0.68,Excited,Movie Review
1725,We were thrilled with this rental agency — it felt amazing and well worth the money.,Positive,0.78,Happy,Service Review
1726,"I have to say, the vacuum cleaner exceeded my expectations; it was truly outstanding.",Positive,0.6,Satisfied,Product Review
1727,"Unfortunately, this post was poorly made, and I regret spending money on it.",Negative,-0.88,Angry,Social Media
1728,I'd describe this tour package as okay — it did the job without standing out.,Neutral,-0.05,Neutral,Travel Review
1729,"The wireless headphones turned out to be impressive, and I would recommend it to anyone.",Positive,0.93,Happy,Product Review
1730,"The animated movie was adequate; nothing special, but nothing terrible either.",Neutral,-0.1,Neutral,Movie Review
1731,"I have to say, the new sequel exceeded my expectations; it was truly exceptional.",Positive,0.83,Excited,Movie Review
1732,I was really let down by this thriller — it was underwhelming compared to what was promised.,Negative,-0.6,Fear,Movie Review
1733,I was really let down by this documentary — it was subpar compared to what was promised.,Negative,-0.86,Angry,Movie Review
1734,This water bottle left a lot to be desired; overall it felt terrible.,Negative,-0.97,Angry,Product Review
1735,I was really let down by this thriller — it was disappointing compared to what was promised.,Negative,-0.55,Fear,Movie Review
1736,It's hard to say much about the beach destination; it was simply okay.,Neutral,0.0,Neutral,Travel Review
1737,"This certification turned out to be top-notch, and I would recommend it to anyone.",Positive,0.86,Excited,Education
1738,"Unfortunately, the latest trend was overpriced, and I regret spending money on it.",Negative,-0.99,Sad,Social Media
1739,"I have to say, this rental agency exceeded my expectations; it was truly fantastic.",Positive,0.87,Excited,Service Review
1740,"The study guide was acceptable overall, similar to most alternatives out there.",Neutral,-0.11,Neutral,Education
1741,"Unfortunately, the action film was terrible, and I regret spending money on it.",Negative,-0.99,Disappointed,Movie Review
1742,I was really let down by the pasta dish — it was underwhelming compared to what was promised.,Negative,-0.81,Sad,Food Review
1743,"Unfortunately, this meme was poorly made, and I regret spending money on it.",Negative,-0.84,Angry,Social Media
1744,We were thrilled with this bakery — it felt delightful and well worth the money.,Positive,0.66,Happy,Food Review
1745,"Honestly, the new update was outstanding from start to finish, no complaints at all.",Positive,0.94,Excited,Social Media
1746,It's hard to say much about this certification; it was simply acceptable.,Neutral,-0.14,Neutral,Education
1747,This documentary impressed everyone in our group; simply amazing.,Positive,0.7,Satisfied,Movie Review
1748,The mountain lodge met the basic expectations and was generally average.,Neutral,0.15,Neutral,Travel Review
1749,I'd describe the app redesign as unremarkable — it did the job without standing out.,Neutral,0.1,Neutral,Social Media
1750,It's hard to say much about the romantic comedy; it was simply adequate.,Neutral,0.06,Neutral,Movie Review
1751,"This repair service was fine; nothing special, but nothing terrible either.",Neutral,0.09,Neutral,Service Review
1752,"The sushi platter was fine; nothing special, but nothing terrible either.",Neutral,-0.15,Neutral,Food Review
1753,This documentary impressed everyone in our group; simply fantastic.,Positive,0.87,Satisfied,Movie Review
1754,"I have to say, the tech support line exceeded my expectations; it was truly excellent.",Positive,0.76,Satisfied,Service Review
1755,This hostel left a lot to be desired; overall it felt awful.,Negative,-0.65,Sad,Travel Review
1756,The new update left a lot to be desired; overall it felt underwhelming.,Negative,-0.71,Angry,Social Media
1757,"The tutoring session was standard overall, similar to most alternatives out there.",Neutral,-0.08,Neutral,Education
1758,The animated movie left a lot to be desired; overall it felt underwhelming.,Negative,-0.69,Disappointed,Movie Review
1759,The resort impressed everyone in our group; simply amazing.,Positive,0.81,Satisfied,Travel Review
1760,It's hard to say much about this post; it was simply reasonable.,Neutral,-0.03,Neutral,Social Media
1761,"I have to say, the tutoring session exceeded my expectations; it was truly fantastic.",Positive,0.82,Satisfied,Education
1762,It's hard to say much about the dessert menu; it was simply okay.,Neutral,0.08,Neutral,Food Review
1763,"This certification was okay overall, similar to most alternatives out there.",Neutral,-0.1,Neutral,Education
1764,We were thrilled with this meme — it felt excellent and well worth the money.,Positive,0.89,Excited,Social Media
1765,"Honestly, this cleaning company was impressive from start to finish, no complaints at all.",Positive,0.62,Excited,Service Review
1766,"This documentary turned out to be amazing, and I would recommend it to anyone.",Positive,0.94,Satisfied,Movie Review
1767,I'd describe this workshop as average — it did the job without standing out.,Neutral,-0.0,Neutral,Education
1768,"Honestly, the new cafe was outstanding from start to finish, no complaints at all.",Positive,0.88,Satisfied,Food Review
1769,"I have to say, the new cafe exceeded my expectations; it was truly impressive.",Positive,0.89,Excited,Food Review
1770,"Unfortunately, the wireless headphones was awful, and I regret spending money on it.",Negative,-0.81,Disappointed,Product Review
1771,"I have to say, the new sequel exceeded my expectations; it was truly excellent.",Positive,0.92,Excited,Movie Review
1772,"Sadly, the action film turned out to be unreliable, and I wouldn't try it again.",Negative,-0.61,Disappointed,Movie Review
1773,The city tour left a lot to be desired; overall it felt awful.,Negative,-0.64,Disappointed,Travel Review
1774,It's hard to say much about this blender; it was simply standard.,Neutral,0.01,Neutral,Product Review
1775,I was really let down by this restaurant — it was underwhelming compared to what was promised.,Negative,-0.77,Sad,Food Review
1776,"I have to say, this repair service exceeded my expectations; it was truly top-notch.",Positive,0.88,Happy,Service Review
1777,"This textbook was average; nothing special, but nothing terrible either.",Neutral,0.08,Neutral,Education
1778,The app redesign was a disappointment; the whole experience felt underwhelming.,Negative,-0.93,Disappointed,Social Media
1779,"Sadly, the livestream turned out to be underwhelming, and I wouldn't try it again.",Negative,-0.86,Fear,Social Media
1780,"I have to say, this post exceeded my expectations; it was truly exceptional.",Positive,0.6,Excited,Social Media
1781,I'd describe the customer support team as reasonable — it did the job without standing out.,Neutral,0.08,Neutral,Service Review
1782,We were thrilled with this workshop — it felt excellent and well worth the money.,Positive,0.75,Excited,Education
1783,It's hard to say much about the resort; it was simply reasonable.,Neutral,0.05,Neutral,Travel Review
1784,We were thrilled with the vacuum cleaner — it felt fantastic and well worth the money.,Positive,0.74,Excited,Product Review
1785,I was really let down by this blender — it was underwhelming compared to what was promised.,Negative,-0.9,Angry,Product Review
1786,The action film was a disappointment; the whole experience felt poorly made.,Negative,-0.72,Disappointed,Movie Review
1787,We were thrilled with this hotel — it felt exceptional and well worth the money.,Positive,0.94,Satisfied,Travel Review
1788,"This water bottle was ordinary overall, similar to most alternatives out there.",Neutral,0.02,Neutral,Product Review
1789,The new sequel impressed everyone in our group; simply fantastic.,Positive,0.75,Excited,Movie Review
1790,The customer support team left a lot to be desired; overall it felt unreliable.,Negative,-0.58,Sad,Service Review
1791,The sushi platter impressed everyone in our group; simply wonderful.,Positive,0.95,Happy,Food Review
1792,The animated movie impressed everyone in our group; simply fantastic.,Positive,0.8,Excited,Movie Review
1793,I was really let down by the animated movie — it was overpriced compared to what was promised.,Negative,-0.95,Sad,Movie Review
1794,"I have to say, the wireless headphones exceeded my expectations; it was truly exceptional.",Positive,0.81,Satisfied,Product Review
1795,"Sadly, the pasta dish turned out to be overpriced, and I wouldn't try it again.",Negative,-0.55,Sad,Food Review
1796,The study guide impressed everyone in our group; simply superb.,Positive,0.62,Excited,Education
1797,The office chair impressed everyone in our group; simply wonderful.,Positive,0.74,Excited,Product Review
1798,This drama left a lot to be desired; overall it felt poorly made.,Negative,-0.61,Fear,Movie Review
1799,"The beach destination was unremarkable; nothing special, but nothing terrible either.",Neutral,0.01,Neutral,Travel Review
1800,This workshop left a lot to be desired; overall it felt terrible.,Negative,-0.81,Fear,Education
1801,"Unfortunately, this blender was subpar, and I regret spending money on it.",Negative,-0.69,Disappointed,Product Review
1802,"Unfortunately, the action film was underwhelming, and I regret spending money on it.",Negative,-0.66,Disappointed,Movie Review
1803,We were thrilled with this water bottle — it felt excellent and well worth the money.,Positive,0.99,Excited,Product Review
1804,"This post was fine; nothing special, but nothing terrible either.",Neutral,0.09,Neutral,Social Media
1805,We were thrilled with the new cafe — it felt top-notch and well worth the money.,Positive,0.69,Happy,Food Review
1806,We were thrilled with this course — it felt impressive and well worth the money.,Positive,0.95,Happy,Education
1807,"I have to say, this video exceeded my expectations; it was truly exceptional.",Positive,0.94,Happy,Social Media
1808,"Honestly, this workshop was excellent from start to finish, no complaints at all.",Positive,0.74,Happy,Education
1809,We were thrilled with the vacuum cleaner — it felt superb and well worth the money.,Positive,0.72,Excited,Product Review
1810,I'd describe this laptop as unremarkable — it did the job without standing out.,Neutral,0.05,Neutral,Product Review
1811,I was really let down by the study guide — it was awful compared to what was promised.,Negative,-0.77,Angry,Education
1812,"The animated movie was acceptable; nothing special, but nothing terrible either.",Neutral,-0.12,Neutral,Movie Review
1813,This restaurant left a lot to be desired; overall it felt mediocre.,Negative,-0.55,Angry,Food Review
1814,I'd describe this video as okay — it did the job without standing out.,Neutral,0.01,Neutral,Social Media
1815,We were thrilled with this consulting firm — it felt outstanding and well worth the money.,Positive,0.99,Excited,Service Review
1816,"The customer support team was typical overall, similar to most alternatives out there.",Neutral,-0.09,Neutral,Service Review
1817,We were thrilled with this thriller — it felt delightful and well worth the money.,Positive,0.67,Satisfied,Movie Review
1818,"Unfortunately, the new update was underwhelming, and I regret spending money on it.",Negative,-0.63,Sad,Social Media
1819,It's hard to say much about this film; it was simply fine.,Neutral,0.01,Neutral,Movie Review
1820,The training program impressed everyone in our group; simply excellent.,Positive,0.71,Excited,Education
1821,"Sadly, this video turned out to be poorly made, and I wouldn't try it again.",Negative,-0.78,Sad,Social Media
1822,I was really let down by this thriller — it was frustrating compared to what was promised.,Negative,-0.85,Disappointed,Movie Review
1823,This restaurant impressed everyone in our group; simply excellent.,Positive,0.93,Satisfied,Food Review
1824,"I have to say, this backpack exceeded my expectations; it was truly impressive.",Positive,0.65,Happy,Product Review
1825,"I have to say, this hostel exceeded my expectations; it was truly outstanding.",Positive,0.99,Happy,Travel Review
1826,"Honestly, the dessert menu was wonderful from start to finish, no complaints at all.",Positive,0.7,Satisfied,Food Review
1827,This textbook met the basic expectations and was generally fine.,Neutral,0.05,Neutral,Education
1828,"This course turned out to be superb, and I would recommend it to anyone.",Positive,0.77,Excited,Education
1829,"I have to say, this tour package exceeded my expectations; it was truly excellent.",Positive,0.67,Satisfied,Travel Review
1830,This certification impressed everyone in our group; simply superb.,Positive,0.63,Happy,Education
1831,It's hard to say much about the smartwatch; it was simply ordinary.,Neutral,-0.08,Neutral,Product Review
1832,I'd describe the moving company as typical — it did the job without standing out.,Neutral,0.03,Neutral,Service Review
1833,"This consulting firm was average overall, similar to most alternatives out there.",Neutral,0.11,Neutral,Service Review
1834,"Unfortunately, this backpack was disappointing, and I regret spending money on it.",Negative,-0.67,Fear,Product Review
1835,This course was a disappointment; the whole experience felt mediocre.,Negative,-0.61,Sad,Education
1836,It's hard to say much about the online lecture; it was simply okay.,Neutral,0.03,Neutral,Education
1837,We were thrilled with this food truck — it felt delightful and well worth the money.,Positive,0.96,Satisfied,Food Review
1838,It's hard to say much about the delivery service; it was simply standard.,Neutral,0.09,Neutral,Service Review
1839,"Honestly, this cruise was excellent from start to finish, no complaints at all.",Positive,0.61,Happy,Travel Review
1840,"This thread was average; nothing special, but nothing terrible either.",Neutral,0.1,Neutral,Social Media
1841,"Unfortunately, the tech support line was subpar, and I regret spending money on it.",Negative,-0.89,Sad,Service Review
1842,"The wireless headphones turned out to be fantastic, and I would recommend it to anyone.",Positive,0.66,Excited,Product Review
1843,The city tour was a disappointment; the whole experience felt underwhelming.,Negative,-0.67,Fear,Travel Review
1844,"Unfortunately, this bakery was mediocre, and I regret spending money on it.",Negative,-0.91,Fear,Food Review
1845,"Sadly, this repair service turned out to be frustrating, and I wouldn't try it again.",Negative,-0.61,Angry,Service Review
1846,"The delivery service turned out to be wonderful, and I would recommend it to anyone.",Positive,0.89,Excited,Service Review
1847,"Sadly, the new sequel turned out to be underwhelming, and I wouldn't try it again.",Negative,-0.86,Fear,Movie Review
1848,"Unfortunately, the resort was mediocre, and I regret spending money on it.",Negative,-0.61,Fear,Travel Review
1849,We were thrilled with this post — it felt superb and well worth the money.,Positive,0.73,Happy,Social Media
1850,"I have to say, this thriller exceeded my expectations; it was truly exceptional.",Positive,0.91,Excited,Movie Review
1851,It's hard to say much about the training program; it was simply ordinary.,Neutral,-0.05,Neutral,Education
1852,"This video was acceptable; nothing special, but nothing terrible either.",Neutral,0.11,Neutral,Social Media
1853,It's hard to say much about the animated movie; it was simply ordinary.,Neutral,0.1,Neutral,Movie Review
1854,"I have to say, this food truck exceeded my expectations; it was truly delightful.",Positive,0.79,Satisfied,Food Review
1855,I was really let down by the wireless headphones — it was disappointing compared to what was promised.,Negative,-0.72,Disappointed,Product Review
1856,"This workshop was adequate overall, similar to most alternatives out there.",Neutral,0.11,Neutral,Education
1857,"This tour package was standard overall, similar to most alternatives out there.",Neutral,-0.07,Neutral,Travel Review
1858,The wireless headphones impressed everyone in our group; simply superb.,Positive,0.91,Satisfied,Product Review
1859,"The tech support line was acceptable overall, similar to most alternatives out there.",Neutral,0.09,Neutral,Service Review
1860,"I have to say, this thriller exceeded my expectations; it was truly excellent.",Positive,1.0,Happy,Movie Review
1861,We were thrilled with the sushi platter — it felt superb and well worth the money.,Positive,0.96,Excited,Food Review
1862,"Unfortunately, this hotel was awful, and I regret spending money on it.",Negative,-0.9,Sad,Travel Review
1863,It's hard to say much about the online lecture; it was simply ordinary.,Neutral,-0.09,Neutral,Education
1864,"Honestly, the moving company was top-notch from start to finish, no complaints at all.",Positive,0.7,Excited,Service Review
1865,"Sadly, this drama turned out to be underwhelming, and I wouldn't try it again.",Negative,-0.95,Disappointed,Movie Review
1866,This bakery impressed everyone in our group; simply exceptional.,Positive,0.68,Happy,Food Review
1867,This cruise impressed everyone in our group; simply exceptional.,Positive,0.73,Happy,Travel Review
1868,"This tour package turned out to be amazing, and I would recommend it to anyone.",Positive,0.63,Satisfied,Travel Review
1869,We were thrilled with this restaurant — it felt excellent and well worth the money.,Positive,0.68,Excited,Food Review
1870,The tech support line left a lot to be desired; overall it felt poorly made.,Negative,-0.63,Fear,Service Review
1871,"Sadly, this meme turned out to be unreliable, and I wouldn't try it again.",Negative,-0.62,Disappointed,Social Media
1872,We were thrilled with the romantic comedy — it felt superb and well worth the money.,Positive,0.68,Satisfied,Movie Review
1873,"Honestly, this meme was delightful from start to finish, no complaints at all.",Positive,0.88,Satisfied,Social Media
1874,I'd describe this diner as acceptable — it did the job without standing out.,Neutral,-0.15,Neutral,Food Review
1875,The beach destination impressed everyone in our group; simply top-notch.,Positive,0.77,Happy,Travel Review
1876,"I have to say, this meme exceeded my expectations; it was truly exceptional.",Positive,0.84,Happy,Social Media
1877,The action film impressed everyone in our group; simply fantastic.,Positive,0.86,Satisfied,Movie Review
1878,This post impressed everyone in our group; simply excellent.,Positive,0.78,Excited,Social Media
1879,"Unfortunately, this restaurant was mediocre, and I regret spending money on it.",Negative,-0.82,Angry,Food Review
1880,This hotel impressed everyone in our group; simply delightful.,Positive,0.75,Excited,Travel Review
1881,"This cleaning company turned out to be wonderful, and I would recommend it to anyone.",Positive,0.9,Satisfied,Service Review
1882,"The office chair turned out to be outstanding, and I would recommend it to anyone.",Positive,0.91,Satisfied,Product Review
1883,"I have to say, the app redesign exceeded my expectations; it was truly amazing.",Positive,0.6,Excited,Social Media
1884,"Unfortunately, the moving company was terrible, and I regret spending money on it.",Negative,-0.89,Angry,Service Review
1885,"Sadly, this meme turned out to be poorly made, and I wouldn't try it again.",Negative,-0.9,Fear,Social Media
1886,I'd describe the mountain lodge as reasonable — it did the job without standing out.,Neutral,0.06,Neutral,Travel Review
1887,The pasta dish impressed everyone in our group; simply fantastic.,Positive,0.93,Satisfied,Food Review
1888,"This thriller was unremarkable; nothing special, but nothing terrible either.",Neutral,0.08,Neutral,Movie Review
1889,"The smartwatch turned out to be fantastic, and I would recommend it to anyone.",Positive,0.74,Happy,Product Review
1890,It's hard to say much about the latest trend; it was simply reasonable.,Neutral,0.0,Neutral,Social Media
1891,We were thrilled with this meme — it felt impressive and well worth the money.,Positive,0.99,Happy,Social Media
1892,I was really let down by this course — it was poorly made compared to what was promised.,Negative,-0.67,Sad,Education
1893,"This hostel was ordinary overall, similar to most alternatives out there.",Neutral,-0.14,Neutral,Travel Review
1894,The mountain lodge left a lot to be desired; overall it felt poorly made.,Negative,-0.86,Fear,Travel Review
1895,"Honestly, this film was impressive from start to finish, no complaints at all.",Positive,0.76,Satisfied,Movie Review
1896,"I have to say, this video exceeded my expectations; it was truly wonderful.",Positive,0.95,Happy,Social Media
1897,The city tour was a disappointment; the whole experience felt poorly made.,Negative,-0.84,Fear,Travel Review
1898,The vacuum cleaner impressed everyone in our group; simply top-notch.,Positive,0.76,Happy,Product Review
1899,"Honestly, the beach destination was fantastic from start to finish, no complaints at all.",Positive,0.65,Happy,Travel Review
1900,"The mountain lodge turned out to be amazing, and I would recommend it to anyone.",Positive,0.84,Satisfied,Travel Review
1901,"This thriller was ordinary overall, similar to most alternatives out there.",Neutral,0.14,Neutral,Movie Review
1902,"This bakery was acceptable; nothing special, but nothing terrible either.",Neutral,0.1,Neutral,Food Review
1903,I was really let down by the dessert menu — it was awful compared to what was promised.,Negative,-0.86,Angry,Food Review
1904,This hotel met the basic expectations and was generally unremarkable.,Neutral,-0.03,Neutral,Travel Review
1905,I was really let down by this cruise — it was subpar compared to what was promised.,Negative,-0.79,Disappointed,Travel Review
1906,The wireless headphones impressed everyone in our group; simply delightful.,Positive,0.66,Excited,Product Review
1907,We were thrilled with this bakery — it felt impressive and well worth the money.,Positive,0.89,Satisfied,Food Review
1908,The study guide impressed everyone in our group; simply excellent.,Positive,0.79,Satisfied,Education
1909,"This rental agency was acceptable; nothing special, but nothing terrible either.",Neutral,0.11,Neutral,Service Review
1910,"The study guide was reasonable; nothing special, but nothing terrible either.",Neutral,-0.03,Neutral,Education
1911,"Sadly, this certification turned out to be disappointing, and I wouldn't try it again.",Negative,-0.87,Disappointed,Education
1912,"This water bottle turned out to be impressive, and I would recommend it to anyone.",Positive,0.68,Happy,Product Review
1913,"This meme was standard; nothing special, but nothing terrible either.",Neutral,0.08,Neutral,Social Media
1914,"The moving company was standard; nothing special, but nothing terrible either.",Neutral,0.09,Neutral,Service Review
1915,"Honestly, this water bottle was exceptional from start to finish, no complaints at all.",Positive,0.99,Happy,Product Review
1916,I'd describe this repair service as typical — it did the job without standing out.,Neutral,-0.06,Neutral,Service Review
1917,It's hard to say much about this cruise; it was simply adequate.,Neutral,-0.04,Neutral,Travel Review
1918,"Honestly, the resort was excellent from start to finish, no complaints at all.",Positive,0.87,Excited,Travel Review
1919,"The romantic comedy turned out to be amazing, and I would recommend it to anyone.",Positive,0.62,Excited,Movie Review
1920,This laptop impressed everyone in our group; simply wonderful.,Positive,0.61,Excited,Product Review
1921,The training program impressed everyone in our group; simply amazing.,Positive,0.91,Happy,Education
1922,This workshop left a lot to be desired; overall it felt frustrating.,Negative,-0.59,Fear,Education
1923,"I have to say, this workshop exceeded my expectations; it was truly exceptional.",Positive,0.92,Satisfied,Education
1924,I was really let down by this bakery — it was overpriced compared to what was promised.,Negative,-0.57,Angry,Food Review
1925,We were thrilled with this water bottle — it felt exceptional and well worth the money.,Positive,0.75,Satisfied,Product Review
1926,"Unfortunately, this post was awful, and I regret spending money on it.",Negative,-0.71,Fear,Social Media
1927,"This workshop turned out to be impressive, and I would recommend it to anyone.",Positive,0.96,Excited,Education
1928,This bakery impressed everyone in our group; simply fantastic.,Positive,0.71,Happy,Food Review
1929,I was really let down by this backpack — it was terrible compared to what was promised.,Negative,-0.9,Sad,Product Review
1930,"This thread was ordinary overall, similar to most alternatives out there.",Neutral,-0.05,Neutral,Social Media
1931,"The tutoring session was unremarkable overall, similar to most alternatives out there.",Neutral,-0.01,Neutral,Education
1932,It's hard to say much about the mountain lodge; it was simply acceptable.,Neutral,0.14,Neutral,Travel Review
1933,"I have to say, this documentary exceeded my expectations; it was truly impressive.",Positive,0.63,Excited,Movie Review
1934,This diner was a disappointment; the whole experience felt underwhelming.,Negative,-0.76,Angry,Food Review
1935,I'd describe this repair service as standard — it did the job without standing out.,Neutral,-0.06,Neutral,Service Review
1936,The new update impressed everyone in our group; simply impressive.,Positive,0.86,Satisfied,Social Media
1937,"The app redesign turned out to be outstanding, and I would recommend it to anyone.",Positive,0.68,Happy,Social Media
1938,The sushi platter impressed everyone in our group; simply amazing.,Positive,0.73,Satisfied,Food Review
1939,I was really let down by the livestream — it was disappointing compared to what was promised.,Negative,-0.87,Fear,Social Media
1940,"Honestly, the tutoring session was exceptional from start to finish, no complaints at all.",Positive,0.82,Happy,Education
1941,"Unfortunately, the sushi platter was frustrating, and I regret spending money on it.",Negative,-0.87,Disappointed,Food Review
1942,This video met the basic expectations and was generally typical.,Neutral,-0.07,Neutral,Social Media
1943,I was really let down by the moving company — it was overpriced compared to what was promised.,Negative,-0.63,Sad,Service Review
1944,We were thrilled with the beach destination — it felt wonderful and well worth the money.,Positive,0.62,Happy,Travel Review
1945,"The livestream was adequate; nothing special, but nothing terrible either.",Neutral,-0.03,Neutral,Social Media
1946,The livestream was a disappointment; the whole experience felt poorly made.,Negative,-0.62,Angry,Social Media
1947,"Unfortunately, this drama was frustrating, and I regret spending money on it.",Negative,-0.73,Angry,Movie Review
1948,This drama was a disappointment; the whole experience felt overpriced.,Negative,-0.65,Disappointed,Movie Review
1949,I'd describe this workshop as typical — it did the job without standing out.,Neutral,-0.12,Neutral,Education
1950,"The vacuum cleaner turned out to be exceptional, and I would recommend it to anyone.",Positive,0.79,Happy,Product Review
1951,It's hard to say much about the study guide; it was simply adequate.,Neutral,0.12,Neutral,Education
1952,The livestream was a disappointment; the whole experience felt terrible.,Negative,-0.64,Disappointed,Social Media
1953,I'd describe the beach destination as reasonable — it did the job without standing out.,Neutral,-0.05,Neutral,Travel Review
1954,"This drama was okay; nothing special, but nothing terrible either.",Neutral,-0.09,Neutral,Movie Review
1955,"Unfortunately, this laptop was awful, and I regret spending money on it.",Negative,-0.85,Disappointed,Product Review
1956,The new cafe impressed everyone in our group; simply superb.,Positive,0.76,Excited,Food Review
1957,The online lecture left a lot to be desired; overall it felt terrible.,Negative,-0.79,Sad,Education
1958,"The action film was reasonable overall, similar to most alternatives out there.",Neutral,0.06,Neutral,Movie Review
1959,"This tour package turned out to be superb, and I would recommend it to anyone.",Positive,0.91,Satisfied,Travel Review
1960,"I have to say, this cleaning company exceeded my expectations; it was truly impressive.",Positive,0.91,Excited,Service Review
1961,"I have to say, this thriller exceeded my expectations; it was truly fantastic.",Positive,0.92,Satisfied,Movie Review
1962,"The sushi platter was reasonable overall, similar to most alternatives out there.",Neutral,0.04,Neutral,Food Review
1963,"Sadly, this cruise turned out to be frustrating, and I wouldn't try it again.",Negative,-0.59,Disappointed,Travel Review
1964,"Sadly, the vacuum cleaner turned out to be unreliable, and I wouldn't try it again.",Negative,-0.57,Disappointed,Product Review
1965,This certification left a lot to be desired; overall it felt underwhelming.,Negative,-0.82,Fear,Education
1966,It's hard to say much about the city tour; it was simply acceptable.,Neutral,0.14,Neutral,Travel Review
1967,"The beach destination turned out to be impressive, and I would recommend it to anyone.",Positive,0.71,Happy,Travel Review
1968,"Honestly, this water bottle was superb from start to finish, no complaints at all.",Positive,0.98,Happy,Product Review
1969,It's hard to say much about this post; it was simply adequate.,Neutral,0.08,Neutral,Social Media
1970,This water bottle was a disappointment; the whole experience felt terrible.,Negative,-0.84,Fear,Product Review
1971,It's hard to say much about this thread; it was simply acceptable.,Neutral,0.09,Neutral,Social Media
1972,"This bakery turned out to be exceptional, and I would recommend it to anyone.",Positive,0.76,Satisfied,Food Review
1973,"Sadly, this drama turned out to be unreliable, and I wouldn't try it again.",Negative,-0.82,Angry,Movie Review
1974,"The sushi platter was unremarkable overall, similar to most alternatives out there.",Neutral,-0.03,Neutral,Food Review
1975,"Honestly, the dessert menu was fantastic from start to finish, no complaints at all.",Positive,1.0,Satisfied,Food Review
1976,"Honestly, this film was superb from start to finish, no complaints at all.",Positive,0.6,Satisfied,Movie Review
1977,"I have to say, the mountain lodge exceeded my expectations; it was truly superb.",Positive,0.85,Satisfied,Travel Review
1978,I was really let down by the dessert menu — it was terrible compared to what was promised.,Negative,-0.68,Angry,Food Review
1979,"Unfortunately, this diner was frustrating, and I regret spending money on it.",Negative,-0.77,Angry,Food Review
1980,"This hostel turned out to be amazing, and I would recommend it to anyone.",Positive,0.66,Excited,Travel Review
1981,"Unfortunately, this hostel was disappointing, and I regret spending money on it.",Negative,-0.73,Fear,Travel Review
1982,This post left a lot to be desired; overall it felt disappointing.,Negative,-0.6,Disappointed,Social Media
1983,We were thrilled with this hotel — it felt delightful and well worth the money.,Positive,0.76,Satisfied,Travel Review
1984,"Sadly, this workshop turned out to be awful, and I wouldn't try it again.",Negative,-0.98,Sad,Education
1985,"This laptop was unremarkable overall, similar to most alternatives out there.",Neutral,-0.05,Neutral,Product Review
1986,"Honestly, the vacuum cleaner was excellent from start to finish, no complaints at all.",Positive,0.92,Happy,Product Review
1987,This thriller was a disappointment; the whole experience felt unreliable.,Negative,-0.83,Disappointed,Movie Review
1988,"I have to say, the customer support team exceeded my expectations; it was truly superb.",Positive,0.91,Happy,Service Review
1989,We were thrilled with the city tour — it felt superb and well worth the money.,Positive,0.62,Happy,Travel Review
1990,I'd describe the tech support line as ordinary — it did the job without standing out.,Neutral,0.14,Neutral,Service Review
1991,The sushi platter left a lot to be desired; overall it felt frustrating.,Negative,-0.96,Fear,Food Review
1992,"This laptop was standard; nothing special, but nothing terrible either.",Neutral,-0.13,Neutral,Product Review
1993,We were thrilled with the romantic comedy — it felt excellent and well worth the money.,Positive,0.78,Satisfied,Movie Review
1994,"The vacuum cleaner was reasonable overall, similar to most alternatives out there.",Neutral,-0.07,Neutral,Product Review
1995,I'd describe this hotel as unremarkable — it did the job without standing out.,Neutral,0.05,Neutral,Travel Review
1996,This meme impressed everyone in our group; simply top-notch.,Positive,0.61,Satisfied,Social Media
1997,The livestream left a lot to be desired; overall it felt frustrating.,Negative,-0.98,Sad,Social Media
1998,"Unfortunately, this diner was poorly made, and I regret spending money on it.",Negative,-0.75,Sad,Food Review
1999,"This consulting firm was okay overall, similar to most alternatives out there.",Neutral,0.11,Neutral,Service Review
2000,It's hard to say much about this course; it was simply adequate.,Neutral,-0.13,Neutral,Education
2001,We were thrilled with the app redesign — it felt wonderful and well worth the money.,Positive,0.9,Happy,Social Media
2002,"The resort turned out to be excellent, and I would recommend it to anyone.",Positive,0.87,Excited,Travel Review
2003,The dessert menu met the basic expectations and was generally reasonable.,Neutral,0.03,Neutral,Food Review
2004,"I have to say, this blender exceeded my expectations; it was truly fantastic.",Positive,0.64,Excited,Product Review
2005,It's hard to say much about the tech support line; it was simply typical.,Neutral,0.09,Neutral,Service Review
2006,The office chair was a disappointment; the whole experience felt overpriced.,Negative,-0.79,Disappointed,Product Review
2007,"I have to say, this thread exceeded my expectations; it was truly excellent.",Positive,0.64,Satisfied,Social Media
2008,"This workshop turned out to be top-notch, and I would recommend it to anyone.",Positive,0.71,Happy,Education
2009,This drama impressed everyone in our group; simply impressive.,Positive,0.68,Excited,Movie Review
2010,The tutoring session was a disappointment; the whole experience felt unreliable.,Negative,-0.83,Sad,Education
2011,"Sadly, this cruise turned out to be terrible, and I wouldn't try it again.",Negative,-0.91,Angry,Travel Review
2012,The animated movie was a disappointment; the whole experience felt unreliable.,Negative,-0.95,Disappointed,Movie Review
2013,It's hard to say much about the office chair; it was simply fine.,Neutral,-0.0,Neutral,Product Review
2014,This food truck was a disappointment; the whole experience felt frustrating.,Negative,-0.59,Sad,Food Review
2015,"Honestly, the mountain lodge was exceptional from start to finish, no complaints at all.",Positive,0.81,Excited,Travel Review
2016,We were thrilled with this cruise — it felt top-notch and well worth the money.,Positive,0.98,Excited,Travel Review
2017,We were thrilled with this hotel — it felt impressive and well worth the money.,Positive,0.93,Satisfied,Travel Review
2018,This meme was a disappointment; the whole experience felt terrible.,Negative,-0.68,Angry,Social Media
2019,"Unfortunately, the customer support team was subpar, and I regret spending money on it.",Negative,-0.56,Disappointed,Service Review
2020,"Unfortunately, this drama was awful, and I regret spending money on it.",Negative,-0.83,Disappointed,Movie Review
2021,This restaurant impressed everyone in our group; simply impressive.,Positive,0.6,Excited,Food Review
2022,It's hard to say much about the livestream; it was simply average.,Neutral,0.09,Neutral,Social Media
2023,I was really let down by the tech support line — it was disappointing compared to what was promised.,Negative,-0.81,Angry,Service Review
2024,"Honestly, this blender was excellent from start to finish, no complaints at all.",Positive,0.92,Excited,Product Review
2025,This repair service impressed everyone in our group; simply delightful.,Positive,0.78,Satisfied,Service Review
2026,"Unfortunately, this diner was subpar, and I regret spending money on it.",Negative,-0.76,Angry,Food Review
2027,"Unfortunately, the livestream was overpriced, and I regret spending money on it.",Negative,-0.82,Disappointed,Social Media
2028,"Sadly, the customer support team turned out to be mediocre, and I wouldn't try it again.",Negative,-0.76,Sad,Service Review
2029,"Honestly, this textbook was superb from start to finish, no complaints at all.",Positive,0.92,Satisfied,Education
2030,"Sadly, this tour package turned out to be poorly made, and I wouldn't try it again.",Negative,-0.78,Angry,Travel Review
2031,This film left a lot to be desired; overall it felt overpriced.,Negative,-0.97,Angry,Movie Review
2032,The tech support line met the basic expectations and was generally fine.,Neutral,-0.03,Neutral,Service Review
2033,It's hard to say much about this thread; it was simply reasonable.,Neutral,0.05,Neutral,Social Media
2034,This backpack impressed everyone in our group; simply top-notch.,Positive,0.83,Happy,Product Review
2035,This post met the basic expectations and was generally okay.,Neutral,-0.09,Neutral,Social Media
2036,"Unfortunately, this backpack was mediocre, and I regret spending money on it.",Negative,-0.75,Fear,Product Review
2037,This workshop impressed everyone in our group; simply impressive.,Positive,0.74,Excited,Education
2038,"The pasta dish turned out to be impressive, and I would recommend it to anyone.",Positive,0.91,Satisfied,Food Review
2039,We were thrilled with the new sequel — it felt delightful and well worth the money.,Positive,0.84,Happy,Movie Review
2040,I'd describe the animated movie as okay — it did the job without standing out.,Neutral,-0.12,Neutral,Movie Review
2041,The resort impressed everyone in our group; simply top-notch.,Positive,0.87,Satisfied,Travel Review
2042,It's hard to say much about this restaurant; it was simply reasonable.,Neutral,0.14,Neutral,Food Review
2043,The new update left a lot to be desired; overall it felt mediocre.,Negative,-0.81,Disappointed,Social Media
2044,This documentary impressed everyone in our group; simply impressive.,Positive,0.89,Excited,Movie Review
2045,I'd describe the vacuum cleaner as reasonable — it did the job without standing out.,Neutral,-0.03,Neutral,Product Review
2046,"I have to say, the customer support team exceeded my expectations; it was truly wonderful.",Positive,0.82,Excited,Service Review
2047,The tech support line impressed everyone in our group; simply impressive.,Positive,0.69,Satisfied,Service Review
2048,"The beach destination turned out to be superb, and I would recommend it to anyone.",Positive,0.67,Satisfied,Travel Review
2049,"I have to say, the resort exceeded my expectations; it was truly wonderful.",Positive,0.83,Satisfied,Travel Review
2050,We were thrilled with this cruise — it felt fantastic and well worth the money.,Positive,1.0,Excited,Travel Review
2051,The dessert menu was a disappointment; the whole experience felt frustrating.,Negative,-0.62,Angry,Food Review
2052,I was really let down by the smartwatch — it was unreliable compared to what was promised.,Negative,-0.81,Fear,Product Review
2053,"This thread was fine overall, similar to most alternatives out there.",Neutral,-0.1,Neutral,Social Media
2054,"The mountain lodge turned out to be fantastic, and I would recommend it to anyone.",Positive,0.66,Excited,Travel Review
2055,The smartwatch impressed everyone in our group; simply top-notch.,Positive,0.79,Excited,Product Review
2056,The mountain lodge left a lot to be desired; overall it felt underwhelming.,Negative,-0.76,Fear,Travel Review
2057,The latest trend left a lot to be desired; overall it felt frustrating.,Negative,-0.8,Fear,Social Media
2058,It's hard to say much about this rental agency; it was simply acceptable.,Neutral,0.07,Neutral,Service Review
2059,"The smartwatch turned out to be excellent, and I would recommend it to anyone.",Positive,0.96,Satisfied,Product Review
2060,"Unfortunately, this cleaning company was awful, and I regret spending money on it.",Negative,-0.66,Sad,Service Review
2061,"Honestly, the dessert menu was amazing from start to finish, no complaints at all.",Positive,0.64,Satisfied,Food Review
2062,I'd describe the latest trend as standard — it did the job without standing out.,Neutral,0.01,Neutral,Social Media
2063,"Unfortunately, the romantic comedy was frustrating, and I regret spending money on it.",Negative,-0.92,Sad,Movie Review
2064,"Sadly, this restaurant turned out to be frustrating, and I wouldn't try it again.",Negative,-0.66,Disappointed,Food Review
2065,I'd describe this food truck as okay — it did the job without standing out.,Neutral,0.14,Neutral,Food Review
2066,We were thrilled with the pasta dish — it felt fantastic and well worth the money.,Positive,0.94,Excited,Food Review
2067,"The moving company turned out to be top-notch, and I would recommend it to anyone.",Positive,0.77,Excited,Service Review
2068,"The dessert menu turned out to be wonderful, and I would recommend it to anyone.",Positive,0.83,Excited,Food Review
2069,This meme met the basic expectations and was generally standard.,Neutral,-0.12,Neutral,Social Media
2070,This consulting firm left a lot to be desired; overall it felt unreliable.,Negative,-0.69,Fear,Service Review
2071,We were thrilled with the animated movie — it felt impressive and well worth the money.,Positive,0.94,Satisfied,Movie Review
2072,"The beach destination turned out to be fantastic, and I would recommend it to anyone.",Positive,0.77,Happy,Travel Review
2073,I'd describe this cleaning company as adequate — it did the job without standing out.,Neutral,0.0,Neutral,Service Review
2074,This film was a disappointment; the whole experience felt poorly made.,Negative,-0.9,Fear,Movie Review
2075,"Sadly, this restaurant turned out to be terrible, and I wouldn't try it again.",Negative,-0.99,Sad,Food Review
2076,The training program met the basic expectations and was generally reasonable.,Neutral,0.15,Neutral,Education
2077,"I have to say, the tech support line exceeded my expectations; it was truly delightful.",Positive,0.71,Happy,Service Review
2078,We were thrilled with the dessert menu — it felt fantastic and well worth the money.,Positive,0.7,Satisfied,Food Review
2079,We were thrilled with the new sequel — it felt outstanding and well worth the money.,Positive,0.67,Excited,Movie Review
2080,We were thrilled with this documentary — it felt exceptional and well worth the money.,Positive,0.97,Happy,Movie Review
2081,I was really let down by this cleaning company — it was unreliable compared to what was promised.,Negative,-0.58,Sad,Service Review
2082,I was really let down by the office chair — it was overpriced compared to what was promised.,Negative,-0.75,Angry,Product Review
2083,It's hard to say much about this rental agency; it was simply typical.,Neutral,0.1,Neutral,Service Review
2084,"The online lecture was adequate overall, similar to most alternatives out there.",Neutral,0.13,Neutral,Education
2085,We were thrilled with this tour package — it felt delightful and well worth the money.,Positive,0.81,Excited,Travel Review
2086,This post impressed everyone in our group; simply top-notch.,Positive,0.79,Satisfied,Social Media
2087,This consulting firm left a lot to be desired; overall it felt awful.,Negative,-0.97,Sad,Service Review
2088,This drama left a lot to be desired; overall it felt awful.,Negative,-0.59,Disappointed,Movie Review
2089,The new sequel impressed everyone in our group; simply outstanding.,Positive,0.88,Satisfied,Movie Review
2090,We were thrilled with the action film — it felt outstanding and well worth the money.,Positive,0.75,Satisfied,Movie Review
2091,"I have to say, this food truck exceeded my expectations; it was truly outstanding.",Positive,0.72,Excited,Food Review
2092,We were thrilled with this repair service — it felt exceptional and well worth the money.,Positive,0.68,Excited,Service Review
2093,"Unfortunately, the romantic comedy was poorly made, and I regret spending money on it.",Negative,-0.8,Disappointed,Movie Review
2094,The customer support team met the basic expectations and was generally reasonable.,Neutral,0.0,Neutral,Service Review
2095,This film impressed everyone in our group; simply excellent.,Positive,0.93,Happy,Movie Review
2096,The mountain lodge was a disappointment; the whole experience felt underwhelming.,Negative,-0.75,Fear,Travel Review
2097,I was really let down by this food truck — it was overpriced compared to what was promised.,Negative,-0.68,Angry,Food Review
2098,We were thrilled with this tour package — it felt top-notch and well worth the money.,Positive,0.84,Satisfied,Travel Review
2099,I'd describe the dessert menu as standard — it did the job without standing out.,Neutral,0.02,Neutral,Food Review
2100,The city tour impressed everyone in our group; simply delightful.,Positive,0.91,Excited,Travel Review
2101,"I have to say, this bakery exceeded my expectations; it was truly exceptional.",Positive,0.69,Satisfied,Food Review
2102,"Sadly, this documentary turned out to be mediocre, and I wouldn't try it again.",Negative,-0.81,Disappointed,Movie Review
2103,We were thrilled with the pasta dish — it felt delightful and well worth the money.,Positive,0.82,Satisfied,Food Review
2104,It's hard to say much about this hostel; it was simply average.,Neutral,0.13,Neutral,Travel Review
2105,This consulting firm left a lot to be desired; overall it felt mediocre.,Negative,-0.67,Disappointed,Service Review
2106,The new update left a lot to be desired; overall it felt overpriced.,Negative,-0.81,Fear,Social Media
2107,"This food truck turned out to be wonderful, and I would recommend it to anyone.",Positive,0.97,Happy,Food Review
2108,This restaurant met the basic expectations and was generally standard.,Neutral,-0.05,Neutral,Food Review
2109,"Unfortunately, this course was underwhelming, and I regret spending money on it.",Negative,-0.85,Disappointed,Education
2110,"I have to say, the online lecture exceeded my expectations; it was truly fantastic.",Positive,0.99,Satisfied,Education
2111,"Unfortunately, the latest trend was subpar, and I regret spending money on it.",Negative,-0.6,Sad,Social Media
2112,"Sadly, this cleaning company turned out to be unreliable, and I wouldn't try it again.",Negative,-0.89,Angry,Service Review
2113,I'd describe the training program as unremarkable — it did the job without standing out.,Neutral,-0.06,Neutral,Education
2114,I'd describe the moving company as okay — it did the job without standing out.,Neutral,-0.1,Neutral,Service Review
2115,"Unfortunately, this hostel was poorly made, and I regret spending money on it.",Negative,-0.86,Sad,Travel Review
2116,"Sadly, the romantic comedy turned out to be unreliable, and I wouldn't try it again.",Negative,-0.76,Disappointed,Movie Review
2117,"This workshop was reasonable overall, similar to most alternatives out there.",Neutral,0.0,Neutral,Education
2118,"Honestly, this consulting firm was exceptional from start to finish, no complaints at all.",Positive,0.6,Happy,Service Review
2119,"Honestly, this certification was outstanding from start to finish, no complaints at all.",Positive,0.63,Satisfied,Education
2120,"Unfortunately, this video was frustrating, and I regret spending money on it.",Negative,-0.59,Disappointed,Social Media
2121,"This textbook turned out to be outstanding, and I would recommend it to anyone.",Positive,0.92,Excited,Education
2122,The wireless headphones impressed everyone in our group; simply fantastic.,Positive,0.86,Happy,Product Review
2123,This film impressed everyone in our group; simply exceptional.,Positive,0.9,Satisfied,Movie Review
2124,The new sequel impressed everyone in our group; simply superb.,Positive,0.66,Excited,Movie Review
2125,"I have to say, the new update exceeded my expectations; it was truly fantastic.",Positive,0.82,Happy,Social Media
2126,The dessert menu was a disappointment; the whole experience felt poorly made.,Negative,-0.99,Angry,Food Review
2127,"I have to say, this thriller exceeded my expectations; it was truly top-notch.",Positive,0.72,Satisfied,Movie Review
2128,"Honestly, this diner was wonderful from start to finish, no complaints at all.",Positive,0.78,Satisfied,Food Review
2129,I was really let down by the wireless headphones — it was subpar compared to what was promised.,Negative,-0.92,Disappointed,Product Review
2130,"Honestly, this repair service was fantastic from start to finish, no complaints at all.",Positive,0.93,Happy,Service Review
2131,"Unfortunately, the mountain lodge was unreliable, and I regret spending money on it.",Negative,-0.58,Fear,Travel Review
2132,This bakery was a disappointment; the whole experience felt unreliable.,Negative,-0.91,Angry,Food Review
2133,We were thrilled with the training program — it felt delightful and well worth the money.,Positive,0.62,Excited,Education
2134,"Honestly, this water bottle was excellent from start to finish, no complaints at all.",Positive,0.73,Satisfied,Product Review
2135,The new update met the basic expectations and was generally unremarkable.,Neutral,-0.1,Neutral,Social Media
2136,This repair service impressed everyone in our group; simply superb.,Positive,0.89,Happy,Service Review
2137,The customer support team was a disappointment; the whole experience felt awful.,Negative,-0.87,Sad,Service Review
2138,"I have to say, the pasta dish exceeded my expectations; it was truly top-notch.",Positive,0.69,Satisfied,Food Review
2139,"I have to say, the tutoring session exceeded my expectations; it was truly impressive.",Positive,0.79,Excited,Education
2140,"Honestly, the mountain lodge was fantastic from start to finish, no complaints at all.",Positive,0.62,Happy,Travel Review
2141,"Honestly, the customer support team was exceptional from start to finish, no complaints at all.",Positive,0.89,Satisfied,Service Review
2142,"Sadly, the tutoring session turned out to be unreliable, and I wouldn't try it again.",Negative,-0.97,Sad,Education
2143,"Unfortunately, this consulting firm was underwhelming, and I regret spending money on it.",Negative,-0.9,Fear,Service Review
2144,"I have to say, the pasta dish exceeded my expectations; it was truly fantastic.",Positive,0.81,Satisfied,Food Review
2145,"The dessert menu was ordinary; nothing special, but nothing terrible either.",Neutral,-0.07,Neutral,Food Review
2146,The latest trend impressed everyone in our group; simply amazing.,Positive,0.89,Satisfied,Social Media
2147,The beach destination met the basic expectations and was generally ordinary.,Neutral,0.03,Neutral,Travel Review
2148,"Honestly, the city tour was top-notch from start to finish, no complaints at all.",Positive,0.67,Happy,Travel Review
2149,"The tutoring session turned out to be fantastic, and I would recommend it to anyone.",Positive,0.62,Satisfied,Education
2150,We were thrilled with the dessert menu — it felt impressive and well worth the money.,Positive,0.94,Happy,Food Review
2151,This hotel met the basic expectations and was generally adequate.,Neutral,0.11,Neutral,Travel Review
2152,I'd describe this tour package as reasonable — it did the job without standing out.,Neutral,-0.14,Neutral,Travel Review
2153,"Unfortunately, the wireless headphones was frustrating, and I regret spending money on it.",Negative,-0.98,Sad,Product Review
2154,"Honestly, this documentary was fantastic from start to finish, no complaints at all.",Positive,0.68,Excited,Movie Review
2155,"Honestly, the romantic comedy was impressive from start to finish, no complaints at all.",Positive,0.85,Satisfied,Movie Review
2156,The wireless headphones left a lot to be desired; overall it felt terrible.,Negative,-0.87,Disappointed,Product Review
2157,We were thrilled with the wireless headphones — it felt exceptional and well worth the money.,Positive,0.64,Happy,Product Review
2158,"Sadly, this consulting firm turned out to be awful, and I wouldn't try it again.",Negative,-0.65,Angry,Service Review
2159,"Sadly, the resort turned out to be subpar, and I wouldn't try it again.",Negative,-0.73,Fear,Travel Review
2160,"The training program was fine overall, similar to most alternatives out there.",Neutral,0.1,Neutral,Education
2161,"Unfortunately, this repair service was unreliable, and I regret spending money on it.",Negative,-0.89,Fear,Service Review
2162,"This drama turned out to be wonderful, and I would recommend it to anyone.",Positive,0.63,Excited,Movie Review
2163,"This laptop turned out to be top-notch, and I would recommend it to anyone.",Positive,0.65,Satisfied,Product Review
2164,This bakery impressed everyone in our group; simply delightful.,Positive,0.91,Excited,Food Review
2165,"The pasta dish was fine overall, similar to most alternatives out there.",Neutral,-0.09,Neutral,Food Review
2166,I'd describe the study guide as ordinary — it did the job without standing out.,Neutral,-0.03,Neutral,Education
2167,The sushi platter was a disappointment; the whole experience felt terrible.,Negative,-0.7,Fear,Food Review
2168,It's hard to say much about the latest trend; it was simply acceptable.,Neutral,0.01,Neutral,Social Media
2169,We were thrilled with this food truck — it felt top-notch and well worth the money.,Positive,0.94,Happy,Food Review
2170,"Honestly, this rental agency was amazing from start to finish, no complaints at all.",Positive,0.87,Excited,Service Review
2171,"I have to say, this cruise exceeded my expectations; it was truly excellent.",Positive,0.98,Excited,Travel Review
2172,"Honestly, the city tour was exceptional from start to finish, no complaints at all.",Positive,0.71,Satisfied,Travel Review
2173,This blender met the basic expectations and was generally standard.,Neutral,-0.01,Neutral,Product Review
2174,The office chair left a lot to be desired; overall it felt awful.,Negative,-0.89,Disappointed,Product Review
2175,"This bakery was unremarkable; nothing special, but nothing terrible either.",Neutral,-0.08,Neutral,Food Review
2176,"I have to say, this thread exceeded my expectations; it was truly wonderful.",Positive,0.86,Excited,Social Media
2177,This workshop was a disappointment; the whole experience felt disappointing.,Negative,-0.63,Angry,Education
2178,"I have to say, the new update exceeded my expectations; it was truly amazing.",Positive,0.88,Satisfied,Social Media
2179,"I have to say, this film exceeded my expectations; it was truly impressive.",Positive,0.94,Excited,Movie Review
2180,"I have to say, this thriller exceeded my expectations; it was truly wonderful.",Positive,0.73,Happy,Movie Review
2181,"The city tour turned out to be excellent, and I would recommend it to anyone.",Positive,0.87,Excited,Travel Review
2182,"Sadly, this cleaning company turned out to be terrible, and I wouldn't try it again.",Negative,-0.75,Angry,Service Review
2183,I'd describe this cruise as average — it did the job without standing out.,Neutral,-0.03,Neutral,Travel Review
2184,"I have to say, the customer support team exceeded my expectations; it was truly delightful.",Positive,0.75,Happy,Service Review
2185,"Honestly, the beach destination was impressive from start to finish, no complaints at all.",Positive,0.61,Excited,Travel Review
2186,"Honestly, the mountain lodge was impressive from start to finish, no complaints at all.",Positive,0.75,Excited,Travel Review
2187,It's hard to say much about this food truck; it was simply unremarkable.,Neutral,-0.08,Neutral,Food Review
2188,"Unfortunately, the new update was overpriced, and I regret spending money on it.",Negative,-0.72,Angry,Social Media
2189,The new sequel was a disappointment; the whole experience felt unreliable.,Negative,-0.72,Fear,Movie Review
2190,The customer support team left a lot to be desired; overall it felt poorly made.,Negative,-0.74,Disappointed,Service Review
2191,"I have to say, this water bottle exceeded my expectations; it was truly superb.",Positive,0.98,Happy,Product Review
2192,It's hard to say much about the online lecture; it was simply typical.,Neutral,-0.13,Neutral,Education
2193,I'd describe the wireless headphones as okay — it did the job without standing out.,Neutral,0.15,Neutral,Product Review
2194,This hostel left a lot to be desired; overall it felt mediocre.,Negative,-0.9,Fear,Travel Review
2195,"Unfortunately, this meme was subpar, and I regret spending money on it.",Negative,-0.65,Disappointed,Social Media
2196,"I have to say, the smartwatch exceeded my expectations; it was truly wonderful.",Positive,0.84,Satisfied,Product Review
2197,The vacuum cleaner met the basic expectations and was generally acceptable.,Neutral,0.04,Neutral,Product Review
2198,"I have to say, the livestream exceeded my expectations; it was truly outstanding.",Positive,0.98,Happy,Social Media
2199,I was really let down by this repair service — it was unreliable compared to what was promised.,Negative,-0.83,Angry,Service Review
2200,I'd describe this consulting firm as ordinary — it did the job without standing out.,Neutral,-0.0,Neutral,Service Review
2201,I'd describe this hostel as adequate — it did the job without standing out.,Neutral,-0.04,Neutral,Travel Review
2202,"Sadly, this backpack turned out to be underwhelming, and I wouldn't try it again.",Negative,-0.72,Fear,Product Review
2203,I'd describe this documentary as typical — it did the job without standing out.,Neutral,0.04,Neutral,Movie Review
2204,This hostel impressed everyone in our group; simply amazing.,Positive,0.74,Satisfied,Travel Review
2205,"This meme was average; nothing special, but nothing terrible either.",Neutral,-0.04,Neutral,Social Media
2206,We were thrilled with the online lecture — it felt amazing and well worth the money.,Positive,0.8,Excited,Education
2207,"The app redesign was adequate; nothing special, but nothing terrible either.",Neutral,-0.07,Neutral,Social Media
2208,We were thrilled with the animated movie — it felt delightful and well worth the money.,Positive,0.92,Satisfied,Movie Review
2209,This post left a lot to be desired; overall it felt awful.,Negative,-0.95,Angry,Social Media
2210,I'd describe this film as reasonable — it did the job without standing out.,Neutral,0.04,Neutral,Movie Review
2211,"This thread was ordinary; nothing special, but nothing terrible either.",Neutral,-0.05,Neutral,Social Media
2212,I'd describe the online lecture as reasonable — it did the job without standing out.,Neutral,-0.04,Neutral,Education
2213,"Honestly, this bakery was delightful from start to finish, no complaints at all.",Positive,0.63,Excited,Food Review
2214,"This workshop was okay overall, similar to most alternatives out there.",Neutral,-0.05,Neutral,Education
2215,It's hard to say much about the tech support line; it was simply unremarkable.,Neutral,0.01,Neutral,Service Review
2216,This textbook was a disappointment; the whole experience felt poorly made.,Negative,-0.86,Fear,Education
2217,This water bottle met the basic expectations and was generally reasonable.,Neutral,0.02,Neutral,Product Review
2218,"Sadly, this cruise turned out to be overpriced, and I wouldn't try it again.",Negative,-0.83,Angry,Travel Review
2219,This thread met the basic expectations and was generally reasonable.,Neutral,-0.08,Neutral,Social Media
2220,We were thrilled with this backpack — it felt outstanding and well worth the money.,Positive,0.98,Excited,Product Review
2221,"The animated movie turned out to be excellent, and I would recommend it to anyone.",Positive,0.89,Excited,Movie Review
2222,"The beach destination turned out to be outstanding, and I would recommend it to anyone.",Positive,0.71,Happy,Travel Review
2223,This hotel impressed everyone in our group; simply excellent.,Positive,0.8,Excited,Travel Review
2224,I'd describe the new sequel as fine — it did the job without standing out.,Neutral,-0.07,Neutral,Movie Review
2225,We were thrilled with this restaurant — it felt top-notch and well worth the money.,Positive,0.86,Happy,Food Review
2226,We were thrilled with this laptop — it felt superb and well worth the money.,Positive,0.72,Satisfied,Product Review
2227,"This hostel was unremarkable overall, similar to most alternatives out there.",Neutral,0.04,Neutral,Travel Review
2228,The sushi platter impressed everyone in our group; simply delightful.,Positive,0.62,Satisfied,Food Review
2229,It's hard to say much about this documentary; it was simply average.,Neutral,-0.12,Neutral,Movie Review
2230,"The customer support team turned out to be impressive, and I would recommend it to anyone.",Positive,0.66,Excited,Service Review
2231,We were thrilled with the dessert menu — it felt wonderful and well worth the money.,Positive,0.66,Excited,Food Review
2232,I was really let down by the livestream — it was mediocre compared to what was promised.,Negative,-0.63,Disappointed,Social Media
2233,"This meme was typical; nothing special, but nothing terrible either.",Neutral,0.1,Neutral,Social Media
2234,This meme was a disappointment; the whole experience felt unreliable.,Negative,-0.82,Fear,Social Media
2235,"Honestly, this post was exceptional from start to finish, no complaints at all.",Positive,0.83,Excited,Social Media
2236,The latest trend left a lot to be desired; overall it felt mediocre.,Negative,-0.82,Disappointed,Social Media
2237,The new cafe met the basic expectations and was generally average.,Neutral,0.1,Neutral,Food Review
2238,This certification met the basic expectations and was generally average.,Neutral,0.12,Neutral,Education
2239,"Sadly, the new update turned out to be poorly made, and I wouldn't try it again.",Negative,-0.77,Sad,Social Media
2240,"I have to say, this backpack exceeded my expectations; it was truly outstanding.",Positive,0.99,Satisfied,Product Review
2241,This workshop impressed everyone in our group; simply wonderful.,Positive,0.78,Happy,Education
2242,I'd describe the new update as okay — it did the job without standing out.,Neutral,-0.13,Neutral,Social Media
2243,This water bottle left a lot to be desired; overall it felt disappointing.,Negative,-0.73,Disappointed,Product Review
2244,We were thrilled with the romantic comedy — it felt top-notch and well worth the money.,Positive,0.93,Excited,Movie Review
2245,"Sadly, the online lecture turned out to be overpriced, and I wouldn't try it again.",Negative,-0.98,Angry,Education
2246,I was really let down by this video — it was unreliable compared to what was promised.,Negative,-0.68,Fear,Social Media
2247,This meme left a lot to be desired; overall it felt disappointing.,Negative,-0.92,Disappointed,Social Media
2248,The tutoring session impressed everyone in our group; simply wonderful.,Positive,0.64,Satisfied,Education
2249,This thriller left a lot to be desired; overall it felt poorly made.,Negative,-0.88,Sad,Movie Review
2250,"Unfortunately, this tour package was terrible, and I regret spending money on it.",Negative,-0.72,Sad,Travel Review
2251,The action film impressed everyone in our group; simply exceptional.,Positive,0.83,Happy,Movie Review
2252,The wireless headphones left a lot to be desired; overall it felt poorly made.,Negative,-0.71,Disappointed,Product Review
2253,"This repair service was unremarkable overall, similar to most alternatives out there.",Neutral,0.05,Neutral,Service Review
2254,"Honestly, this restaurant was outstanding from start to finish, no complaints at all.",Positive,0.99,Excited,Food Review
2255,"Unfortunately, the study guide was terrible, and I regret spending money on it.",Negative,-0.61,Angry,Education
2256,"The online lecture was okay overall, similar to most alternatives out there.",Neutral,-0.09,Neutral,Education
2257,It's hard to say much about the action film; it was simply adequate.,Neutral,0.11,Neutral,Movie Review
2258,We were thrilled with this repair service — it felt top-notch and well worth the money.,Positive,0.83,Satisfied,Service Review
2259,"Honestly, the resort was superb from start to finish, no complaints at all.",Positive,0.95,Excited,Travel Review
2260,This diner left a lot to be desired; overall it felt terrible.,Negative,-0.98,Disappointed,Food Review
2261,I was really let down by this water bottle — it was unreliable compared to what was promised.,Negative,-0.74,Sad,Product Review
2262,"Honestly, this hotel was delightful from start to finish, no complaints at all.",Positive,0.98,Excited,Travel Review
2263,We were thrilled with the customer support team — it felt top-notch and well worth the money.,Positive,0.75,Happy,Service Review
2264,"Sadly, this repair service turned out to be subpar, and I wouldn't try it again.",Negative,-0.67,Angry,Service Review
2265,The tech support line impressed everyone in our group; simply exceptional.,Positive,0.61,Happy,Service Review
2266,"I have to say, the sushi platter exceeded my expectations; it was truly amazing.",Positive,0.73,Satisfied,Food Review
2267,"The city tour was average overall, similar to most alternatives out there.",Neutral,0.06,Neutral,Travel Review
2268,"I have to say, this hostel exceeded my expectations; it was truly superb.",Positive,0.85,Happy,Travel Review
2269,This cleaning company met the basic expectations and was generally adequate.,Neutral,-0.11,Neutral,Service Review
2270,"The dessert menu turned out to be delightful, and I would recommend it to anyone.",Positive,0.76,Satisfied,Food Review
2271,"Honestly, the delivery service was delightful from start to finish, no complaints at all.",Positive,0.99,Happy,Service Review
2272,I was really let down by the latest trend — it was underwhelming compared to what was promised.,Negative,-0.86,Angry,Social Media
2273,I was really let down by this film — it was subpar compared to what was promised.,Negative,-0.79,Angry,Movie Review
2274,"The moving company turned out to be wonderful, and I would recommend it to anyone.",Positive,0.97,Satisfied,Service Review
2275,"The new sequel turned out to be delightful, and I would recommend it to anyone.",Positive,0.93,Excited,Movie Review
2276,It's hard to say much about the animated movie; it was simply adequate.,Neutral,-0.13,Neutral,Movie Review
2277,This certification left a lot to be desired; overall it felt awful.,Negative,-0.97,Fear,Education
2278,"Sadly, the moving company turned out to be awful, and I wouldn't try it again.",Negative,-0.74,Fear,Service Review
2279,"Sadly, the resort turned out to be overpriced, and I wouldn't try it again.",Negative,-0.9,Sad,Travel Review
2280,This post was a disappointment; the whole experience felt subpar.,Negative,-0.96,Fear,Social Media
2281,"The animated movie was fine; nothing special, but nothing terrible either.",Neutral,0.02,Neutral,Movie Review
2282,The city tour was a disappointment; the whole experience felt awful.,Negative,-0.65,Sad,Travel Review
2283,We were thrilled with the new update — it felt fantastic and well worth the money.,Positive,0.95,Happy,Social Media
2284,"This post turned out to be exceptional, and I would recommend it to anyone.",Positive,0.91,Satisfied,Social Media
2285,"Sadly, this drama turned out to be overpriced, and I wouldn't try it again.",Negative,-0.73,Disappointed,Movie Review
2286,This certification impressed everyone in our group; simply excellent.,Positive,0.72,Satisfied,Education
2287,The training program left a lot to be desired; overall it felt disappointing.,Negative,-0.61,Sad,Education
2288,I was really let down by the smartwatch — it was underwhelming compared to what was promised.,Negative,-0.65,Angry,Product Review
2289,We were thrilled with this thriller — it felt top-notch and well worth the money.,Positive,0.61,Satisfied,Movie Review
2290,It's hard to say much about this meme; it was simply acceptable.,Neutral,0.08,Neutral,Social Media
2291,"Honestly, the tech support line was superb from start to finish, no complaints at all.",Positive,0.92,Excited,Service Review
2292,"Sadly, the animated movie turned out to be mediocre, and I wouldn't try it again.",Negative,-0.93,Disappointed,Movie Review
2293,"Sadly, this video turned out to be disappointing, and I wouldn't try it again.",Negative,-0.8,Sad,Social Media
2294,"Honestly, the pasta dish was amazing from start to finish, no complaints at all.",Positive,0.82,Happy,Food Review
2295,"Honestly, the new update was wonderful from start to finish, no complaints at all.",Positive,0.79,Satisfied,Social Media
2296,This diner was a disappointment; the whole experience felt terrible.,Negative,-0.96,Sad,Food Review
2297,"This water bottle was adequate; nothing special, but nothing terrible either.",Neutral,0.09,Neutral,Product Review
2298,"Unfortunately, the smartwatch was awful, and I regret spending money on it.",Negative,-0.77,Disappointed,Product Review
2299,I'd describe this laptop as okay — it did the job without standing out.,Neutral,-0.07,Neutral,Product Review
2300,"Honestly, this textbook was wonderful from start to finish, no complaints at all.",Positive,0.78,Happy,Education
2301,We were thrilled with the beach destination — it felt fantastic and well worth the money.,Positive,0.7,Satisfied,Travel Review
2302,"I have to say, the animated movie exceeded my expectations; it was truly delightful.",Positive,0.74,Happy,Movie Review
2303,"Honestly, the tech support line was wonderful from start to finish, no complaints at all.",Positive,0.84,Happy,Service Review
2304,We were thrilled with this workshop — it felt impressive and well worth the money.,Positive,0.96,Happy,Education
2305,"The new cafe was ordinary; nothing special, but nothing terrible either.",Neutral,0.03,Neutral,Food Review
2306,I'd describe this post as average — it did the job without standing out.,Neutral,-0.02,Neutral,Social Media
2307,I'd describe this bakery as ordinary — it did the job without standing out.,Neutral,-0.14,Neutral,Food Review
2308,"The office chair turned out to be excellent, and I would recommend it to anyone.",Positive,0.88,Excited,Product Review
2309,This thriller was a disappointment; the whole experience felt subpar.,Negative,-0.99,Angry,Movie Review
2310,It's hard to say much about the mountain lodge; it was simply adequate.,Neutral,-0.05,Neutral,Travel Review
2311,I was really let down by the mountain lodge — it was terrible compared to what was promised.,Negative,-0.73,Sad,Travel Review
2312,The livestream met the basic expectations and was generally acceptable.,Neutral,-0.08,Neutral,Social Media
2313,The resort impressed everyone in our group; simply superb.,Positive,0.6,Satisfied,Travel Review
2314,The study guide impressed everyone in our group; simply impressive.,Positive,0.75,Satisfied,Education
2315,"The pasta dish turned out to be wonderful, and I would recommend it to anyone.",Positive,0.72,Excited,Food Review
2316,"I have to say, the new sequel exceeded my expectations; it was truly impressive.",Positive,0.94,Excited,Movie Review
2317,"The training program turned out to be superb, and I would recommend it to anyone.",Positive,0.67,Satisfied,Education
2318,"Sadly, this drama turned out to be frustrating, and I wouldn't try it again.",Negative,-0.95,Fear,Movie Review
2319,"The office chair turned out to be top-notch, and I would recommend it to anyone.",Positive,0.79,Happy,Product Review
2320,I'd describe the latest trend as adequate — it did the job without standing out.,Neutral,-0.13,Neutral,Social Media
2321,"Honestly, this course was exceptional from start to finish, no complaints at all.",Positive,0.65,Excited,Education
2322,"This thread turned out to be impressive, and I would recommend it to anyone.",Positive,0.96,Happy,Social Media
2323,We were thrilled with the study guide — it felt delightful and well worth the money.,Positive,0.72,Satisfied,Education
2324,"Sadly, this workshop turned out to be mediocre, and I wouldn't try it again.",Negative,-0.88,Disappointed,Education
2325,"This thriller turned out to be impressive, and I would recommend it to anyone.",Positive,0.92,Happy,Movie Review
2326,"I have to say, the dessert menu exceeded my expectations; it was truly amazing.",Positive,0.67,Excited,Food Review
2327,It's hard to say much about this bakery; it was simply adequate.,Neutral,0.06,Neutral,Food Review
2328,I was really let down by this hotel — it was frustrating compared to what was promised.,Negative,-0.6,Angry,Travel Review
2329,It's hard to say much about the tutoring session; it was simply ordinary.,Neutral,0.14,Neutral,Education
2330,I was really let down by this consulting firm — it was disappointing compared to what was promised.,Negative,-0.92,Fear,Service Review
2331,This backpack met the basic expectations and was generally okay.,Neutral,-0.12,Neutral,Product Review
2332,I'd describe this certification as average — it did the job without standing out.,Neutral,0.14,Neutral,Education
2333,"The new update was reasonable overall, similar to most alternatives out there.",Neutral,0.06,Neutral,Social Media
2334,"The online lecture was standard; nothing special, but nothing terrible either.",Neutral,-0.06,Neutral,Education
2335,The mountain lodge was a disappointment; the whole experience felt subpar.,Negative,-0.94,Angry,Travel Review
2336,It's hard to say much about this blender; it was simply acceptable.,Neutral,-0.11,Neutral,Product Review
2337,"Honestly, this film was excellent from start to finish, no complaints at all.",Positive,0.75,Happy,Movie Review
2338,"Unfortunately, this bakery was underwhelming, and I regret spending money on it.",Negative,-0.78,Sad,Food Review
2339,I was really let down by the romantic comedy — it was unreliable compared to what was promised.,Negative,-0.9,Angry,Movie Review
2340,I was really let down by this film — it was frustrating compared to what was promised.,Negative,-0.85,Disappointed,Movie Review
2341,"I have to say, the customer support team exceeded my expectations; it was truly impressive.",Positive,0.77,Excited,Service Review
2342,The tutoring session impressed everyone in our group; simply amazing.,Positive,0.83,Happy,Education
2343,"This textbook was unremarkable; nothing special, but nothing terrible either.",Neutral,-0.04,Neutral,Education
2344,"Sadly, this hotel turned out to be awful, and I wouldn't try it again.",Negative,-0.75,Disappointed,Travel Review
2345,"I have to say, the smartwatch exceeded my expectations; it was truly outstanding.",Positive,0.69,Satisfied,Product Review
2346,"This blender was adequate; nothing special, but nothing terrible either.",Neutral,0.07,Neutral,Product Review
2347,"Honestly, the mountain lodge was delightful from start to finish, no complaints at all.",Positive,0.76,Satisfied,Travel Review
2348,"The delivery service turned out to be top-notch, and I would recommend it to anyone.",Positive,0.68,Happy,Service Review
2349,"I have to say, the training program exceeded my expectations; it was truly top-notch.",Positive,0.75,Satisfied,Education
2350,We were thrilled with the new cafe — it felt impressive and well worth the money.,Positive,0.73,Satisfied,Food Review
2351,"Unfortunately, this course was unreliable, and I regret spending money on it.",Negative,-0.59,Sad,Education
2352,I'd describe the tutoring session as fine — it did the job without standing out.,Neutral,-0.09,Neutral,Education
2353,It's hard to say much about this film; it was simply okay.,Neutral,0.1,Neutral,Movie Review
2354,This rental agency left a lot to be desired; overall it felt disappointing.,Negative,-0.62,Angry,Service Review
2355,"I have to say, this textbook exceeded my expectations; it was truly fantastic.",Positive,0.73,Happy,Education
2356,We were thrilled with this workshop — it felt top-notch and well worth the money.,Positive,0.78,Satisfied,Education
2357,"Sadly, the livestream turned out to be frustrating, and I wouldn't try it again.",Negative,-0.99,Fear,Social Media
2358,I was really let down by the animated movie — it was mediocre compared to what was promised.,Negative,-0.99,Disappointed,Movie Review
2359,"Honestly, this water bottle was amazing from start to finish, no complaints at all.",Positive,0.67,Excited,Product Review
2360,It's hard to say much about this cleaning company; it was simply adequate.,Neutral,-0.11,Neutral,Service Review
2361,The delivery service was a disappointment; the whole experience felt frustrating.,Negative,-0.95,Fear,Service Review
2362,"Unfortunately, the resort was awful, and I regret spending money on it.",Negative,-0.74,Disappointed,Travel Review
2363,The office chair left a lot to be desired; overall it felt disappointing.,Negative,-0.85,Fear,Product Review
2364,"Unfortunately, this blender was poorly made, and I regret spending money on it.",Negative,-0.77,Angry,Product Review
2365,The dessert menu left a lot to be desired; overall it felt overpriced.,Negative,-0.66,Fear,Food Review
2366,I'd describe this cruise as reasonable — it did the job without standing out.,Neutral,-0.13,Neutral,Travel Review
2367,"Sadly, this hostel turned out to be frustrating, and I wouldn't try it again.",Negative,-0.75,Fear,Travel Review
2368,"I have to say, this repair service exceeded my expectations; it was truly delightful.",Positive,0.99,Happy,Service Review
2369,The sushi platter met the basic expectations and was generally typical.,Neutral,0.08,Neutral,Food Review
2370,"This bakery was average; nothing special, but nothing terrible either.",Neutral,-0.07,Neutral,Food Review
2371,I'd describe this consulting firm as adequate — it did the job without standing out.,Neutral,0.0,Neutral,Service Review
2372,"Honestly, the latest trend was top-notch from start to finish, no complaints at all.",Positive,0.91,Excited,Social Media
2373,"This repair service turned out to be amazing, and I would recommend it to anyone.",Positive,0.89,Excited,Service Review
2374,"This workshop turned out to be exceptional, and I would recommend it to anyone.",Positive,0.63,Satisfied,Education
2375,"The pasta dish was acceptable; nothing special, but nothing terrible either.",Neutral,0.04,Neutral,Food Review
2376,This hostel impressed everyone in our group; simply wonderful.,Positive,0.8,Satisfied,Travel Review
2377,This cruise impressed everyone in our group; simply top-notch.,Positive,0.93,Satisfied,Travel Review
2378,I was really let down by the animated movie — it was terrible compared to what was promised.,Negative,-0.94,Angry,Movie Review
2379,"This water bottle was ordinary; nothing special, but nothing terrible either.",Neutral,0.07,Neutral,Product Review
2380,"Sadly, the delivery service turned out to be poorly made, and I wouldn't try it again.",Negative,-0.92,Angry,Service Review
2381,This documentary impressed everyone in our group; simply delightful.,Positive,0.89,Excited,Movie Review
2382,"Unfortunately, this restaurant was overpriced, and I regret spending money on it.",Negative,-0.93,Disappointed,Food Review
2383,We were thrilled with the vacuum cleaner — it felt excellent and well worth the money.,Positive,0.93,Happy,Product Review
2384,It's hard to say much about this blender; it was simply typical.,Neutral,-0.05,Neutral,Product Review
2385,This blender was a disappointment; the whole experience felt frustrating.,Negative,-0.88,Angry,Product Review
2386,"Unfortunately, the app redesign was overpriced, and I regret spending money on it.",Negative,-0.97,Sad,Social Media
2387,It's hard to say much about this certification; it was simply okay.,Neutral,-0.07,Neutral,Education
2388,It's hard to say much about this bakery; it was simply okay.,Neutral,0.05,Neutral,Food Review
2389,The new cafe impressed everyone in our group; simply delightful.,Positive,0.77,Excited,Food Review
2390,"Unfortunately, this video was underwhelming, and I regret spending money on it.",Negative,-0.59,Fear,Social Media
2391,The training program left a lot to be desired; overall it felt awful.,Negative,-0.57,Fear,Education
2392,It's hard to say much about the romantic comedy; it was simply okay.,Neutral,0.13,Neutral,Movie Review
2393,I was really let down by the action film — it was disappointing compared to what was promised.,Negative,-0.7,Fear,Movie Review
2394,"I have to say, the study guide exceeded my expectations; it was truly fantastic.",Positive,0.61,Satisfied,Education
2395,"Sadly, this textbook turned out to be disappointing, and I wouldn't try it again.",Negative,-0.67,Angry,Education
2396,The moving company impressed everyone in our group; simply wonderful.,Positive,0.84,Excited,Service Review
2397,"Sadly, the mountain lodge turned out to be awful, and I wouldn't try it again.",Negative,-0.97,Sad,Travel Review
2398,This hotel impressed everyone in our group; simply top-notch.,Positive,0.65,Excited,Travel Review
2399,"Unfortunately, the dessert menu was overpriced, and I regret spending money on it.",Negative,-0.89,Angry,Food Review
2400,I was really let down by the online lecture — it was disappointing compared to what was promised.,Negative,-0.79,Sad,Education
2401,I'd describe the animated movie as acceptable — it did the job without standing out.,Neutral,0.11,Neutral,Movie Review
2402,"This video was reasonable overall, similar to most alternatives out there.",Neutral,-0.06,Neutral,Social Media
2403,"Honestly, this textbook was impressive from start to finish, no complaints at all.",Positive,0.99,Excited,Education
2404,"Unfortunately, the wireless headphones was poorly made, and I regret spending money on it.",Negative,-0.6,Sad,Product Review
2405,"The office chair turned out to be superb, and I would recommend it to anyone.",Positive,0.69,Happy,Product Review
2406,"Honestly, the action film was impressive from start to finish, no complaints at all.",Positive,0.72,Excited,Movie Review
2407,"I have to say, the resort exceeded my expectations; it was truly fantastic.",Positive,0.96,Satisfied,Travel Review
2408,"The tech support line turned out to be excellent, and I would recommend it to anyone.",Positive,0.98,Satisfied,Service Review
2409,The vacuum cleaner was a disappointment; the whole experience felt terrible.,Negative,-0.95,Angry,Product Review
2410,I was really let down by the wireless headphones — it was underwhelming compared to what was promised.,Negative,-0.62,Angry,Product Review
2411,The sushi platter impressed everyone in our group; simply outstanding.,Positive,0.85,Happy,Food Review
2412,This drama left a lot to be desired; overall it felt unreliable.,Negative,-0.81,Disappointed,Movie Review
2413,"The customer support team turned out to be superb, and I would recommend it to anyone.",Positive,0.74,Excited,Service Review
2414,"The study guide was adequate; nothing special, but nothing terrible either.",Neutral,-0.11,Neutral,Education
2415,"Honestly, this cruise was top-notch from start to finish, no complaints at all.",Positive,0.77,Happy,Travel Review
2416,I'd describe this cruise as adequate — it did the job without standing out.,Neutral,-0.04,Neutral,Travel Review
2417,It's hard to say much about this cleaning company; it was simply average.,Neutral,0.06,Neutral,Service Review
2418,"I have to say, this consulting firm exceeded my expectations; it was truly delightful.",Positive,0.85,Satisfied,Service Review
2419,"Sadly, the dessert menu turned out to be frustrating, and I wouldn't try it again.",Negative,-0.92,Sad,Food Review
2420,This diner was a disappointment; the whole experience felt subpar.,Negative,-0.72,Disappointed,Food Review
2421,"This bakery turned out to be impressive, and I would recommend it to anyone.",Positive,0.92,Excited,Food Review
2422,"Sadly, this post turned out to be overpriced, and I wouldn't try it again.",Negative,-0.99,Sad,Social Media
2423,We were thrilled with the resort — it felt superb and well worth the money.,Positive,0.85,Satisfied,Travel Review
2424,"I have to say, this laptop exceeded my expectations; it was truly top-notch.",Positive,0.73,Happy,Product Review
2425,It's hard to say much about this textbook; it was simply average.,Neutral,0.15,Neutral,Education
2426,This hotel was a disappointment; the whole experience felt frustrating.,Negative,-0.56,Angry,Travel Review
2427,I was really let down by this drama — it was awful compared to what was promised.,Negative,-0.78,Angry,Movie Review
2428,I was really let down by the city tour — it was terrible compared to what was promised.,Negative,-0.78,Angry,Travel Review
2429,This food truck left a lot to be desired; overall it felt subpar.,Negative,-0.85,Sad,Food Review
2430,This cleaning company left a lot to be desired; overall it felt frustrating.,Negative,-0.97,Disappointed,Service Review
2431,The delivery service impressed everyone in our group; simply outstanding.,Positive,0.7,Excited,Service Review
2432,"The new cafe was average; nothing special, but nothing terrible either.",Neutral,0.15,Neutral,Food Review
2433,"Sadly, this textbook turned out to be mediocre, and I wouldn't try it again.",Negative,-0.81,Fear,Education
2434,The smartwatch left a lot to be desired; overall it felt subpar.,Negative,-0.72,Disappointed,Product Review
2435,"This food truck was typical overall, similar to most alternatives out there.",Neutral,-0.13,Neutral,Food Review
2436,I'd describe the romantic comedy as adequate — it did the job without standing out.,Neutral,0.02,Neutral,Movie Review
2437,"Unfortunately, the online lecture was poorly made, and I regret spending money on it.",Negative,-0.98,Disappointed,Education
2438,"Unfortunately, the tutoring session was poorly made, and I regret spending money on it.",Negative,-0.95,Disappointed,Education
2439,It's hard to say much about this meme; it was simply ordinary.,Neutral,-0.12,Neutral,Social Media
2440,The city tour impressed everyone in our group; simply exceptional.,Positive,0.7,Satisfied,Travel Review
2441,This repair service left a lot to be desired; overall it felt frustrating.,Negative,-0.83,Disappointed,Service Review
2442,This rental agency met the basic expectations and was generally unremarkable.,Neutral,-0.1,Neutral,Service Review
2443,"This backpack was adequate overall, similar to most alternatives out there.",Neutral,-0.06,Neutral,Product Review
2444,"I have to say, the romantic comedy exceeded my expectations; it was truly wonderful.",Positive,0.78,Satisfied,Movie Review
2445,The new sequel impressed everyone in our group; simply delightful.,Positive,0.8,Excited,Movie Review
2446,This hotel was a disappointment; the whole experience felt terrible.,Negative,-0.83,Fear,Travel Review
2447,The new update was a disappointment; the whole experience felt poorly made.,Negative,-0.67,Disappointed,Social Media
2448,It's hard to say much about the study guide; it was simply acceptable.,Neutral,-0.09,Neutral,Education
2449,"Sadly, the action film turned out to be poorly made, and I wouldn't try it again.",Negative,-0.99,Fear,Movie Review
2450,"Honestly, this hostel was exceptional from start to finish, no complaints at all.",Positive,0.93,Satisfied,Travel Review
2451,This rental agency left a lot to be desired; overall it felt frustrating.,Negative,-0.58,Sad,Service Review
2452,"Honestly, the training program was top-notch from start to finish, no complaints at all.",Positive,0.6,Happy,Education
2453,This drama was a disappointment; the whole experience felt disappointing.,Negative,-0.96,Angry,Movie Review
2454,"Sadly, the wireless headphones turned out to be mediocre, and I wouldn't try it again.",Negative,-0.97,Angry,Product Review
2455,"I have to say, the romantic comedy exceeded my expectations; it was truly impressive.",Positive,0.85,Excited,Movie Review
2456,I was really let down by the new sequel — it was mediocre compared to what was promised.,Negative,-0.68,Fear,Movie Review
2457,"Unfortunately, this laptop was disappointing, and I regret spending money on it.",Negative,-0.92,Disappointed,Product Review
2458,"Unfortunately, this consulting firm was awful, and I regret spending money on it.",Negative,-0.85,Sad,Service Review
2459,"Sadly, this post turned out to be disappointing, and I wouldn't try it again.",Negative,-0.88,Disappointed,Social Media
2460,The dessert menu was a disappointment; the whole experience felt underwhelming.,Negative,-0.63,Sad,Food Review
2461,"The tutoring session was ordinary; nothing special, but nothing terrible either.",Neutral,-0.1,Neutral,Education
2462,"I have to say, this video exceeded my expectations; it was truly fantastic.",Positive,0.66,Excited,Social Media
2463,"Unfortunately, this diner was mediocre, and I regret spending money on it.",Negative,-0.58,Sad,Food Review
2464,The mountain lodge was a disappointment; the whole experience felt poorly made.,Negative,-0.96,Disappointed,Travel Review
2465,"The tech support line was okay overall, similar to most alternatives out there.",Neutral,-0.04,Neutral,Service Review
2466,The tech support line was a disappointment; the whole experience felt poorly made.,Negative,-0.72,Angry,Service Review
2467,"This film was acceptable overall, similar to most alternatives out there.",Neutral,0.06,Neutral,Movie Review
2468,"Unfortunately, this post was underwhelming, and I regret spending money on it.",Negative,-0.82,Fear,Social Media
2469,"This meme was fine overall, similar to most alternatives out there.",Neutral,-0.08,Neutral,Social Media
2470,"I have to say, the new sequel exceeded my expectations; it was truly outstanding.",Positive,0.87,Excited,Movie Review
2471,"This backpack was reasonable; nothing special, but nothing terrible either.",Neutral,-0.09,Neutral,Product Review
2472,I'd describe this cleaning company as ordinary — it did the job without standing out.,Neutral,-0.14,Neutral,Service Review
2473,The training program left a lot to be desired; overall it felt subpar.,Negative,-0.71,Angry,Education
2474,We were thrilled with the sushi platter — it felt top-notch and well worth the money.,Positive,0.94,Satisfied,Food Review
2475,The beach destination impressed everyone in our group; simply excellent.,Positive,0.87,Excited,Travel Review
2476,"Sadly, the office chair turned out to be mediocre, and I wouldn't try it again.",Negative,-0.9,Fear,Product Review
2477,"Honestly, this laptop was exceptional from start to finish, no complaints at all.",Positive,0.65,Satisfied,Product Review
2478,"The tech support line was reasonable; nothing special, but nothing terrible either.",Neutral,-0.06,Neutral,Service Review
2479,I'd describe this thread as standard — it did the job without standing out.,Neutral,-0.03,Neutral,Social Media
2480,I was really let down by this cleaning company — it was frustrating compared to what was promised.,Negative,-0.66,Disappointed,Service Review
2481,This water bottle was a disappointment; the whole experience felt underwhelming.,Negative,-0.69,Fear,Product Review
2482,The romantic comedy left a lot to be desired; overall it felt mediocre.,Negative,-0.56,Angry,Movie Review
2483,I was really let down by the tech support line — it was terrible compared to what was promised.,Negative,-0.97,Disappointed,Service Review
2484,"Sadly, the online lecture turned out to be mediocre, and I wouldn't try it again.",Negative,-0.88,Fear,Education
2485,"The smartwatch turned out to be delightful, and I would recommend it to anyone.",Positive,0.97,Satisfied,Product Review
2486,"This bakery was standard; nothing special, but nothing terrible either.",Neutral,0.02,Neutral,Food Review
2487,The study guide impressed everyone in our group; simply fantastic.,Positive,0.73,Satisfied,Education
2488,"Unfortunately, the delivery service was frustrating, and I regret spending money on it.",Negative,-0.98,Fear,Service Review
2489,This post impressed everyone in our group; simply outstanding.,Positive,0.66,Satisfied,Social Media
2490,"Unfortunately, the animated movie was frustrating, and I regret spending money on it.",Negative,-0.89,Fear,Movie Review
2491,"The moving company turned out to be outstanding, and I would recommend it to anyone.",Positive,1.0,Happy,Service Review
2492,The customer support team impressed everyone in our group; simply excellent.,Positive,0.66,Satisfied,Service Review
2493,"The smartwatch was ordinary overall, similar to most alternatives out there.",Neutral,0.01,Neutral,Product Review
2494,This film impressed everyone in our group; simply top-notch.,Positive,0.68,Excited,Movie Review
2495,The new sequel impressed everyone in our group; simply wonderful.,Positive,0.76,Satisfied,Movie Review
2496,"Unfortunately, the wireless headphones was mediocre, and I regret spending money on it.",Negative,-0.85,Disappointed,Product Review
2497,"Sadly, the romantic comedy turned out to be disappointing, and I wouldn't try it again.",Negative,-0.87,Disappointed,Movie Review
2498,I'd describe this laptop as standard — it did the job without standing out.,Neutral,-0.14,Neutral,Product Review
2499,This food truck left a lot to be desired; overall it felt mediocre.,Negative,-0.98,Disappointed,Food Review
2500,"Honestly, this textbook was exceptional from start to finish, no complaints at all.",Positive,0.67,Happy,Education
2501,"The livestream was adequate overall, similar to most alternatives out there.",Neutral,0.06,Neutral,Social Media
2502,We were thrilled with the latest trend — it felt top-notch and well worth the money.,Positive,0.76,Satisfied,Social Media
2503,"Sadly, the animated movie turned out to be unreliable, and I wouldn't try it again.",Negative,-0.88,Fear,Movie Review
2504,This certification met the basic expectations and was generally unremarkable.,Neutral,0.03,Neutral,Education
2505,This cleaning company impressed everyone in our group; simply top-notch.,Positive,0.94,Happy,Service Review
2506,This hotel was a disappointment; the whole experience felt subpar.,Negative,-0.84,Sad,Travel Review
2507,"This film was average; nothing special, but nothing terrible either.",Neutral,0.11,Neutral,Movie Review
2508,I was really let down by this cleaning company — it was disappointing compared to what was promised.,Negative,-0.64,Disappointed,Service Review
2509,The city tour met the basic expectations and was generally adequate.,Neutral,-0.02,Neutral,Travel Review
2510,The new sequel impressed everyone in our group; simply exceptional.,Positive,0.83,Satisfied,Movie Review
2511,"The wireless headphones turned out to be delightful, and I would recommend it to anyone.",Positive,0.64,Excited,Product Review
2512,"This film was reasonable overall, similar to most alternatives out there.",Neutral,-0.12,Neutral,Movie Review
2513,"Sadly, this drama turned out to be mediocre, and I wouldn't try it again.",Negative,-0.86,Sad,Movie Review
2514,"This rental agency was adequate overall, similar to most alternatives out there.",Neutral,0.02,Neutral,Service Review
2515,"This drama was typical; nothing special, but nothing terrible either.",Neutral,0.09,Neutral,Movie Review
2516,This certification left a lot to be desired; overall it felt terrible.,Negative,-0.62,Disappointed,Education
2517,"Sadly, the delivery service turned out to be terrible, and I wouldn't try it again.",Negative,-0.58,Disappointed,Service Review
2518,I'd describe this film as acceptable — it did the job without standing out.,Neutral,-0.07,Neutral,Movie Review
2519,We were thrilled with this meme — it felt fantastic and well worth the money.,Positive,0.9,Happy,Social Media
2520,"This meme was okay; nothing special, but nothing terrible either.",Neutral,-0.08,Neutral,Social Media
2521,It's hard to say much about the customer support team; it was simply standard.,Neutral,0.0,Neutral,Service Review
2522,"I have to say, the new update exceeded my expectations; it was truly excellent.",Positive,0.95,Happy,Social Media
2523,"This certification was acceptable; nothing special, but nothing terrible either.",Neutral,-0.05,Neutral,Education
2524,"The dessert menu was standard overall, similar to most alternatives out there.",Neutral,0.03,Neutral,Food Review
2525,The vacuum cleaner met the basic expectations and was generally typical.,Neutral,-0.09,Neutral,Product Review
2526,"I have to say, this documentary exceeded my expectations; it was truly fantastic.",Positive,0.71,Excited,Movie Review
2527,"I have to say, the moving company exceeded my expectations; it was truly top-notch.",Positive,0.75,Satisfied,Service Review
2528,"Sadly, this blender turned out to be subpar, and I wouldn't try it again.",Negative,-0.84,Disappointed,Product Review
2529,The wireless headphones was a disappointment; the whole experience felt subpar.,Negative,-0.94,Fear,Product Review
2530,"I have to say, the livestream exceeded my expectations; it was truly impressive.",Positive,0.85,Excited,Social Media
2531,It's hard to say much about the new update; it was simply okay.,Neutral,-0.06,Neutral,Social Media
2532,I'd describe the new sequel as reasonable — it did the job without standing out.,Neutral,-0.12,Neutral,Movie Review
2533,"This cleaning company turned out to be fantastic, and I would recommend it to anyone.",Positive,0.91,Satisfied,Service Review
2534,The delivery service met the basic expectations and was generally reasonable.,Neutral,-0.07,Neutral,Service Review
2535,It's hard to say much about this video; it was simply reasonable.,Neutral,-0.12,Neutral,Social Media
2536,It's hard to say much about the new cafe; it was simply acceptable.,Neutral,-0.15,Neutral,Food Review
2537,"This backpack was fine; nothing special, but nothing terrible either.",Neutral,-0.05,Neutral,Product Review
2538,I was really let down by the sushi platter — it was subpar compared to what was promised.,Negative,-0.62,Fear,Food Review
2539,"Sadly, this drama turned out to be poorly made, and I wouldn't try it again.",Negative,-0.84,Angry,Movie Review
2540,"The study guide was average overall, similar to most alternatives out there.",Neutral,0.01,Neutral,Education
2541,"The customer support team turned out to be outstanding, and I would recommend it to anyone.",Positive,0.86,Happy,Service Review
2542,"This hotel was unremarkable overall, similar to most alternatives out there.",Neutral,0.06,Neutral,Travel Review
2543,We were thrilled with the tutoring session — it felt superb and well worth the money.,Positive,0.61,Satisfied,Education
2544,This workshop was a disappointment; the whole experience felt underwhelming.,Negative,-0.61,Sad,Education
2545,"The livestream turned out to be superb, and I would recommend it to anyone.",Positive,0.66,Happy,Social Media
2546,This thriller met the basic expectations and was generally acceptable.,Neutral,0.04,Neutral,Movie Review
2547,"I have to say, this hostel exceeded my expectations; it was truly wonderful.",Positive,0.6,Excited,Travel Review
2548,This tour package impressed everyone in our group; simply top-notch.,Positive,0.86,Excited,Travel Review
2549,"Unfortunately, the training program was poorly made, and I regret spending money on it.",Negative,-0.84,Angry,Education
2550,"Unfortunately, the new cafe was underwhelming, and I regret spending money on it.",Negative,-0.71,Angry,Food Review
2551,"This rental agency was standard overall, similar to most alternatives out there.",Neutral,0.06,Neutral,Service Review
2552,"I have to say, this diner exceeded my expectations; it was truly impressive.",Positive,0.72,Happy,Food Review
2553,"The moving company was okay overall, similar to most alternatives out there.",Neutral,-0.05,Neutral,Service Review
2554,"The mountain lodge was okay; nothing special, but nothing terrible either.",Neutral,-0.06,Neutral,Travel Review
2555,We were thrilled with this tour package — it felt impressive and well worth the money.,Positive,0.71,Excited,Travel Review
2556,This meme left a lot to be desired; overall it felt subpar.,Negative,-0.98,Angry,Social Media
2557,"This tour package was acceptable; nothing special, but nothing terrible either.",Neutral,-0.11,Neutral,Travel Review
2558,The beach destination impressed everyone in our group; simply wonderful.,Positive,0.74,Happy,Travel Review
2559,"The training program was standard; nothing special, but nothing terrible either.",Neutral,0.04,Neutral,Education
2560,This bakery left a lot to be desired; overall it felt frustrating.,Negative,-0.89,Sad,Food Review
2561,"This video was typical; nothing special, but nothing terrible either.",Neutral,-0.08,Neutral,Social Media
2562,"I have to say, the latest trend exceeded my expectations; it was truly superb.",Positive,0.66,Excited,Social Media
2563,It's hard to say much about this hotel; it was simply typical.,Neutral,-0.1,Neutral,Travel Review
2564,It's hard to say much about this water bottle; it was simply ordinary.,Neutral,0.14,Neutral,Product Review
2565,"Sadly, the new cafe turned out to be subpar, and I wouldn't try it again.",Negative,-0.77,Sad,Food Review
2566,This tour package was a disappointment; the whole experience felt subpar.,Negative,-0.94,Angry,Travel Review
2567,"I have to say, the customer support team exceeded my expectations; it was truly amazing.",Positive,0.86,Happy,Service Review
2568,"This restaurant turned out to be wonderful, and I would recommend it to anyone.",Positive,0.76,Happy,Food Review
2569,The new update left a lot to be desired; overall it felt subpar.,Negative,-0.68,Sad,Social Media
2570,"I have to say, this documentary exceeded my expectations; it was truly top-notch.",Positive,0.77,Happy,Movie Review
2571,The app redesign was a disappointment; the whole experience felt frustrating.,Negative,-0.67,Sad,Social Media
2572,I'd describe the office chair as adequate — it did the job without standing out.,Neutral,-0.13,Neutral,Product Review
2573,The romantic comedy impressed everyone in our group; simply impressive.,Positive,0.76,Satisfied,Movie Review
2574,"This thriller was fine; nothing special, but nothing terrible either.",Neutral,0.1,Neutral,Movie Review
2575,The vacuum cleaner left a lot to be desired; overall it felt poorly made.,Negative,-0.86,Disappointed,Product Review
2576,I'd describe this hotel as standard — it did the job without standing out.,Neutral,0.08,Neutral,Travel Review
2577,We were thrilled with the city tour — it felt fantastic and well worth the money.,Positive,0.71,Happy,Travel Review
2578,I was really let down by this hotel — it was unreliable compared to what was promised.,Negative,-0.58,Sad,Travel Review
2579,This food truck impressed everyone in our group; simply fantastic.,Positive,0.77,Happy,Food Review
2580,"Sadly, this laptop turned out to be disappointing, and I wouldn't try it again.",Negative,-0.6,Disappointed,Product Review
2581,"The pasta dish was adequate; nothing special, but nothing terrible either.",Neutral,-0.01,Neutral,Food Review
2582,It's hard to say much about the new cafe; it was simply typical.,Neutral,-0.11,Neutral,Food Review
2583,"Sadly, the new update turned out to be awful, and I wouldn't try it again.",Negative,-0.62,Sad,Social Media
2584,"The new update was unremarkable overall, similar to most alternatives out there.",Neutral,-0.07,Neutral,Social Media
2585,"I have to say, the dessert menu exceeded my expectations; it was truly exceptional.",Positive,0.8,Happy,Food Review
2586,"I have to say, the vacuum cleaner exceeded my expectations; it was truly excellent.",Positive,0.83,Happy,Product Review
2587,The animated movie was a disappointment; the whole experience felt terrible.,Negative,-0.79,Disappointed,Movie Review
2588,This film was a disappointment; the whole experience felt terrible.,Negative,-0.62,Disappointed,Movie Review
2589,I'd describe the action film as adequate — it did the job without standing out.,Neutral,0.09,Neutral,Movie Review
2590,I was really let down by this water bottle — it was awful compared to what was promised.,Negative,-0.77,Fear,Product Review
2591,"Honestly, this thread was delightful from start to finish, no complaints at all.",Positive,0.83,Excited,Social Media
2592,I was really let down by this repair service — it was subpar compared to what was promised.,Negative,-0.98,Sad,Service Review
2593,I'd describe this post as reasonable — it did the job without standing out.,Neutral,-0.14,Neutral,Social Media
2594,"Honestly, this repair service was wonderful from start to finish, no complaints at all.",Positive,0.81,Happy,Service Review
2595,"This diner was average overall, similar to most alternatives out there.",Neutral,0.01,Neutral,Food Review
2596,We were thrilled with the action film — it felt delightful and well worth the money.,Positive,0.89,Satisfied,Movie Review
2597,This thriller impressed everyone in our group; simply superb.,Positive,0.72,Satisfied,Movie Review
2598,We were thrilled with this certification — it felt delightful and well worth the money.,Positive,0.95,Happy,Education
2599,"Unfortunately, this restaurant was terrible, and I regret spending money on it.",Negative,-0.69,Fear,Food Review
2600,"The resort was average overall, similar to most alternatives out there.",Neutral,-0.04,Neutral,Travel Review
2601,"This laptop turned out to be exceptional, and I would recommend it to anyone.",Positive,0.93,Happy,Product Review
2602,It's hard to say much about this documentary; it was simply standard.,Neutral,-0.04,Neutral,Movie Review
2603,I was really let down by this meme — it was mediocre compared to what was promised.,Negative,-0.77,Fear,Social Media
2604,"Sadly, this water bottle turned out to be unreliable, and I wouldn't try it again.",Negative,-0.59,Fear,Product Review
2605,"Sadly, the action film turned out to be underwhelming, and I wouldn't try it again.",Negative,-0.57,Sad,Movie Review
2606,"The vacuum cleaner was standard overall, similar to most alternatives out there.",Neutral,0.01,Neutral,Product Review
2607,We were thrilled with the beach destination — it felt delightful and well worth the money.,Positive,0.63,Satisfied,Travel Review
2608,"The sushi platter was acceptable; nothing special, but nothing terrible either.",Neutral,-0.02,Neutral,Food Review
2609,This bakery met the basic expectations and was generally standard.,Neutral,-0.06,Neutral,Food Review
2610,This video left a lot to be desired; overall it felt mediocre.,Negative,-0.96,Sad,Social Media
2611,"Honestly, this film was top-notch from start to finish, no complaints at all.",Positive,0.91,Happy,Movie Review
2612,"The mountain lodge turned out to be excellent, and I would recommend it to anyone.",Positive,0.76,Happy,Travel Review
2613,"This course turned out to be outstanding, and I would recommend it to anyone.",Positive,0.81,Excited,Education
2614,"The mountain lodge turned out to be wonderful, and I would recommend it to anyone.",Positive,0.67,Satisfied,Travel Review
2615,We were thrilled with this tour package — it felt outstanding and well worth the money.,Positive,0.71,Happy,Travel Review
2616,"I have to say, the training program exceeded my expectations; it was truly exceptional.",Positive,0.6,Satisfied,Education
2617,"The mountain lodge was unremarkable; nothing special, but nothing terrible either.",Neutral,-0.13,Neutral,Travel Review
2618,The sushi platter was a disappointment; the whole experience felt awful.,Negative,-0.96,Fear,Food Review
2619,This rental agency left a lot to be desired; overall it felt poorly made.,Negative,-0.98,Angry,Service Review
2620,It's hard to say much about the smartwatch; it was simply typical.,Neutral,-0.01,Neutral,Product Review
2621,The new update left a lot to be desired; overall it felt frustrating.,Negative,-0.68,Fear,Social Media
2622,This hostel was a disappointment; the whole experience felt awful.,Negative,-0.74,Fear,Travel Review
2623,The new cafe was a disappointment; the whole experience felt mediocre.,Negative,-0.65,Disappointed,Food Review
2624,I was really let down by this drama — it was disappointing compared to what was promised.,Negative,-0.94,Fear,Movie Review
2625,"Honestly, the city tour was outstanding from start to finish, no complaints at all.",Positive,0.87,Happy,Travel Review
2626,"I have to say, the romantic comedy exceeded my expectations; it was truly amazing.",Positive,0.65,Satisfied,Movie Review
2627,"Sadly, this diner turned out to be awful, and I wouldn't try it again.",Negative,-0.95,Fear,Food Review
2628,"Unfortunately, this cleaning company was unreliable, and I regret spending money on it.",Negative,-0.7,Disappointed,Service Review
2629,I was really let down by this food truck — it was underwhelming compared to what was promised.,Negative,-0.65,Angry,Food Review
2630,"Unfortunately, the resort was poorly made, and I regret spending money on it.",Negative,-0.84,Disappointed,Travel Review
2631,"Honestly, this diner was outstanding from start to finish, no complaints at all.",Positive,0.93,Excited,Food Review
2632,The pasta dish was a disappointment; the whole experience felt awful.,Negative,-0.63,Fear,Food Review
2633,"Sadly, this water bottle turned out to be terrible, and I wouldn't try it again.",Negative,-0.59,Angry,Product Review
2634,"Sadly, this course turned out to be subpar, and I wouldn't try it again.",Negative,-0.88,Disappointed,Education
2635,"Honestly, the city tour was impressive from start to finish, no complaints at all.",Positive,0.8,Excited,Travel Review
2636,"Honestly, the dessert menu was impressive from start to finish, no complaints at all.",Positive,0.67,Satisfied,Food Review
2637,"Sadly, this film turned out to be poorly made, and I wouldn't try it again.",Negative,-0.68,Angry,Movie Review
2638,"The new update was fine; nothing special, but nothing terrible either.",Neutral,-0.01,Neutral,Social Media
2639,This blender impressed everyone in our group; simply fantastic.,Positive,0.79,Satisfied,Product Review
2640,This laptop left a lot to be desired; overall it felt terrible.,Negative,-0.63,Disappointed,Product Review
2641,I'd describe the livestream as adequate — it did the job without standing out.,Neutral,0.14,Neutral,Social Media
2642,"Sadly, the app redesign turned out to be mediocre, and I wouldn't try it again.",Negative,-0.67,Disappointed,Social Media
2643,"I have to say, this workshop exceeded my expectations; it was truly wonderful.",Positive,0.68,Happy,Education
2644,The romantic comedy impressed everyone in our group; simply amazing.,Positive,0.7,Excited,Movie Review
2645,"I have to say, this repair service exceeded my expectations; it was truly excellent.",Positive,0.87,Happy,Service Review
2646,"I have to say, this certification exceeded my expectations; it was truly excellent.",Positive,0.74,Satisfied,Education
2647,"This diner was okay overall, similar to most alternatives out there.",Neutral,-0.14,Neutral,Food Review
2648,"I have to say, this tour package exceeded my expectations; it was truly fantastic.",Positive,0.98,Happy,Travel Review
2649,We were thrilled with the resort — it felt outstanding and well worth the money.,Positive,0.69,Excited,Travel Review
2650,This thread was a disappointment; the whole experience felt awful.,Negative,-0.91,Angry,Social Media
2651,It's hard to say much about this consulting firm; it was simply ordinary.,Neutral,-0.06,Neutral,Service Review
2652,We were thrilled with this textbook — it felt top-notch and well worth the money.,Positive,0.86,Satisfied,Education
2653,"Unfortunately, this video was poorly made, and I regret spending money on it.",Negative,-0.66,Disappointed,Social Media
2654,We were thrilled with the new update — it felt exceptional and well worth the money.,Positive,0.99,Satisfied,Social Media
2655,I'd describe the city tour as unremarkable — it did the job without standing out.,Neutral,0.01,Neutral,Travel Review
2656,It's hard to say much about the romantic comedy; it was simply standard.,Neutral,0.12,Neutral,Movie Review
2657,The new cafe was a disappointment; the whole experience felt unreliable.,Negative,-0.59,Disappointed,Food Review
2658,"I have to say, this backpack exceeded my expectations; it was truly delightful.",Positive,0.88,Satisfied,Product Review
2659,This restaurant met the basic expectations and was generally average.,Neutral,0.12,Neutral,Food Review
2660,"I have to say, the office chair exceeded my expectations; it was truly excellent.",Positive,0.96,Happy,Product Review
2661,"This backpack turned out to be amazing, and I would recommend it to anyone.",Positive,0.78,Excited,Product Review
2662,"Unfortunately, the wireless headphones was terrible, and I regret spending money on it.",Negative,-0.77,Angry,Product Review
2663,The tutoring session left a lot to be desired; overall it felt disappointing.,Negative,-0.59,Fear,Education
2664,This repair service impressed everyone in our group; simply outstanding.,Positive,0.72,Satisfied,Service Review
2665,This rental agency left a lot to be desired; overall it felt terrible.,Negative,-0.74,Sad,Service Review
2666,This consulting firm impressed everyone in our group; simply top-notch.,Positive,0.72,Happy,Service Review
2667,"Sadly, the office chair turned out to be underwhelming, and I wouldn't try it again.",Negative,-0.91,Angry,Product Review
2668,This laptop impressed everyone in our group; simply outstanding.,Positive,0.96,Satisfied,Product Review
2669,We were thrilled with the wireless headphones — it felt delightful and well worth the money.,Positive,0.75,Excited,Product Review
2670,"I have to say, the customer support team exceeded my expectations; it was truly fantastic.",Positive,0.68,Happy,Service Review
2671,"Sadly, the online lecture turned out to be terrible, and I wouldn't try it again.",Negative,-0.86,Fear,Education
2672,We were thrilled with the new cafe — it felt exceptional and well worth the money.,Positive,0.76,Excited,Food Review
2673,I'd describe the animated movie as unremarkable — it did the job without standing out.,Neutral,0.02,Neutral,Movie Review
2674,It's hard to say much about the new cafe; it was simply adequate.,Neutral,0.03,Neutral,Food Review
2675,"This cruise turned out to be outstanding, and I would recommend it to anyone.",Positive,0.86,Excited,Travel Review
2676,We were thrilled with this rental agency — it felt delightful and well worth the money.,Positive,0.66,Excited,Service Review
2677,"The sushi platter was okay overall, similar to most alternatives out there.",Neutral,0.05,Neutral,Food Review
2678,"Honestly, this cleaning company was excellent from start to finish, no complaints at all.",Positive,0.79,Satisfied,Service Review
2679,I'd describe this hotel as okay — it did the job without standing out.,Neutral,-0.14,Neutral,Travel Review
2680,I was really let down by this backpack — it was overpriced compared to what was promised.,Negative,-0.93,Angry,Product Review
2681,This consulting firm was a disappointment; the whole experience felt terrible.,Negative,-0.82,Disappointed,Service Review
2682,This meme left a lot to be desired; overall it felt underwhelming.,Negative,-0.57,Fear,Social Media
2683,"Honestly, this post was fantastic from start to finish, no complaints at all.",Positive,0.62,Excited,Social Media
2684,I'd describe this documentary as ordinary — it did the job without standing out.,Neutral,0.04,Neutral,Movie Review
2685,"Honestly, the moving company was outstanding from start to finish, no complaints at all.",Positive,0.62,Happy,Service Review
2686,"Unfortunately, the mountain lodge was disappointing, and I regret spending money on it.",Negative,-0.74,Angry,Travel Review
2687,We were thrilled with the office chair — it felt wonderful and well worth the money.,Positive,0.94,Happy,Product Review
2688,It's hard to say much about the training program; it was simply typical.,Neutral,0.07,Neutral,Education
2689,"Honestly, the office chair was exceptional from start to finish, no complaints at all.",Positive,0.69,Excited,Product Review
2690,"This video was reasonable; nothing special, but nothing terrible either.",Neutral,-0.06,Neutral,Social Media
2691,The romantic comedy impressed everyone in our group; simply exceptional.,Positive,0.72,Happy,Movie Review
2692,"The new cafe turned out to be top-notch, and I would recommend it to anyone.",Positive,0.72,Excited,Food Review
2693,I was really let down by the study guide — it was terrible compared to what was promised.,Negative,-0.86,Angry,Education
2694,"The new update was ordinary; nothing special, but nothing terrible either.",Neutral,-0.12,Neutral,Social Media
2695,"This water bottle turned out to be delightful, and I would recommend it to anyone.",Positive,0.96,Happy,Product Review
2696,This video left a lot to be desired; overall it felt disappointing.,Negative,-0.96,Sad,Social Media
2697,We were thrilled with this water bottle — it felt delightful and well worth the money.,Positive,0.8,Happy,Product Review
2698,We were thrilled with the romantic comedy — it felt amazing and well worth the money.,Positive,0.64,Happy,Movie Review
2699,This thread impressed everyone in our group; simply wonderful.,Positive,0.97,Happy,Social Media
2700,"Honestly, the online lecture was excellent from start to finish, no complaints at all.",Positive,0.61,Satisfied,Education
2701,We were thrilled with the mountain lodge — it felt exceptional and well worth the money.,Positive,0.87,Excited,Travel Review
2702,"This hostel was adequate overall, similar to most alternatives out there.",Neutral,-0.07,Neutral,Travel Review
2703,This post met the basic expectations and was generally average.,Neutral,0.09,Neutral,Social Media
2704,This hostel impressed everyone in our group; simply top-notch.,Positive,0.88,Satisfied,Travel Review
2705,The romantic comedy met the basic expectations and was generally adequate.,Neutral,-0.13,Neutral,Movie Review
2706,"Honestly, this restaurant was exceptional from start to finish, no complaints at all.",Positive,0.99,Happy,Food Review
2707,"This hotel was adequate overall, similar to most alternatives out there.",Neutral,-0.07,Neutral,Travel Review
2708,I was really let down by this consulting firm — it was poorly made compared to what was promised.,Negative,-0.8,Fear,Service Review
2709,"Honestly, the pasta dish was excellent from start to finish, no complaints at all.",Positive,0.77,Excited,Food Review
2710,"Sadly, this course turned out to be terrible, and I wouldn't try it again.",Negative,-0.68,Disappointed,Education
2711,"Honestly, the animated movie was superb from start to finish, no complaints at all.",Positive,0.65,Satisfied,Movie Review
2712,"Honestly, the new sequel was delightful from start to finish, no complaints at all.",Positive,0.63,Excited,Movie Review
2713,"The vacuum cleaner turned out to be top-notch, and I would recommend it to anyone.",Positive,0.71,Excited,Product Review
2714,The study guide met the basic expectations and was generally fine.,Neutral,0.07,Neutral,Education
2715,This hostel met the basic expectations and was generally standard.,Neutral,-0.05,Neutral,Travel Review
2716,"Sadly, this film turned out to be disappointing, and I wouldn't try it again.",Negative,-0.91,Disappointed,Movie Review
2717,We were thrilled with the beach destination — it felt amazing and well worth the money.,Positive,0.65,Satisfied,Travel Review
2718,We were thrilled with this post — it felt outstanding and well worth the money.,Positive,0.79,Happy,Social Media
2719,This repair service impressed everyone in our group; simply excellent.,Positive,0.67,Excited,Service Review
2720,I was really let down by this hostel — it was mediocre compared to what was promised.,Negative,-0.8,Angry,Travel Review
2721,I was really let down by the study guide — it was underwhelming compared to what was promised.,Negative,-0.68,Disappointed,Education
2722,"Honestly, the city tour was fantastic from start to finish, no complaints at all.",Positive,0.98,Happy,Travel Review
2723,"Honestly, this bakery was fantastic from start to finish, no complaints at all.",Positive,0.79,Happy,Food Review
2724,It's hard to say much about this film; it was simply ordinary.,Neutral,-0.01,Neutral,Movie Review
2725,"Honestly, the livestream was delightful from start to finish, no complaints at all.",Positive,0.83,Excited,Social Media
2726,This cleaning company impressed everyone in our group; simply exceptional.,Positive,0.81,Happy,Service Review
2727,"The delivery service turned out to be fantastic, and I would recommend it to anyone.",Positive,0.77,Satisfied,Service Review
2728,"Honestly, this hotel was top-notch from start to finish, no complaints at all.",Positive,0.96,Satisfied,Travel Review
2729,"Sadly, this cleaning company turned out to be underwhelming, and I wouldn't try it again.",Negative,-0.9,Disappointed,Service Review
2730,I was really let down by the app redesign — it was overpriced compared to what was promised.,Negative,-0.75,Disappointed,Social Media
2731,It's hard to say much about this diner; it was simply adequate.,Neutral,0.13,Neutral,Food Review
2732,"Sadly, the animated movie turned out to be frustrating, and I wouldn't try it again.",Negative,-0.77,Sad,Movie Review
2733,"I have to say, this water bottle exceeded my expectations; it was truly fantastic.",Positive,0.84,Satisfied,Product Review
2734,This backpack was a disappointment; the whole experience felt mediocre.,Negative,-0.94,Disappointed,Product Review
2735,"This food truck was typical; nothing special, but nothing terrible either.",Neutral,-0.09,Neutral,Food Review
2736,The moving company left a lot to be desired; overall it felt awful.,Negative,-0.66,Sad,Service Review
2737,This workshop impressed everyone in our group; simply superb.,Positive,0.66,Excited,Education
2738,The training program impressed everyone in our group; simply superb.,Positive,0.94,Satisfied,Education
2739,We were thrilled with the app redesign — it felt amazing and well worth the money.,Positive,0.91,Happy,Social Media
2740,We were thrilled with this course — it felt amazing and well worth the money.,Positive,0.9,Excited,Education
2741,"This tour package was typical overall, similar to most alternatives out there.",Neutral,0.08,Neutral,Travel Review
2742,"Honestly, this bakery was amazing from start to finish, no complaints at all.",Positive,0.89,Happy,Food Review
2743,I'd describe the vacuum cleaner as acceptable — it did the job without standing out.,Neutral,-0.11,Neutral,Product Review
2744,"Unfortunately, the tech support line was terrible, and I regret spending money on it.",Negative,-0.93,Fear,Service Review
2745,"This rental agency was typical overall, similar to most alternatives out there.",Neutral,-0.1,Neutral,Service Review
2746,This video met the basic expectations and was generally okay.,Neutral,0.06,Neutral,Social Media
2747,The animated movie was a disappointment; the whole experience felt mediocre.,Negative,-0.73,Disappointed,Movie Review
2748,"Honestly, the resort was outstanding from start to finish, no complaints at all.",Positive,0.8,Excited,Travel Review
2749,"Sadly, this post turned out to be unreliable, and I wouldn't try it again.",Negative,-0.84,Disappointed,Social Media
2750,This drama met the basic expectations and was generally unremarkable.,Neutral,0.05,Neutral,Movie Review
2751,"This food truck was acceptable overall, similar to most alternatives out there.",Neutral,-0.01,Neutral,Food Review
2752,"Honestly, the training program was wonderful from start to finish, no complaints at all.",Positive,0.74,Happy,Education
2753,The new cafe met the basic expectations and was generally standard.,Neutral,0.11,Neutral,Food Review
2754,This textbook was a disappointment; the whole experience felt subpar.,Negative,-0.85,Fear,Education
2755,"I have to say, this laptop exceeded my expectations; it was truly delightful.",Positive,0.61,Happy,Product Review
2756,"This repair service was ordinary; nothing special, but nothing terrible either.",Neutral,0.15,Neutral,Service Review
2757,The dessert menu left a lot to be desired; overall it felt subpar.,Negative,-0.88,Disappointed,Food Review
2758,The training program met the basic expectations and was generally typical.,Neutral,-0.1,Neutral,Education
2759,"Honestly, the office chair was excellent from start to finish, no complaints at all.",Positive,0.83,Happy,Product Review
2760,"I have to say, the app redesign exceeded my expectations; it was truly superb.",Positive,0.69,Excited,Social Media
2761,This course met the basic expectations and was generally adequate.,Neutral,-0.03,Neutral,Education
2762,"I have to say, this bakery exceeded my expectations; it was truly fantastic.",Positive,0.87,Happy,Food Review
2763,"Honestly, the smartwatch was top-notch from start to finish, no complaints at all.",Positive,0.72,Happy,Product Review
2764,I'd describe this consulting firm as typical — it did the job without standing out.,Neutral,0.11,Neutral,Service Review
2765,"The new cafe turned out to be outstanding, and I would recommend it to anyone.",Positive,0.62,Happy,Food Review
2766,This drama was a disappointment; the whole experience felt poorly made.,Negative,-0.55,Disappointed,Movie Review
2767,The office chair left a lot to be desired; overall it felt terrible.,Negative,-0.8,Disappointed,Product Review
2768,The training program was a disappointment; the whole experience felt disappointing.,Negative,-0.8,Disappointed,Education
2769,"This drama was average; nothing special, but nothing terrible either.",Neutral,-0.08,Neutral,Movie Review
2770,This documentary left a lot to be desired; overall it felt unreliable.,Negative,-0.87,Angry,Movie Review
2771,"I have to say, the animated movie exceeded my expectations; it was truly amazing.",Positive,0.72,Excited,Movie Review
2772,"This water bottle turned out to be excellent, and I would recommend it to anyone.",Positive,0.92,Excited,Product Review
2773,I was really let down by the tech support line — it was underwhelming compared to what was promised.,Negative,-0.84,Disappointed,Service Review
2774,"Unfortunately, this laptop was frustrating, and I regret spending money on it.",Negative,-0.82,Disappointed,Product Review
2775,This certification was a disappointment; the whole experience felt awful.,Negative,-0.97,Sad,Education
2776,The dessert menu left a lot to be desired; overall it felt underwhelming.,Negative,-0.86,Angry,Food Review
2777,We were thrilled with this rental agency — it felt excellent and well worth the money.,Positive,0.81,Excited,Service Review
2778,"The city tour turned out to be top-notch, and I would recommend it to anyone.",Positive,0.92,Happy,Travel Review
2779,"The resort was ordinary overall, similar to most alternatives out there.",Neutral,0.02,Neutral,Travel Review
2780,The tutoring session was a disappointment; the whole experience felt frustrating.,Negative,-0.77,Fear,Education
2781,This consulting firm left a lot to be desired; overall it felt poorly made.,Negative,-0.79,Angry,Service Review
2782,The tech support line left a lot to be desired; overall it felt underwhelming.,Negative,-0.68,Angry,Service Review
2783,"I have to say, this drama exceeded my expectations; it was truly amazing.",Positive,0.75,Excited,Movie Review
2784,This certification left a lot to be desired; overall it felt mediocre.,Negative,-0.62,Disappointed,Education
2785,This meme impressed everyone in our group; simply superb.,Positive,0.99,Satisfied,Social Media
2786,This backpack was a disappointment; the whole experience felt unreliable.,Negative,-0.57,Fear,Product Review
2787,"I have to say, this repair service exceeded my expectations; it was truly amazing.",Positive,0.6,Happy,Service Review
2788,We were thrilled with this course — it felt exceptional and well worth the money.,Positive,0.88,Excited,Education
2789,We were thrilled with the tech support line — it felt delightful and well worth the money.,Positive,0.95,Happy,Service Review
2790,We were thrilled with the online lecture — it felt outstanding and well worth the money.,Positive,0.9,Happy,Education
2791,"I have to say, the pasta dish exceeded my expectations; it was truly excellent.",Positive,0.91,Happy,Food Review
2792,The romantic comedy was a disappointment; the whole experience felt unreliable.,Negative,-0.83,Sad,Movie Review
2793,It's hard to say much about the moving company; it was simply average.,Neutral,0.07,Neutral,Service Review
2794,This thread met the basic expectations and was generally adequate.,Neutral,-0.04,Neutral,Social Media
2795,"The beach destination was unremarkable overall, similar to most alternatives out there.",Neutral,0.11,Neutral,Travel Review
2796,"The new sequel was acceptable; nothing special, but nothing terrible either.",Neutral,0.13,Neutral,Movie Review
2797,We were thrilled with the tutoring session — it felt impressive and well worth the money.,Positive,0.81,Excited,Education
2798,This meme impressed everyone in our group; simply fantastic.,Positive,0.9,Satisfied,Social Media
2799,The new sequel met the basic expectations and was generally standard.,Neutral,0.13,Neutral,Movie Review
2800,We were thrilled with this blender — it felt wonderful and well worth the money.,Positive,0.76,Happy,Product Review
2801,"This water bottle turned out to be amazing, and I would recommend it to anyone.",Positive,0.74,Excited,Product Review
2802,"The pasta dish turned out to be amazing, and I would recommend it to anyone.",Positive,0.83,Happy,Food Review
2803,"This hotel was typical overall, similar to most alternatives out there.",Neutral,0.13,Neutral,Travel Review
2804,I was really let down by this food truck — it was awful compared to what was promised.,Negative,-0.94,Angry,Food Review
2805,It's hard to say much about this meme; it was simply typical.,Neutral,-0.12,Neutral,Social Media
2806,"Honestly, this repair service was superb from start to finish, no complaints at all.",Positive,0.64,Excited,Service Review
2807,"This course was typical overall, similar to most alternatives out there.",Neutral,-0.15,Neutral,Education
2808,This cleaning company left a lot to be desired; overall it felt disappointing.,Negative,-0.97,Sad,Service Review
2809,"I have to say, this rental agency exceeded my expectations; it was truly delightful.",Positive,0.96,Excited,Service Review
2810,This hotel was a disappointment; the whole experience felt unreliable.,Negative,-0.86,Sad,Travel Review
2811,It's hard to say much about the mountain lodge; it was simply okay.,Neutral,0.11,Neutral,Travel Review
2812,The study guide was a disappointment; the whole experience felt frustrating.,Negative,-0.75,Fear,Education
2813,This course was a disappointment; the whole experience felt underwhelming.,Negative,-0.86,Disappointed,Education
2814,It's hard to say much about the sushi platter; it was simply fine.,Neutral,-0.13,Neutral,Food Review
2815,We were thrilled with the new cafe — it felt delightful and well worth the money.,Positive,0.97,Happy,Food Review
2816,The dessert menu was a disappointment; the whole experience felt awful.,Negative,-0.98,Sad,Food Review
2817,This film left a lot to be desired; overall it felt awful.,Negative,-0.75,Angry,Movie Review
2818,This repair service was a disappointment; the whole experience felt unreliable.,Negative,-0.81,Fear,Service Review
2819,We were thrilled with this diner — it felt amazing and well worth the money.,Positive,0.74,Excited,Food Review
2820,"I have to say, the animated movie exceeded my expectations; it was truly wonderful.",Positive,0.71,Excited,Movie Review
2821,This blender left a lot to be desired; overall it felt disappointing.,Negative,-0.83,Disappointed,Product Review
2822,"This post turned out to be wonderful, and I would recommend it to anyone.",Positive,0.77,Satisfied,Social Media
2823,The wireless headphones was a disappointment; the whole experience felt awful.,Negative,-0.69,Fear,Product Review
2824,"Honestly, the romantic comedy was delightful from start to finish, no complaints at all.",Positive,0.93,Satisfied,Movie Review
2825,This thriller left a lot to be desired; overall it felt frustrating.,Negative,-0.69,Disappointed,Movie Review
2826,The vacuum cleaner impressed everyone in our group; simply wonderful.,Positive,0.75,Satisfied,Product Review
2827,This post met the basic expectations and was generally adequate.,Neutral,0.09,Neutral,Social Media
2828,I'd describe this drama as okay — it did the job without standing out.,Neutral,-0.01,Neutral,Movie Review
2829,"Honestly, this textbook was outstanding from start to finish, no complaints at all.",Positive,0.61,Satisfied,Education
2830,The smartwatch was a disappointment; the whole experience felt awful.,Negative,-0.82,Angry,Product Review
2831,"Unfortunately, the beach destination was poorly made, and I regret spending money on it.",Negative,-0.65,Disappointed,Travel Review
2832,The wireless headphones met the basic expectations and was generally reasonable.,Neutral,0.02,Neutral,Product Review
2833,"I have to say, the tutoring session exceeded my expectations; it was truly delightful.",Positive,0.6,Satisfied,Education
2834,This hostel met the basic expectations and was generally acceptable.,Neutral,0.15,Neutral,Travel Review
2835,"Sadly, the action film turned out to be awful, and I wouldn't try it again.",Negative,-0.97,Fear,Movie Review
2836,The online lecture met the basic expectations and was generally fine.,Neutral,-0.08,Neutral,Education
2837,"Sadly, the customer support team turned out to be awful, and I wouldn't try it again.",Negative,-0.95,Disappointed,Service Review
2838,This textbook impressed everyone in our group; simply impressive.,Positive,0.63,Satisfied,Education
2839,"Honestly, this video was fantastic from start to finish, no complaints at all.",Positive,0.96,Happy,Social Media
2840,"This repair service turned out to be wonderful, and I would recommend it to anyone.",Positive,0.97,Excited,Service Review
2841,"Honestly, the animated movie was excellent from start to finish, no complaints at all.",Positive,0.67,Excited,Movie Review
2842,I was really let down by this bakery — it was underwhelming compared to what was promised.,Negative,-0.8,Angry,Food Review
2843,"Sadly, this certification turned out to be underwhelming, and I wouldn't try it again.",Negative,-0.93,Disappointed,Education
2844,"The moving company turned out to be delightful, and I would recommend it to anyone.",Positive,0.88,Happy,Service Review
2845,This blender left a lot to be desired; overall it felt poorly made.,Negative,-0.98,Fear,Product Review
2846,"This thread turned out to be superb, and I would recommend it to anyone.",Positive,0.83,Satisfied,Social Media
2847,This cleaning company was a disappointment; the whole experience felt mediocre.,Negative,-0.78,Fear,Service Review
2848,The training program was a disappointment; the whole experience felt frustrating.,Negative,-0.66,Sad,Education
2849,"The beach destination was typical overall, similar to most alternatives out there.",Neutral,-0.11,Neutral,Travel Review
2850,"Honestly, this hostel was impressive from start to finish, no complaints at all.",Positive,0.74,Excited,Travel Review
2851,The pasta dish impressed everyone in our group; simply delightful.,Positive,0.87,Happy,Food Review
2852,The animated movie impressed everyone in our group; simply wonderful.,Positive,0.69,Satisfied,Movie Review
2853,This consulting firm was a disappointment; the whole experience felt awful.,Negative,-0.95,Angry,Service Review
2854,I'd describe this rental agency as unremarkable — it did the job without standing out.,Neutral,0.11,Neutral,Service Review
2855,We were thrilled with this diner — it felt top-notch and well worth the money.,Positive,0.93,Excited,Food Review
2856,"The study guide turned out to be exceptional, and I would recommend it to anyone.",Positive,0.7,Happy,Education
2857,The latest trend impressed everyone in our group; simply delightful.,Positive,0.69,Happy,Social Media
2858,"Sadly, this restaurant turned out to be awful, and I wouldn't try it again.",Negative,-0.6,Sad,Food Review
2859,I was really let down by this thriller — it was mediocre compared to what was promised.,Negative,-0.59,Disappointed,Movie Review
2860,"Sadly, the customer support team turned out to be underwhelming, and I wouldn't try it again.",Negative,-0.78,Disappointed,Service Review
2861,"Sadly, the new cafe turned out to be awful, and I wouldn't try it again.",Negative,-0.66,Sad,Food Review
2862,The beach destination met the basic expectations and was generally typical.,Neutral,-0.09,Neutral,Travel Review
2863,"I have to say, this post exceeded my expectations; it was truly top-notch.",Positive,0.76,Excited,Social Media
2864,"Honestly, the study guide was excellent from start to finish, no complaints at all.",Positive,0.8,Excited,Education
2865,"The animated movie was acceptable overall, similar to most alternatives out there.",Neutral,-0.01,Neutral,Movie Review
2866,"The tutoring session was acceptable; nothing special, but nothing terrible either.",Neutral,0.04,Neutral,Education
2867,"Honestly, the livestream was wonderful from start to finish, no complaints at all.",Positive,0.91,Happy,Social Media
2868,I was really let down by this post — it was poorly made compared to what was promised.,Negative,-0.57,Sad,Social Media
2869,The online lecture met the basic expectations and was generally standard.,Neutral,0.03,Neutral,Education
2870,This rental agency met the basic expectations and was generally average.,Neutral,0.0,Neutral,Service Review
2871,"I have to say, this repair service exceeded my expectations; it was truly wonderful.",Positive,0.76,Happy,Service Review
2872,"I have to say, the wireless headphones exceeded my expectations; it was truly fantastic.",Positive,0.74,Excited,Product Review
2873,I was really let down by the sushi platter — it was awful compared to what was promised.,Negative,-0.84,Sad,Food Review
2874,"The animated movie turned out to be exceptional, and I would recommend it to anyone.",Positive,0.64,Satisfied,Movie Review
2875,"I have to say, this hostel exceeded my expectations; it was truly delightful.",Positive,0.86,Excited,Travel Review
2876,We were thrilled with this repair service — it felt superb and well worth the money.,Positive,0.65,Satisfied,Service Review
2877,It's hard to say much about the tutoring session; it was simply acceptable.,Neutral,-0.02,Neutral,Education
2878,I'd describe this blender as fine — it did the job without standing out.,Neutral,0.0,Neutral,Product Review
2879,I was really let down by the new sequel — it was overpriced compared to what was promised.,Negative,-0.83,Angry,Movie Review
2880,"This textbook turned out to be amazing, and I would recommend it to anyone.",Positive,0.92,Excited,Education
2881,"Honestly, this cleaning company was amazing from start to finish, no complaints at all.",Positive,0.73,Satisfied,Service Review
2882,"Sadly, the dessert menu turned out to be terrible, and I wouldn't try it again.",Negative,-0.95,Disappointed,Food Review
2883,We were thrilled with the study guide — it felt top-notch and well worth the money.,Positive,0.88,Happy,Education
2884,The livestream impressed everyone in our group; simply outstanding.,Positive,0.9,Happy,Social Media
2885,"The dessert menu was okay overall, similar to most alternatives out there.",Neutral,-0.12,Neutral,Food Review
2886,This bakery was a disappointment; the whole experience felt mediocre.,Negative,-0.83,Sad,Food Review
2887,The new update left a lot to be desired; overall it felt unreliable.,Negative,-0.94,Angry,Social Media
2888,"Sadly, the city tour turned out to be awful, and I wouldn't try it again.",Negative,-0.79,Disappointed,Travel Review
2889,"Unfortunately, the beach destination was overpriced, and I regret spending money on it.",Negative,-0.67,Sad,Travel Review
2890,"Sadly, the livestream turned out to be poorly made, and I wouldn't try it again.",Negative,-0.87,Angry,Social Media
2891,"This thriller was adequate; nothing special, but nothing terrible either.",Neutral,-0.09,Neutral,Movie Review
2892,We were thrilled with this cleaning company — it felt exceptional and well worth the money.,Positive,0.83,Excited,Service Review
2893,We were thrilled with the vacuum cleaner — it felt top-notch and well worth the money.,Positive,0.71,Happy,Product Review
2894,This blender impressed everyone in our group; simply impressive.,Positive,0.84,Happy,Product Review
2895,"Unfortunately, the dessert menu was disappointing, and I regret spending money on it.",Negative,-0.58,Fear,Food Review
2896,I'd describe this hotel as acceptable — it did the job without standing out.,Neutral,-0.12,Neutral,Travel Review
2897,This bakery was a disappointment; the whole experience felt disappointing.,Negative,-0.91,Fear,Food Review
2898,The beach destination was a disappointment; the whole experience felt terrible.,Negative,-0.72,Fear,Travel Review
2899,I was really let down by the dessert menu — it was subpar compared to what was promised.,Negative,-0.7,Disappointed,Food Review
2900,"The smartwatch was unremarkable overall, similar to most alternatives out there.",Neutral,-0.14,Neutral,Product Review
2901,"I have to say, this drama exceeded my expectations; it was truly impressive.",Positive,0.79,Satisfied,Movie Review
2902,The office chair was a disappointment; the whole experience felt poorly made.,Negative,-0.94,Angry,Product Review
2903,This cleaning company was a disappointment; the whole experience felt disappointing.,Negative,-0.8,Sad,Service Review
2904,"Honestly, the animated movie was delightful from start to finish, no complaints at all.",Positive,0.69,Satisfied,Movie Review
2905,"Sadly, the new sequel turned out to be terrible, and I wouldn't try it again.",Negative,-0.65,Fear,Movie Review
2906,This cruise met the basic expectations and was generally okay.,Neutral,0.11,Neutral,Travel Review
2907,"Sadly, this thriller turned out to be awful, and I wouldn't try it again.",Negative,-0.73,Angry,Movie Review
2908,This food truck impressed everyone in our group; simply exceptional.,Positive,0.78,Happy,Food Review
2909,"Sadly, this cruise turned out to be awful, and I wouldn't try it again.",Negative,-0.56,Sad,Travel Review
2910,"Honestly, the smartwatch was superb from start to finish, no complaints at all.",Positive,0.75,Excited,Product Review
2911,The online lecture was a disappointment; the whole experience felt terrible.,Negative,-0.85,Angry,Education
2912,The new sequel left a lot to be desired; overall it felt overpriced.,Negative,-0.55,Disappointed,Movie Review
2913,The customer support team was a disappointment; the whole experience felt mediocre.,Negative,-0.7,Angry,Service Review
2914,This repair service was a disappointment; the whole experience felt frustrating.,Negative,-0.91,Disappointed,Service Review
2915,This tour package left a lot to be desired; overall it felt frustrating.,Negative,-0.79,Angry,Travel Review
2916,"I have to say, this cruise exceeded my expectations; it was truly delightful.",Positive,0.68,Satisfied,Travel Review
2917,"Honestly, this blender was exceptional from start to finish, no complaints at all.",Positive,0.62,Satisfied,Product Review
2918,It's hard to say much about the office chair; it was simply typical.,Neutral,-0.01,Neutral,Product Review
2919,"Sadly, the training program turned out to be mediocre, and I wouldn't try it again.",Negative,-0.75,Sad,Education
2920,The wireless headphones met the basic expectations and was generally unremarkable.,Neutral,-0.04,Neutral,Product Review
2921,"Sadly, the animated movie turned out to be awful, and I wouldn't try it again.",Negative,-0.92,Disappointed,Movie Review
2922,It's hard to say much about the romantic comedy; it was simply typical.,Neutral,0.06,Neutral,Movie Review
2923,"Honestly, this backpack was top-notch from start to finish, no complaints at all.",Positive,0.62,Happy,Product Review
2924,"Unfortunately, this cleaning company was frustrating, and I regret spending money on it.",Negative,-0.6,Fear,Service Review
2925,I was really let down by this certification — it was awful compared to what was promised.,Negative,-0.84,Angry,Education
2926,"This film was adequate; nothing special, but nothing terrible either.",Neutral,-0.04,Neutral,Movie Review
2927,"The tutoring session turned out to be delightful, and I would recommend it to anyone.",Positive,0.89,Excited,Education
2928,The livestream left a lot to be desired; overall it felt mediocre.,Negative,-0.92,Angry,Social Media
2929,"I have to say, the delivery service exceeded my expectations; it was truly wonderful.",Positive,0.62,Excited,Service Review
2930,"The study guide turned out to be wonderful, and I would recommend it to anyone.",Positive,0.89,Happy,Education
2931,"This laptop was unremarkable; nothing special, but nothing terrible either.",Neutral,0.08,Neutral,Product Review
2932,I was really let down by the study guide — it was frustrating compared to what was promised.,Negative,-0.72,Disappointed,Education
2933,It's hard to say much about this thriller; it was simply ordinary.,Neutral,-0.01,Neutral,Movie Review
2934,"Sadly, the latest trend turned out to be underwhelming, and I wouldn't try it again.",Negative,-0.69,Angry,Social Media
2935,"Sadly, this documentary turned out to be poorly made, and I wouldn't try it again.",Negative,-0.67,Disappointed,Movie Review
2936,I was really let down by this consulting firm — it was frustrating compared to what was promised.,Negative,-0.63,Sad,Service Review
2937,"Honestly, this repair service was outstanding from start to finish, no complaints at all.",Positive,0.73,Excited,Service Review
2938,"Honestly, the action film was excellent from start to finish, no complaints at all.",Positive,0.96,Excited,Movie Review
2939,"The city tour turned out to be amazing, and I would recommend it to anyone.",Positive,0.74,Excited,Travel Review
2940,This hostel impressed everyone in our group; simply exceptional.,Positive,0.94,Excited,Travel Review
2941,I was really let down by this diner — it was unreliable compared to what was promised.,Negative,-0.59,Fear,Food Review
2942,"Unfortunately, this repair service was awful, and I regret spending money on it.",Negative,-0.97,Sad,Service Review
2943,"This tour package was average overall, similar to most alternatives out there.",Neutral,-0.1,Neutral,Travel Review
2944,I'd describe this documentary as standard — it did the job without standing out.,Neutral,0.1,Neutral,Movie Review
2945,We were thrilled with this bakery — it felt amazing and well worth the money.,Positive,0.68,Satisfied,Food Review
2946,I was really let down by this post — it was subpar compared to what was promised.,Negative,-0.65,Sad,Social Media
2947,The app redesign impressed everyone in our group; simply wonderful.,Positive,0.74,Satisfied,Social Media
2948,This course was a disappointment; the whole experience felt unreliable.,Negative,-0.83,Disappointed,Education
2949,"The study guide was okay; nothing special, but nothing terrible either.",Neutral,-0.11,Neutral,Education
2950,"Sadly, the online lecture turned out to be frustrating, and I wouldn't try it again.",Negative,-0.78,Fear,Education
2951,"Sadly, the study guide turned out to be frustrating, and I wouldn't try it again.",Negative,-0.93,Sad,Education
2952,We were thrilled with this workshop — it felt outstanding and well worth the money.,Positive,0.68,Happy,Education
2953,I'd describe this food truck as typical — it did the job without standing out.,Neutral,-0.08,Neutral,Food Review
2954,It's hard to say much about the study guide; it was simply reasonable.,Neutral,0.04,Neutral,Education
2955,"Unfortunately, the beach destination was underwhelming, and I regret spending money on it.",Negative,-0.97,Sad,Travel Review
2956,It's hard to say much about the customer support team; it was simply okay.,Neutral,0.04,Neutral,Service Review
2957,I was really let down by the new sequel — it was underwhelming compared to what was promised.,Negative,-0.6,Fear,Movie Review
2958,"Sadly, this water bottle turned out to be subpar, and I wouldn't try it again.",Negative,-0.72,Fear,Product Review
2959,It's hard to say much about this bakery; it was simply ordinary.,Neutral,0.15,Neutral,Food Review
2960,This tour package was a disappointment; the whole experience felt underwhelming.,Negative,-0.91,Fear,Travel Review
2961,"Sadly, the city tour turned out to be underwhelming, and I wouldn't try it again.",Negative,-0.76,Sad,Travel Review
2962,It's hard to say much about this hostel; it was simply standard.,Neutral,-0.14,Neutral,Travel Review
2963,This drama impressed everyone in our group; simply exceptional.,Positive,0.8,Happy,Movie Review
2964,"Unfortunately, this hostel was underwhelming, and I regret spending money on it.",Negative,-0.56,Sad,Travel Review
2965,"Unfortunately, the livestream was frustrating, and I regret spending money on it.",Negative,-0.68,Disappointed,Social Media
2966,"This video turned out to be exceptional, and I would recommend it to anyone.",Positive,0.75,Happy,Social Media
2967,"Sadly, this post turned out to be frustrating, and I wouldn't try it again.",Negative,-0.78,Angry,Social Media
2968,This course impressed everyone in our group; simply wonderful.,Positive,0.84,Excited,Education
2969,"Unfortunately, the new update was subpar, and I regret spending money on it.",Negative,-0.7,Fear,Social Media
2970,I was really let down by the online lecture — it was underwhelming compared to what was promised.,Negative,-0.8,Angry,Education
2971,"I have to say, this thriller exceeded my expectations; it was truly outstanding.",Positive,0.88,Excited,Movie Review
2972,This film was a disappointment; the whole experience felt awful.,Negative,-0.75,Sad,Movie Review
2973,The mountain lodge impressed everyone in our group; simply amazing.,Positive,0.75,Satisfied,Travel Review
2974,This rental agency left a lot to be desired; overall it felt overpriced.,Negative,-0.8,Fear,Service Review
2975,"Honestly, this drama was fantastic from start to finish, no complaints at all.",Positive,0.7,Happy,Movie Review
2976,We were thrilled with this certification — it felt wonderful and well worth the money.,Positive,0.66,Excited,Education
2977,The delivery service was a disappointment; the whole experience felt disappointing.,Negative,-0.89,Fear,Service Review
2978,The tutoring session impressed everyone in our group; simply exceptional.,Positive,0.74,Excited,Education
2979,We were thrilled with this cleaning company — it felt superb and well worth the money.,Positive,0.93,Excited,Service Review
2980,We were thrilled with this food truck — it felt fantastic and well worth the money.,Positive,0.85,Excited,Food Review
2981,I was really let down by this cruise — it was disappointing compared to what was promised.,Negative,-0.88,Fear,Travel Review
2982,This diner left a lot to be desired; overall it felt poorly made.,Negative,-0.66,Disappointed,Food Review
2983,"Sadly, the new update turned out to be subpar, and I wouldn't try it again.",Negative,-0.57,Sad,Social Media
2984,"Sadly, this video turned out to be awful, and I wouldn't try it again.",Negative,-0.67,Disappointed,Social Media
2985,"The new cafe was reasonable overall, similar to most alternatives out there.",Neutral,0.14,Neutral,Food Review
2986,"I have to say, this course exceeded my expectations; it was truly outstanding.",Positive,0.92,Happy,Education
2987,"Unfortunately, this thriller was frustrating, and I regret spending money on it.",Negative,-0.87,Angry,Movie Review
2988,"I have to say, the dessert menu exceeded my expectations; it was truly top-notch.",Positive,0.92,Satisfied,Food Review
2989,I was really let down by the training program — it was awful compared to what was promised.,Negative,-0.69,Sad,Education
2990,This hotel impressed everyone in our group; simply exceptional.,Positive,0.82,Satisfied,Travel Review
2991,"Honestly, the app redesign was exceptional from start to finish, no complaints at all.",Positive,0.93,Happy,Social Media
2992,We were thrilled with the new sequel — it felt wonderful and well worth the money.,Positive,0.87,Excited,Movie Review
2993,The city tour was a disappointment; the whole experience felt frustrating.,Negative,-0.84,Disappointed,Travel Review
2994,"Honestly, this workshop was outstanding from start to finish, no complaints at all.",Positive,0.86,Excited,Education
2995,"Sadly, the city tour turned out to be overpriced, and I wouldn't try it again.",Negative,-0.84,Sad,Travel Review
2996,"The training program was unremarkable overall, similar to most alternatives out there.",Neutral,-0.11,Neutral,Education
2997,The wireless headphones impressed everyone in our group; simply outstanding.,Positive,0.96,Satisfied,Product Review
2998,The beach destination left a lot to be desired; overall it felt frustrating.,Negative,-0.8,Sad,Travel Review
2999,The sushi platter was a disappointment; the whole experience felt disappointing.,Negative,-0.85,Disappointed,Food Review
3000,"Honestly, this tour package was delightful from start to finish, no complaints at all.",Positive,0.75,Happy,Travel Review
