id,text,summary,category,difficulty
1,"Blue Horizon Airlines reported stronger than expected quarterly earnings from its Amsterdam division, driven largely by growth in overseas markets. Executives credited the results to a recent expansion strategy and increased demand for the company's core products. Investors responded positively to the announcement.",Blue Horizon Airlines's Amsterdam division posts strong quarterly earnings due to overseas growth.,Business,Intermediate
2,"The latest film from Summit Robotics Inc. broke box office records during its opening weekend in Seoul, exceeding analysts' predictions. Critics praised the film's visual effects and pacing, while fans lined up for early screenings across the region.",Summit Robotics Inc.'s new film breaks box office records in Seoul and earns critical praise.,Entertainment,Intermediate
3,"Tourism officials in Osaka, working with Zenith Pharmaceuticals, launched a campaign encouraging visitors to explore lesser-known neighborhoods during the off-season. Local businesses hope the initiative will help spread tourism revenue more evenly throughout the year.",Osaka and Zenith Pharmaceuticals launch a campaign promoting off-season tourism to local neighborhoods.,Travel,Beginner
4,Harborview College announced a new scholarship program aimed at supporting students from underrepresented backgrounds in Helsinki. The program will cover tuition and provide mentorship opportunities for selected recipients starting next semester. Officials hope the initiative will improve graduation rates.,Harborview College launches a scholarship and mentorship program to support underrepresented students in Helsinki.,Education,Beginner
5,"Harborview College unveiled a new smartphone this week, claiming it delivers significantly faster performance than earlier models. Engineers spent over a year refining the design after receiving feedback from beta testers, and the company expects the product to reach store shelves by July. Analysts believe the launch could strengthen Harborview College's position against rival firms.","Harborview College launches a new smartphone after a year of development, aiming to outperform earlier models.",Technology,Advanced
6,"Tourism officials in Wellington, working with Falcon Logistics, launched a campaign encouraging visitors to explore lesser-known neighborhoods during the off-season. Local businesses hope the initiative will help spread tourism revenue more evenly throughout the year.",Wellington and Falcon Logistics launch a campaign promoting off-season tourism to local neighborhoods.,Travel,Advanced
7,"Scientists at Ironwood Steel Works in Warsaw announced the discovery of a new material that conducts electricity far more efficiently than existing alternatives. The breakthrough could eventually lead to more efficient batteries and electronics, though commercial use is still years away.",Ironwood Steel Works scientists in Warsaw discover a highly efficient new conductive material.,Science,Advanced
8,"A new direct flight route between Nairobi and a major international hub was announced by Summit Robotics Inc. this week, expected to cut travel time significantly for business and leisure travelers alike. The airline said tickets will go on sale next month.","Summit Robotics Inc. announces a new direct flight to Nairobi, promising shorter travel times.",Travel,Intermediate
9,"The latest film from Lakeside Medical Center broke box office records during its opening weekend in Toronto, exceeding analysts' predictions. Critics praised the film's visual effects and pacing, while fans lined up for early screenings across the region.",Lakeside Medical Center's new film breaks box office records in Toronto and earns critical praise.,Entertainment,Intermediate
10,"A popular streaming series produced by Zenith Pharmaceuticals returned for a new season, quickly becoming one of the most watched shows filmed partly in Warsaw. The season introduced several new characters while resolving major storylines from previous episodes.","Zenith Pharmaceuticals's streaming series, filmed partly in Warsaw, returns for a well-received season.",Entertainment,Intermediate
11,"Scientists at Crescent Media Group in Nairobi announced the discovery of a new material that conducts electricity far more efficiently than existing alternatives. The breakthrough could eventually lead to more efficient batteries and electronics, though commercial use is still years away.",Crescent Media Group scientists in Nairobi discover a highly efficient new conductive material.,Science,Advanced
12,Falcon Logistics announced a new scholarship program aimed at supporting students from underrepresented backgrounds in Cairo. The program will cover tuition and provide mentorship opportunities for selected recipients starting next semester. Officials hope the initiative will improve graduation rates.,Falcon Logistics launches a scholarship and mentorship program to support underrepresented students in Cairo.,Education,Intermediate
13,"Scientists at Golden Gate Retailers in Cape Town announced the discovery of a new material that conducts electricity far more efficiently than existing alternatives. The breakthrough could eventually lead to more efficient batteries and electronics, though commercial use is still years away.",Golden Gate Retailers scientists in Cape Town discover a highly efficient new conductive material.,Science,Beginner
14,Researchers at Crescent Media Group in Marrakesh published findings linking regular physical activity to improved long-term memory in older adults. The study followed participants over several years and controlled for factors such as diet and sleep.,Crescent Media Group researchers in Marrakesh link exercise to better long-term memory in older adults.,Health,Advanced
15,Oakwood Publishing House announced a new scholarship program aimed at supporting students from underrepresented backgrounds in Kuala Lumpur. The program will cover tuition and provide mentorship opportunities for selected recipients starting next semester. Officials hope the initiative will improve graduation rates.,Oakwood Publishing House launches a scholarship and mentorship program to support underrepresented students in Kuala Lumpur.,Education,Intermediate
16,Researchers at Quantum Innovations in Prague published findings linking regular physical activity to improved long-term memory in older adults. The study followed participants over several years and controlled for factors such as diet and sleep.,Quantum Innovations researchers in Prague link exercise to better long-term memory in older adults.,Health,Intermediate
17,"Tourism officials in Marrakesh, working with Cedar Grove Hospital, launched a campaign encouraging visitors to explore lesser-known neighborhoods during the off-season. Local businesses hope the initiative will help spread tourism revenue more evenly throughout the year.",Marrakesh and Cedar Grove Hospital launch a campaign promoting off-season tourism to local neighborhoods.,Travel,Advanced
18,"A new direct flight route between Nairobi and a major international hub was announced by Maple Street School District this week, expected to cut travel time significantly for business and leisure travelers alike. The airline said tickets will go on sale next month.","Maple Street School District announces a new direct flight to Nairobi, promising shorter travel times.",Travel,Intermediate
19,"A new clinic backed by Union Manufacturing Corp. opened in Wellington this month, offering expanded mental health services to residents who previously had limited access to care. The clinic plans to add telehealth appointments in the coming months to reach even more patients.",Union Manufacturing Corp. opens a new clinic in Wellington expanding mental health access.,Health,Intermediate
20,"Scientists at Summit Robotics Inc. in Dublin announced the discovery of a new material that conducts electricity far more efficiently than existing alternatives. The breakthrough could eventually lead to more efficient batteries and electronics, though commercial use is still years away.",Summit Robotics Inc. scientists in Dublin discover a highly efficient new conductive material.,Science,Beginner
21,"Tourism officials in Amsterdam, working with NextGen Software Labs, launched a campaign encouraging visitors to explore lesser-known neighborhoods during the off-season. Local businesses hope the initiative will help spread tourism revenue more evenly throughout the year.",Amsterdam and NextGen Software Labs launch a campaign promoting off-season tourism to local neighborhoods.,Travel,Intermediate
22,"The latest film from Maple Street School District broke box office records during its opening weekend in Marrakesh, exceeding analysts' predictions. Critics praised the film's visual effects and pacing, while fans lined up for early screenings across the region.",Maple Street School District's new film breaks box office records in Marrakesh and earns critical praise.,Entertainment,Intermediate
23,"A new curriculum focused on critical thinking was introduced at schools in Edinburgh this term, developed in partnership with BrightFuture Foundation. Teachers reported that students engaged more actively in classroom discussions after the change. The district plans to expand the program district-wide next year.",Schools in Edinburgh adopt a new critical-thinking curriculum developed with BrightFuture Foundation.,Education,Intermediate
24,"A popular streaming series produced by Harborview College returned for a new season, quickly becoming one of the most watched shows filmed partly in Marrakesh. The season introduced several new characters while resolving major storylines from previous episodes.","Harborview College's streaming series, filmed partly in Marrakesh, returns for a well-received season.",Entertainment,Intermediate
25,"NextGen Software Labs reported stronger than expected quarterly earnings from its Seoul division, driven largely by growth in overseas markets. Executives credited the results to a recent expansion strategy and increased demand for the company's core products. Investors responded positively to the announcement.",NextGen Software Labs's Seoul division posts strong quarterly earnings due to overseas growth.,Business,Intermediate
26,"Tourism officials in Osaka, working with Skyline Real Estate, launched a campaign encouraging visitors to explore lesser-known neighborhoods during the off-season. Local businesses hope the initiative will help spread tourism revenue more evenly throughout the year.",Osaka and Skyline Real Estate launch a campaign promoting off-season tourism to local neighborhoods.,Travel,Beginner
27,"A popular streaming series produced by Delta Cloud Services returned for a new season, quickly becoming one of the most watched shows filmed partly in Osaka. The season introduced several new characters while resolving major storylines from previous episodes.","Delta Cloud Services's streaming series, filmed partly in Osaka, returns for a well-received season.",Entertainment,Intermediate
28,"Golden Gate Retailers reported stronger than expected quarterly earnings from its Stockholm division, driven largely by growth in overseas markets. Executives credited the results to a recent expansion strategy and increased demand for the company's core products. Investors responded positively to the announcement.",Golden Gate Retailers's Stockholm division posts strong quarterly earnings due to overseas growth.,Business,Intermediate
29,"Charlotte Baker broke a long-standing record at the regional championships, finishing well ahead of the competition. Coaches say months of intense training contributed to the milestone performance, which has drawn attention from national scouts.",Charlotte Baker sets a new regional record after months of intense training.,Sports,Advanced
30,Ironwood Steel Works announced a new scholarship program aimed at supporting students from underrepresented backgrounds in Kuala Lumpur. The program will cover tuition and provide mentorship opportunities for selected recipients starting next semester. Officials hope the initiative will improve graduation rates.,Ironwood Steel Works launches a scholarship and mentorship program to support underrepresented students in Kuala Lumpur.,Education,Beginner
31,"A new clinic backed by Coastal Insurance Co. opened in Amsterdam this month, offering expanded mental health services to residents who previously had limited access to care. The clinic plans to add telehealth appointments in the coming months to reach even more patients.",Coastal Insurance Co. opens a new clinic in Amsterdam expanding mental health access.,Health,Intermediate
32,"Redstone Consulting reported stronger than expected quarterly earnings from its Wellington division, driven largely by growth in overseas markets. Executives credited the results to a recent expansion strategy and increased demand for the company's core products. Investors responded positively to the announcement.",Redstone Consulting's Wellington division posts strong quarterly earnings due to overseas growth.,Business,Intermediate
33,Coastal Insurance Co. announced a new scholarship program aimed at supporting students from underrepresented backgrounds in Dublin. The program will cover tuition and provide mentorship opportunities for selected recipients starting next semester. Officials hope the initiative will improve graduation rates.,Coastal Insurance Co. launches a scholarship and mentorship program to support underrepresented students in Dublin.,Education,Beginner
34,"A research team at Riverside Bank based in Vancouver published new data on shifting migration patterns among several bird species, linking the changes to rising temperatures. The findings add to a growing body of evidence about climate change's effects on wildlife.",Riverside Bank researchers in Vancouver link changing bird migration patterns to rising temperatures.,Science,Intermediate
35,Developers at Redstone Consulting released an update addressing several security vulnerabilities discovered in their tablet. The patch also introduces performance improvements and a redesigned interface. Users are encouraged to update as soon as possible to avoid potential risks.,Redstone Consulting releases a security and performance update for its tablet.,Technology,Advanced
36,"A new direct flight route between Edinburgh and a major international hub was announced by Coastal Insurance Co. this week, expected to cut travel time significantly for business and leisure travelers alike. The airline said tickets will go on sale next month.","Coastal Insurance Co. announces a new direct flight to Edinburgh, promising shorter travel times.",Travel,Beginner
37,Researchers at Lakeside Medical Center in Santiago published findings linking regular physical activity to improved long-term memory in older adults. The study followed participants over several years and controlled for factors such as diet and sleep.,Lakeside Medical Center researchers in Santiago link exercise to better long-term memory in older adults.,Health,Beginner
38,"A new direct flight route between Kuala Lumpur and a major international hub was announced by Delta Cloud Services this week, expected to cut travel time significantly for business and leisure travelers alike. The airline said tickets will go on sale next month.","Delta Cloud Services announces a new direct flight to Kuala Lumpur, promising shorter travel times.",Travel,Intermediate
39,"A new direct flight route between Osaka and a major international hub was announced by Skyline Real Estate this week, expected to cut travel time significantly for business and leisure travelers alike. The airline said tickets will go on sale next month.","Skyline Real Estate announces a new direct flight to Osaka, promising shorter travel times.",Travel,Intermediate
40,Researchers at Cedar Grove Hospital in Buenos Aires published findings linking regular physical activity to improved long-term memory in older adults. The study followed participants over several years and controlled for factors such as diet and sleep.,Cedar Grove Hospital researchers in Buenos Aires link exercise to better long-term memory in older adults.,Health,Advanced
41,"A new clinic backed by Pioneer Research Institute opened in Zurich this month, offering expanded mental health services to residents who previously had limited access to care. The clinic plans to add telehealth appointments in the coming months to reach even more patients.",Pioneer Research Institute opens a new clinic in Zurich expanding mental health access.,Health,Intermediate
42,"A popular streaming series produced by Zenith Pharmaceuticals returned for a new season, quickly becoming one of the most watched shows filmed partly in Cape Town. The season introduced several new characters while resolving major storylines from previous episodes.","Zenith Pharmaceuticals's streaming series, filmed partly in Cape Town, returns for a well-received season.",Entertainment,Intermediate
43,"A new curriculum focused on critical thinking was introduced at schools in Marrakesh this term, developed in partnership with Global Trade Partners. Teachers reported that students engaged more actively in classroom discussions after the change. The district plans to expand the program district-wide next year.",Schools in Marrakesh adopt a new critical-thinking curriculum developed with Global Trade Partners.,Education,Intermediate
44,"Scientists at Vertex Analytics in Warsaw announced the discovery of a new material that conducts electricity far more efficiently than existing alternatives. The breakthrough could eventually lead to more efficient batteries and electronics, though commercial use is still years away.",Vertex Analytics scientists in Warsaw discover a highly efficient new conductive material.,Science,Beginner
45,"A new clinic backed by Oakwood Publishing House opened in Seoul this month, offering expanded mental health services to residents who previously had limited access to care. The clinic plans to add telehealth appointments in the coming months to reach even more patients.",Oakwood Publishing House opens a new clinic in Seoul expanding mental health access.,Health,Advanced
46,"Northfield University unveiled a new fitness tracker this week, claiming it delivers significantly faster performance than earlier models. Engineers spent over a year refining the design after receiving feedback from beta testers, and the company expects the product to reach store shelves by September. Analysts believe the launch could strengthen Northfield University's position against rival firms.","Northfield University launches a new fitness tracker after a year of development, aiming to outperform earlier models.",Technology,Intermediate
47,"Ironwood Steel Works unveiled a new smart speaker this week, claiming it delivers significantly faster performance than earlier models. Engineers spent over a year refining the design after receiving feedback from beta testers, and the company expects the product to reach store shelves by March. Analysts believe the launch could strengthen Ironwood Steel Works's position against rival firms.","Ironwood Steel Works launches a new smart speaker after a year of development, aiming to outperform earlier models.",Technology,Intermediate
48,Researchers at Quantum Innovations in Seoul published findings linking regular physical activity to improved long-term memory in older adults. The study followed participants over several years and controlled for factors such as diet and sleep.,Quantum Innovations researchers in Seoul link exercise to better long-term memory in older adults.,Health,Beginner
49,"Union Manufacturing Corp. unveiled a new laptop this week, claiming it delivers significantly faster performance than earlier models. Engineers spent over a year refining the design after receiving feedback from beta testers, and the company expects the product to reach store shelves by July. Analysts believe the launch could strengthen Union Manufacturing Corp.'s position against rival firms.","Union Manufacturing Corp. launches a new laptop after a year of development, aiming to outperform earlier models.",Technology,Beginner
50,"Maria Müller broke a long-standing record at the regional championships, finishing well ahead of the competition. Coaches say months of intense training contributed to the milestone performance, which has drawn attention from national scouts.",Maria Müller sets a new regional record after months of intense training.,Sports,Beginner
51,"A research team at BrightFuture Foundation based in Cape Town published new data on shifting migration patterns among several bird species, linking the changes to rising temperatures. The findings add to a growing body of evidence about climate change's effects on wildlife.",BrightFuture Foundation researchers in Cape Town link changing bird migration patterns to rising temperatures.,Science,Beginner
52,"Blue Horizon Airlines reported stronger than expected quarterly earnings from its Berlin division, driven largely by growth in overseas markets. Executives credited the results to a recent expansion strategy and increased demand for the company's core products. Investors responded positively to the announcement.",Blue Horizon Airlines's Berlin division posts strong quarterly earnings due to overseas growth.,Business,Advanced
53,"Scientists at Skyline Real Estate in Buenos Aires announced the discovery of a new material that conducts electricity far more efficiently than existing alternatives. The breakthrough could eventually lead to more efficient batteries and electronics, though commercial use is still years away.",Skyline Real Estate scientists in Buenos Aires discover a highly efficient new conductive material.,Science,Beginner
54,"A new curriculum focused on critical thinking was introduced at schools in Toronto this term, developed in partnership with Redstone Consulting. Teachers reported that students engaged more actively in classroom discussions after the change. The district plans to expand the program district-wide next year.",Schools in Toronto adopt a new critical-thinking curriculum developed with Redstone Consulting.,Education,Advanced
55,"The latest film from NextGen Software Labs broke box office records during its opening weekend in Marrakesh, exceeding analysts' predictions. Critics praised the film's visual effects and pacing, while fans lined up for early screenings across the region.",NextGen Software Labs's new film breaks box office records in Marrakesh and earns critical praise.,Entertainment,Intermediate
56,"Ingrid Smith broke a long-standing record at the regional championships, finishing well ahead of the competition. Coaches say months of intense training contributed to the milestone performance, which has drawn attention from national scouts.",Ingrid Smith sets a new regional record after months of intense training.,Sports,Intermediate
57,"Falcon Logistics reported stronger than expected quarterly earnings from its Prague division, driven largely by growth in overseas markets. Executives credited the results to a recent expansion strategy and increased demand for the company's core products. Investors responded positively to the announcement.",Falcon Logistics's Prague division posts strong quarterly earnings due to overseas growth.,Business,Beginner
58,Researchers at Meridian Financial Group in Santiago published findings linking regular physical activity to improved long-term memory in older adults. The study followed participants over several years and controlled for factors such as diet and sleep.,Meridian Financial Group researchers in Santiago link exercise to better long-term memory in older adults.,Health,Beginner
59,"A research team at Ironwood Steel Works based in Stockholm published new data on shifting migration patterns among several bird species, linking the changes to rising temperatures. The findings add to a growing body of evidence about climate change's effects on wildlife.",Ironwood Steel Works researchers in Stockholm link changing bird migration patterns to rising temperatures.,Science,Intermediate
60,"A popular streaming series produced by Pioneer Research Institute returned for a new season, quickly becoming one of the most watched shows filmed partly in Santiago. The season introduced several new characters while resolving major storylines from previous episodes.","Pioneer Research Institute's streaming series, filmed partly in Santiago, returns for a well-received season.",Entertainment,Beginner
61,"Leila Walker broke a long-standing record at the regional championships, finishing well ahead of the competition. Coaches say months of intense training contributed to the milestone performance, which has drawn attention from national scouts.",Leila Walker sets a new regional record after months of intense training.,Sports,Intermediate
62,"A merger between Aurora Data Systems and a major firm in Cape Town is expected to close by the end of the year, according to sources close to the deal. Analysts say the combined company could become one of the largest players in its industry.",Aurora Data Systems and a major firm in Cape Town move toward a merger set to close by year end.,Business,Advanced
63,"Adaeze Suzuki broke a long-standing record at the regional championships, finishing well ahead of the competition. Coaches say months of intense training contributed to the milestone performance, which has drawn attention from national scouts.",Adaeze Suzuki sets a new regional record after months of intense training.,Sports,Beginner
64,Harborview College announced a new scholarship program aimed at supporting students from underrepresented backgrounds in Cairo. The program will cover tuition and provide mentorship opportunities for selected recipients starting next semester. Officials hope the initiative will improve graduation rates.,Harborview College launches a scholarship and mentorship program to support underrepresented students in Cairo.,Education,Intermediate
65,Crescent Media Group announced a new scholarship program aimed at supporting students from underrepresented backgrounds in Prague. The program will cover tuition and provide mentorship opportunities for selected recipients starting next semester. Officials hope the initiative will improve graduation rates.,Crescent Media Group launches a scholarship and mentorship program to support underrepresented students in Prague.,Education,Intermediate
66,Pioneer Research Institute announced a new scholarship program aimed at supporting students from underrepresented backgrounds in Dublin. The program will cover tuition and provide mentorship opportunities for selected recipients starting next semester. Officials hope the initiative will improve graduation rates.,Pioneer Research Institute launches a scholarship and mentorship program to support underrepresented students in Dublin.,Education,Beginner
67,"A new direct flight route between Manila and a major international hub was announced by Pioneer Research Institute this week, expected to cut travel time significantly for business and leisure travelers alike. The airline said tickets will go on sale next month.","Pioneer Research Institute announces a new direct flight to Manila, promising shorter travel times.",Travel,Beginner
68,"Silverline Motors unveiled a new home assistant device this week, claiming it delivers significantly faster performance than earlier models. Engineers spent over a year refining the design after receiving feedback from beta testers, and the company expects the product to reach store shelves by July. Analysts believe the launch could strengthen Silverline Motors's position against rival firms.","Silverline Motors launches a new home assistant device after a year of development, aiming to outperform earlier models.",Technology,Advanced
69,"A new curriculum focused on critical thinking was introduced at schools in Manila this term, developed in partnership with Skyline Real Estate. Teachers reported that students engaged more actively in classroom discussions after the change. The district plans to expand the program district-wide next year.",Schools in Manila adopt a new critical-thinking curriculum developed with Skyline Real Estate.,Education,Beginner
70,"A popular streaming series produced by Blue Horizon Airlines returned for a new season, quickly becoming one of the most watched shows filmed partly in Zurich. The season introduced several new characters while resolving major storylines from previous episodes.","Blue Horizon Airlines's streaming series, filmed partly in Zurich, returns for a well-received season.",Entertainment,Beginner
71,Developers at Cedar Grove Hospital released an update addressing several security vulnerabilities discovered in their laptop. The patch also introduces performance improvements and a redesigned interface. Users are encouraged to update as soon as possible to avoid potential risks.,Cedar Grove Hospital releases a security and performance update for its laptop.,Technology,Advanced
72,"Zenith Pharmaceuticals reported stronger than expected quarterly earnings from its Osaka division, driven largely by growth in overseas markets. Executives credited the results to a recent expansion strategy and increased demand for the company's core products. Investors responded positively to the announcement.",Zenith Pharmaceuticals's Osaka division posts strong quarterly earnings due to overseas growth.,Business,Beginner
73,Ironwood Steel Works announced a new scholarship program aimed at supporting students from underrepresented backgrounds in Dublin. The program will cover tuition and provide mentorship opportunities for selected recipients starting next semester. Officials hope the initiative will improve graduation rates.,Ironwood Steel Works launches a scholarship and mentorship program to support underrepresented students in Dublin.,Education,Beginner
74,"Summit Robotics Inc. unveiled a new tablet this week, claiming it delivers significantly faster performance than earlier models. Engineers spent over a year refining the design after receiving feedback from beta testers, and the company expects the product to reach store shelves by January. Analysts believe the launch could strengthen Summit Robotics Inc.'s position against rival firms.","Summit Robotics Inc. launches a new tablet after a year of development, aiming to outperform earlier models.",Technology,Beginner
75,Developers at Delta Cloud Services released an update addressing several security vulnerabilities discovered in their home assistant device. The patch also introduces performance improvements and a redesigned interface. Users are encouraged to update as soon as possible to avoid potential risks.,Delta Cloud Services releases a security and performance update for its home assistant device.,Technology,Intermediate
76,"The Stockholm team secured a dramatic victory in the final minutes of the match, coming from behind after trailing for most of the game. Fans credited the comeback to a change in strategy made by the coach at halftime. The win moves the team closer to a spot in the playoffs.","The Stockholm team completes a late comeback win, boosting its playoff chances.",Sports,Advanced
77,"A new direct flight route between Stockholm and a major international hub was announced by Northfield University this week, expected to cut travel time significantly for business and leisure travelers alike. The airline said tickets will go on sale next month.","Northfield University announces a new direct flight to Stockholm, promising shorter travel times.",Travel,Intermediate
78,"Tourism officials in Melbourne, working with Lakeside Medical Center, launched a campaign encouraging visitors to explore lesser-known neighborhoods during the off-season. Local businesses hope the initiative will help spread tourism revenue more evenly throughout the year.",Melbourne and Lakeside Medical Center launch a campaign promoting off-season tourism to local neighborhoods.,Travel,Advanced
79,"A merger between Crescent Media Group and a major firm in Dublin is expected to close by the end of the year, according to sources close to the deal. Analysts say the combined company could become one of the largest players in its industry.",Crescent Media Group and a major firm in Dublin move toward a merger set to close by year end.,Business,Advanced
80,Ironwood Steel Works announced a new scholarship program aimed at supporting students from underrepresented backgrounds in Austin. The program will cover tuition and provide mentorship opportunities for selected recipients starting next semester. Officials hope the initiative will improve graduation rates.,Ironwood Steel Works launches a scholarship and mentorship program to support underrepresented students in Austin.,Education,Beginner
81,"Scientists at BrightFuture Foundation in Edinburgh announced the discovery of a new material that conducts electricity far more efficiently than existing alternatives. The breakthrough could eventually lead to more efficient batteries and electronics, though commercial use is still years away.",BrightFuture Foundation scientists in Edinburgh discover a highly efficient new conductive material.,Science,Intermediate
82,"Tourism officials in Prague, working with Zenith Pharmaceuticals, launched a campaign encouraging visitors to explore lesser-known neighborhoods during the off-season. Local businesses hope the initiative will help spread tourism revenue more evenly throughout the year.",Prague and Zenith Pharmaceuticals launch a campaign promoting off-season tourism to local neighborhoods.,Travel,Beginner
83,"A research team at Summit Robotics Inc. based in Mumbai published new data on shifting migration patterns among several bird species, linking the changes to rising temperatures. The findings add to a growing body of evidence about climate change's effects on wildlife.",Summit Robotics Inc. researchers in Mumbai link changing bird migration patterns to rising temperatures.,Science,Intermediate
84,"A research team at Golden Gate Retailers based in Zurich published new data on shifting migration patterns among several bird species, linking the changes to rising temperatures. The findings add to a growing body of evidence about climate change's effects on wildlife.",Golden Gate Retailers researchers in Zurich link changing bird migration patterns to rising temperatures.,Science,Beginner
85,"BrightFuture Foundation unveiled a new fitness tracker this week, claiming it delivers significantly faster performance than earlier models. Engineers spent over a year refining the design after receiving feedback from beta testers, and the company expects the product to reach store shelves by July. Analysts believe the launch could strengthen BrightFuture Foundation's position against rival firms.","BrightFuture Foundation launches a new fitness tracker after a year of development, aiming to outperform earlier models.",Technology,Advanced
86,"Liam Chen broke a long-standing record at the regional championships, finishing well ahead of the competition. Coaches say months of intense training contributed to the milestone performance, which has drawn attention from national scouts.",Liam Chen sets a new regional record after months of intense training.,Sports,Intermediate
87,Maple Street School District announced a new scholarship program aimed at supporting students from underrepresented backgrounds in Lisbon. The program will cover tuition and provide mentorship opportunities for selected recipients starting next semester. Officials hope the initiative will improve graduation rates.,Maple Street School District launches a scholarship and mentorship program to support underrepresented students in Lisbon.,Education,Intermediate
88,"Elena Hall broke a long-standing record at the regional championships, finishing well ahead of the competition. Coaches say months of intense training contributed to the milestone performance, which has drawn attention from national scouts.",Elena Hall sets a new regional record after months of intense training.,Sports,Beginner
89,Oakwood Publishing House announced a new scholarship program aimed at supporting students from underrepresented backgrounds in Cape Town. The program will cover tuition and provide mentorship opportunities for selected recipients starting next semester. Officials hope the initiative will improve graduation rates.,Oakwood Publishing House launches a scholarship and mentorship program to support underrepresented students in Cape Town.,Education,Advanced
90,Cedar Grove Hospital announced a new scholarship program aimed at supporting students from underrepresented backgrounds in Nairobi. The program will cover tuition and provide mentorship opportunities for selected recipients starting next semester. Officials hope the initiative will improve graduation rates.,Cedar Grove Hospital launches a scholarship and mentorship program to support underrepresented students in Nairobi.,Education,Intermediate
91,"Ibrahim Brown broke a long-standing record at the regional championships, finishing well ahead of the competition. Coaches say months of intense training contributed to the milestone performance, which has drawn attention from national scouts.",Ibrahim Brown sets a new regional record after months of intense training.,Sports,Intermediate
92,"A merger between Skyline Real Estate and a major firm in Austin is expected to close by the end of the year, according to sources close to the deal. Analysts say the combined company could become one of the largest players in its industry.",Skyline Real Estate and a major firm in Austin move toward a merger set to close by year end.,Business,Intermediate
93,"A new clinic backed by Crescent Media Group opened in Manila this month, offering expanded mental health services to residents who previously had limited access to care. The clinic plans to add telehealth appointments in the coming months to reach even more patients.",Crescent Media Group opens a new clinic in Manila expanding mental health access.,Health,Advanced
94,"A merger between Vertex Analytics and a major firm in Warsaw is expected to close by the end of the year, according to sources close to the deal. Analysts say the combined company could become one of the largest players in its industry.",Vertex Analytics and a major firm in Warsaw move toward a merger set to close by year end.,Business,Beginner
95,Developers at Evergreen Energy Co. released an update addressing several security vulnerabilities discovered in their home assistant device. The patch also introduces performance improvements and a redesigned interface. Users are encouraged to update as soon as possible to avoid potential risks.,Evergreen Energy Co. releases a security and performance update for its home assistant device.,Technology,Advanced
96,"Lakeside Medical Center unveiled a new fitness tracker this week, claiming it delivers significantly faster performance than earlier models. Engineers spent over a year refining the design after receiving feedback from beta testers, and the company expects the product to reach store shelves by May. Analysts believe the launch could strengthen Lakeside Medical Center's position against rival firms.","Lakeside Medical Center launches a new fitness tracker after a year of development, aiming to outperform earlier models.",Technology,Beginner
97,"A popular streaming series produced by Pioneer Research Institute returned for a new season, quickly becoming one of the most watched shows filmed partly in Bangkok. The season introduced several new characters while resolving major storylines from previous episodes.","Pioneer Research Institute's streaming series, filmed partly in Bangkok, returns for a well-received season.",Entertainment,Beginner
98,"Grace Dubois broke a long-standing record at the regional championships, finishing well ahead of the competition. Coaches say months of intense training contributed to the milestone performance, which has drawn attention from national scouts.",Grace Dubois sets a new regional record after months of intense training.,Sports,Intermediate
99,"Lucas Haddad broke a long-standing record at the regional championships, finishing well ahead of the competition. Coaches say months of intense training contributed to the milestone performance, which has drawn attention from national scouts.",Lucas Haddad sets a new regional record after months of intense training.,Sports,Beginner
100,"A new direct flight route between Denver and a major international hub was announced by Quantum Innovations this week, expected to cut travel time significantly for business and leisure travelers alike. The airline said tickets will go on sale next month.","Quantum Innovations announces a new direct flight to Denver, promising shorter travel times.",Travel,Intermediate
101,"A new clinic backed by Global Trade Partners opened in Austin this month, offering expanded mental health services to residents who previously had limited access to care. The clinic plans to add telehealth appointments in the coming months to reach even more patients.",Global Trade Partners opens a new clinic in Austin expanding mental health access.,Health,Intermediate
102,"Tourism officials in Seoul, working with Union Manufacturing Corp., launched a campaign encouraging visitors to explore lesser-known neighborhoods during the off-season. Local businesses hope the initiative will help spread tourism revenue more evenly throughout the year.",Seoul and Union Manufacturing Corp. launch a campaign promoting off-season tourism to local neighborhoods.,Travel,Beginner
103,"A research team at Redstone Consulting based in Denver published new data on shifting migration patterns among several bird species, linking the changes to rising temperatures. The findings add to a growing body of evidence about climate change's effects on wildlife.",Redstone Consulting researchers in Denver link changing bird migration patterns to rising temperatures.,Science,Advanced
104,"A new direct flight route between Buenos Aires and a major international hub was announced by Quantum Innovations this week, expected to cut travel time significantly for business and leisure travelers alike. The airline said tickets will go on sale next month.","Quantum Innovations announces a new direct flight to Buenos Aires, promising shorter travel times.",Travel,Beginner
105,Silverline Motors announced a new scholarship program aimed at supporting students from underrepresented backgrounds in Austin. The program will cover tuition and provide mentorship opportunities for selected recipients starting next semester. Officials hope the initiative will improve graduation rates.,Silverline Motors launches a scholarship and mentorship program to support underrepresented students in Austin.,Education,Beginner
106,Researchers at Falcon Logistics in Denver published findings linking regular physical activity to improved long-term memory in older adults. The study followed participants over several years and controlled for factors such as diet and sleep.,Falcon Logistics researchers in Denver link exercise to better long-term memory in older adults.,Health,Advanced
107,Crescent Media Group announced a new scholarship program aimed at supporting students from underrepresented backgrounds in Lisbon. The program will cover tuition and provide mentorship opportunities for selected recipients starting next semester. Officials hope the initiative will improve graduation rates.,Crescent Media Group launches a scholarship and mentorship program to support underrepresented students in Lisbon.,Education,Beginner
108,"The latest film from Silverline Motors broke box office records during its opening weekend in Amsterdam, exceeding analysts' predictions. Critics praised the film's visual effects and pacing, while fans lined up for early screenings across the region.",Silverline Motors's new film breaks box office records in Amsterdam and earns critical praise.,Entertainment,Intermediate
109,Researchers at Pioneer Research Institute in Denver published findings linking regular physical activity to improved long-term memory in older adults. The study followed participants over several years and controlled for factors such as diet and sleep.,Pioneer Research Institute researchers in Denver link exercise to better long-term memory in older adults.,Health,Beginner
110,"Scientists at Oakwood Publishing House in Jakarta announced the discovery of a new material that conducts electricity far more efficiently than existing alternatives. The breakthrough could eventually lead to more efficient batteries and electronics, though commercial use is still years away.",Oakwood Publishing House scientists in Jakarta discover a highly efficient new conductive material.,Science,Advanced
111,Researchers at Crescent Media Group in Dublin published findings linking regular physical activity to improved long-term memory in older adults. The study followed participants over several years and controlled for factors such as diet and sleep.,Crescent Media Group researchers in Dublin link exercise to better long-term memory in older adults.,Health,Intermediate
112,"Golden Gate Retailers reported stronger than expected quarterly earnings from its Cape Town division, driven largely by growth in overseas markets. Executives credited the results to a recent expansion strategy and increased demand for the company's core products. Investors responded positively to the announcement.",Golden Gate Retailers's Cape Town division posts strong quarterly earnings due to overseas growth.,Business,Beginner
113,"Wei Taylor broke a long-standing record at the regional championships, finishing well ahead of the competition. Coaches say months of intense training contributed to the milestone performance, which has drawn attention from national scouts.",Wei Taylor sets a new regional record after months of intense training.,Sports,Beginner
114,"Scientists at Ironwood Steel Works in Denver announced the discovery of a new material that conducts electricity far more efficiently than existing alternatives. The breakthrough could eventually lead to more efficient batteries and electronics, though commercial use is still years away.",Ironwood Steel Works scientists in Denver discover a highly efficient new conductive material.,Science,Advanced
115,"Northfield University unveiled a new smartphone this week, claiming it delivers significantly faster performance than earlier models. Engineers spent over a year refining the design after receiving feedback from beta testers, and the company expects the product to reach store shelves by November. Analysts believe the launch could strengthen Northfield University's position against rival firms.","Northfield University launches a new smartphone after a year of development, aiming to outperform earlier models.",Technology,Intermediate
116,"Delta Cloud Services unveiled a new smartphone this week, claiming it delivers significantly faster performance than earlier models. Engineers spent over a year refining the design after receiving feedback from beta testers, and the company expects the product to reach store shelves by September. Analysts believe the launch could strengthen Delta Cloud Services's position against rival firms.","Delta Cloud Services launches a new smartphone after a year of development, aiming to outperform earlier models.",Technology,Intermediate
117,"A new curriculum focused on critical thinking was introduced at schools in Edinburgh this term, developed in partnership with Pioneer Research Institute. Teachers reported that students engaged more actively in classroom discussions after the change. The district plans to expand the program district-wide next year.",Schools in Edinburgh adopt a new critical-thinking curriculum developed with Pioneer Research Institute.,Education,Advanced
118,Developers at Quantum Innovations released an update addressing several security vulnerabilities discovered in their home assistant device. The patch also introduces performance improvements and a redesigned interface. Users are encouraged to update as soon as possible to avoid potential risks.,Quantum Innovations releases a security and performance update for its home assistant device.,Technology,Intermediate
119,"A new curriculum focused on critical thinking was introduced at schools in Toronto this term, developed in partnership with BrightFuture Foundation. Teachers reported that students engaged more actively in classroom discussions after the change. The district plans to expand the program district-wide next year.",Schools in Toronto adopt a new critical-thinking curriculum developed with BrightFuture Foundation.,Education,Advanced
120,"Lakeside Medical Center reported stronger than expected quarterly earnings from its Denver division, driven largely by growth in overseas markets. Executives credited the results to a recent expansion strategy and increased demand for the company's core products. Investors responded positively to the announcement.",Lakeside Medical Center's Denver division posts strong quarterly earnings due to overseas growth.,Business,Beginner
121,"A new clinic backed by Quantum Innovations opened in Helsinki this month, offering expanded mental health services to residents who previously had limited access to care. The clinic plans to add telehealth appointments in the coming months to reach even more patients.",Quantum Innovations opens a new clinic in Helsinki expanding mental health access.,Health,Beginner
122,"The latest film from Ironwood Steel Works broke box office records during its opening weekend in Santiago, exceeding analysts' predictions. Critics praised the film's visual effects and pacing, while fans lined up for early screenings across the region.",Ironwood Steel Works's new film breaks box office records in Santiago and earns critical praise.,Entertainment,Intermediate
123,"The latest film from Aurora Data Systems broke box office records during its opening weekend in Prague, exceeding analysts' predictions. Critics praised the film's visual effects and pacing, while fans lined up for early screenings across the region.",Aurora Data Systems's new film breaks box office records in Prague and earns critical praise.,Entertainment,Beginner
124,Developers at Golden Gate Retailers released an update addressing several security vulnerabilities discovered in their smart speaker. The patch also introduces performance improvements and a redesigned interface. Users are encouraged to update as soon as possible to avoid potential risks.,Golden Gate Retailers releases a security and performance update for its smart speaker.,Technology,Beginner
125,"Oakwood Publishing House unveiled a new smartphone this week, claiming it delivers significantly faster performance than earlier models. Engineers spent over a year refining the design after receiving feedback from beta testers, and the company expects the product to reach store shelves by September. Analysts believe the launch could strengthen Oakwood Publishing House's position against rival firms.","Oakwood Publishing House launches a new smartphone after a year of development, aiming to outperform earlier models.",Technology,Beginner
126,"A new direct flight route between Dublin and a major international hub was announced by Vertex Analytics this week, expected to cut travel time significantly for business and leisure travelers alike. The airline said tickets will go on sale next month.","Vertex Analytics announces a new direct flight to Dublin, promising shorter travel times.",Travel,Intermediate
127,"A popular streaming series produced by Lakeside Medical Center returned for a new season, quickly becoming one of the most watched shows filmed partly in Zurich. The season introduced several new characters while resolving major storylines from previous episodes.","Lakeside Medical Center's streaming series, filmed partly in Zurich, returns for a well-received season.",Entertainment,Beginner
128,"Scientists at Evergreen Energy Co. in Seoul announced the discovery of a new material that conducts electricity far more efficiently than existing alternatives. The breakthrough could eventually lead to more efficient batteries and electronics, though commercial use is still years away.",Evergreen Energy Co. scientists in Seoul discover a highly efficient new conductive material.,Science,Intermediate
129,"A merger between Ironwood Steel Works and a major firm in Manila is expected to close by the end of the year, according to sources close to the deal. Analysts say the combined company could become one of the largest players in its industry.",Ironwood Steel Works and a major firm in Manila move toward a merger set to close by year end.,Business,Beginner
130,"A popular streaming series produced by Silverline Motors returned for a new season, quickly becoming one of the most watched shows filmed partly in Toronto. The season introduced several new characters while resolving major storylines from previous episodes.","Silverline Motors's streaming series, filmed partly in Toronto, returns for a well-received season.",Entertainment,Intermediate
131,"A new direct flight route between Buenos Aires and a major international hub was announced by Delta Cloud Services this week, expected to cut travel time significantly for business and leisure travelers alike. The airline said tickets will go on sale next month.","Delta Cloud Services announces a new direct flight to Buenos Aires, promising shorter travel times.",Travel,Intermediate
132,"A new direct flight route between Jakarta and a major international hub was announced by Vertex Analytics this week, expected to cut travel time significantly for business and leisure travelers alike. The airline said tickets will go on sale next month.","Vertex Analytics announces a new direct flight to Jakarta, promising shorter travel times.",Travel,Intermediate
133,Redstone Consulting announced a new scholarship program aimed at supporting students from underrepresented backgrounds in Edinburgh. The program will cover tuition and provide mentorship opportunities for selected recipients starting next semester. Officials hope the initiative will improve graduation rates.,Redstone Consulting launches a scholarship and mentorship program to support underrepresented students in Edinburgh.,Education,Intermediate
134,Cedar Grove Hospital announced a new scholarship program aimed at supporting students from underrepresented backgrounds in Marrakesh. The program will cover tuition and provide mentorship opportunities for selected recipients starting next semester. Officials hope the initiative will improve graduation rates.,Cedar Grove Hospital launches a scholarship and mentorship program to support underrepresented students in Marrakesh.,Education,Beginner
135,"Oakwood Publishing House unveiled a new laptop this week, claiming it delivers significantly faster performance than earlier models. Engineers spent over a year refining the design after receiving feedback from beta testers, and the company expects the product to reach store shelves by September. Analysts believe the launch could strengthen Oakwood Publishing House's position against rival firms.","Oakwood Publishing House launches a new laptop after a year of development, aiming to outperform earlier models.",Technology,Intermediate
136,"A new direct flight route between Osaka and a major international hub was announced by Aurora Data Systems this week, expected to cut travel time significantly for business and leisure travelers alike. The airline said tickets will go on sale next month.","Aurora Data Systems announces a new direct flight to Osaka, promising shorter travel times.",Travel,Intermediate
137,Skyline Real Estate announced a new scholarship program aimed at supporting students from underrepresented backgrounds in Berlin. The program will cover tuition and provide mentorship opportunities for selected recipients starting next semester. Officials hope the initiative will improve graduation rates.,Skyline Real Estate launches a scholarship and mentorship program to support underrepresented students in Berlin.,Education,Intermediate
138,"A research team at BrightFuture Foundation based in Lisbon published new data on shifting migration patterns among several bird species, linking the changes to rising temperatures. The findings add to a growing body of evidence about climate change's effects on wildlife.",BrightFuture Foundation researchers in Lisbon link changing bird migration patterns to rising temperatures.,Science,Intermediate
139,"Blue Horizon Airlines reported stronger than expected quarterly earnings from its Wellington division, driven largely by growth in overseas markets. Executives credited the results to a recent expansion strategy and increased demand for the company's core products. Investors responded positively to the announcement.",Blue Horizon Airlines's Wellington division posts strong quarterly earnings due to overseas growth.,Business,Intermediate
140,"Blue Horizon Airlines reported stronger than expected quarterly earnings from its Helsinki division, driven largely by growth in overseas markets. Executives credited the results to a recent expansion strategy and increased demand for the company's core products. Investors responded positively to the announcement.",Blue Horizon Airlines's Helsinki division posts strong quarterly earnings due to overseas growth.,Business,Beginner
141,"James Patel broke a long-standing record at the regional championships, finishing well ahead of the competition. Coaches say months of intense training contributed to the milestone performance, which has drawn attention from national scouts.",James Patel sets a new regional record after months of intense training.,Sports,Advanced
142,"Northfield University unveiled a new tablet this week, claiming it delivers significantly faster performance than earlier models. Engineers spent over a year refining the design after receiving feedback from beta testers, and the company expects the product to reach store shelves by July. Analysts believe the launch could strengthen Northfield University's position against rival firms.","Northfield University launches a new tablet after a year of development, aiming to outperform earlier models.",Technology,Intermediate
143,Lakeside Medical Center announced a new scholarship program aimed at supporting students from underrepresented backgrounds in Warsaw. The program will cover tuition and provide mentorship opportunities for selected recipients starting next semester. Officials hope the initiative will improve graduation rates.,Lakeside Medical Center launches a scholarship and mentorship program to support underrepresented students in Warsaw.,Education,Intermediate
144,"NextGen Software Labs reported stronger than expected quarterly earnings from its Amsterdam division, driven largely by growth in overseas markets. Executives credited the results to a recent expansion strategy and increased demand for the company's core products. Investors responded positively to the announcement.",NextGen Software Labs's Amsterdam division posts strong quarterly earnings due to overseas growth.,Business,Intermediate
145,"A research team at Vertex Analytics based in Edinburgh published new data on shifting migration patterns among several bird species, linking the changes to rising temperatures. The findings add to a growing body of evidence about climate change's effects on wildlife.",Vertex Analytics researchers in Edinburgh link changing bird migration patterns to rising temperatures.,Science,Intermediate
146,"Aurora Data Systems reported stronger than expected quarterly earnings from its Edinburgh division, driven largely by growth in overseas markets. Executives credited the results to a recent expansion strategy and increased demand for the company's core products. Investors responded positively to the announcement.",Aurora Data Systems's Edinburgh division posts strong quarterly earnings due to overseas growth.,Business,Intermediate
147,"The latest film from Redstone Consulting broke box office records during its opening weekend in Santiago, exceeding analysts' predictions. Critics praised the film's visual effects and pacing, while fans lined up for early screenings across the region.",Redstone Consulting's new film breaks box office records in Santiago and earns critical praise.,Entertainment,Intermediate
148,"A new curriculum focused on critical thinking was introduced at schools in Helsinki this term, developed in partnership with Vertex Analytics. Teachers reported that students engaged more actively in classroom discussions after the change. The district plans to expand the program district-wide next year.",Schools in Helsinki adopt a new critical-thinking curriculum developed with Vertex Analytics.,Education,Intermediate
149,"A merger between BrightFuture Foundation and a major firm in Melbourne is expected to close by the end of the year, according to sources close to the deal. Analysts say the combined company could become one of the largest players in its industry.",BrightFuture Foundation and a major firm in Melbourne move toward a merger set to close by year end.,Business,Beginner
150,"Isabella Haddad broke a long-standing record at the regional championships, finishing well ahead of the competition. Coaches say months of intense training contributed to the milestone performance, which has drawn attention from national scouts.",Isabella Haddad sets a new regional record after months of intense training.,Sports,Intermediate
151,"A new clinic backed by Summit Robotics Inc. opened in Seoul this month, offering expanded mental health services to residents who previously had limited access to care. The clinic plans to add telehealth appointments in the coming months to reach even more patients.",Summit Robotics Inc. opens a new clinic in Seoul expanding mental health access.,Health,Intermediate
152,"Tourism officials in Marrakesh, working with Quantum Innovations, launched a campaign encouraging visitors to explore lesser-known neighborhoods during the off-season. Local businesses hope the initiative will help spread tourism revenue more evenly throughout the year.",Marrakesh and Quantum Innovations launch a campaign promoting off-season tourism to local neighborhoods.,Travel,Intermediate
153,"Falcon Logistics reported stronger than expected quarterly earnings from its Denver division, driven largely by growth in overseas markets. Executives credited the results to a recent expansion strategy and increased demand for the company's core products. Investors responded positively to the announcement.",Falcon Logistics's Denver division posts strong quarterly earnings due to overseas growth.,Business,Beginner
154,"Evergreen Energy Co. reported stronger than expected quarterly earnings from its Helsinki division, driven largely by growth in overseas markets. Executives credited the results to a recent expansion strategy and increased demand for the company's core products. Investors responded positively to the announcement.",Evergreen Energy Co.'s Helsinki division posts strong quarterly earnings due to overseas growth.,Business,Beginner
155,"A merger between Crescent Media Group and a major firm in Mumbai is expected to close by the end of the year, according to sources close to the deal. Analysts say the combined company could become one of the largest players in its industry.",Crescent Media Group and a major firm in Mumbai move toward a merger set to close by year end.,Business,Advanced
156,"A research team at BrightFuture Foundation based in Wellington published new data on shifting migration patterns among several bird species, linking the changes to rising temperatures. The findings add to a growing body of evidence about climate change's effects on wildlife.",BrightFuture Foundation researchers in Wellington link changing bird migration patterns to rising temperatures.,Science,Advanced
157,"Ahmed Yamamoto broke a long-standing record at the regional championships, finishing well ahead of the competition. Coaches say months of intense training contributed to the milestone performance, which has drawn attention from national scouts.",Ahmed Yamamoto sets a new regional record after months of intense training.,Sports,Advanced
158,"A merger between Blue Horizon Airlines and a major firm in Prague is expected to close by the end of the year, according to sources close to the deal. Analysts say the combined company could become one of the largest players in its industry.",Blue Horizon Airlines and a major firm in Prague move toward a merger set to close by year end.,Business,Intermediate
159,Crescent Media Group announced a new scholarship program aimed at supporting students from underrepresented backgrounds in Nairobi. The program will cover tuition and provide mentorship opportunities for selected recipients starting next semester. Officials hope the initiative will improve graduation rates.,Crescent Media Group launches a scholarship and mentorship program to support underrepresented students in Nairobi.,Education,Beginner
160,"A research team at Harborview College based in Amsterdam published new data on shifting migration patterns among several bird species, linking the changes to rising temperatures. The findings add to a growing body of evidence about climate change's effects on wildlife.",Harborview College researchers in Amsterdam link changing bird migration patterns to rising temperatures.,Science,Intermediate
161,"A merger between Aurora Data Systems and a major firm in Lisbon is expected to close by the end of the year, according to sources close to the deal. Analysts say the combined company could become one of the largest players in its industry.",Aurora Data Systems and a major firm in Lisbon move toward a merger set to close by year end.,Business,Intermediate
162,"Redstone Consulting reported stronger than expected quarterly earnings from its Mumbai division, driven largely by growth in overseas markets. Executives credited the results to a recent expansion strategy and increased demand for the company's core products. Investors responded positively to the announcement.",Redstone Consulting's Mumbai division posts strong quarterly earnings due to overseas growth.,Business,Beginner
163,"Scientists at Pioneer Research Institute in Austin announced the discovery of a new material that conducts electricity far more efficiently than existing alternatives. The breakthrough could eventually lead to more efficient batteries and electronics, though commercial use is still years away.",Pioneer Research Institute scientists in Austin discover a highly efficient new conductive material.,Science,Advanced
164,"The Marrakesh team secured a dramatic victory in the final minutes of the match, coming from behind after trailing for most of the game. Fans credited the comeback to a change in strategy made by the coach at halftime. The win moves the team closer to a spot in the playoffs.","The Marrakesh team completes a late comeback win, boosting its playoff chances.",Sports,Beginner
165,"Lakeside Medical Center unveiled a new smartphone this week, claiming it delivers significantly faster performance than earlier models. Engineers spent over a year refining the design after receiving feedback from beta testers, and the company expects the product to reach store shelves by January. Analysts believe the launch could strengthen Lakeside Medical Center's position against rival firms.","Lakeside Medical Center launches a new smartphone after a year of development, aiming to outperform earlier models.",Technology,Intermediate
166,"A new curriculum focused on critical thinking was introduced at schools in Jakarta this term, developed in partnership with Oakwood Publishing House. Teachers reported that students engaged more actively in classroom discussions after the change. The district plans to expand the program district-wide next year.",Schools in Jakarta adopt a new critical-thinking curriculum developed with Oakwood Publishing House.,Education,Advanced
167,Ironwood Steel Works announced a new scholarship program aimed at supporting students from underrepresented backgrounds in Edinburgh. The program will cover tuition and provide mentorship opportunities for selected recipients starting next semester. Officials hope the initiative will improve graduation rates.,Ironwood Steel Works launches a scholarship and mentorship program to support underrepresented students in Edinburgh.,Education,Intermediate
168,"A new direct flight route between Melbourne and a major international hub was announced by Golden Gate Retailers this week, expected to cut travel time significantly for business and leisure travelers alike. The airline said tickets will go on sale next month.","Golden Gate Retailers announces a new direct flight to Melbourne, promising shorter travel times.",Travel,Advanced
169,"The latest film from Aurora Data Systems broke box office records during its opening weekend in Helsinki, exceeding analysts' predictions. Critics praised the film's visual effects and pacing, while fans lined up for early screenings across the region.",Aurora Data Systems's new film breaks box office records in Helsinki and earns critical praise.,Entertainment,Beginner
170,"The latest film from Golden Gate Retailers broke box office records during its opening weekend in Manila, exceeding analysts' predictions. Critics praised the film's visual effects and pacing, while fans lined up for early screenings across the region.",Golden Gate Retailers's new film breaks box office records in Manila and earns critical praise.,Entertainment,Intermediate
171,Coastal Insurance Co. announced a new scholarship program aimed at supporting students from underrepresented backgrounds in Seoul. The program will cover tuition and provide mentorship opportunities for selected recipients starting next semester. Officials hope the initiative will improve graduation rates.,Coastal Insurance Co. launches a scholarship and mentorship program to support underrepresented students in Seoul.,Education,Beginner
172,"Silverline Motors reported stronger than expected quarterly earnings from its Buenos Aires division, driven largely by growth in overseas markets. Executives credited the results to a recent expansion strategy and increased demand for the company's core products. Investors responded positively to the announcement.",Silverline Motors's Buenos Aires division posts strong quarterly earnings due to overseas growth.,Business,Advanced
173,"The latest film from Aurora Data Systems broke box office records during its opening weekend in Lisbon, exceeding analysts' predictions. Critics praised the film's visual effects and pacing, while fans lined up for early screenings across the region.",Aurora Data Systems's new film breaks box office records in Lisbon and earns critical praise.,Entertainment,Intermediate
174,Developers at NextGen Software Labs released an update addressing several security vulnerabilities discovered in their smartphone. The patch also introduces performance improvements and a redesigned interface. Users are encouraged to update as soon as possible to avoid potential risks.,NextGen Software Labs releases a security and performance update for its smartphone.,Technology,Advanced
175,"Scientists at Union Manufacturing Corp. in Buenos Aires announced the discovery of a new material that conducts electricity far more efficiently than existing alternatives. The breakthrough could eventually lead to more efficient batteries and electronics, though commercial use is still years away.",Union Manufacturing Corp. scientists in Buenos Aires discover a highly efficient new conductive material.,Science,Intermediate
176,"Scientists at Global Trade Partners in Berlin announced the discovery of a new material that conducts electricity far more efficiently than existing alternatives. The breakthrough could eventually lead to more efficient batteries and electronics, though commercial use is still years away.",Global Trade Partners scientists in Berlin discover a highly efficient new conductive material.,Science,Intermediate
177,"A new direct flight route between Dublin and a major international hub was announced by Silverline Motors this week, expected to cut travel time significantly for business and leisure travelers alike. The airline said tickets will go on sale next month.","Silverline Motors announces a new direct flight to Dublin, promising shorter travel times.",Travel,Advanced
178,"Chloe Yamamoto broke a long-standing record at the regional championships, finishing well ahead of the competition. Coaches say months of intense training contributed to the milestone performance, which has drawn attention from national scouts.",Chloe Yamamoto sets a new regional record after months of intense training.,Sports,Beginner
179,"Summit Robotics Inc. unveiled a new smartphone this week, claiming it delivers significantly faster performance than earlier models. Engineers spent over a year refining the design after receiving feedback from beta testers, and the company expects the product to reach store shelves by September. Analysts believe the launch could strengthen Summit Robotics Inc.'s position against rival firms.","Summit Robotics Inc. launches a new smartphone after a year of development, aiming to outperform earlier models.",Technology,Advanced
180,"A merger between Maple Street School District and a major firm in Amsterdam is expected to close by the end of the year, according to sources close to the deal. Analysts say the combined company could become one of the largest players in its industry.",Maple Street School District and a major firm in Amsterdam move toward a merger set to close by year end.,Business,Advanced
181,"Scientists at Oakwood Publishing House in Helsinki announced the discovery of a new material that conducts electricity far more efficiently than existing alternatives. The breakthrough could eventually lead to more efficient batteries and electronics, though commercial use is still years away.",Oakwood Publishing House scientists in Helsinki discover a highly efficient new conductive material.,Science,Advanced
182,"A new direct flight route between Cairo and a major international hub was announced by Evergreen Energy Co. this week, expected to cut travel time significantly for business and leisure travelers alike. The airline said tickets will go on sale next month.","Evergreen Energy Co. announces a new direct flight to Cairo, promising shorter travel times.",Travel,Intermediate
183,"The latest film from Ironwood Steel Works broke box office records during its opening weekend in Wellington, exceeding analysts' predictions. Critics praised the film's visual effects and pacing, while fans lined up for early screenings across the region.",Ironwood Steel Works's new film breaks box office records in Wellington and earns critical praise.,Entertainment,Beginner
184,"Tourism officials in Dublin, working with Coastal Insurance Co., launched a campaign encouraging visitors to explore lesser-known neighborhoods during the off-season. Local businesses hope the initiative will help spread tourism revenue more evenly throughout the year.",Dublin and Coastal Insurance Co. launch a campaign promoting off-season tourism to local neighborhoods.,Travel,Advanced
185,Developers at Brightline Technologies released an update addressing several security vulnerabilities discovered in their tablet. The patch also introduces performance improvements and a redesigned interface. Users are encouraged to update as soon as possible to avoid potential risks.,Brightline Technologies releases a security and performance update for its tablet.,Technology,Beginner
186,Developers at Ironwood Steel Works released an update addressing several security vulnerabilities discovered in their smart speaker. The patch also introduces performance improvements and a redesigned interface. Users are encouraged to update as soon as possible to avoid potential risks.,Ironwood Steel Works releases a security and performance update for its smart speaker.,Technology,Intermediate
187,"Oakwood Publishing House unveiled a new smart speaker this week, claiming it delivers significantly faster performance than earlier models. Engineers spent over a year refining the design after receiving feedback from beta testers, and the company expects the product to reach store shelves by November. Analysts believe the launch could strengthen Oakwood Publishing House's position against rival firms.","Oakwood Publishing House launches a new smart speaker after a year of development, aiming to outperform earlier models.",Technology,Intermediate
188,"The latest film from Brightline Technologies broke box office records during its opening weekend in Seoul, exceeding analysts' predictions. Critics praised the film's visual effects and pacing, while fans lined up for early screenings across the region.",Brightline Technologies's new film breaks box office records in Seoul and earns critical praise.,Entertainment,Intermediate
189,"Scientists at Cedar Grove Hospital in Berlin announced the discovery of a new material that conducts electricity far more efficiently than existing alternatives. The breakthrough could eventually lead to more efficient batteries and electronics, though commercial use is still years away.",Cedar Grove Hospital scientists in Berlin discover a highly efficient new conductive material.,Science,Advanced
190,"Sara Costa broke a long-standing record at the regional championships, finishing well ahead of the competition. Coaches say months of intense training contributed to the milestone performance, which has drawn attention from national scouts.",Sara Costa sets a new regional record after months of intense training.,Sports,Advanced
191,"Scientists at Harborview College in Jakarta announced the discovery of a new material that conducts electricity far more efficiently than existing alternatives. The breakthrough could eventually lead to more efficient batteries and electronics, though commercial use is still years away.",Harborview College scientists in Jakarta discover a highly efficient new conductive material.,Science,Intermediate
192,"A popular streaming series produced by Riverside Bank returned for a new season, quickly becoming one of the most watched shows filmed partly in Buenos Aires. The season introduced several new characters while resolving major storylines from previous episodes.","Riverside Bank's streaming series, filmed partly in Buenos Aires, returns for a well-received season.",Entertainment,Intermediate
193,"The latest film from Falcon Logistics broke box office records during its opening weekend in Wellington, exceeding analysts' predictions. Critics praised the film's visual effects and pacing, while fans lined up for early screenings across the region.",Falcon Logistics's new film breaks box office records in Wellington and earns critical praise.,Entertainment,Intermediate
194,Harborview College announced a new scholarship program aimed at supporting students from underrepresented backgrounds in Warsaw. The program will cover tuition and provide mentorship opportunities for selected recipients starting next semester. Officials hope the initiative will improve graduation rates.,Harborview College launches a scholarship and mentorship program to support underrepresented students in Warsaw.,Education,Intermediate
195,"A research team at Crescent Media Group based in Austin published new data on shifting migration patterns among several bird species, linking the changes to rising temperatures. The findings add to a growing body of evidence about climate change's effects on wildlife.",Crescent Media Group researchers in Austin link changing bird migration patterns to rising temperatures.,Science,Intermediate
196,Researchers at Redstone Consulting in Osaka published findings linking regular physical activity to improved long-term memory in older adults. The study followed participants over several years and controlled for factors such as diet and sleep.,Redstone Consulting researchers in Osaka link exercise to better long-term memory in older adults.,Health,Intermediate
197,"A new clinic backed by NextGen Software Labs opened in Manila this month, offering expanded mental health services to residents who previously had limited access to care. The clinic plans to add telehealth appointments in the coming months to reach even more patients.",NextGen Software Labs opens a new clinic in Manila expanding mental health access.,Health,Advanced
198,"Riverside Bank unveiled a new tablet this week, claiming it delivers significantly faster performance than earlier models. Engineers spent over a year refining the design after receiving feedback from beta testers, and the company expects the product to reach store shelves by May. Analysts believe the launch could strengthen Riverside Bank's position against rival firms.","Riverside Bank launches a new tablet after a year of development, aiming to outperform earlier models.",Technology,Intermediate
199,"Riverside Bank unveiled a new smartphone this week, claiming it delivers significantly faster performance than earlier models. Engineers spent over a year refining the design after receiving feedback from beta testers, and the company expects the product to reach store shelves by March. Analysts believe the launch could strengthen Riverside Bank's position against rival firms.","Riverside Bank launches a new smartphone after a year of development, aiming to outperform earlier models.",Technology,Advanced
200,"Tourism officials in Manila, working with Summit Robotics Inc., launched a campaign encouraging visitors to explore lesser-known neighborhoods during the off-season. Local businesses hope the initiative will help spread tourism revenue more evenly throughout the year.",Manila and Summit Robotics Inc. launch a campaign promoting off-season tourism to local neighborhoods.,Travel,Intermediate
201,"Layla Wright broke a long-standing record at the regional championships, finishing well ahead of the competition. Coaches say months of intense training contributed to the milestone performance, which has drawn attention from national scouts.",Layla Wright sets a new regional record after months of intense training.,Sports,Intermediate
202,Developers at Oakwood Publishing House released an update addressing several security vulnerabilities discovered in their smart speaker. The patch also introduces performance improvements and a redesigned interface. Users are encouraged to update as soon as possible to avoid potential risks.,Oakwood Publishing House releases a security and performance update for its smart speaker.,Technology,Beginner
203,"Meridian Financial Group unveiled a new laptop this week, claiming it delivers significantly faster performance than earlier models. Engineers spent over a year refining the design after receiving feedback from beta testers, and the company expects the product to reach store shelves by May. Analysts believe the launch could strengthen Meridian Financial Group's position against rival firms.","Meridian Financial Group launches a new laptop after a year of development, aiming to outperform earlier models.",Technology,Advanced
204,"A merger between Northfield University and a major firm in Toronto is expected to close by the end of the year, according to sources close to the deal. Analysts say the combined company could become one of the largest players in its industry.",Northfield University and a major firm in Toronto move toward a merger set to close by year end.,Business,Beginner
205,"A new direct flight route between Osaka and a major international hub was announced by Crescent Media Group this week, expected to cut travel time significantly for business and leisure travelers alike. The airline said tickets will go on sale next month.","Crescent Media Group announces a new direct flight to Osaka, promising shorter travel times.",Travel,Beginner
206,"A popular streaming series produced by Quantum Innovations returned for a new season, quickly becoming one of the most watched shows filmed partly in Denver. The season introduced several new characters while resolving major storylines from previous episodes.","Quantum Innovations's streaming series, filmed partly in Denver, returns for a well-received season.",Entertainment,Intermediate
207,Vertex Analytics announced a new scholarship program aimed at supporting students from underrepresented backgrounds in Dublin. The program will cover tuition and provide mentorship opportunities for selected recipients starting next semester. Officials hope the initiative will improve graduation rates.,Vertex Analytics launches a scholarship and mentorship program to support underrepresented students in Dublin.,Education,Beginner
208,"Cedar Grove Hospital reported stronger than expected quarterly earnings from its Jakarta division, driven largely by growth in overseas markets. Executives credited the results to a recent expansion strategy and increased demand for the company's core products. Investors responded positively to the announcement.",Cedar Grove Hospital's Jakarta division posts strong quarterly earnings due to overseas growth.,Business,Intermediate
209,"The latest film from Vertex Analytics broke box office records during its opening weekend in Bangkok, exceeding analysts' predictions. Critics praised the film's visual effects and pacing, while fans lined up for early screenings across the region.",Vertex Analytics's new film breaks box office records in Bangkok and earns critical praise.,Entertainment,Advanced
210,Maple Street School District announced a new scholarship program aimed at supporting students from underrepresented backgrounds in Bangkok. The program will cover tuition and provide mentorship opportunities for selected recipients starting next semester. Officials hope the initiative will improve graduation rates.,Maple Street School District launches a scholarship and mentorship program to support underrepresented students in Bangkok.,Education,Intermediate
211,"Tourism officials in Osaka, working with Evergreen Energy Co., launched a campaign encouraging visitors to explore lesser-known neighborhoods during the off-season. Local businesses hope the initiative will help spread tourism revenue more evenly throughout the year.",Osaka and Evergreen Energy Co. launch a campaign promoting off-season tourism to local neighborhoods.,Travel,Intermediate
212,"A new clinic backed by Summit Robotics Inc. opened in Denver this month, offering expanded mental health services to residents who previously had limited access to care. The clinic plans to add telehealth appointments in the coming months to reach even more patients.",Summit Robotics Inc. opens a new clinic in Denver expanding mental health access.,Health,Beginner
213,"A research team at Union Manufacturing Corp. based in Nairobi published new data on shifting migration patterns among several bird species, linking the changes to rising temperatures. The findings add to a growing body of evidence about climate change's effects on wildlife.",Union Manufacturing Corp. researchers in Nairobi link changing bird migration patterns to rising temperatures.,Science,Intermediate
214,"A research team at Union Manufacturing Corp. based in Kuala Lumpur published new data on shifting migration patterns among several bird species, linking the changes to rising temperatures. The findings add to a growing body of evidence about climate change's effects on wildlife.",Union Manufacturing Corp. researchers in Kuala Lumpur link changing bird migration patterns to rising temperatures.,Science,Intermediate
215,"A new direct flight route between Cape Town and a major international hub was announced by Cedar Grove Hospital this week, expected to cut travel time significantly for business and leisure travelers alike. The airline said tickets will go on sale next month.","Cedar Grove Hospital announces a new direct flight to Cape Town, promising shorter travel times.",Travel,Intermediate
216,"A new direct flight route between Zurich and a major international hub was announced by Harborview College this week, expected to cut travel time significantly for business and leisure travelers alike. The airline said tickets will go on sale next month.","Harborview College announces a new direct flight to Zurich, promising shorter travel times.",Travel,Beginner
217,"The latest film from Coastal Insurance Co. broke box office records during its opening weekend in Wellington, exceeding analysts' predictions. Critics praised the film's visual effects and pacing, while fans lined up for early screenings across the region.",Coastal Insurance Co.'s new film breaks box office records in Wellington and earns critical praise.,Entertainment,Advanced
218,"Scientists at Global Trade Partners in Vancouver announced the discovery of a new material that conducts electricity far more efficiently than existing alternatives. The breakthrough could eventually lead to more efficient batteries and electronics, though commercial use is still years away.",Global Trade Partners scientists in Vancouver discover a highly efficient new conductive material.,Science,Intermediate
219,"Northfield University unveiled a new smart speaker this week, claiming it delivers significantly faster performance than earlier models. Engineers spent over a year refining the design after receiving feedback from beta testers, and the company expects the product to reach store shelves by September. Analysts believe the launch could strengthen Northfield University's position against rival firms.","Northfield University launches a new smart speaker after a year of development, aiming to outperform earlier models.",Technology,Intermediate
220,"Tourism officials in Bangkok, working with Lakeside Medical Center, launched a campaign encouraging visitors to explore lesser-known neighborhoods during the off-season. Local businesses hope the initiative will help spread tourism revenue more evenly throughout the year.",Bangkok and Lakeside Medical Center launch a campaign promoting off-season tourism to local neighborhoods.,Travel,Intermediate
221,"Tourism officials in Warsaw, working with Maple Street School District, launched a campaign encouraging visitors to explore lesser-known neighborhoods during the off-season. Local businesses hope the initiative will help spread tourism revenue more evenly throughout the year.",Warsaw and Maple Street School District launch a campaign promoting off-season tourism to local neighborhoods.,Travel,Advanced
222,Summit Robotics Inc. announced a new scholarship program aimed at supporting students from underrepresented backgrounds in Dublin. The program will cover tuition and provide mentorship opportunities for selected recipients starting next semester. Officials hope the initiative will improve graduation rates.,Summit Robotics Inc. launches a scholarship and mentorship program to support underrepresented students in Dublin.,Education,Intermediate
223,"A new clinic backed by Summit Robotics Inc. opened in Wellington this month, offering expanded mental health services to residents who previously had limited access to care. The clinic plans to add telehealth appointments in the coming months to reach even more patients.",Summit Robotics Inc. opens a new clinic in Wellington expanding mental health access.,Health,Advanced
224,"Scientists at Northfield University in Amsterdam announced the discovery of a new material that conducts electricity far more efficiently than existing alternatives. The breakthrough could eventually lead to more efficient batteries and electronics, though commercial use is still years away.",Northfield University scientists in Amsterdam discover a highly efficient new conductive material.,Science,Intermediate
225,"A merger between Pioneer Research Institute and a major firm in Bangkok is expected to close by the end of the year, according to sources close to the deal. Analysts say the combined company could become one of the largest players in its industry.",Pioneer Research Institute and a major firm in Bangkok move toward a merger set to close by year end.,Business,Advanced
226,"Sara Taylor broke a long-standing record at the regional championships, finishing well ahead of the competition. Coaches say months of intense training contributed to the milestone performance, which has drawn attention from national scouts.",Sara Taylor sets a new regional record after months of intense training.,Sports,Intermediate
227,"Sara Larsen broke a long-standing record at the regional championships, finishing well ahead of the competition. Coaches say months of intense training contributed to the milestone performance, which has drawn attention from national scouts.",Sara Larsen sets a new regional record after months of intense training.,Sports,Intermediate
228,"Summit Robotics Inc. reported stronger than expected quarterly earnings from its Cape Town division, driven largely by growth in overseas markets. Executives credited the results to a recent expansion strategy and increased demand for the company's core products. Investors responded positively to the announcement.",Summit Robotics Inc.'s Cape Town division posts strong quarterly earnings due to overseas growth.,Business,Intermediate
229,Researchers at BrightFuture Foundation in Cape Town published findings linking regular physical activity to improved long-term memory in older adults. The study followed participants over several years and controlled for factors such as diet and sleep.,BrightFuture Foundation researchers in Cape Town link exercise to better long-term memory in older adults.,Health,Beginner
230,"Fatima Garcia broke a long-standing record at the regional championships, finishing well ahead of the competition. Coaches say months of intense training contributed to the milestone performance, which has drawn attention from national scouts.",Fatima Garcia sets a new regional record after months of intense training.,Sports,Intermediate
231,"Aurora Data Systems unveiled a new laptop this week, claiming it delivers significantly faster performance than earlier models. Engineers spent over a year refining the design after receiving feedback from beta testers, and the company expects the product to reach store shelves by September. Analysts believe the launch could strengthen Aurora Data Systems's position against rival firms.","Aurora Data Systems launches a new laptop after a year of development, aiming to outperform earlier models.",Technology,Intermediate
232,"A research team at Summit Robotics Inc. based in Vancouver published new data on shifting migration patterns among several bird species, linking the changes to rising temperatures. The findings add to a growing body of evidence about climate change's effects on wildlife.",Summit Robotics Inc. researchers in Vancouver link changing bird migration patterns to rising temperatures.,Science,Advanced
233,Coastal Insurance Co. announced a new scholarship program aimed at supporting students from underrepresented backgrounds in Nairobi. The program will cover tuition and provide mentorship opportunities for selected recipients starting next semester. Officials hope the initiative will improve graduation rates.,Coastal Insurance Co. launches a scholarship and mentorship program to support underrepresented students in Nairobi.,Education,Beginner
234,"Tourism officials in Stockholm, working with Coastal Insurance Co., launched a campaign encouraging visitors to explore lesser-known neighborhoods during the off-season. Local businesses hope the initiative will help spread tourism revenue more evenly throughout the year.",Stockholm and Coastal Insurance Co. launch a campaign promoting off-season tourism to local neighborhoods.,Travel,Intermediate
235,"A merger between Blue Horizon Airlines and a major firm in Lisbon is expected to close by the end of the year, according to sources close to the deal. Analysts say the combined company could become one of the largest players in its industry.",Blue Horizon Airlines and a major firm in Lisbon move toward a merger set to close by year end.,Business,Beginner
236,"Scientists at Oakwood Publishing House in Bangkok announced the discovery of a new material that conducts electricity far more efficiently than existing alternatives. The breakthrough could eventually lead to more efficient batteries and electronics, though commercial use is still years away.",Oakwood Publishing House scientists in Bangkok discover a highly efficient new conductive material.,Science,Advanced
237,"A popular streaming series produced by Redstone Consulting returned for a new season, quickly becoming one of the most watched shows filmed partly in Warsaw. The season introduced several new characters while resolving major storylines from previous episodes.","Redstone Consulting's streaming series, filmed partly in Warsaw, returns for a well-received season.",Entertainment,Beginner
238,"Crescent Media Group unveiled a new fitness tracker this week, claiming it delivers significantly faster performance than earlier models. Engineers spent over a year refining the design after receiving feedback from beta testers, and the company expects the product to reach store shelves by March. Analysts believe the launch could strengthen Crescent Media Group's position against rival firms.","Crescent Media Group launches a new fitness tracker after a year of development, aiming to outperform earlier models.",Technology,Intermediate
239,"A popular streaming series produced by Meridian Financial Group returned for a new season, quickly becoming one of the most watched shows filmed partly in Lisbon. The season introduced several new characters while resolving major storylines from previous episodes.","Meridian Financial Group's streaming series, filmed partly in Lisbon, returns for a well-received season.",Entertainment,Beginner
240,Researchers at Brightline Technologies in Edinburgh published findings linking regular physical activity to improved long-term memory in older adults. The study followed participants over several years and controlled for factors such as diet and sleep.,Brightline Technologies researchers in Edinburgh link exercise to better long-term memory in older adults.,Health,Intermediate
241,Developers at Golden Gate Retailers released an update addressing several security vulnerabilities discovered in their fitness tracker. The patch also introduces performance improvements and a redesigned interface. Users are encouraged to update as soon as possible to avoid potential risks.,Golden Gate Retailers releases a security and performance update for its fitness tracker.,Technology,Intermediate
242,"The Zurich team secured a dramatic victory in the final minutes of the match, coming from behind after trailing for most of the game. Fans credited the comeback to a change in strategy made by the coach at halftime. The win moves the team closer to a spot in the playoffs.","The Zurich team completes a late comeback win, boosting its playoff chances.",Sports,Advanced
243,"A new curriculum focused on critical thinking was introduced at schools in Edinburgh this term, developed in partnership with Harborview College. Teachers reported that students engaged more actively in classroom discussions after the change. The district plans to expand the program district-wide next year.",Schools in Edinburgh adopt a new critical-thinking curriculum developed with Harborview College.,Education,Advanced
244,"A merger between Lakeside Medical Center and a major firm in Osaka is expected to close by the end of the year, according to sources close to the deal. Analysts say the combined company could become one of the largest players in its industry.",Lakeside Medical Center and a major firm in Osaka move toward a merger set to close by year end.,Business,Intermediate
245,Developers at Blue Horizon Airlines released an update addressing several security vulnerabilities discovered in their tablet. The patch also introduces performance improvements and a redesigned interface. Users are encouraged to update as soon as possible to avoid potential risks.,Blue Horizon Airlines releases a security and performance update for its tablet.,Technology,Advanced
246,"Ethan Fernandez broke a long-standing record at the regional championships, finishing well ahead of the competition. Coaches say months of intense training contributed to the milestone performance, which has drawn attention from national scouts.",Ethan Fernandez sets a new regional record after months of intense training.,Sports,Intermediate
247,"A research team at Zenith Pharmaceuticals based in Nairobi published new data on shifting migration patterns among several bird species, linking the changes to rising temperatures. The findings add to a growing body of evidence about climate change's effects on wildlife.",Zenith Pharmaceuticals researchers in Nairobi link changing bird migration patterns to rising temperatures.,Science,Intermediate
248,Developers at Golden Gate Retailers released an update addressing several security vulnerabilities discovered in their home assistant device. The patch also introduces performance improvements and a redesigned interface. Users are encouraged to update as soon as possible to avoid potential risks.,Golden Gate Retailers releases a security and performance update for its home assistant device.,Technology,Beginner
249,"A new direct flight route between Jakarta and a major international hub was announced by Crescent Media Group this week, expected to cut travel time significantly for business and leisure travelers alike. The airline said tickets will go on sale next month.","Crescent Media Group announces a new direct flight to Jakarta, promising shorter travel times.",Travel,Advanced
250,"Evergreen Energy Co. reported stronger than expected quarterly earnings from its Stockholm division, driven largely by growth in overseas markets. Executives credited the results to a recent expansion strategy and increased demand for the company's core products. Investors responded positively to the announcement.",Evergreen Energy Co.'s Stockholm division posts strong quarterly earnings due to overseas growth.,Business,Advanced
251,"Tourism officials in Melbourne, working with Skyline Real Estate, launched a campaign encouraging visitors to explore lesser-known neighborhoods during the off-season. Local businesses hope the initiative will help spread tourism revenue more evenly throughout the year.",Melbourne and Skyline Real Estate launch a campaign promoting off-season tourism to local neighborhoods.,Travel,Advanced
252,"Kevin Green broke a long-standing record at the regional championships, finishing well ahead of the competition. Coaches say months of intense training contributed to the milestone performance, which has drawn attention from national scouts.",Kevin Green sets a new regional record after months of intense training.,Sports,Advanced
253,"A new direct flight route between Marrakesh and a major international hub was announced by Silverline Motors this week, expected to cut travel time significantly for business and leisure travelers alike. The airline said tickets will go on sale next month.","Silverline Motors announces a new direct flight to Marrakesh, promising shorter travel times.",Travel,Advanced
254,"A popular streaming series produced by Oakwood Publishing House returned for a new season, quickly becoming one of the most watched shows filmed partly in Osaka. The season introduced several new characters while resolving major storylines from previous episodes.","Oakwood Publishing House's streaming series, filmed partly in Osaka, returns for a well-received season.",Entertainment,Intermediate
255,"Scientists at Quantum Innovations in Dublin announced the discovery of a new material that conducts electricity far more efficiently than existing alternatives. The breakthrough could eventually lead to more efficient batteries and electronics, though commercial use is still years away.",Quantum Innovations scientists in Dublin discover a highly efficient new conductive material.,Science,Advanced
256,"A new clinic backed by Evergreen Energy Co. opened in Cape Town this month, offering expanded mental health services to residents who previously had limited access to care. The clinic plans to add telehealth appointments in the coming months to reach even more patients.",Evergreen Energy Co. opens a new clinic in Cape Town expanding mental health access.,Health,Intermediate
257,"James Moore broke a long-standing record at the regional championships, finishing well ahead of the competition. Coaches say months of intense training contributed to the milestone performance, which has drawn attention from national scouts.",James Moore sets a new regional record after months of intense training.,Sports,Intermediate
258,"A new curriculum focused on critical thinking was introduced at schools in Prague this term, developed in partnership with Vertex Analytics. Teachers reported that students engaged more actively in classroom discussions after the change. The district plans to expand the program district-wide next year.",Schools in Prague adopt a new critical-thinking curriculum developed with Vertex Analytics.,Education,Intermediate
259,"A popular streaming series produced by Global Trade Partners returned for a new season, quickly becoming one of the most watched shows filmed partly in Nairobi. The season introduced several new characters while resolving major storylines from previous episodes.","Global Trade Partners's streaming series, filmed partly in Nairobi, returns for a well-received season.",Entertainment,Beginner
260,"Lakeside Medical Center reported stronger than expected quarterly earnings from its Marrakesh division, driven largely by growth in overseas markets. Executives credited the results to a recent expansion strategy and increased demand for the company's core products. Investors responded positively to the announcement.",Lakeside Medical Center's Marrakesh division posts strong quarterly earnings due to overseas growth.,Business,Intermediate
261,"BrightFuture Foundation unveiled a new home assistant device this week, claiming it delivers significantly faster performance than earlier models. Engineers spent over a year refining the design after receiving feedback from beta testers, and the company expects the product to reach store shelves by January. Analysts believe the launch could strengthen BrightFuture Foundation's position against rival firms.","BrightFuture Foundation launches a new home assistant device after a year of development, aiming to outperform earlier models.",Technology,Advanced
262,Researchers at Riverside Bank in Prague published findings linking regular physical activity to improved long-term memory in older adults. The study followed participants over several years and controlled for factors such as diet and sleep.,Riverside Bank researchers in Prague link exercise to better long-term memory in older adults.,Health,Intermediate
263,"Global Trade Partners reported stronger than expected quarterly earnings from its Kuala Lumpur division, driven largely by growth in overseas markets. Executives credited the results to a recent expansion strategy and increased demand for the company's core products. Investors responded positively to the announcement.",Global Trade Partners's Kuala Lumpur division posts strong quarterly earnings due to overseas growth.,Business,Advanced
264,"A popular streaming series produced by Crescent Media Group returned for a new season, quickly becoming one of the most watched shows filmed partly in Kuala Lumpur. The season introduced several new characters while resolving major storylines from previous episodes.","Crescent Media Group's streaming series, filmed partly in Kuala Lumpur, returns for a well-received season.",Entertainment,Beginner
265,"Jack Larsen broke a long-standing record at the regional championships, finishing well ahead of the competition. Coaches say months of intense training contributed to the milestone performance, which has drawn attention from national scouts.",Jack Larsen sets a new regional record after months of intense training.,Sports,Advanced
266,"Cedar Grove Hospital reported stronger than expected quarterly earnings from its Stockholm division, driven largely by growth in overseas markets. Executives credited the results to a recent expansion strategy and increased demand for the company's core products. Investors responded positively to the announcement.",Cedar Grove Hospital's Stockholm division posts strong quarterly earnings due to overseas growth.,Business,Intermediate
267,"A new clinic backed by Global Trade Partners opened in Dublin this month, offering expanded mental health services to residents who previously had limited access to care. The clinic plans to add telehealth appointments in the coming months to reach even more patients.",Global Trade Partners opens a new clinic in Dublin expanding mental health access.,Health,Intermediate
268,Researchers at Redstone Consulting in Wellington published findings linking regular physical activity to improved long-term memory in older adults. The study followed participants over several years and controlled for factors such as diet and sleep.,Redstone Consulting researchers in Wellington link exercise to better long-term memory in older adults.,Health,Beginner
269,"Harborview College reported stronger than expected quarterly earnings from its Lisbon division, driven largely by growth in overseas markets. Executives credited the results to a recent expansion strategy and increased demand for the company's core products. Investors responded positively to the announcement.",Harborview College's Lisbon division posts strong quarterly earnings due to overseas growth.,Business,Beginner
270,"A new clinic backed by Riverside Bank opened in Manila this month, offering expanded mental health services to residents who previously had limited access to care. The clinic plans to add telehealth appointments in the coming months to reach even more patients.",Riverside Bank opens a new clinic in Manila expanding mental health access.,Health,Intermediate
271,"Scientists at Cedar Grove Hospital in Copenhagen announced the discovery of a new material that conducts electricity far more efficiently than existing alternatives. The breakthrough could eventually lead to more efficient batteries and electronics, though commercial use is still years away.",Cedar Grove Hospital scientists in Copenhagen discover a highly efficient new conductive material.,Science,Intermediate
272,"A popular streaming series produced by Maple Street School District returned for a new season, quickly becoming one of the most watched shows filmed partly in Santiago. The season introduced several new characters while resolving major storylines from previous episodes.","Maple Street School District's streaming series, filmed partly in Santiago, returns for a well-received season.",Entertainment,Beginner
273,"Delta Cloud Services unveiled a new tablet this week, claiming it delivers significantly faster performance than earlier models. Engineers spent over a year refining the design after receiving feedback from beta testers, and the company expects the product to reach store shelves by November. Analysts believe the launch could strengthen Delta Cloud Services's position against rival firms.","Delta Cloud Services launches a new tablet after a year of development, aiming to outperform earlier models.",Technology,Beginner
274,"A research team at Redstone Consulting based in Buenos Aires published new data on shifting migration patterns among several bird species, linking the changes to rising temperatures. The findings add to a growing body of evidence about climate change's effects on wildlife.",Redstone Consulting researchers in Buenos Aires link changing bird migration patterns to rising temperatures.,Science,Beginner
275,"A new clinic backed by Falcon Logistics opened in Buenos Aires this month, offering expanded mental health services to residents who previously had limited access to care. The clinic plans to add telehealth appointments in the coming months to reach even more patients.",Falcon Logistics opens a new clinic in Buenos Aires expanding mental health access.,Health,Beginner
276,"Summit Robotics Inc. unveiled a new tablet this week, claiming it delivers significantly faster performance than earlier models. Engineers spent over a year refining the design after receiving feedback from beta testers, and the company expects the product to reach store shelves by March. Analysts believe the launch could strengthen Summit Robotics Inc.'s position against rival firms.","Summit Robotics Inc. launches a new tablet after a year of development, aiming to outperform earlier models.",Technology,Intermediate
277,"Tourism officials in Bangkok, working with Silverline Motors, launched a campaign encouraging visitors to explore lesser-known neighborhoods during the off-season. Local businesses hope the initiative will help spread tourism revenue more evenly throughout the year.",Bangkok and Silverline Motors launch a campaign promoting off-season tourism to local neighborhoods.,Travel,Beginner
278,"A new direct flight route between Mumbai and a major international hub was announced by Lakeside Medical Center this week, expected to cut travel time significantly for business and leisure travelers alike. The airline said tickets will go on sale next month.","Lakeside Medical Center announces a new direct flight to Mumbai, promising shorter travel times.",Travel,Beginner
279,Developers at Global Trade Partners released an update addressing several security vulnerabilities discovered in their fitness tracker. The patch also introduces performance improvements and a redesigned interface. Users are encouraged to update as soon as possible to avoid potential risks.,Global Trade Partners releases a security and performance update for its fitness tracker.,Technology,Beginner
280,"A new curriculum focused on critical thinking was introduced at schools in Buenos Aires this term, developed in partnership with Falcon Logistics. Teachers reported that students engaged more actively in classroom discussions after the change. The district plans to expand the program district-wide next year.",Schools in Buenos Aires adopt a new critical-thinking curriculum developed with Falcon Logistics.,Education,Intermediate
281,"A popular streaming series produced by Lakeside Medical Center returned for a new season, quickly becoming one of the most watched shows filmed partly in Cairo. The season introduced several new characters while resolving major storylines from previous episodes.","Lakeside Medical Center's streaming series, filmed partly in Cairo, returns for a well-received season.",Entertainment,Intermediate
282,"The latest film from Harborview College broke box office records during its opening weekend in Seoul, exceeding analysts' predictions. Critics praised the film's visual effects and pacing, while fans lined up for early screenings across the region.",Harborview College's new film breaks box office records in Seoul and earns critical praise.,Entertainment,Advanced
283,"Union Manufacturing Corp. unveiled a new home assistant device this week, claiming it delivers significantly faster performance than earlier models. Engineers spent over a year refining the design after receiving feedback from beta testers, and the company expects the product to reach store shelves by May. Analysts believe the launch could strengthen Union Manufacturing Corp.'s position against rival firms.","Union Manufacturing Corp. launches a new home assistant device after a year of development, aiming to outperform earlier models.",Technology,Intermediate
284,"A new curriculum focused on critical thinking was introduced at schools in Marrakesh this term, developed in partnership with Brightline Technologies. Teachers reported that students engaged more actively in classroom discussions after the change. The district plans to expand the program district-wide next year.",Schools in Marrakesh adopt a new critical-thinking curriculum developed with Brightline Technologies.,Education,Intermediate
285,"A research team at Falcon Logistics based in Bangkok published new data on shifting migration patterns among several bird species, linking the changes to rising temperatures. The findings add to a growing body of evidence about climate change's effects on wildlife.",Falcon Logistics researchers in Bangkok link changing bird migration patterns to rising temperatures.,Science,Beginner
286,"A popular streaming series produced by Riverside Bank returned for a new season, quickly becoming one of the most watched shows filmed partly in Berlin. The season introduced several new characters while resolving major storylines from previous episodes.","Riverside Bank's streaming series, filmed partly in Berlin, returns for a well-received season.",Entertainment,Advanced
287,"A new clinic backed by Brightline Technologies opened in Warsaw this month, offering expanded mental health services to residents who previously had limited access to care. The clinic plans to add telehealth appointments in the coming months to reach even more patients.",Brightline Technologies opens a new clinic in Warsaw expanding mental health access.,Health,Beginner
288,"The latest film from Pioneer Research Institute broke box office records during its opening weekend in Marrakesh, exceeding analysts' predictions. Critics praised the film's visual effects and pacing, while fans lined up for early screenings across the region.",Pioneer Research Institute's new film breaks box office records in Marrakesh and earns critical praise.,Entertainment,Beginner
289,"Tourism officials in Zurich, working with Global Trade Partners, launched a campaign encouraging visitors to explore lesser-known neighborhoods during the off-season. Local businesses hope the initiative will help spread tourism revenue more evenly throughout the year.",Zurich and Global Trade Partners launch a campaign promoting off-season tourism to local neighborhoods.,Travel,Advanced
290,"A new curriculum focused on critical thinking was introduced at schools in Santiago this term, developed in partnership with Quantum Innovations. Teachers reported that students engaged more actively in classroom discussions after the change. The district plans to expand the program district-wide next year.",Schools in Santiago adopt a new critical-thinking curriculum developed with Quantum Innovations.,Education,Beginner
291,"Ahmed Rossi broke a long-standing record at the regional championships, finishing well ahead of the competition. Coaches say months of intense training contributed to the milestone performance, which has drawn attention from national scouts.",Ahmed Rossi sets a new regional record after months of intense training.,Sports,Beginner
292,"Tourism officials in Stockholm, working with Golden Gate Retailers, launched a campaign encouraging visitors to explore lesser-known neighborhoods during the off-season. Local businesses hope the initiative will help spread tourism revenue more evenly throughout the year.",Stockholm and Golden Gate Retailers launch a campaign promoting off-season tourism to local neighborhoods.,Travel,Intermediate
293,"Vertex Analytics unveiled a new tablet this week, claiming it delivers significantly faster performance than earlier models. Engineers spent over a year refining the design after receiving feedback from beta testers, and the company expects the product to reach store shelves by May. Analysts believe the launch could strengthen Vertex Analytics's position against rival firms.","Vertex Analytics launches a new tablet after a year of development, aiming to outperform earlier models.",Technology,Intermediate
294,"A popular streaming series produced by Delta Cloud Services returned for a new season, quickly becoming one of the most watched shows filmed partly in Buenos Aires. The season introduced several new characters while resolving major storylines from previous episodes.","Delta Cloud Services's streaming series, filmed partly in Buenos Aires, returns for a well-received season.",Entertainment,Intermediate
295,Researchers at Brightline Technologies in Copenhagen published findings linking regular physical activity to improved long-term memory in older adults. The study followed participants over several years and controlled for factors such as diet and sleep.,Brightline Technologies researchers in Copenhagen link exercise to better long-term memory in older adults.,Health,Advanced
296,"A popular streaming series produced by Aurora Data Systems returned for a new season, quickly becoming one of the most watched shows filmed partly in Cairo. The season introduced several new characters while resolving major storylines from previous episodes.","Aurora Data Systems's streaming series, filmed partly in Cairo, returns for a well-received season.",Entertainment,Intermediate
297,"A new direct flight route between Edinburgh and a major international hub was announced by Pioneer Research Institute this week, expected to cut travel time significantly for business and leisure travelers alike. The airline said tickets will go on sale next month.","Pioneer Research Institute announces a new direct flight to Edinburgh, promising shorter travel times.",Travel,Intermediate
298,"Redstone Consulting reported stronger than expected quarterly earnings from its Santiago division, driven largely by growth in overseas markets. Executives credited the results to a recent expansion strategy and increased demand for the company's core products. Investors responded positively to the announcement.",Redstone Consulting's Santiago division posts strong quarterly earnings due to overseas growth.,Business,Intermediate
299,Zenith Pharmaceuticals announced a new scholarship program aimed at supporting students from underrepresented backgrounds in Manila. The program will cover tuition and provide mentorship opportunities for selected recipients starting next semester. Officials hope the initiative will improve graduation rates.,Zenith Pharmaceuticals launches a scholarship and mentorship program to support underrepresented students in Manila.,Education,Beginner
300,"Blue Horizon Airlines unveiled a new fitness tracker this week, claiming it delivers significantly faster performance than earlier models. Engineers spent over a year refining the design after receiving feedback from beta testers, and the company expects the product to reach store shelves by July. Analysts believe the launch could strengthen Blue Horizon Airlines's position against rival firms.","Blue Horizon Airlines launches a new fitness tracker after a year of development, aiming to outperform earlier models.",Technology,Advanced
301,"A research team at Ironwood Steel Works based in Prague published new data on shifting migration patterns among several bird species, linking the changes to rising temperatures. The findings add to a growing body of evidence about climate change's effects on wildlife.",Ironwood Steel Works researchers in Prague link changing bird migration patterns to rising temperatures.,Science,Advanced
302,"Maple Street School District reported stronger than expected quarterly earnings from its Nairobi division, driven largely by growth in overseas markets. Executives credited the results to a recent expansion strategy and increased demand for the company's core products. Investors responded positively to the announcement.",Maple Street School District's Nairobi division posts strong quarterly earnings due to overseas growth.,Business,Intermediate
303,Developers at Harborview College released an update addressing several security vulnerabilities discovered in their tablet. The patch also introduces performance improvements and a redesigned interface. Users are encouraged to update as soon as possible to avoid potential risks.,Harborview College releases a security and performance update for its tablet.,Technology,Beginner
304,"Scientists at Crescent Media Group in Austin announced the discovery of a new material that conducts electricity far more efficiently than existing alternatives. The breakthrough could eventually lead to more efficient batteries and electronics, though commercial use is still years away.",Crescent Media Group scientists in Austin discover a highly efficient new conductive material.,Science,Intermediate
305,"A new curriculum focused on critical thinking was introduced at schools in Melbourne this term, developed in partnership with Redstone Consulting. Teachers reported that students engaged more actively in classroom discussions after the change. The district plans to expand the program district-wide next year.",Schools in Melbourne adopt a new critical-thinking curriculum developed with Redstone Consulting.,Education,Intermediate
306,"A new direct flight route between Toronto and a major international hub was announced by Lakeside Medical Center this week, expected to cut travel time significantly for business and leisure travelers alike. The airline said tickets will go on sale next month.","Lakeside Medical Center announces a new direct flight to Toronto, promising shorter travel times.",Travel,Intermediate
307,"Ironwood Steel Works unveiled a new home assistant device this week, claiming it delivers significantly faster performance than earlier models. Engineers spent over a year refining the design after receiving feedback from beta testers, and the company expects the product to reach store shelves by September. Analysts believe the launch could strengthen Ironwood Steel Works's position against rival firms.","Ironwood Steel Works launches a new home assistant device after a year of development, aiming to outperform earlier models.",Technology,Beginner
308,Researchers at Brightline Technologies in Denver published findings linking regular physical activity to improved long-term memory in older adults. The study followed participants over several years and controlled for factors such as diet and sleep.,Brightline Technologies researchers in Denver link exercise to better long-term memory in older adults.,Health,Beginner
309,"A new direct flight route between Santiago and a major international hub was announced by Oakwood Publishing House this week, expected to cut travel time significantly for business and leisure travelers alike. The airline said tickets will go on sale next month.","Oakwood Publishing House announces a new direct flight to Santiago, promising shorter travel times.",Travel,Intermediate
310,"A new clinic backed by Redstone Consulting opened in Stockholm this month, offering expanded mental health services to residents who previously had limited access to care. The clinic plans to add telehealth appointments in the coming months to reach even more patients.",Redstone Consulting opens a new clinic in Stockholm expanding mental health access.,Health,Intermediate
311,"Blue Horizon Airlines unveiled a new smart speaker this week, claiming it delivers significantly faster performance than earlier models. Engineers spent over a year refining the design after receiving feedback from beta testers, and the company expects the product to reach store shelves by September. Analysts believe the launch could strengthen Blue Horizon Airlines's position against rival firms.","Blue Horizon Airlines launches a new smart speaker after a year of development, aiming to outperform earlier models.",Technology,Intermediate
312,"Tourism officials in Stockholm, working with Evergreen Energy Co., launched a campaign encouraging visitors to explore lesser-known neighborhoods during the off-season. Local businesses hope the initiative will help spread tourism revenue more evenly throughout the year.",Stockholm and Evergreen Energy Co. launch a campaign promoting off-season tourism to local neighborhoods.,Travel,Intermediate
313,"Riverside Bank reported stronger than expected quarterly earnings from its Prague division, driven largely by growth in overseas markets. Executives credited the results to a recent expansion strategy and increased demand for the company's core products. Investors responded positively to the announcement.",Riverside Bank's Prague division posts strong quarterly earnings due to overseas growth.,Business,Beginner
314,Blue Horizon Airlines announced a new scholarship program aimed at supporting students from underrepresented backgrounds in Berlin. The program will cover tuition and provide mentorship opportunities for selected recipients starting next semester. Officials hope the initiative will improve graduation rates.,Blue Horizon Airlines launches a scholarship and mentorship program to support underrepresented students in Berlin.,Education,Beginner
315,"Sara Anderson broke a long-standing record at the regional championships, finishing well ahead of the competition. Coaches say months of intense training contributed to the milestone performance, which has drawn attention from national scouts.",Sara Anderson sets a new regional record after months of intense training.,Sports,Intermediate
316,"A merger between Blue Horizon Airlines and a major firm in Dublin is expected to close by the end of the year, according to sources close to the deal. Analysts say the combined company could become one of the largest players in its industry.",Blue Horizon Airlines and a major firm in Dublin move toward a merger set to close by year end.,Business,Intermediate
317,"Emma Ivanov broke a long-standing record at the regional championships, finishing well ahead of the competition. Coaches say months of intense training contributed to the milestone performance, which has drawn attention from national scouts.",Emma Ivanov sets a new regional record after months of intense training.,Sports,Intermediate
318,Northfield University announced a new scholarship program aimed at supporting students from underrepresented backgrounds in Helsinki. The program will cover tuition and provide mentorship opportunities for selected recipients starting next semester. Officials hope the initiative will improve graduation rates.,Northfield University launches a scholarship and mentorship program to support underrepresented students in Helsinki.,Education,Advanced
319,"Scientists at Aurora Data Systems in Copenhagen announced the discovery of a new material that conducts electricity far more efficiently than existing alternatives. The breakthrough could eventually lead to more efficient batteries and electronics, though commercial use is still years away.",Aurora Data Systems scientists in Copenhagen discover a highly efficient new conductive material.,Science,Intermediate
320,Developers at Meridian Financial Group released an update addressing several security vulnerabilities discovered in their smartphone. The patch also introduces performance improvements and a redesigned interface. Users are encouraged to update as soon as possible to avoid potential risks.,Meridian Financial Group releases a security and performance update for its smartphone.,Technology,Intermediate
321,"Peter Walker broke a long-standing record at the regional championships, finishing well ahead of the competition. Coaches say months of intense training contributed to the milestone performance, which has drawn attention from national scouts.",Peter Walker sets a new regional record after months of intense training.,Sports,Intermediate
322,"Noah Garcia broke a long-standing record at the regional championships, finishing well ahead of the competition. Coaches say months of intense training contributed to the milestone performance, which has drawn attention from national scouts.",Noah Garcia sets a new regional record after months of intense training.,Sports,Intermediate
323,"David Haddad broke a long-standing record at the regional championships, finishing well ahead of the competition. Coaches say months of intense training contributed to the milestone performance, which has drawn attention from national scouts.",David Haddad sets a new regional record after months of intense training.,Sports,Intermediate
324,"A popular streaming series produced by Redstone Consulting returned for a new season, quickly becoming one of the most watched shows filmed partly in Santiago. The season introduced several new characters while resolving major storylines from previous episodes.","Redstone Consulting's streaming series, filmed partly in Santiago, returns for a well-received season.",Entertainment,Intermediate
325,"Elena Clark broke a long-standing record at the regional championships, finishing well ahead of the competition. Coaches say months of intense training contributed to the milestone performance, which has drawn attention from national scouts.",Elena Clark sets a new regional record after months of intense training.,Sports,Beginner
326,"A new curriculum focused on critical thinking was introduced at schools in Stockholm this term, developed in partnership with Quantum Innovations. Teachers reported that students engaged more actively in classroom discussions after the change. The district plans to expand the program district-wide next year.",Schools in Stockholm adopt a new critical-thinking curriculum developed with Quantum Innovations.,Education,Beginner
327,Researchers at Union Manufacturing Corp. in Denver published findings linking regular physical activity to improved long-term memory in older adults. The study followed participants over several years and controlled for factors such as diet and sleep.,Union Manufacturing Corp. researchers in Denver link exercise to better long-term memory in older adults.,Health,Intermediate
328,"The latest film from Crescent Media Group broke box office records during its opening weekend in Dublin, exceeding analysts' predictions. Critics praised the film's visual effects and pacing, while fans lined up for early screenings across the region.",Crescent Media Group's new film breaks box office records in Dublin and earns critical praise.,Entertainment,Intermediate
329,"Union Manufacturing Corp. reported stronger than expected quarterly earnings from its Seoul division, driven largely by growth in overseas markets. Executives credited the results to a recent expansion strategy and increased demand for the company's core products. Investors responded positively to the announcement.",Union Manufacturing Corp.'s Seoul division posts strong quarterly earnings due to overseas growth.,Business,Beginner
330,"The latest film from Brightline Technologies broke box office records during its opening weekend in Santiago, exceeding analysts' predictions. Critics praised the film's visual effects and pacing, while fans lined up for early screenings across the region.",Brightline Technologies's new film breaks box office records in Santiago and earns critical praise.,Entertainment,Advanced
331,"A merger between Pioneer Research Institute and a major firm in Nairobi is expected to close by the end of the year, according to sources close to the deal. Analysts say the combined company could become one of the largest players in its industry.",Pioneer Research Institute and a major firm in Nairobi move toward a merger set to close by year end.,Business,Advanced
332,Researchers at Delta Cloud Services in Warsaw published findings linking regular physical activity to improved long-term memory in older adults. The study followed participants over several years and controlled for factors such as diet and sleep.,Delta Cloud Services researchers in Warsaw link exercise to better long-term memory in older adults.,Health,Advanced
333,"A merger between BrightFuture Foundation and a major firm in Mumbai is expected to close by the end of the year, according to sources close to the deal. Analysts say the combined company could become one of the largest players in its industry.",BrightFuture Foundation and a major firm in Mumbai move toward a merger set to close by year end.,Business,Advanced
334,Researchers at Zenith Pharmaceuticals in Seoul published findings linking regular physical activity to improved long-term memory in older adults. The study followed participants over several years and controlled for factors such as diet and sleep.,Zenith Pharmaceuticals researchers in Seoul link exercise to better long-term memory in older adults.,Health,Intermediate
335,"The latest film from Riverside Bank broke box office records during its opening weekend in Nairobi, exceeding analysts' predictions. Critics praised the film's visual effects and pacing, while fans lined up for early screenings across the region.",Riverside Bank's new film breaks box office records in Nairobi and earns critical praise.,Entertainment,Intermediate
336,"The latest film from Falcon Logistics broke box office records during its opening weekend in Austin, exceeding analysts' predictions. Critics praised the film's visual effects and pacing, while fans lined up for early screenings across the region.",Falcon Logistics's new film breaks box office records in Austin and earns critical praise.,Entertainment,Beginner
337,"A popular streaming series produced by Evergreen Energy Co. returned for a new season, quickly becoming one of the most watched shows filmed partly in Santiago. The season introduced several new characters while resolving major storylines from previous episodes.","Evergreen Energy Co.'s streaming series, filmed partly in Santiago, returns for a well-received season.",Entertainment,Intermediate
338,"Lakeside Medical Center reported stronger than expected quarterly earnings from its Wellington division, driven largely by growth in overseas markets. Executives credited the results to a recent expansion strategy and increased demand for the company's core products. Investors responded positively to the announcement.",Lakeside Medical Center's Wellington division posts strong quarterly earnings due to overseas growth.,Business,Beginner
339,Summit Robotics Inc. announced a new scholarship program aimed at supporting students from underrepresented backgrounds in Copenhagen. The program will cover tuition and provide mentorship opportunities for selected recipients starting next semester. Officials hope the initiative will improve graduation rates.,Summit Robotics Inc. launches a scholarship and mentorship program to support underrepresented students in Copenhagen.,Education,Beginner
340,"Scientists at Delta Cloud Services in Prague announced the discovery of a new material that conducts electricity far more efficiently than existing alternatives. The breakthrough could eventually lead to more efficient batteries and electronics, though commercial use is still years away.",Delta Cloud Services scientists in Prague discover a highly efficient new conductive material.,Science,Intermediate
341,"Priya Khan broke a long-standing record at the regional championships, finishing well ahead of the competition. Coaches say months of intense training contributed to the milestone performance, which has drawn attention from national scouts.",Priya Khan sets a new regional record after months of intense training.,Sports,Advanced
342,"Scientists at Meridian Financial Group in Amsterdam announced the discovery of a new material that conducts electricity far more efficiently than existing alternatives. The breakthrough could eventually lead to more efficient batteries and electronics, though commercial use is still years away.",Meridian Financial Group scientists in Amsterdam discover a highly efficient new conductive material.,Science,Advanced
343,Riverside Bank announced a new scholarship program aimed at supporting students from underrepresented backgrounds in Amsterdam. The program will cover tuition and provide mentorship opportunities for selected recipients starting next semester. Officials hope the initiative will improve graduation rates.,Riverside Bank launches a scholarship and mentorship program to support underrepresented students in Amsterdam.,Education,Intermediate
344,"A popular streaming series produced by Evergreen Energy Co. returned for a new season, quickly becoming one of the most watched shows filmed partly in Manila. The season introduced several new characters while resolving major storylines from previous episodes.","Evergreen Energy Co.'s streaming series, filmed partly in Manila, returns for a well-received season.",Entertainment,Beginner
345,"A new direct flight route between Zurich and a major international hub was announced by Aurora Data Systems this week, expected to cut travel time significantly for business and leisure travelers alike. The airline said tickets will go on sale next month.","Aurora Data Systems announces a new direct flight to Zurich, promising shorter travel times.",Travel,Beginner
346,"A new direct flight route between Mumbai and a major international hub was announced by Ironwood Steel Works this week, expected to cut travel time significantly for business and leisure travelers alike. The airline said tickets will go on sale next month.","Ironwood Steel Works announces a new direct flight to Mumbai, promising shorter travel times.",Travel,Intermediate
347,"The Santiago team secured a dramatic victory in the final minutes of the match, coming from behind after trailing for most of the game. Fans credited the comeback to a change in strategy made by the coach at halftime. The win moves the team closer to a spot in the playoffs.","The Santiago team completes a late comeback win, boosting its playoff chances.",Sports,Beginner
348,"A merger between Coastal Insurance Co. and a major firm in Santiago is expected to close by the end of the year, according to sources close to the deal. Analysts say the combined company could become one of the largest players in its industry.",Coastal Insurance Co. and a major firm in Santiago move toward a merger set to close by year end.,Business,Beginner
349,"A new direct flight route between Stockholm and a major international hub was announced by Silverline Motors this week, expected to cut travel time significantly for business and leisure travelers alike. The airline said tickets will go on sale next month.","Silverline Motors announces a new direct flight to Stockholm, promising shorter travel times.",Travel,Beginner
350,"The latest film from Harborview College broke box office records during its opening weekend in Berlin, exceeding analysts' predictions. Critics praised the film's visual effects and pacing, while fans lined up for early screenings across the region.",Harborview College's new film breaks box office records in Berlin and earns critical praise.,Entertainment,Beginner
351,Researchers at Northfield University in Osaka published findings linking regular physical activity to improved long-term memory in older adults. The study followed participants over several years and controlled for factors such as diet and sleep.,Northfield University researchers in Osaka link exercise to better long-term memory in older adults.,Health,Advanced
352,"Jack Dubois broke a long-standing record at the regional championships, finishing well ahead of the competition. Coaches say months of intense training contributed to the milestone performance, which has drawn attention from national scouts.",Jack Dubois sets a new regional record after months of intense training.,Sports,Advanced
353,"Evergreen Energy Co. unveiled a new smart speaker this week, claiming it delivers significantly faster performance than earlier models. Engineers spent over a year refining the design after receiving feedback from beta testers, and the company expects the product to reach store shelves by November. Analysts believe the launch could strengthen Evergreen Energy Co.'s position against rival firms.","Evergreen Energy Co. launches a new smart speaker after a year of development, aiming to outperform earlier models.",Technology,Beginner
354,"The latest film from Brightline Technologies broke box office records during its opening weekend in Warsaw, exceeding analysts' predictions. Critics praised the film's visual effects and pacing, while fans lined up for early screenings across the region.",Brightline Technologies's new film breaks box office records in Warsaw and earns critical praise.,Entertainment,Advanced
355,"Scientists at Silverline Motors in Nairobi announced the discovery of a new material that conducts electricity far more efficiently than existing alternatives. The breakthrough could eventually lead to more efficient batteries and electronics, though commercial use is still years away.",Silverline Motors scientists in Nairobi discover a highly efficient new conductive material.,Science,Intermediate
356,Developers at Cedar Grove Hospital released an update addressing several security vulnerabilities discovered in their smart speaker. The patch also introduces performance improvements and a redesigned interface. Users are encouraged to update as soon as possible to avoid potential risks.,Cedar Grove Hospital releases a security and performance update for its smart speaker.,Technology,Intermediate
357,"Quantum Innovations reported stronger than expected quarterly earnings from its Helsinki division, driven largely by growth in overseas markets. Executives credited the results to a recent expansion strategy and increased demand for the company's core products. Investors responded positively to the announcement.",Quantum Innovations's Helsinki division posts strong quarterly earnings due to overseas growth.,Business,Advanced
358,"A popular streaming series produced by Falcon Logistics returned for a new season, quickly becoming one of the most watched shows filmed partly in Denver. The season introduced several new characters while resolving major storylines from previous episodes.","Falcon Logistics's streaming series, filmed partly in Denver, returns for a well-received season.",Entertainment,Intermediate
359,"Scientists at Harborview College in Mumbai announced the discovery of a new material that conducts electricity far more efficiently than existing alternatives. The breakthrough could eventually lead to more efficient batteries and electronics, though commercial use is still years away.",Harborview College scientists in Mumbai discover a highly efficient new conductive material.,Science,Intermediate
360,"A new clinic backed by Coastal Insurance Co. opened in Zurich this month, offering expanded mental health services to residents who previously had limited access to care. The clinic plans to add telehealth appointments in the coming months to reach even more patients.",Coastal Insurance Co. opens a new clinic in Zurich expanding mental health access.,Health,Intermediate
361,Developers at Evergreen Energy Co. released an update addressing several security vulnerabilities discovered in their smartphone. The patch also introduces performance improvements and a redesigned interface. Users are encouraged to update as soon as possible to avoid potential risks.,Evergreen Energy Co. releases a security and performance update for its smartphone.,Technology,Intermediate
362,"Quantum Innovations reported stronger than expected quarterly earnings from its Vancouver division, driven largely by growth in overseas markets. Executives credited the results to a recent expansion strategy and increased demand for the company's core products. Investors responded positively to the announcement.",Quantum Innovations's Vancouver division posts strong quarterly earnings due to overseas growth.,Business,Intermediate
363,"Riverside Bank reported stronger than expected quarterly earnings from its Seoul division, driven largely by growth in overseas markets. Executives credited the results to a recent expansion strategy and increased demand for the company's core products. Investors responded positively to the announcement.",Riverside Bank's Seoul division posts strong quarterly earnings due to overseas growth.,Business,Advanced
364,"Ingrid Scott broke a long-standing record at the regional championships, finishing well ahead of the competition. Coaches say months of intense training contributed to the milestone performance, which has drawn attention from national scouts.",Ingrid Scott sets a new regional record after months of intense training.,Sports,Intermediate
365,"The Mumbai team secured a dramatic victory in the final minutes of the match, coming from behind after trailing for most of the game. Fans credited the comeback to a change in strategy made by the coach at halftime. The win moves the team closer to a spot in the playoffs.","The Mumbai team completes a late comeback win, boosting its playoff chances.",Sports,Intermediate
366,"Harborview College reported stronger than expected quarterly earnings from its Mumbai division, driven largely by growth in overseas markets. Executives credited the results to a recent expansion strategy and increased demand for the company's core products. Investors responded positively to the announcement.",Harborview College's Mumbai division posts strong quarterly earnings due to overseas growth.,Business,Intermediate
367,"A popular streaming series produced by Skyline Real Estate returned for a new season, quickly becoming one of the most watched shows filmed partly in Nairobi. The season introduced several new characters while resolving major storylines from previous episodes.","Skyline Real Estate's streaming series, filmed partly in Nairobi, returns for a well-received season.",Entertainment,Beginner
368,"The latest film from Oakwood Publishing House broke box office records during its opening weekend in Osaka, exceeding analysts' predictions. Critics praised the film's visual effects and pacing, while fans lined up for early screenings across the region.",Oakwood Publishing House's new film breaks box office records in Osaka and earns critical praise.,Entertainment,Advanced
369,"A new curriculum focused on critical thinking was introduced at schools in Cairo this term, developed in partnership with Ironwood Steel Works. Teachers reported that students engaged more actively in classroom discussions after the change. The district plans to expand the program district-wide next year.",Schools in Cairo adopt a new critical-thinking curriculum developed with Ironwood Steel Works.,Education,Intermediate
370,"Tourism officials in Cairo, working with Pioneer Research Institute, launched a campaign encouraging visitors to explore lesser-known neighborhoods during the off-season. Local businesses hope the initiative will help spread tourism revenue more evenly throughout the year.",Cairo and Pioneer Research Institute launch a campaign promoting off-season tourism to local neighborhoods.,Travel,Intermediate
371,"Scientists at Cedar Grove Hospital in Warsaw announced the discovery of a new material that conducts electricity far more efficiently than existing alternatives. The breakthrough could eventually lead to more efficient batteries and electronics, though commercial use is still years away.",Cedar Grove Hospital scientists in Warsaw discover a highly efficient new conductive material.,Science,Beginner
372,"A popular streaming series produced by Cedar Grove Hospital returned for a new season, quickly becoming one of the most watched shows filmed partly in Buenos Aires. The season introduced several new characters while resolving major storylines from previous episodes.","Cedar Grove Hospital's streaming series, filmed partly in Buenos Aires, returns for a well-received season.",Entertainment,Advanced
373,"Scientists at Meridian Financial Group in Toronto announced the discovery of a new material that conducts electricity far more efficiently than existing alternatives. The breakthrough could eventually lead to more efficient batteries and electronics, though commercial use is still years away.",Meridian Financial Group scientists in Toronto discover a highly efficient new conductive material.,Science,Intermediate
374,"Blue Horizon Airlines reported stronger than expected quarterly earnings from its Warsaw division, driven largely by growth in overseas markets. Executives credited the results to a recent expansion strategy and increased demand for the company's core products. Investors responded positively to the announcement.",Blue Horizon Airlines's Warsaw division posts strong quarterly earnings due to overseas growth.,Business,Intermediate
375,"Lucas Wright broke a long-standing record at the regional championships, finishing well ahead of the competition. Coaches say months of intense training contributed to the milestone performance, which has drawn attention from national scouts.",Lucas Wright sets a new regional record after months of intense training.,Sports,Advanced
376,"Riverside Bank reported stronger than expected quarterly earnings from its Amsterdam division, driven largely by growth in overseas markets. Executives credited the results to a recent expansion strategy and increased demand for the company's core products. Investors responded positively to the announcement.",Riverside Bank's Amsterdam division posts strong quarterly earnings due to overseas growth.,Business,Advanced
377,"A new clinic backed by Union Manufacturing Corp. opened in Copenhagen this month, offering expanded mental health services to residents who previously had limited access to care. The clinic plans to add telehealth appointments in the coming months to reach even more patients.",Union Manufacturing Corp. opens a new clinic in Copenhagen expanding mental health access.,Health,Advanced
378,Developers at Maple Street School District released an update addressing several security vulnerabilities discovered in their fitness tracker. The patch also introduces performance improvements and a redesigned interface. Users are encouraged to update as soon as possible to avoid potential risks.,Maple Street School District releases a security and performance update for its fitness tracker.,Technology,Beginner
379,"A new direct flight route between Edinburgh and a major international hub was announced by Silverline Motors this week, expected to cut travel time significantly for business and leisure travelers alike. The airline said tickets will go on sale next month.","Silverline Motors announces a new direct flight to Edinburgh, promising shorter travel times.",Travel,Advanced
380,"The latest film from NextGen Software Labs broke box office records during its opening weekend in Santiago, exceeding analysts' predictions. Critics praised the film's visual effects and pacing, while fans lined up for early screenings across the region.",NextGen Software Labs's new film breaks box office records in Santiago and earns critical praise.,Entertainment,Intermediate
381,"A new clinic backed by Northfield University opened in Berlin this month, offering expanded mental health services to residents who previously had limited access to care. The clinic plans to add telehealth appointments in the coming months to reach even more patients.",Northfield University opens a new clinic in Berlin expanding mental health access.,Health,Intermediate
382,"Tourism officials in Lisbon, working with Aurora Data Systems, launched a campaign encouraging visitors to explore lesser-known neighborhoods during the off-season. Local businesses hope the initiative will help spread tourism revenue more evenly throughout the year.",Lisbon and Aurora Data Systems launch a campaign promoting off-season tourism to local neighborhoods.,Travel,Beginner
383,"A new clinic backed by BrightFuture Foundation opened in Austin this month, offering expanded mental health services to residents who previously had limited access to care. The clinic plans to add telehealth appointments in the coming months to reach even more patients.",BrightFuture Foundation opens a new clinic in Austin expanding mental health access.,Health,Intermediate
384,Global Trade Partners announced a new scholarship program aimed at supporting students from underrepresented backgrounds in Mumbai. The program will cover tuition and provide mentorship opportunities for selected recipients starting next semester. Officials hope the initiative will improve graduation rates.,Global Trade Partners launches a scholarship and mentorship program to support underrepresented students in Mumbai.,Education,Beginner
385,NextGen Software Labs announced a new scholarship program aimed at supporting students from underrepresented backgrounds in Cape Town. The program will cover tuition and provide mentorship opportunities for selected recipients starting next semester. Officials hope the initiative will improve graduation rates.,NextGen Software Labs launches a scholarship and mentorship program to support underrepresented students in Cape Town.,Education,Intermediate
386,"Scientists at Quantum Innovations in Manila announced the discovery of a new material that conducts electricity far more efficiently than existing alternatives. The breakthrough could eventually lead to more efficient batteries and electronics, though commercial use is still years away.",Quantum Innovations scientists in Manila discover a highly efficient new conductive material.,Science,Intermediate
387,"The latest film from Golden Gate Retailers broke box office records during its opening weekend in Mumbai, exceeding analysts' predictions. Critics praised the film's visual effects and pacing, while fans lined up for early screenings across the region.",Golden Gate Retailers's new film breaks box office records in Mumbai and earns critical praise.,Entertainment,Intermediate
388,"Scientists at Golden Gate Retailers in Nairobi announced the discovery of a new material that conducts electricity far more efficiently than existing alternatives. The breakthrough could eventually lead to more efficient batteries and electronics, though commercial use is still years away.",Golden Gate Retailers scientists in Nairobi discover a highly efficient new conductive material.,Science,Intermediate
389,"James Brown broke a long-standing record at the regional championships, finishing well ahead of the competition. Coaches say months of intense training contributed to the milestone performance, which has drawn attention from national scouts.",James Brown sets a new regional record after months of intense training.,Sports,Advanced
390,"The latest film from Skyline Real Estate broke box office records during its opening weekend in Lisbon, exceeding analysts' predictions. Critics praised the film's visual effects and pacing, while fans lined up for early screenings across the region.",Skyline Real Estate's new film breaks box office records in Lisbon and earns critical praise.,Entertainment,Intermediate
391,"A research team at Northfield University based in Dublin published new data on shifting migration patterns among several bird species, linking the changes to rising temperatures. The findings add to a growing body of evidence about climate change's effects on wildlife.",Northfield University researchers in Dublin link changing bird migration patterns to rising temperatures.,Science,Intermediate
392,"A popular streaming series produced by Blue Horizon Airlines returned for a new season, quickly becoming one of the most watched shows filmed partly in Dublin. The season introduced several new characters while resolving major storylines from previous episodes.","Blue Horizon Airlines's streaming series, filmed partly in Dublin, returns for a well-received season.",Entertainment,Intermediate
393,"Silverline Motors reported stronger than expected quarterly earnings from its Manila division, driven largely by growth in overseas markets. Executives credited the results to a recent expansion strategy and increased demand for the company's core products. Investors responded positively to the announcement.",Silverline Motors's Manila division posts strong quarterly earnings due to overseas growth.,Business,Advanced
394,"A research team at Falcon Logistics based in Austin published new data on shifting migration patterns among several bird species, linking the changes to rising temperatures. The findings add to a growing body of evidence about climate change's effects on wildlife.",Falcon Logistics researchers in Austin link changing bird migration patterns to rising temperatures.,Science,Intermediate
395,"A research team at Evergreen Energy Co. based in Zurich published new data on shifting migration patterns among several bird species, linking the changes to rising temperatures. The findings add to a growing body of evidence about climate change's effects on wildlife.",Evergreen Energy Co. researchers in Zurich link changing bird migration patterns to rising temperatures.,Science,Advanced
396,"A new direct flight route between Edinburgh and a major international hub was announced by Redstone Consulting this week, expected to cut travel time significantly for business and leisure travelers alike. The airline said tickets will go on sale next month.","Redstone Consulting announces a new direct flight to Edinburgh, promising shorter travel times.",Travel,Beginner
397,"A research team at Summit Robotics Inc. based in Edinburgh published new data on shifting migration patterns among several bird species, linking the changes to rising temperatures. The findings add to a growing body of evidence about climate change's effects on wildlife.",Summit Robotics Inc. researchers in Edinburgh link changing bird migration patterns to rising temperatures.,Science,Intermediate
398,"A popular streaming series produced by Redstone Consulting returned for a new season, quickly becoming one of the most watched shows filmed partly in Amsterdam. The season introduced several new characters while resolving major storylines from previous episodes.","Redstone Consulting's streaming series, filmed partly in Amsterdam, returns for a well-received season.",Entertainment,Intermediate
399,"A new curriculum focused on critical thinking was introduced at schools in Nairobi this term, developed in partnership with Redstone Consulting. Teachers reported that students engaged more actively in classroom discussions after the change. The district plans to expand the program district-wide next year.",Schools in Nairobi adopt a new critical-thinking curriculum developed with Redstone Consulting.,Education,Advanced
400,"Lucas Garcia broke a long-standing record at the regional championships, finishing well ahead of the competition. Coaches say months of intense training contributed to the milestone performance, which has drawn attention from national scouts.",Lucas Garcia sets a new regional record after months of intense training.,Sports,Advanced
401,"Wei Nguyen broke a long-standing record at the regional championships, finishing well ahead of the competition. Coaches say months of intense training contributed to the milestone performance, which has drawn attention from national scouts.",Wei Nguyen sets a new regional record after months of intense training.,Sports,Intermediate
402,"A new direct flight route between Edinburgh and a major international hub was announced by Maple Street School District this week, expected to cut travel time significantly for business and leisure travelers alike. The airline said tickets will go on sale next month.","Maple Street School District announces a new direct flight to Edinburgh, promising shorter travel times.",Travel,Advanced
403,"Scientists at Lakeside Medical Center in Stockholm announced the discovery of a new material that conducts electricity far more efficiently than existing alternatives. The breakthrough could eventually lead to more efficient batteries and electronics, though commercial use is still years away.",Lakeside Medical Center scientists in Stockholm discover a highly efficient new conductive material.,Science,Beginner
404,Developers at Summit Robotics Inc. released an update addressing several security vulnerabilities discovered in their fitness tracker. The patch also introduces performance improvements and a redesigned interface. Users are encouraged to update as soon as possible to avoid potential risks.,Summit Robotics Inc. releases a security and performance update for its fitness tracker.,Technology,Beginner
405,"A new clinic backed by Evergreen Energy Co. opened in Jakarta this month, offering expanded mental health services to residents who previously had limited access to care. The clinic plans to add telehealth appointments in the coming months to reach even more patients.",Evergreen Energy Co. opens a new clinic in Jakarta expanding mental health access.,Health,Intermediate
406,"A new clinic backed by Ironwood Steel Works opened in Berlin this month, offering expanded mental health services to residents who previously had limited access to care. The clinic plans to add telehealth appointments in the coming months to reach even more patients.",Ironwood Steel Works opens a new clinic in Berlin expanding mental health access.,Health,Intermediate
407,"A merger between Pioneer Research Institute and a major firm in Prague is expected to close by the end of the year, according to sources close to the deal. Analysts say the combined company could become one of the largest players in its industry.",Pioneer Research Institute and a major firm in Prague move toward a merger set to close by year end.,Business,Advanced
408,"A research team at Pioneer Research Institute based in Cape Town published new data on shifting migration patterns among several bird species, linking the changes to rising temperatures. The findings add to a growing body of evidence about climate change's effects on wildlife.",Pioneer Research Institute researchers in Cape Town link changing bird migration patterns to rising temperatures.,Science,Intermediate
409,Developers at BrightFuture Foundation released an update addressing several security vulnerabilities discovered in their tablet. The patch also introduces performance improvements and a redesigned interface. Users are encouraged to update as soon as possible to avoid potential risks.,BrightFuture Foundation releases a security and performance update for its tablet.,Technology,Intermediate
410,"Tourism officials in Warsaw, working with Oakwood Publishing House, launched a campaign encouraging visitors to explore lesser-known neighborhoods during the off-season. Local businesses hope the initiative will help spread tourism revenue more evenly throughout the year.",Warsaw and Oakwood Publishing House launch a campaign promoting off-season tourism to local neighborhoods.,Travel,Beginner
411,"Blue Horizon Airlines unveiled a new smartphone this week, claiming it delivers significantly faster performance than earlier models. Engineers spent over a year refining the design after receiving feedback from beta testers, and the company expects the product to reach store shelves by January. Analysts believe the launch could strengthen Blue Horizon Airlines's position against rival firms.","Blue Horizon Airlines launches a new smartphone after a year of development, aiming to outperform earlier models.",Technology,Intermediate
412,"The latest film from Maple Street School District broke box office records during its opening weekend in Austin, exceeding analysts' predictions. Critics praised the film's visual effects and pacing, while fans lined up for early screenings across the region.",Maple Street School District's new film breaks box office records in Austin and earns critical praise.,Entertainment,Beginner
413,Delta Cloud Services announced a new scholarship program aimed at supporting students from underrepresented backgrounds in Helsinki. The program will cover tuition and provide mentorship opportunities for selected recipients starting next semester. Officials hope the initiative will improve graduation rates.,Delta Cloud Services launches a scholarship and mentorship program to support underrepresented students in Helsinki.,Education,Advanced
414,"Meridian Financial Group unveiled a new tablet this week, claiming it delivers significantly faster performance than earlier models. Engineers spent over a year refining the design after receiving feedback from beta testers, and the company expects the product to reach store shelves by May. Analysts believe the launch could strengthen Meridian Financial Group's position against rival firms.","Meridian Financial Group launches a new tablet after a year of development, aiming to outperform earlier models.",Technology,Advanced
415,"Tourism officials in Stockholm, working with Global Trade Partners, launched a campaign encouraging visitors to explore lesser-known neighborhoods during the off-season. Local businesses hope the initiative will help spread tourism revenue more evenly throughout the year.",Stockholm and Global Trade Partners launch a campaign promoting off-season tourism to local neighborhoods.,Travel,Advanced
416,"The latest film from Aurora Data Systems broke box office records during its opening weekend in Toronto, exceeding analysts' predictions. Critics praised the film's visual effects and pacing, while fans lined up for early screenings across the region.",Aurora Data Systems's new film breaks box office records in Toronto and earns critical praise.,Entertainment,Intermediate
417,"A new direct flight route between Austin and a major international hub was announced by Delta Cloud Services this week, expected to cut travel time significantly for business and leisure travelers alike. The airline said tickets will go on sale next month.","Delta Cloud Services announces a new direct flight to Austin, promising shorter travel times.",Travel,Intermediate
418,"Scientists at Vertex Analytics in Cairo announced the discovery of a new material that conducts electricity far more efficiently than existing alternatives. The breakthrough could eventually lead to more efficient batteries and electronics, though commercial use is still years away.",Vertex Analytics scientists in Cairo discover a highly efficient new conductive material.,Science,Advanced
419,Researchers at Oakwood Publishing House in Denver published findings linking regular physical activity to improved long-term memory in older adults. The study followed participants over several years and controlled for factors such as diet and sleep.,Oakwood Publishing House researchers in Denver link exercise to better long-term memory in older adults.,Health,Beginner
420,Developers at Harborview College released an update addressing several security vulnerabilities discovered in their smart speaker. The patch also introduces performance improvements and a redesigned interface. Users are encouraged to update as soon as possible to avoid potential risks.,Harborview College releases a security and performance update for its smart speaker.,Technology,Intermediate
421,"A new clinic backed by Harborview College opened in Osaka this month, offering expanded mental health services to residents who previously had limited access to care. The clinic plans to add telehealth appointments in the coming months to reach even more patients.",Harborview College opens a new clinic in Osaka expanding mental health access.,Health,Intermediate
422,Quantum Innovations announced a new scholarship program aimed at supporting students from underrepresented backgrounds in Mumbai. The program will cover tuition and provide mentorship opportunities for selected recipients starting next semester. Officials hope the initiative will improve graduation rates.,Quantum Innovations launches a scholarship and mentorship program to support underrepresented students in Mumbai.,Education,Intermediate
423,"The latest film from Pioneer Research Institute broke box office records during its opening weekend in Berlin, exceeding analysts' predictions. Critics praised the film's visual effects and pacing, while fans lined up for early screenings across the region.",Pioneer Research Institute's new film breaks box office records in Berlin and earns critical praise.,Entertainment,Beginner
424,"Northfield University reported stronger than expected quarterly earnings from its Vancouver division, driven largely by growth in overseas markets. Executives credited the results to a recent expansion strategy and increased demand for the company's core products. Investors responded positively to the announcement.",Northfield University's Vancouver division posts strong quarterly earnings due to overseas growth.,Business,Advanced
425,"A merger between Quantum Innovations and a major firm in Seoul is expected to close by the end of the year, according to sources close to the deal. Analysts say the combined company could become one of the largest players in its industry.",Quantum Innovations and a major firm in Seoul move toward a merger set to close by year end.,Business,Beginner
426,"Maria Osei broke a long-standing record at the regional championships, finishing well ahead of the competition. Coaches say months of intense training contributed to the milestone performance, which has drawn attention from national scouts.",Maria Osei sets a new regional record after months of intense training.,Sports,Beginner
427,Riverside Bank announced a new scholarship program aimed at supporting students from underrepresented backgrounds in Zurich. The program will cover tuition and provide mentorship opportunities for selected recipients starting next semester. Officials hope the initiative will improve graduation rates.,Riverside Bank launches a scholarship and mentorship program to support underrepresented students in Zurich.,Education,Intermediate
428,"The latest film from BrightFuture Foundation broke box office records during its opening weekend in Denver, exceeding analysts' predictions. Critics praised the film's visual effects and pacing, while fans lined up for early screenings across the region.",BrightFuture Foundation's new film breaks box office records in Denver and earns critical praise.,Entertainment,Beginner
429,"A popular streaming series produced by Lakeside Medical Center returned for a new season, quickly becoming one of the most watched shows filmed partly in Prague. The season introduced several new characters while resolving major storylines from previous episodes.","Lakeside Medical Center's streaming series, filmed partly in Prague, returns for a well-received season.",Entertainment,Advanced
430,Developers at Aurora Data Systems released an update addressing several security vulnerabilities discovered in their smart speaker. The patch also introduces performance improvements and a redesigned interface. Users are encouraged to update as soon as possible to avoid potential risks.,Aurora Data Systems releases a security and performance update for its smart speaker.,Technology,Beginner
431,"Lakeside Medical Center unveiled a new smart speaker this week, claiming it delivers significantly faster performance than earlier models. Engineers spent over a year refining the design after receiving feedback from beta testers, and the company expects the product to reach store shelves by November. Analysts believe the launch could strengthen Lakeside Medical Center's position against rival firms.","Lakeside Medical Center launches a new smart speaker after a year of development, aiming to outperform earlier models.",Technology,Intermediate
432,"A new curriculum focused on critical thinking was introduced at schools in Helsinki this term, developed in partnership with Evergreen Energy Co.. Teachers reported that students engaged more actively in classroom discussions after the change. The district plans to expand the program district-wide next year.",Schools in Helsinki adopt a new critical-thinking curriculum developed with Evergreen Energy Co..,Education,Advanced
433,"The Wellington team secured a dramatic victory in the final minutes of the match, coming from behind after trailing for most of the game. Fans credited the comeback to a change in strategy made by the coach at halftime. The win moves the team closer to a spot in the playoffs.","The Wellington team completes a late comeback win, boosting its playoff chances.",Sports,Intermediate
434,"Ethan Wilson broke a long-standing record at the regional championships, finishing well ahead of the competition. Coaches say months of intense training contributed to the milestone performance, which has drawn attention from national scouts.",Ethan Wilson sets a new regional record after months of intense training.,Sports,Beginner
435,"A research team at Golden Gate Retailers based in Osaka published new data on shifting migration patterns among several bird species, linking the changes to rising temperatures. The findings add to a growing body of evidence about climate change's effects on wildlife.",Golden Gate Retailers researchers in Osaka link changing bird migration patterns to rising temperatures.,Science,Intermediate
436,"Summit Robotics Inc. reported stronger than expected quarterly earnings from its Edinburgh division, driven largely by growth in overseas markets. Executives credited the results to a recent expansion strategy and increased demand for the company's core products. Investors responded positively to the announcement.",Summit Robotics Inc.'s Edinburgh division posts strong quarterly earnings due to overseas growth.,Business,Intermediate
437,"Tourism officials in Amsterdam, working with Riverside Bank, launched a campaign encouraging visitors to explore lesser-known neighborhoods during the off-season. Local businesses hope the initiative will help spread tourism revenue more evenly throughout the year.",Amsterdam and Riverside Bank launch a campaign promoting off-season tourism to local neighborhoods.,Travel,Beginner
438,"A new clinic backed by Summit Robotics Inc. opened in Jakarta this month, offering expanded mental health services to residents who previously had limited access to care. The clinic plans to add telehealth appointments in the coming months to reach even more patients.",Summit Robotics Inc. opens a new clinic in Jakarta expanding mental health access.,Health,Beginner
439,"A new curriculum focused on critical thinking was introduced at schools in Kuala Lumpur this term, developed in partnership with BrightFuture Foundation. Teachers reported that students engaged more actively in classroom discussions after the change. The district plans to expand the program district-wide next year.",Schools in Kuala Lumpur adopt a new critical-thinking curriculum developed with BrightFuture Foundation.,Education,Intermediate
440,"The latest film from Delta Cloud Services broke box office records during its opening weekend in Prague, exceeding analysts' predictions. Critics praised the film's visual effects and pacing, while fans lined up for early screenings across the region.",Delta Cloud Services's new film breaks box office records in Prague and earns critical praise.,Entertainment,Advanced
441,"A new clinic backed by Delta Cloud Services opened in Zurich this month, offering expanded mental health services to residents who previously had limited access to care. The clinic plans to add telehealth appointments in the coming months to reach even more patients.",Delta Cloud Services opens a new clinic in Zurich expanding mental health access.,Health,Advanced
442,"The Dublin team secured a dramatic victory in the final minutes of the match, coming from behind after trailing for most of the game. Fans credited the comeback to a change in strategy made by the coach at halftime. The win moves the team closer to a spot in the playoffs.","The Dublin team completes a late comeback win, boosting its playoff chances.",Sports,Advanced
443,"A merger between Summit Robotics Inc. and a major firm in Austin is expected to close by the end of the year, according to sources close to the deal. Analysts say the combined company could become one of the largest players in its industry.",Summit Robotics Inc. and a major firm in Austin move toward a merger set to close by year end.,Business,Intermediate
444,"A merger between Delta Cloud Services and a major firm in Nairobi is expected to close by the end of the year, according to sources close to the deal. Analysts say the combined company could become one of the largest players in its industry.",Delta Cloud Services and a major firm in Nairobi move toward a merger set to close by year end.,Business,Beginner
445,"Layla Nguyen broke a long-standing record at the regional championships, finishing well ahead of the competition. Coaches say months of intense training contributed to the milestone performance, which has drawn attention from national scouts.",Layla Nguyen sets a new regional record after months of intense training.,Sports,Intermediate
446,Researchers at Riverside Bank in Osaka published findings linking regular physical activity to improved long-term memory in older adults. The study followed participants over several years and controlled for factors such as diet and sleep.,Riverside Bank researchers in Osaka link exercise to better long-term memory in older adults.,Health,Beginner
447,"Evergreen Energy Co. reported stronger than expected quarterly earnings from its Seoul division, driven largely by growth in overseas markets. Executives credited the results to a recent expansion strategy and increased demand for the company's core products. Investors responded positively to the announcement.",Evergreen Energy Co.'s Seoul division posts strong quarterly earnings due to overseas growth.,Business,Intermediate
448,"Oakwood Publishing House reported stronger than expected quarterly earnings from its Cape Town division, driven largely by growth in overseas markets. Executives credited the results to a recent expansion strategy and increased demand for the company's core products. Investors responded positively to the announcement.",Oakwood Publishing House's Cape Town division posts strong quarterly earnings due to overseas growth.,Business,Intermediate
449,"A research team at Coastal Insurance Co. based in Cairo published new data on shifting migration patterns among several bird species, linking the changes to rising temperatures. The findings add to a growing body of evidence about climate change's effects on wildlife.",Coastal Insurance Co. researchers in Cairo link changing bird migration patterns to rising temperatures.,Science,Intermediate
450,Skyline Real Estate announced a new scholarship program aimed at supporting students from underrepresented backgrounds in Amsterdam. The program will cover tuition and provide mentorship opportunities for selected recipients starting next semester. Officials hope the initiative will improve graduation rates.,Skyline Real Estate launches a scholarship and mentorship program to support underrepresented students in Amsterdam.,Education,Intermediate
451,"A popular streaming series produced by Blue Horizon Airlines returned for a new season, quickly becoming one of the most watched shows filmed partly in Nairobi. The season introduced several new characters while resolving major storylines from previous episodes.","Blue Horizon Airlines's streaming series, filmed partly in Nairobi, returns for a well-received season.",Entertainment,Intermediate
452,"A new curriculum focused on critical thinking was introduced at schools in Warsaw this term, developed in partnership with Northfield University. Teachers reported that students engaged more actively in classroom discussions after the change. The district plans to expand the program district-wide next year.",Schools in Warsaw adopt a new critical-thinking curriculum developed with Northfield University.,Education,Intermediate
453,"A new clinic backed by Golden Gate Retailers opened in Melbourne this month, offering expanded mental health services to residents who previously had limited access to care. The clinic plans to add telehealth appointments in the coming months to reach even more patients.",Golden Gate Retailers opens a new clinic in Melbourne expanding mental health access.,Health,Beginner
454,"Ahmed Khan broke a long-standing record at the regional championships, finishing well ahead of the competition. Coaches say months of intense training contributed to the milestone performance, which has drawn attention from national scouts.",Ahmed Khan sets a new regional record after months of intense training.,Sports,Intermediate
455,Developers at Silverline Motors released an update addressing several security vulnerabilities discovered in their tablet. The patch also introduces performance improvements and a redesigned interface. Users are encouraged to update as soon as possible to avoid potential risks.,Silverline Motors releases a security and performance update for its tablet.,Technology,Beginner
456,"A new curriculum focused on critical thinking was introduced at schools in Zurich this term, developed in partnership with Zenith Pharmaceuticals. Teachers reported that students engaged more actively in classroom discussions after the change. The district plans to expand the program district-wide next year.",Schools in Zurich adopt a new critical-thinking curriculum developed with Zenith Pharmaceuticals.,Education,Beginner
457,"A merger between Summit Robotics Inc. and a major firm in Cairo is expected to close by the end of the year, according to sources close to the deal. Analysts say the combined company could become one of the largest players in its industry.",Summit Robotics Inc. and a major firm in Cairo move toward a merger set to close by year end.,Business,Intermediate
458,"Tourism officials in Helsinki, working with Quantum Innovations, launched a campaign encouraging visitors to explore lesser-known neighborhoods during the off-season. Local businesses hope the initiative will help spread tourism revenue more evenly throughout the year.",Helsinki and Quantum Innovations launch a campaign promoting off-season tourism to local neighborhoods.,Travel,Intermediate
459,"A popular streaming series produced by Summit Robotics Inc. returned for a new season, quickly becoming one of the most watched shows filmed partly in Helsinki. The season introduced several new characters while resolving major storylines from previous episodes.","Summit Robotics Inc.'s streaming series, filmed partly in Helsinki, returns for a well-received season.",Entertainment,Intermediate
460,"Oakwood Publishing House unveiled a new tablet this week, claiming it delivers significantly faster performance than earlier models. Engineers spent over a year refining the design after receiving feedback from beta testers, and the company expects the product to reach store shelves by May. Analysts believe the launch could strengthen Oakwood Publishing House's position against rival firms.","Oakwood Publishing House launches a new tablet after a year of development, aiming to outperform earlier models.",Technology,Intermediate
461,"A new curriculum focused on critical thinking was introduced at schools in Zurich this term, developed in partnership with Maple Street School District. Teachers reported that students engaged more actively in classroom discussions after the change. The district plans to expand the program district-wide next year.",Schools in Zurich adopt a new critical-thinking curriculum developed with Maple Street School District.,Education,Intermediate
462,"Lakeside Medical Center reported stronger than expected quarterly earnings from its Santiago division, driven largely by growth in overseas markets. Executives credited the results to a recent expansion strategy and increased demand for the company's core products. Investors responded positively to the announcement.",Lakeside Medical Center's Santiago division posts strong quarterly earnings due to overseas growth.,Business,Intermediate
463,"Tourism officials in Buenos Aires, working with Summit Robotics Inc., launched a campaign encouraging visitors to explore lesser-known neighborhoods during the off-season. Local businesses hope the initiative will help spread tourism revenue more evenly throughout the year.",Buenos Aires and Summit Robotics Inc. launch a campaign promoting off-season tourism to local neighborhoods.,Travel,Intermediate
464,"The latest film from Ironwood Steel Works broke box office records during its opening weekend in Prague, exceeding analysts' predictions. Critics praised the film's visual effects and pacing, while fans lined up for early screenings across the region.",Ironwood Steel Works's new film breaks box office records in Prague and earns critical praise.,Entertainment,Advanced
465,"A popular streaming series produced by Riverside Bank returned for a new season, quickly becoming one of the most watched shows filmed partly in Austin. The season introduced several new characters while resolving major storylines from previous episodes.","Riverside Bank's streaming series, filmed partly in Austin, returns for a well-received season.",Entertainment,Intermediate
466,"A new direct flight route between Kuala Lumpur and a major international hub was announced by Summit Robotics Inc. this week, expected to cut travel time significantly for business and leisure travelers alike. The airline said tickets will go on sale next month.","Summit Robotics Inc. announces a new direct flight to Kuala Lumpur, promising shorter travel times.",Travel,Intermediate
467,"The latest film from Falcon Logistics broke box office records during its opening weekend in Santiago, exceeding analysts' predictions. Critics praised the film's visual effects and pacing, while fans lined up for early screenings across the region.",Falcon Logistics's new film breaks box office records in Santiago and earns critical praise.,Entertainment,Advanced
468,"Ahmed Costa broke a long-standing record at the regional championships, finishing well ahead of the competition. Coaches say months of intense training contributed to the milestone performance, which has drawn attention from national scouts.",Ahmed Costa sets a new regional record after months of intense training.,Sports,Intermediate
469,"A new clinic backed by Vertex Analytics opened in Osaka this month, offering expanded mental health services to residents who previously had limited access to care. The clinic plans to add telehealth appointments in the coming months to reach even more patients.",Vertex Analytics opens a new clinic in Osaka expanding mental health access.,Health,Intermediate
470,Evergreen Energy Co. announced a new scholarship program aimed at supporting students from underrepresented backgrounds in Austin. The program will cover tuition and provide mentorship opportunities for selected recipients starting next semester. Officials hope the initiative will improve graduation rates.,Evergreen Energy Co. launches a scholarship and mentorship program to support underrepresented students in Austin.,Education,Beginner
471,Developers at Union Manufacturing Corp. released an update addressing several security vulnerabilities discovered in their smartphone. The patch also introduces performance improvements and a redesigned interface. Users are encouraged to update as soon as possible to avoid potential risks.,Union Manufacturing Corp. releases a security and performance update for its smartphone.,Technology,Beginner
472,Silverline Motors announced a new scholarship program aimed at supporting students from underrepresented backgrounds in Osaka. The program will cover tuition and provide mentorship opportunities for selected recipients starting next semester. Officials hope the initiative will improve graduation rates.,Silverline Motors launches a scholarship and mentorship program to support underrepresented students in Osaka.,Education,Intermediate
473,"Redstone Consulting unveiled a new tablet this week, claiming it delivers significantly faster performance than earlier models. Engineers spent over a year refining the design after receiving feedback from beta testers, and the company expects the product to reach store shelves by November. Analysts believe the launch could strengthen Redstone Consulting's position against rival firms.","Redstone Consulting launches a new tablet after a year of development, aiming to outperform earlier models.",Technology,Intermediate
474,"The latest film from Crescent Media Group broke box office records during its opening weekend in Santiago, exceeding analysts' predictions. Critics praised the film's visual effects and pacing, while fans lined up for early screenings across the region.",Crescent Media Group's new film breaks box office records in Santiago and earns critical praise.,Entertainment,Intermediate
475,"The latest film from Lakeside Medical Center broke box office records during its opening weekend in Zurich, exceeding analysts' predictions. Critics praised the film's visual effects and pacing, while fans lined up for early screenings across the region.",Lakeside Medical Center's new film breaks box office records in Zurich and earns critical praise.,Entertainment,Intermediate
476,"A new curriculum focused on critical thinking was introduced at schools in Bangkok this term, developed in partnership with Pioneer Research Institute. Teachers reported that students engaged more actively in classroom discussions after the change. The district plans to expand the program district-wide next year.",Schools in Bangkok adopt a new critical-thinking curriculum developed with Pioneer Research Institute.,Education,Intermediate
477,"Pioneer Research Institute unveiled a new smart speaker this week, claiming it delivers significantly faster performance than earlier models. Engineers spent over a year refining the design after receiving feedback from beta testers, and the company expects the product to reach store shelves by July. Analysts believe the launch could strengthen Pioneer Research Institute's position against rival firms.","Pioneer Research Institute launches a new smart speaker after a year of development, aiming to outperform earlier models.",Technology,Advanced
478,"Omar Nguyen broke a long-standing record at the regional championships, finishing well ahead of the competition. Coaches say months of intense training contributed to the milestone performance, which has drawn attention from national scouts.",Omar Nguyen sets a new regional record after months of intense training.,Sports,Intermediate
479,Developers at Vertex Analytics released an update addressing several security vulnerabilities discovered in their smartphone. The patch also introduces performance improvements and a redesigned interface. Users are encouraged to update as soon as possible to avoid potential risks.,Vertex Analytics releases a security and performance update for its smartphone.,Technology,Intermediate
480,"A new clinic backed by Union Manufacturing Corp. opened in Nairobi this month, offering expanded mental health services to residents who previously had limited access to care. The clinic plans to add telehealth appointments in the coming months to reach even more patients.",Union Manufacturing Corp. opens a new clinic in Nairobi expanding mental health access.,Health,Intermediate
481,"A new direct flight route between Warsaw and a major international hub was announced by Silverline Motors this week, expected to cut travel time significantly for business and leisure travelers alike. The airline said tickets will go on sale next month.","Silverline Motors announces a new direct flight to Warsaw, promising shorter travel times.",Travel,Intermediate
482,"A research team at Delta Cloud Services based in Warsaw published new data on shifting migration patterns among several bird species, linking the changes to rising temperatures. The findings add to a growing body of evidence about climate change's effects on wildlife.",Delta Cloud Services researchers in Warsaw link changing bird migration patterns to rising temperatures.,Science,Beginner
483,"A research team at Skyline Real Estate based in Marrakesh published new data on shifting migration patterns among several bird species, linking the changes to rising temperatures. The findings add to a growing body of evidence about climate change's effects on wildlife.",Skyline Real Estate researchers in Marrakesh link changing bird migration patterns to rising temperatures.,Science,Beginner
484,"Coastal Insurance Co. unveiled a new fitness tracker this week, claiming it delivers significantly faster performance than earlier models. Engineers spent over a year refining the design after receiving feedback from beta testers, and the company expects the product to reach store shelves by May. Analysts believe the launch could strengthen Coastal Insurance Co.'s position against rival firms.","Coastal Insurance Co. launches a new fitness tracker after a year of development, aiming to outperform earlier models.",Technology,Intermediate
485,"A merger between Brightline Technologies and a major firm in Santiago is expected to close by the end of the year, according to sources close to the deal. Analysts say the combined company could become one of the largest players in its industry.",Brightline Technologies and a major firm in Santiago move toward a merger set to close by year end.,Business,Intermediate
486,"A popular streaming series produced by Lakeside Medical Center returned for a new season, quickly becoming one of the most watched shows filmed partly in Berlin. The season introduced several new characters while resolving major storylines from previous episodes.","Lakeside Medical Center's streaming series, filmed partly in Berlin, returns for a well-received season.",Entertainment,Advanced
487,"The latest film from Zenith Pharmaceuticals broke box office records during its opening weekend in Austin, exceeding analysts' predictions. Critics praised the film's visual effects and pacing, while fans lined up for early screenings across the region.",Zenith Pharmaceuticals's new film breaks box office records in Austin and earns critical praise.,Entertainment,Advanced
488,"A new clinic backed by Riverside Bank opened in Dublin this month, offering expanded mental health services to residents who previously had limited access to care. The clinic plans to add telehealth appointments in the coming months to reach even more patients.",Riverside Bank opens a new clinic in Dublin expanding mental health access.,Health,Beginner
489,"A new curriculum focused on critical thinking was introduced at schools in Kuala Lumpur this term, developed in partnership with Northfield University. Teachers reported that students engaged more actively in classroom discussions after the change. The district plans to expand the program district-wide next year.",Schools in Kuala Lumpur adopt a new critical-thinking curriculum developed with Northfield University.,Education,Intermediate
490,"A merger between Summit Robotics Inc. and a major firm in Prague is expected to close by the end of the year, according to sources close to the deal. Analysts say the combined company could become one of the largest players in its industry.",Summit Robotics Inc. and a major firm in Prague move toward a merger set to close by year end.,Business,Intermediate
491,"A new direct flight route between Melbourne and a major international hub was announced by Riverside Bank this week, expected to cut travel time significantly for business and leisure travelers alike. The airline said tickets will go on sale next month.","Riverside Bank announces a new direct flight to Melbourne, promising shorter travel times.",Travel,Advanced
492,"Tourism officials in Edinburgh, working with Coastal Insurance Co., launched a campaign encouraging visitors to explore lesser-known neighborhoods during the off-season. Local businesses hope the initiative will help spread tourism revenue more evenly throughout the year.",Edinburgh and Coastal Insurance Co. launch a campaign promoting off-season tourism to local neighborhoods.,Travel,Beginner
493,"A merger between Maple Street School District and a major firm in Dublin is expected to close by the end of the year, according to sources close to the deal. Analysts say the combined company could become one of the largest players in its industry.",Maple Street School District and a major firm in Dublin move toward a merger set to close by year end.,Business,Intermediate
494,"A new direct flight route between Santiago and a major international hub was announced by Silverline Motors this week, expected to cut travel time significantly for business and leisure travelers alike. The airline said tickets will go on sale next month.","Silverline Motors announces a new direct flight to Santiago, promising shorter travel times.",Travel,Beginner
495,Researchers at BrightFuture Foundation in Dublin published findings linking regular physical activity to improved long-term memory in older adults. The study followed participants over several years and controlled for factors such as diet and sleep.,BrightFuture Foundation researchers in Dublin link exercise to better long-term memory in older adults.,Health,Beginner
496,"A new curriculum focused on critical thinking was introduced at schools in Amsterdam this term, developed in partnership with Aurora Data Systems. Teachers reported that students engaged more actively in classroom discussions after the change. The district plans to expand the program district-wide next year.",Schools in Amsterdam adopt a new critical-thinking curriculum developed with Aurora Data Systems.,Education,Beginner
497,"A research team at BrightFuture Foundation based in Melbourne published new data on shifting migration patterns among several bird species, linking the changes to rising temperatures. The findings add to a growing body of evidence about climate change's effects on wildlife.",BrightFuture Foundation researchers in Melbourne link changing bird migration patterns to rising temperatures.,Science,Advanced
498,"A new clinic backed by Redstone Consulting opened in Denver this month, offering expanded mental health services to residents who previously had limited access to care. The clinic plans to add telehealth appointments in the coming months to reach even more patients.",Redstone Consulting opens a new clinic in Denver expanding mental health access.,Health,Beginner
499,"A new clinic backed by NextGen Software Labs opened in Buenos Aires this month, offering expanded mental health services to residents who previously had limited access to care. The clinic plans to add telehealth appointments in the coming months to reach even more patients.",NextGen Software Labs opens a new clinic in Buenos Aires expanding mental health access.,Health,Advanced
500,"Ironwood Steel Works unveiled a new smartphone this week, claiming it delivers significantly faster performance than earlier models. Engineers spent over a year refining the design after receiving feedback from beta testers, and the company expects the product to reach store shelves by July. Analysts believe the launch could strengthen Ironwood Steel Works's position against rival firms.","Ironwood Steel Works launches a new smartphone after a year of development, aiming to outperform earlier models.",Technology,Intermediate
501,"Cedar Grove Hospital reported stronger than expected quarterly earnings from its Mumbai division, driven largely by growth in overseas markets. Executives credited the results to a recent expansion strategy and increased demand for the company's core products. Investors responded positively to the announcement.",Cedar Grove Hospital's Mumbai division posts strong quarterly earnings due to overseas growth.,Business,Intermediate
502,"Isabella Taylor broke a long-standing record at the regional championships, finishing well ahead of the competition. Coaches say months of intense training contributed to the milestone performance, which has drawn attention from national scouts.",Isabella Taylor sets a new regional record after months of intense training.,Sports,Intermediate
503,"Scientists at Quantum Innovations in Jakarta announced the discovery of a new material that conducts electricity far more efficiently than existing alternatives. The breakthrough could eventually lead to more efficient batteries and electronics, though commercial use is still years away.",Quantum Innovations scientists in Jakarta discover a highly efficient new conductive material.,Science,Beginner
504,"Sofia Khan broke a long-standing record at the regional championships, finishing well ahead of the competition. Coaches say months of intense training contributed to the milestone performance, which has drawn attention from national scouts.",Sofia Khan sets a new regional record after months of intense training.,Sports,Intermediate
505,"Northfield University reported stronger than expected quarterly earnings from its Prague division, driven largely by growth in overseas markets. Executives credited the results to a recent expansion strategy and increased demand for the company's core products. Investors responded positively to the announcement.",Northfield University's Prague division posts strong quarterly earnings due to overseas growth.,Business,Advanced
506,"Harborview College unveiled a new tablet this week, claiming it delivers significantly faster performance than earlier models. Engineers spent over a year refining the design after receiving feedback from beta testers, and the company expects the product to reach store shelves by November. Analysts believe the launch could strengthen Harborview College's position against rival firms.","Harborview College launches a new tablet after a year of development, aiming to outperform earlier models.",Technology,Intermediate
507,"Tourism officials in Helsinki, working with Brightline Technologies, launched a campaign encouraging visitors to explore lesser-known neighborhoods during the off-season. Local businesses hope the initiative will help spread tourism revenue more evenly throughout the year.",Helsinki and Brightline Technologies launch a campaign promoting off-season tourism to local neighborhoods.,Travel,Intermediate
508,"A new clinic backed by Zenith Pharmaceuticals opened in Zurich this month, offering expanded mental health services to residents who previously had limited access to care. The clinic plans to add telehealth appointments in the coming months to reach even more patients.",Zenith Pharmaceuticals opens a new clinic in Zurich expanding mental health access.,Health,Intermediate
509,"Tourism officials in Jakarta, working with Vertex Analytics, launched a campaign encouraging visitors to explore lesser-known neighborhoods during the off-season. Local businesses hope the initiative will help spread tourism revenue more evenly throughout the year.",Jakarta and Vertex Analytics launch a campaign promoting off-season tourism to local neighborhoods.,Travel,Intermediate
510,"A merger between Zenith Pharmaceuticals and a major firm in Melbourne is expected to close by the end of the year, according to sources close to the deal. Analysts say the combined company could become one of the largest players in its industry.",Zenith Pharmaceuticals and a major firm in Melbourne move toward a merger set to close by year end.,Business,Intermediate
511,"Scientists at Redstone Consulting in Wellington announced the discovery of a new material that conducts electricity far more efficiently than existing alternatives. The breakthrough could eventually lead to more efficient batteries and electronics, though commercial use is still years away.",Redstone Consulting scientists in Wellington discover a highly efficient new conductive material.,Science,Intermediate
512,"A merger between Coastal Insurance Co. and a major firm in Warsaw is expected to close by the end of the year, according to sources close to the deal. Analysts say the combined company could become one of the largest players in its industry.",Coastal Insurance Co. and a major firm in Warsaw move toward a merger set to close by year end.,Business,Beginner
513,"Ingrid Johansson broke a long-standing record at the regional championships, finishing well ahead of the competition. Coaches say months of intense training contributed to the milestone performance, which has drawn attention from national scouts.",Ingrid Johansson sets a new regional record after months of intense training.,Sports,Beginner
514,"Scientists at Summit Robotics Inc. in Lisbon announced the discovery of a new material that conducts electricity far more efficiently than existing alternatives. The breakthrough could eventually lead to more efficient batteries and electronics, though commercial use is still years away.",Summit Robotics Inc. scientists in Lisbon discover a highly efficient new conductive material.,Science,Advanced
515,Researchers at Riverside Bank in Warsaw published findings linking regular physical activity to improved long-term memory in older adults. The study followed participants over several years and controlled for factors such as diet and sleep.,Riverside Bank researchers in Warsaw link exercise to better long-term memory in older adults.,Health,Beginner
516,Zenith Pharmaceuticals announced a new scholarship program aimed at supporting students from underrepresented backgrounds in Vancouver. The program will cover tuition and provide mentorship opportunities for selected recipients starting next semester. Officials hope the initiative will improve graduation rates.,Zenith Pharmaceuticals launches a scholarship and mentorship program to support underrepresented students in Vancouver.,Education,Beginner
517,"A new clinic backed by Crescent Media Group opened in Copenhagen this month, offering expanded mental health services to residents who previously had limited access to care. The clinic plans to add telehealth appointments in the coming months to reach even more patients.",Crescent Media Group opens a new clinic in Copenhagen expanding mental health access.,Health,Advanced
518,"Golden Gate Retailers unveiled a new home assistant device this week, claiming it delivers significantly faster performance than earlier models. Engineers spent over a year refining the design after receiving feedback from beta testers, and the company expects the product to reach store shelves by May. Analysts believe the launch could strengthen Golden Gate Retailers's position against rival firms.","Golden Gate Retailers launches a new home assistant device after a year of development, aiming to outperform earlier models.",Technology,Beginner
519,"Tourism officials in Vancouver, working with Summit Robotics Inc., launched a campaign encouraging visitors to explore lesser-known neighborhoods during the off-season. Local businesses hope the initiative will help spread tourism revenue more evenly throughout the year.",Vancouver and Summit Robotics Inc. launch a campaign promoting off-season tourism to local neighborhoods.,Travel,Intermediate
520,"Daniel Silva broke a long-standing record at the regional championships, finishing well ahead of the competition. Coaches say months of intense training contributed to the milestone performance, which has drawn attention from national scouts.",Daniel Silva sets a new regional record after months of intense training.,Sports,Advanced
521,"A research team at Cedar Grove Hospital based in Zurich published new data on shifting migration patterns among several bird species, linking the changes to rising temperatures. The findings add to a growing body of evidence about climate change's effects on wildlife.",Cedar Grove Hospital researchers in Zurich link changing bird migration patterns to rising temperatures.,Science,Advanced
522,"Samuel Walker broke a long-standing record at the regional championships, finishing well ahead of the competition. Coaches say months of intense training contributed to the milestone performance, which has drawn attention from national scouts.",Samuel Walker sets a new regional record after months of intense training.,Sports,Intermediate
523,"NextGen Software Labs reported stronger than expected quarterly earnings from its Cairo division, driven largely by growth in overseas markets. Executives credited the results to a recent expansion strategy and increased demand for the company's core products. Investors responded positively to the announcement.",NextGen Software Labs's Cairo division posts strong quarterly earnings due to overseas growth.,Business,Intermediate
524,"A popular streaming series produced by Evergreen Energy Co. returned for a new season, quickly becoming one of the most watched shows filmed partly in Helsinki. The season introduced several new characters while resolving major storylines from previous episodes.","Evergreen Energy Co.'s streaming series, filmed partly in Helsinki, returns for a well-received season.",Entertainment,Intermediate
525,"A new clinic backed by NextGen Software Labs opened in Austin this month, offering expanded mental health services to residents who previously had limited access to care. The clinic plans to add telehealth appointments in the coming months to reach even more patients.",NextGen Software Labs opens a new clinic in Austin expanding mental health access.,Health,Beginner
526,Researchers at Golden Gate Retailers in Melbourne published findings linking regular physical activity to improved long-term memory in older adults. The study followed participants over several years and controlled for factors such as diet and sleep.,Golden Gate Retailers researchers in Melbourne link exercise to better long-term memory in older adults.,Health,Beginner
527,"A new direct flight route between Dublin and a major international hub was announced by Coastal Insurance Co. this week, expected to cut travel time significantly for business and leisure travelers alike. The airline said tickets will go on sale next month.","Coastal Insurance Co. announces a new direct flight to Dublin, promising shorter travel times.",Travel,Intermediate
528,"Lakeside Medical Center reported stronger than expected quarterly earnings from its Buenos Aires division, driven largely by growth in overseas markets. Executives credited the results to a recent expansion strategy and increased demand for the company's core products. Investors responded positively to the announcement.",Lakeside Medical Center's Buenos Aires division posts strong quarterly earnings due to overseas growth.,Business,Advanced
529,"Omar Anderson broke a long-standing record at the regional championships, finishing well ahead of the competition. Coaches say months of intense training contributed to the milestone performance, which has drawn attention from national scouts.",Omar Anderson sets a new regional record after months of intense training.,Sports,Beginner
530,"A popular streaming series produced by Skyline Real Estate returned for a new season, quickly becoming one of the most watched shows filmed partly in Marrakesh. The season introduced several new characters while resolving major storylines from previous episodes.","Skyline Real Estate's streaming series, filmed partly in Marrakesh, returns for a well-received season.",Entertainment,Intermediate
531,"Tourism officials in Amsterdam, working with BrightFuture Foundation, launched a campaign encouraging visitors to explore lesser-known neighborhoods during the off-season. Local businesses hope the initiative will help spread tourism revenue more evenly throughout the year.",Amsterdam and BrightFuture Foundation launch a campaign promoting off-season tourism to local neighborhoods.,Travel,Beginner
532,"Oakwood Publishing House reported stronger than expected quarterly earnings from its Wellington division, driven largely by growth in overseas markets. Executives credited the results to a recent expansion strategy and increased demand for the company's core products. Investors responded positively to the announcement.",Oakwood Publishing House's Wellington division posts strong quarterly earnings due to overseas growth.,Business,Intermediate
533,"Zenith Pharmaceuticals unveiled a new smart speaker this week, claiming it delivers significantly faster performance than earlier models. Engineers spent over a year refining the design after receiving feedback from beta testers, and the company expects the product to reach store shelves by September. Analysts believe the launch could strengthen Zenith Pharmaceuticals's position against rival firms.","Zenith Pharmaceuticals launches a new smart speaker after a year of development, aiming to outperform earlier models.",Technology,Advanced
534,"Sofia Chen broke a long-standing record at the regional championships, finishing well ahead of the competition. Coaches say months of intense training contributed to the milestone performance, which has drawn attention from national scouts.",Sofia Chen sets a new regional record after months of intense training.,Sports,Advanced
535,Researchers at Ironwood Steel Works in Marrakesh published findings linking regular physical activity to improved long-term memory in older adults. The study followed participants over several years and controlled for factors such as diet and sleep.,Ironwood Steel Works researchers in Marrakesh link exercise to better long-term memory in older adults.,Health,Beginner
536,"Scientists at Global Trade Partners in Santiago announced the discovery of a new material that conducts electricity far more efficiently than existing alternatives. The breakthrough could eventually lead to more efficient batteries and electronics, though commercial use is still years away.",Global Trade Partners scientists in Santiago discover a highly efficient new conductive material.,Science,Beginner
537,"A research team at NextGen Software Labs based in Manila published new data on shifting migration patterns among several bird species, linking the changes to rising temperatures. The findings add to a growing body of evidence about climate change's effects on wildlife.",NextGen Software Labs researchers in Manila link changing bird migration patterns to rising temperatures.,Science,Intermediate
538,"The latest film from Harborview College broke box office records during its opening weekend in Denver, exceeding analysts' predictions. Critics praised the film's visual effects and pacing, while fans lined up for early screenings across the region.",Harborview College's new film breaks box office records in Denver and earns critical praise.,Entertainment,Intermediate
539,Developers at Summit Robotics Inc. released an update addressing several security vulnerabilities discovered in their home assistant device. The patch also introduces performance improvements and a redesigned interface. Users are encouraged to update as soon as possible to avoid potential risks.,Summit Robotics Inc. releases a security and performance update for its home assistant device.,Technology,Beginner
540,"Meridian Financial Group unveiled a new smartphone this week, claiming it delivers significantly faster performance than earlier models. Engineers spent over a year refining the design after receiving feedback from beta testers, and the company expects the product to reach store shelves by July. Analysts believe the launch could strengthen Meridian Financial Group's position against rival firms.","Meridian Financial Group launches a new smartphone after a year of development, aiming to outperform earlier models.",Technology,Intermediate
541,"Mateus Brown broke a long-standing record at the regional championships, finishing well ahead of the competition. Coaches say months of intense training contributed to the milestone performance, which has drawn attention from national scouts.",Mateus Brown sets a new regional record after months of intense training.,Sports,Intermediate
542,"A new curriculum focused on critical thinking was introduced at schools in Seoul this term, developed in partnership with Golden Gate Retailers. Teachers reported that students engaged more actively in classroom discussions after the change. The district plans to expand the program district-wide next year.",Schools in Seoul adopt a new critical-thinking curriculum developed with Golden Gate Retailers.,Education,Advanced
543,"A merger between Vertex Analytics and a major firm in Toronto is expected to close by the end of the year, according to sources close to the deal. Analysts say the combined company could become one of the largest players in its industry.",Vertex Analytics and a major firm in Toronto move toward a merger set to close by year end.,Business,Intermediate
544,Researchers at Quantum Innovations in Dublin published findings linking regular physical activity to improved long-term memory in older adults. The study followed participants over several years and controlled for factors such as diet and sleep.,Quantum Innovations researchers in Dublin link exercise to better long-term memory in older adults.,Health,Beginner
545,"A popular streaming series produced by Aurora Data Systems returned for a new season, quickly becoming one of the most watched shows filmed partly in Berlin. The season introduced several new characters while resolving major storylines from previous episodes.","Aurora Data Systems's streaming series, filmed partly in Berlin, returns for a well-received season.",Entertainment,Intermediate
546,"Lucas Anderson broke a long-standing record at the regional championships, finishing well ahead of the competition. Coaches say months of intense training contributed to the milestone performance, which has drawn attention from national scouts.",Lucas Anderson sets a new regional record after months of intense training.,Sports,Beginner
547,"A research team at Redstone Consulting based in Toronto published new data on shifting migration patterns among several bird species, linking the changes to rising temperatures. The findings add to a growing body of evidence about climate change's effects on wildlife.",Redstone Consulting researchers in Toronto link changing bird migration patterns to rising temperatures.,Science,Beginner
548,"Brightline Technologies unveiled a new home assistant device this week, claiming it delivers significantly faster performance than earlier models. Engineers spent over a year refining the design after receiving feedback from beta testers, and the company expects the product to reach store shelves by July. Analysts believe the launch could strengthen Brightline Technologies's position against rival firms.","Brightline Technologies launches a new home assistant device after a year of development, aiming to outperform earlier models.",Technology,Intermediate
549,"Redstone Consulting reported stronger than expected quarterly earnings from its Lisbon division, driven largely by growth in overseas markets. Executives credited the results to a recent expansion strategy and increased demand for the company's core products. Investors responded positively to the announcement.",Redstone Consulting's Lisbon division posts strong quarterly earnings due to overseas growth.,Business,Intermediate
550,Blue Horizon Airlines announced a new scholarship program aimed at supporting students from underrepresented backgrounds in Seoul. The program will cover tuition and provide mentorship opportunities for selected recipients starting next semester. Officials hope the initiative will improve graduation rates.,Blue Horizon Airlines launches a scholarship and mentorship program to support underrepresented students in Seoul.,Education,Intermediate
551,"A merger between Northfield University and a major firm in Amsterdam is expected to close by the end of the year, according to sources close to the deal. Analysts say the combined company could become one of the largest players in its industry.",Northfield University and a major firm in Amsterdam move toward a merger set to close by year end.,Business,Advanced
552,"A new curriculum focused on critical thinking was introduced at schools in Berlin this term, developed in partnership with BrightFuture Foundation. Teachers reported that students engaged more actively in classroom discussions after the change. The district plans to expand the program district-wide next year.",Schools in Berlin adopt a new critical-thinking curriculum developed with BrightFuture Foundation.,Education,Intermediate
553,"A new clinic backed by Golden Gate Retailers opened in Santiago this month, offering expanded mental health services to residents who previously had limited access to care. The clinic plans to add telehealth appointments in the coming months to reach even more patients.",Golden Gate Retailers opens a new clinic in Santiago expanding mental health access.,Health,Intermediate
554,"A new curriculum focused on critical thinking was introduced at schools in Cape Town this term, developed in partnership with Summit Robotics Inc.. Teachers reported that students engaged more actively in classroom discussions after the change. The district plans to expand the program district-wide next year.",Schools in Cape Town adopt a new critical-thinking curriculum developed with Summit Robotics Inc..,Education,Advanced
555,"A new direct flight route between Berlin and a major international hub was announced by Meridian Financial Group this week, expected to cut travel time significantly for business and leisure travelers alike. The airline said tickets will go on sale next month.","Meridian Financial Group announces a new direct flight to Berlin, promising shorter travel times.",Travel,Intermediate
556,Maple Street School District announced a new scholarship program aimed at supporting students from underrepresented backgrounds in Osaka. The program will cover tuition and provide mentorship opportunities for selected recipients starting next semester. Officials hope the initiative will improve graduation rates.,Maple Street School District launches a scholarship and mentorship program to support underrepresented students in Osaka.,Education,Intermediate
557,"A merger between Harborview College and a major firm in Copenhagen is expected to close by the end of the year, according to sources close to the deal. Analysts say the combined company could become one of the largest players in its industry.",Harborview College and a major firm in Copenhagen move toward a merger set to close by year end.,Business,Advanced
558,"A research team at Vertex Analytics based in Cape Town published new data on shifting migration patterns among several bird species, linking the changes to rising temperatures. The findings add to a growing body of evidence about climate change's effects on wildlife.",Vertex Analytics researchers in Cape Town link changing bird migration patterns to rising temperatures.,Science,Beginner
559,"A merger between Maple Street School District and a major firm in Osaka is expected to close by the end of the year, according to sources close to the deal. Analysts say the combined company could become one of the largest players in its industry.",Maple Street School District and a major firm in Osaka move toward a merger set to close by year end.,Business,Advanced
560,"A merger between Summit Robotics Inc. and a major firm in Copenhagen is expected to close by the end of the year, according to sources close to the deal. Analysts say the combined company could become one of the largest players in its industry.",Summit Robotics Inc. and a major firm in Copenhagen move toward a merger set to close by year end.,Business,Beginner
561,Researchers at NextGen Software Labs in Copenhagen published findings linking regular physical activity to improved long-term memory in older adults. The study followed participants over several years and controlled for factors such as diet and sleep.,NextGen Software Labs researchers in Copenhagen link exercise to better long-term memory in older adults.,Health,Intermediate
562,"A new direct flight route between Cape Town and a major international hub was announced by Evergreen Energy Co. this week, expected to cut travel time significantly for business and leisure travelers alike. The airline said tickets will go on sale next month.","Evergreen Energy Co. announces a new direct flight to Cape Town, promising shorter travel times.",Travel,Advanced
563,"The Berlin team secured a dramatic victory in the final minutes of the match, coming from behind after trailing for most of the game. Fans credited the comeback to a change in strategy made by the coach at halftime. The win moves the team closer to a spot in the playoffs.","The Berlin team completes a late comeback win, boosting its playoff chances.",Sports,Advanced
564,"The latest film from Cedar Grove Hospital broke box office records during its opening weekend in Vancouver, exceeding analysts' predictions. Critics praised the film's visual effects and pacing, while fans lined up for early screenings across the region.",Cedar Grove Hospital's new film breaks box office records in Vancouver and earns critical praise.,Entertainment,Beginner
565,"The latest film from Falcon Logistics broke box office records during its opening weekend in Marrakesh, exceeding analysts' predictions. Critics praised the film's visual effects and pacing, while fans lined up for early screenings across the region.",Falcon Logistics's new film breaks box office records in Marrakesh and earns critical praise.,Entertainment,Beginner
566,"Grace Walker broke a long-standing record at the regional championships, finishing well ahead of the competition. Coaches say months of intense training contributed to the milestone performance, which has drawn attention from national scouts.",Grace Walker sets a new regional record after months of intense training.,Sports,Advanced
567,"A new curriculum focused on critical thinking was introduced at schools in Manila this term, developed in partnership with Delta Cloud Services. Teachers reported that students engaged more actively in classroom discussions after the change. The district plans to expand the program district-wide next year.",Schools in Manila adopt a new critical-thinking curriculum developed with Delta Cloud Services.,Education,Beginner
568,"A new curriculum focused on critical thinking was introduced at schools in Wellington this term, developed in partnership with Golden Gate Retailers. Teachers reported that students engaged more actively in classroom discussions after the change. The district plans to expand the program district-wide next year.",Schools in Wellington adopt a new critical-thinking curriculum developed with Golden Gate Retailers.,Education,Intermediate
569,Brightline Technologies announced a new scholarship program aimed at supporting students from underrepresented backgrounds in Bangkok. The program will cover tuition and provide mentorship opportunities for selected recipients starting next semester. Officials hope the initiative will improve graduation rates.,Brightline Technologies launches a scholarship and mentorship program to support underrepresented students in Bangkok.,Education,Intermediate
570,"A new clinic backed by Aurora Data Systems opened in Austin this month, offering expanded mental health services to residents who previously had limited access to care. The clinic plans to add telehealth appointments in the coming months to reach even more patients.",Aurora Data Systems opens a new clinic in Austin expanding mental health access.,Health,Beginner
571,Researchers at Lakeside Medical Center in Bangkok published findings linking regular physical activity to improved long-term memory in older adults. The study followed participants over several years and controlled for factors such as diet and sleep.,Lakeside Medical Center researchers in Bangkok link exercise to better long-term memory in older adults.,Health,Advanced
572,"Evergreen Energy Co. reported stronger than expected quarterly earnings from its Warsaw division, driven largely by growth in overseas markets. Executives credited the results to a recent expansion strategy and increased demand for the company's core products. Investors responded positively to the announcement.",Evergreen Energy Co.'s Warsaw division posts strong quarterly earnings due to overseas growth.,Business,Intermediate
573,"Scientists at Falcon Logistics in Bangkok announced the discovery of a new material that conducts electricity far more efficiently than existing alternatives. The breakthrough could eventually lead to more efficient batteries and electronics, though commercial use is still years away.",Falcon Logistics scientists in Bangkok discover a highly efficient new conductive material.,Science,Intermediate
574,Researchers at Zenith Pharmaceuticals in Kuala Lumpur published findings linking regular physical activity to improved long-term memory in older adults. The study followed participants over several years and controlled for factors such as diet and sleep.,Zenith Pharmaceuticals researchers in Kuala Lumpur link exercise to better long-term memory in older adults.,Health,Intermediate
575,"The latest film from Vertex Analytics broke box office records during its opening weekend in Dublin, exceeding analysts' predictions. Critics praised the film's visual effects and pacing, while fans lined up for early screenings across the region.",Vertex Analytics's new film breaks box office records in Dublin and earns critical praise.,Entertainment,Advanced
576,"A new curriculum focused on critical thinking was introduced at schools in Warsaw this term, developed in partnership with Zenith Pharmaceuticals. Teachers reported that students engaged more actively in classroom discussions after the change. The district plans to expand the program district-wide next year.",Schools in Warsaw adopt a new critical-thinking curriculum developed with Zenith Pharmaceuticals.,Education,Beginner
577,"A new curriculum focused on critical thinking was introduced at schools in Warsaw this term, developed in partnership with Oakwood Publishing House. Teachers reported that students engaged more actively in classroom discussions after the change. The district plans to expand the program district-wide next year.",Schools in Warsaw adopt a new critical-thinking curriculum developed with Oakwood Publishing House.,Education,Intermediate
578,"Meridian Financial Group unveiled a new smart speaker this week, claiming it delivers significantly faster performance than earlier models. Engineers spent over a year refining the design after receiving feedback from beta testers, and the company expects the product to reach store shelves by September. Analysts believe the launch could strengthen Meridian Financial Group's position against rival firms.","Meridian Financial Group launches a new smart speaker after a year of development, aiming to outperform earlier models.",Technology,Beginner
579,"A new clinic backed by Global Trade Partners opened in Seoul this month, offering expanded mental health services to residents who previously had limited access to care. The clinic plans to add telehealth appointments in the coming months to reach even more patients.",Global Trade Partners opens a new clinic in Seoul expanding mental health access.,Health,Intermediate
580,Developers at Ironwood Steel Works released an update addressing several security vulnerabilities discovered in their laptop. The patch also introduces performance improvements and a redesigned interface. Users are encouraged to update as soon as possible to avoid potential risks.,Ironwood Steel Works releases a security and performance update for its laptop.,Technology,Beginner
581,"A new clinic backed by Delta Cloud Services opened in Manila this month, offering expanded mental health services to residents who previously had limited access to care. The clinic plans to add telehealth appointments in the coming months to reach even more patients.",Delta Cloud Services opens a new clinic in Manila expanding mental health access.,Health,Intermediate
582,"A popular streaming series produced by Golden Gate Retailers returned for a new season, quickly becoming one of the most watched shows filmed partly in Wellington. The season introduced several new characters while resolving major storylines from previous episodes.","Golden Gate Retailers's streaming series, filmed partly in Wellington, returns for a well-received season.",Entertainment,Intermediate
583,Developers at Silverline Motors released an update addressing several security vulnerabilities discovered in their fitness tracker. The patch also introduces performance improvements and a redesigned interface. Users are encouraged to update as soon as possible to avoid potential risks.,Silverline Motors releases a security and performance update for its fitness tracker.,Technology,Intermediate
584,"Tourism officials in Buenos Aires, working with Harborview College, launched a campaign encouraging visitors to explore lesser-known neighborhoods during the off-season. Local businesses hope the initiative will help spread tourism revenue more evenly throughout the year.",Buenos Aires and Harborview College launch a campaign promoting off-season tourism to local neighborhoods.,Travel,Beginner
585,"Tourism officials in Lisbon, working with Riverside Bank, launched a campaign encouraging visitors to explore lesser-known neighborhoods during the off-season. Local businesses hope the initiative will help spread tourism revenue more evenly throughout the year.",Lisbon and Riverside Bank launch a campaign promoting off-season tourism to local neighborhoods.,Travel,Beginner
586,"Scientists at Harborview College in Lisbon announced the discovery of a new material that conducts electricity far more efficiently than existing alternatives. The breakthrough could eventually lead to more efficient batteries and electronics, though commercial use is still years away.",Harborview College scientists in Lisbon discover a highly efficient new conductive material.,Science,Intermediate
587,"A popular streaming series produced by Crescent Media Group returned for a new season, quickly becoming one of the most watched shows filmed partly in Stockholm. The season introduced several new characters while resolving major storylines from previous episodes.","Crescent Media Group's streaming series, filmed partly in Stockholm, returns for a well-received season.",Entertainment,Intermediate
588,Crescent Media Group announced a new scholarship program aimed at supporting students from underrepresented backgrounds in Copenhagen. The program will cover tuition and provide mentorship opportunities for selected recipients starting next semester. Officials hope the initiative will improve graduation rates.,Crescent Media Group launches a scholarship and mentorship program to support underrepresented students in Copenhagen.,Education,Advanced
589,"Scientists at Coastal Insurance Co. in Vancouver announced the discovery of a new material that conducts electricity far more efficiently than existing alternatives. The breakthrough could eventually lead to more efficient batteries and electronics, though commercial use is still years away.",Coastal Insurance Co. scientists in Vancouver discover a highly efficient new conductive material.,Science,Intermediate
590,Researchers at Union Manufacturing Corp. in Wellington published findings linking regular physical activity to improved long-term memory in older adults. The study followed participants over several years and controlled for factors such as diet and sleep.,Union Manufacturing Corp. researchers in Wellington link exercise to better long-term memory in older adults.,Health,Intermediate
591,"A merger between Silverline Motors and a major firm in Toronto is expected to close by the end of the year, according to sources close to the deal. Analysts say the combined company could become one of the largest players in its industry.",Silverline Motors and a major firm in Toronto move toward a merger set to close by year end.,Business,Beginner
592,Researchers at Aurora Data Systems in Amsterdam published findings linking regular physical activity to improved long-term memory in older adults. The study followed participants over several years and controlled for factors such as diet and sleep.,Aurora Data Systems researchers in Amsterdam link exercise to better long-term memory in older adults.,Health,Intermediate
593,"David Wright broke a long-standing record at the regional championships, finishing well ahead of the competition. Coaches say months of intense training contributed to the milestone performance, which has drawn attention from national scouts.",David Wright sets a new regional record after months of intense training.,Sports,Intermediate
594,"A research team at Maple Street School District based in Edinburgh published new data on shifting migration patterns among several bird species, linking the changes to rising temperatures. The findings add to a growing body of evidence about climate change's effects on wildlife.",Maple Street School District researchers in Edinburgh link changing bird migration patterns to rising temperatures.,Science,Intermediate
595,"A popular streaming series produced by BrightFuture Foundation returned for a new season, quickly becoming one of the most watched shows filmed partly in Copenhagen. The season introduced several new characters while resolving major storylines from previous episodes.","BrightFuture Foundation's streaming series, filmed partly in Copenhagen, returns for a well-received season.",Entertainment,Beginner
596,"A new direct flight route between Cape Town and a major international hub was announced by Lakeside Medical Center this week, expected to cut travel time significantly for business and leisure travelers alike. The airline said tickets will go on sale next month.","Lakeside Medical Center announces a new direct flight to Cape Town, promising shorter travel times.",Travel,Advanced
597,"A new clinic backed by Falcon Logistics opened in Austin this month, offering expanded mental health services to residents who previously had limited access to care. The clinic plans to add telehealth appointments in the coming months to reach even more patients.",Falcon Logistics opens a new clinic in Austin expanding mental health access.,Health,Intermediate
598,"Grace Hall broke a long-standing record at the regional championships, finishing well ahead of the competition. Coaches say months of intense training contributed to the milestone performance, which has drawn attention from national scouts.",Grace Hall sets a new regional record after months of intense training.,Sports,Advanced
599,"A new direct flight route between Vancouver and a major international hub was announced by Lakeside Medical Center this week, expected to cut travel time significantly for business and leisure travelers alike. The airline said tickets will go on sale next month.","Lakeside Medical Center announces a new direct flight to Vancouver, promising shorter travel times.",Travel,Advanced
600,"A merger between Zenith Pharmaceuticals and a major firm in Cape Town is expected to close by the end of the year, according to sources close to the deal. Analysts say the combined company could become one of the largest players in its industry.",Zenith Pharmaceuticals and a major firm in Cape Town move toward a merger set to close by year end.,Business,Beginner
601,"Tourism officials in Vancouver, working with Skyline Real Estate, launched a campaign encouraging visitors to explore lesser-known neighborhoods during the off-season. Local businesses hope the initiative will help spread tourism revenue more evenly throughout the year.",Vancouver and Skyline Real Estate launch a campaign promoting off-season tourism to local neighborhoods.,Travel,Intermediate
602,"Northfield University reported stronger than expected quarterly earnings from its Cape Town division, driven largely by growth in overseas markets. Executives credited the results to a recent expansion strategy and increased demand for the company's core products. Investors responded positively to the announcement.",Northfield University's Cape Town division posts strong quarterly earnings due to overseas growth.,Business,Beginner
603,"A research team at Delta Cloud Services based in Denver published new data on shifting migration patterns among several bird species, linking the changes to rising temperatures. The findings add to a growing body of evidence about climate change's effects on wildlife.",Delta Cloud Services researchers in Denver link changing bird migration patterns to rising temperatures.,Science,Beginner
604,"A new curriculum focused on critical thinking was introduced at schools in Edinburgh this term, developed in partnership with Vertex Analytics. Teachers reported that students engaged more actively in classroom discussions after the change. The district plans to expand the program district-wide next year.",Schools in Edinburgh adopt a new critical-thinking curriculum developed with Vertex Analytics.,Education,Beginner
605,"Tourism officials in Osaka, working with Falcon Logistics, launched a campaign encouraging visitors to explore lesser-known neighborhoods during the off-season. Local businesses hope the initiative will help spread tourism revenue more evenly throughout the year.",Osaka and Falcon Logistics launch a campaign promoting off-season tourism to local neighborhoods.,Travel,Beginner
606,Researchers at Oakwood Publishing House in Copenhagen published findings linking regular physical activity to improved long-term memory in older adults. The study followed participants over several years and controlled for factors such as diet and sleep.,Oakwood Publishing House researchers in Copenhagen link exercise to better long-term memory in older adults.,Health,Advanced
607,"Scientists at Harborview College in Copenhagen announced the discovery of a new material that conducts electricity far more efficiently than existing alternatives. The breakthrough could eventually lead to more efficient batteries and electronics, though commercial use is still years away.",Harborview College scientists in Copenhagen discover a highly efficient new conductive material.,Science,Beginner
608,"A research team at Falcon Logistics based in Edinburgh published new data on shifting migration patterns among several bird species, linking the changes to rising temperatures. The findings add to a growing body of evidence about climate change's effects on wildlife.",Falcon Logistics researchers in Edinburgh link changing bird migration patterns to rising temperatures.,Science,Beginner
609,"Kevin Clark broke a long-standing record at the regional championships, finishing well ahead of the competition. Coaches say months of intense training contributed to the milestone performance, which has drawn attention from national scouts.",Kevin Clark sets a new regional record after months of intense training.,Sports,Beginner
610,"Union Manufacturing Corp. unveiled a new fitness tracker this week, claiming it delivers significantly faster performance than earlier models. Engineers spent over a year refining the design after receiving feedback from beta testers, and the company expects the product to reach store shelves by July. Analysts believe the launch could strengthen Union Manufacturing Corp.'s position against rival firms.","Union Manufacturing Corp. launches a new fitness tracker after a year of development, aiming to outperform earlier models.",Technology,Advanced
611,NextGen Software Labs announced a new scholarship program aimed at supporting students from underrepresented backgrounds in Austin. The program will cover tuition and provide mentorship opportunities for selected recipients starting next semester. Officials hope the initiative will improve graduation rates.,NextGen Software Labs launches a scholarship and mentorship program to support underrepresented students in Austin.,Education,Advanced
612,"Chloe King broke a long-standing record at the regional championships, finishing well ahead of the competition. Coaches say months of intense training contributed to the milestone performance, which has drawn attention from national scouts.",Chloe King sets a new regional record after months of intense training.,Sports,Intermediate
613,"Oakwood Publishing House unveiled a new tablet this week, claiming it delivers significantly faster performance than earlier models. Engineers spent over a year refining the design after receiving feedback from beta testers, and the company expects the product to reach store shelves by November. Analysts believe the launch could strengthen Oakwood Publishing House's position against rival firms.","Oakwood Publishing House launches a new tablet after a year of development, aiming to outperform earlier models.",Technology,Intermediate
614,"Tourism officials in Jakarta, working with Summit Robotics Inc., launched a campaign encouraging visitors to explore lesser-known neighborhoods during the off-season. Local businesses hope the initiative will help spread tourism revenue more evenly throughout the year.",Jakarta and Summit Robotics Inc. launch a campaign promoting off-season tourism to local neighborhoods.,Travel,Beginner
615,Redstone Consulting announced a new scholarship program aimed at supporting students from underrepresented backgrounds in Buenos Aires. The program will cover tuition and provide mentorship opportunities for selected recipients starting next semester. Officials hope the initiative will improve graduation rates.,Redstone Consulting launches a scholarship and mentorship program to support underrepresented students in Buenos Aires.,Education,Intermediate
616,"The latest film from Silverline Motors broke box office records during its opening weekend in Austin, exceeding analysts' predictions. Critics praised the film's visual effects and pacing, while fans lined up for early screenings across the region.",Silverline Motors's new film breaks box office records in Austin and earns critical praise.,Entertainment,Intermediate
617,"Ravi Kowalski broke a long-standing record at the regional championships, finishing well ahead of the competition. Coaches say months of intense training contributed to the milestone performance, which has drawn attention from national scouts.",Ravi Kowalski sets a new regional record after months of intense training.,Sports,Advanced
618,"Scientists at Evergreen Energy Co. in Cairo announced the discovery of a new material that conducts electricity far more efficiently than existing alternatives. The breakthrough could eventually lead to more efficient batteries and electronics, though commercial use is still years away.",Evergreen Energy Co. scientists in Cairo discover a highly efficient new conductive material.,Science,Advanced
619,"A new curriculum focused on critical thinking was introduced at schools in Prague this term, developed in partnership with Ironwood Steel Works. Teachers reported that students engaged more actively in classroom discussions after the change. The district plans to expand the program district-wide next year.",Schools in Prague adopt a new critical-thinking curriculum developed with Ironwood Steel Works.,Education,Beginner
620,"A popular streaming series produced by Delta Cloud Services returned for a new season, quickly becoming one of the most watched shows filmed partly in Bangkok. The season introduced several new characters while resolving major storylines from previous episodes.","Delta Cloud Services's streaming series, filmed partly in Bangkok, returns for a well-received season.",Entertainment,Intermediate
621,"Scientists at Golden Gate Retailers in Vancouver announced the discovery of a new material that conducts electricity far more efficiently than existing alternatives. The breakthrough could eventually lead to more efficient batteries and electronics, though commercial use is still years away.",Golden Gate Retailers scientists in Vancouver discover a highly efficient new conductive material.,Science,Intermediate
622,"Scientists at Cedar Grove Hospital in Nairobi announced the discovery of a new material that conducts electricity far more efficiently than existing alternatives. The breakthrough could eventually lead to more efficient batteries and electronics, though commercial use is still years away.",Cedar Grove Hospital scientists in Nairobi discover a highly efficient new conductive material.,Science,Advanced
623,"A new direct flight route between Mumbai and a major international hub was announced by Coastal Insurance Co. this week, expected to cut travel time significantly for business and leisure travelers alike. The airline said tickets will go on sale next month.","Coastal Insurance Co. announces a new direct flight to Mumbai, promising shorter travel times.",Travel,Beginner
624,"A new curriculum focused on critical thinking was introduced at schools in Osaka this term, developed in partnership with Zenith Pharmaceuticals. Teachers reported that students engaged more actively in classroom discussions after the change. The district plans to expand the program district-wide next year.",Schools in Osaka adopt a new critical-thinking curriculum developed with Zenith Pharmaceuticals.,Education,Advanced
625,"David King broke a long-standing record at the regional championships, finishing well ahead of the competition. Coaches say months of intense training contributed to the milestone performance, which has drawn attention from national scouts.",David King sets a new regional record after months of intense training.,Sports,Beginner
626,"A new curriculum focused on critical thinking was introduced at schools in Manila this term, developed in partnership with Redstone Consulting. Teachers reported that students engaged more actively in classroom discussions after the change. The district plans to expand the program district-wide next year.",Schools in Manila adopt a new critical-thinking curriculum developed with Redstone Consulting.,Education,Intermediate
627,"Riverside Bank reported stronger than expected quarterly earnings from its Denver division, driven largely by growth in overseas markets. Executives credited the results to a recent expansion strategy and increased demand for the company's core products. Investors responded positively to the announcement.",Riverside Bank's Denver division posts strong quarterly earnings due to overseas growth.,Business,Advanced
628,"A research team at Pioneer Research Institute based in Copenhagen published new data on shifting migration patterns among several bird species, linking the changes to rising temperatures. The findings add to a growing body of evidence about climate change's effects on wildlife.",Pioneer Research Institute researchers in Copenhagen link changing bird migration patterns to rising temperatures.,Science,Intermediate
629,"Yuki Larsen broke a long-standing record at the regional championships, finishing well ahead of the competition. Coaches say months of intense training contributed to the milestone performance, which has drawn attention from national scouts.",Yuki Larsen sets a new regional record after months of intense training.,Sports,Advanced
630,"Zainab Costa broke a long-standing record at the regional championships, finishing well ahead of the competition. Coaches say months of intense training contributed to the milestone performance, which has drawn attention from national scouts.",Zainab Costa sets a new regional record after months of intense training.,Sports,Intermediate
631,"Redstone Consulting unveiled a new smartphone this week, claiming it delivers significantly faster performance than earlier models. Engineers spent over a year refining the design after receiving feedback from beta testers, and the company expects the product to reach store shelves by January. Analysts believe the launch could strengthen Redstone Consulting's position against rival firms.","Redstone Consulting launches a new smartphone after a year of development, aiming to outperform earlier models.",Technology,Intermediate
632,"Lakeside Medical Center unveiled a new smart speaker this week, claiming it delivers significantly faster performance than earlier models. Engineers spent over a year refining the design after receiving feedback from beta testers, and the company expects the product to reach store shelves by July. Analysts believe the launch could strengthen Lakeside Medical Center's position against rival firms.","Lakeside Medical Center launches a new smart speaker after a year of development, aiming to outperform earlier models.",Technology,Intermediate
633,"A new curriculum focused on critical thinking was introduced at schools in Denver this term, developed in partnership with NextGen Software Labs. Teachers reported that students engaged more actively in classroom discussions after the change. The district plans to expand the program district-wide next year.",Schools in Denver adopt a new critical-thinking curriculum developed with NextGen Software Labs.,Education,Beginner
634,Quantum Innovations announced a new scholarship program aimed at supporting students from underrepresented backgrounds in Austin. The program will cover tuition and provide mentorship opportunities for selected recipients starting next semester. Officials hope the initiative will improve graduation rates.,Quantum Innovations launches a scholarship and mentorship program to support underrepresented students in Austin.,Education,Intermediate
635,"A popular streaming series produced by Brightline Technologies returned for a new season, quickly becoming one of the most watched shows filmed partly in Santiago. The season introduced several new characters while resolving major storylines from previous episodes.","Brightline Technologies's streaming series, filmed partly in Santiago, returns for a well-received season.",Entertainment,Intermediate
636,Researchers at Blue Horizon Airlines in Lisbon published findings linking regular physical activity to improved long-term memory in older adults. The study followed participants over several years and controlled for factors such as diet and sleep.,Blue Horizon Airlines researchers in Lisbon link exercise to better long-term memory in older adults.,Health,Beginner
637,Researchers at BrightFuture Foundation in Austin published findings linking regular physical activity to improved long-term memory in older adults. The study followed participants over several years and controlled for factors such as diet and sleep.,BrightFuture Foundation researchers in Austin link exercise to better long-term memory in older adults.,Health,Intermediate
638,Developers at Northfield University released an update addressing several security vulnerabilities discovered in their tablet. The patch also introduces performance improvements and a redesigned interface. Users are encouraged to update as soon as possible to avoid potential risks.,Northfield University releases a security and performance update for its tablet.,Technology,Beginner
639,"A merger between Northfield University and a major firm in Lisbon is expected to close by the end of the year, according to sources close to the deal. Analysts say the combined company could become one of the largest players in its industry.",Northfield University and a major firm in Lisbon move toward a merger set to close by year end.,Business,Intermediate
640,Falcon Logistics announced a new scholarship program aimed at supporting students from underrepresented backgrounds in Prague. The program will cover tuition and provide mentorship opportunities for selected recipients starting next semester. Officials hope the initiative will improve graduation rates.,Falcon Logistics launches a scholarship and mentorship program to support underrepresented students in Prague.,Education,Intermediate
641,"Samuel Baker broke a long-standing record at the regional championships, finishing well ahead of the competition. Coaches say months of intense training contributed to the milestone performance, which has drawn attention from national scouts.",Samuel Baker sets a new regional record after months of intense training.,Sports,Intermediate
642,"A new clinic backed by Northfield University opened in Osaka this month, offering expanded mental health services to residents who previously had limited access to care. The clinic plans to add telehealth appointments in the coming months to reach even more patients.",Northfield University opens a new clinic in Osaka expanding mental health access.,Health,Intermediate
643,"A research team at Coastal Insurance Co. based in Berlin published new data on shifting migration patterns among several bird species, linking the changes to rising temperatures. The findings add to a growing body of evidence about climate change's effects on wildlife.",Coastal Insurance Co. researchers in Berlin link changing bird migration patterns to rising temperatures.,Science,Advanced
644,"A new direct flight route between Prague and a major international hub was announced by Northfield University this week, expected to cut travel time significantly for business and leisure travelers alike. The airline said tickets will go on sale next month.","Northfield University announces a new direct flight to Prague, promising shorter travel times.",Travel,Intermediate
645,"Quantum Innovations unveiled a new smart speaker this week, claiming it delivers significantly faster performance than earlier models. Engineers spent over a year refining the design after receiving feedback from beta testers, and the company expects the product to reach store shelves by May. Analysts believe the launch could strengthen Quantum Innovations's position against rival firms.","Quantum Innovations launches a new smart speaker after a year of development, aiming to outperform earlier models.",Technology,Beginner
646,Developers at Lakeside Medical Center released an update addressing several security vulnerabilities discovered in their smart speaker. The patch also introduces performance improvements and a redesigned interface. Users are encouraged to update as soon as possible to avoid potential risks.,Lakeside Medical Center releases a security and performance update for its smart speaker.,Technology,Advanced
647,"A new curriculum focused on critical thinking was introduced at schools in Copenhagen this term, developed in partnership with Maple Street School District. Teachers reported that students engaged more actively in classroom discussions after the change. The district plans to expand the program district-wide next year.",Schools in Copenhagen adopt a new critical-thinking curriculum developed with Maple Street School District.,Education,Intermediate
648,"A research team at Zenith Pharmaceuticals based in Helsinki published new data on shifting migration patterns among several bird species, linking the changes to rising temperatures. The findings add to a growing body of evidence about climate change's effects on wildlife.",Zenith Pharmaceuticals researchers in Helsinki link changing bird migration patterns to rising temperatures.,Science,Intermediate
649,"Pioneer Research Institute reported stronger than expected quarterly earnings from its Lisbon division, driven largely by growth in overseas markets. Executives credited the results to a recent expansion strategy and increased demand for the company's core products. Investors responded positively to the announcement.",Pioneer Research Institute's Lisbon division posts strong quarterly earnings due to overseas growth.,Business,Intermediate
650,"Nina Smith broke a long-standing record at the regional championships, finishing well ahead of the competition. Coaches say months of intense training contributed to the milestone performance, which has drawn attention from national scouts.",Nina Smith sets a new regional record after months of intense training.,Sports,Intermediate
651,"Scientists at Pioneer Research Institute in Kuala Lumpur announced the discovery of a new material that conducts electricity far more efficiently than existing alternatives. The breakthrough could eventually lead to more efficient batteries and electronics, though commercial use is still years away.",Pioneer Research Institute scientists in Kuala Lumpur discover a highly efficient new conductive material.,Science,Beginner
652,"A popular streaming series produced by Harborview College returned for a new season, quickly becoming one of the most watched shows filmed partly in Lisbon. The season introduced several new characters while resolving major storylines from previous episodes.","Harborview College's streaming series, filmed partly in Lisbon, returns for a well-received season.",Entertainment,Beginner
653,"A new curriculum focused on critical thinking was introduced at schools in Wellington this term, developed in partnership with Crescent Media Group. Teachers reported that students engaged more actively in classroom discussions after the change. The district plans to expand the program district-wide next year.",Schools in Wellington adopt a new critical-thinking curriculum developed with Crescent Media Group.,Education,Beginner
654,"Tourism officials in Manila, working with Oakwood Publishing House, launched a campaign encouraging visitors to explore lesser-known neighborhoods during the off-season. Local businesses hope the initiative will help spread tourism revenue more evenly throughout the year.",Manila and Oakwood Publishing House launch a campaign promoting off-season tourism to local neighborhoods.,Travel,Intermediate
655,"Omar Lewis broke a long-standing record at the regional championships, finishing well ahead of the competition. Coaches say months of intense training contributed to the milestone performance, which has drawn attention from national scouts.",Omar Lewis sets a new regional record after months of intense training.,Sports,Advanced
656,"Ravi Smith broke a long-standing record at the regional championships, finishing well ahead of the competition. Coaches say months of intense training contributed to the milestone performance, which has drawn attention from national scouts.",Ravi Smith sets a new regional record after months of intense training.,Sports,Advanced
657,"A popular streaming series produced by Pioneer Research Institute returned for a new season, quickly becoming one of the most watched shows filmed partly in Berlin. The season introduced several new characters while resolving major storylines from previous episodes.","Pioneer Research Institute's streaming series, filmed partly in Berlin, returns for a well-received season.",Entertainment,Beginner
658,"Zainab Smith broke a long-standing record at the regional championships, finishing well ahead of the competition. Coaches say months of intense training contributed to the milestone performance, which has drawn attention from national scouts.",Zainab Smith sets a new regional record after months of intense training.,Sports,Advanced
659,"The Copenhagen team secured a dramatic victory in the final minutes of the match, coming from behind after trailing for most of the game. Fans credited the comeback to a change in strategy made by the coach at halftime. The win moves the team closer to a spot in the playoffs.","The Copenhagen team completes a late comeback win, boosting its playoff chances.",Sports,Intermediate
660,"A merger between Lakeside Medical Center and a major firm in Stockholm is expected to close by the end of the year, according to sources close to the deal. Analysts say the combined company could become one of the largest players in its industry.",Lakeside Medical Center and a major firm in Stockholm move toward a merger set to close by year end.,Business,Intermediate
661,"Sara Suzuki broke a long-standing record at the regional championships, finishing well ahead of the competition. Coaches say months of intense training contributed to the milestone performance, which has drawn attention from national scouts.",Sara Suzuki sets a new regional record after months of intense training.,Sports,Beginner
662,"A popular streaming series produced by Lakeside Medical Center returned for a new season, quickly becoming one of the most watched shows filmed partly in Toronto. The season introduced several new characters while resolving major storylines from previous episodes.","Lakeside Medical Center's streaming series, filmed partly in Toronto, returns for a well-received season.",Entertainment,Beginner
663,"Coastal Insurance Co. unveiled a new tablet this week, claiming it delivers significantly faster performance than earlier models. Engineers spent over a year refining the design after receiving feedback from beta testers, and the company expects the product to reach store shelves by September. Analysts believe the launch could strengthen Coastal Insurance Co.'s position against rival firms.","Coastal Insurance Co. launches a new tablet after a year of development, aiming to outperform earlier models.",Technology,Advanced
664,"Scientists at Redstone Consulting in Vancouver announced the discovery of a new material that conducts electricity far more efficiently than existing alternatives. The breakthrough could eventually lead to more efficient batteries and electronics, though commercial use is still years away.",Redstone Consulting scientists in Vancouver discover a highly efficient new conductive material.,Science,Intermediate
665,"A new curriculum focused on critical thinking was introduced at schools in Mumbai this term, developed in partnership with Pioneer Research Institute. Teachers reported that students engaged more actively in classroom discussions after the change. The district plans to expand the program district-wide next year.",Schools in Mumbai adopt a new critical-thinking curriculum developed with Pioneer Research Institute.,Education,Intermediate
666,Developers at Maple Street School District released an update addressing several security vulnerabilities discovered in their smart speaker. The patch also introduces performance improvements and a redesigned interface. Users are encouraged to update as soon as possible to avoid potential risks.,Maple Street School District releases a security and performance update for its smart speaker.,Technology,Beginner
667,"The latest film from Pioneer Research Institute broke box office records during its opening weekend in Wellington, exceeding analysts' predictions. Critics praised the film's visual effects and pacing, while fans lined up for early screenings across the region.",Pioneer Research Institute's new film breaks box office records in Wellington and earns critical praise.,Entertainment,Intermediate
668,"A popular streaming series produced by Ironwood Steel Works returned for a new season, quickly becoming one of the most watched shows filmed partly in Copenhagen. The season introduced several new characters while resolving major storylines from previous episodes.","Ironwood Steel Works's streaming series, filmed partly in Copenhagen, returns for a well-received season.",Entertainment,Intermediate
669,"A merger between Skyline Real Estate and a major firm in Santiago is expected to close by the end of the year, according to sources close to the deal. Analysts say the combined company could become one of the largest players in its industry.",Skyline Real Estate and a major firm in Santiago move toward a merger set to close by year end.,Business,Advanced
670,"A popular streaming series produced by Crescent Media Group returned for a new season, quickly becoming one of the most watched shows filmed partly in Denver. The season introduced several new characters while resolving major storylines from previous episodes.","Crescent Media Group's streaming series, filmed partly in Denver, returns for a well-received season.",Entertainment,Beginner
671,"NextGen Software Labs unveiled a new laptop this week, claiming it delivers significantly faster performance than earlier models. Engineers spent over a year refining the design after receiving feedback from beta testers, and the company expects the product to reach store shelves by July. Analysts believe the launch could strengthen NextGen Software Labs's position against rival firms.","NextGen Software Labs launches a new laptop after a year of development, aiming to outperform earlier models.",Technology,Intermediate
672,"Northfield University reported stronger than expected quarterly earnings from its Wellington division, driven largely by growth in overseas markets. Executives credited the results to a recent expansion strategy and increased demand for the company's core products. Investors responded positively to the announcement.",Northfield University's Wellington division posts strong quarterly earnings due to overseas growth.,Business,Beginner
673,Developers at Crescent Media Group released an update addressing several security vulnerabilities discovered in their tablet. The patch also introduces performance improvements and a redesigned interface. Users are encouraged to update as soon as possible to avoid potential risks.,Crescent Media Group releases a security and performance update for its tablet.,Technology,Intermediate
674,Researchers at Crescent Media Group in Berlin published findings linking regular physical activity to improved long-term memory in older adults. The study followed participants over several years and controlled for factors such as diet and sleep.,Crescent Media Group researchers in Berlin link exercise to better long-term memory in older adults.,Health,Advanced
675,"Scientists at Delta Cloud Services in Dublin announced the discovery of a new material that conducts electricity far more efficiently than existing alternatives. The breakthrough could eventually lead to more efficient batteries and electronics, though commercial use is still years away.",Delta Cloud Services scientists in Dublin discover a highly efficient new conductive material.,Science,Advanced
676,"Delta Cloud Services unveiled a new home assistant device this week, claiming it delivers significantly faster performance than earlier models. Engineers spent over a year refining the design after receiving feedback from beta testers, and the company expects the product to reach store shelves by January. Analysts believe the launch could strengthen Delta Cloud Services's position against rival firms.","Delta Cloud Services launches a new home assistant device after a year of development, aiming to outperform earlier models.",Technology,Intermediate
677,Maple Street School District announced a new scholarship program aimed at supporting students from underrepresented backgrounds in Mumbai. The program will cover tuition and provide mentorship opportunities for selected recipients starting next semester. Officials hope the initiative will improve graduation rates.,Maple Street School District launches a scholarship and mentorship program to support underrepresented students in Mumbai.,Education,Intermediate
678,Developers at BrightFuture Foundation released an update addressing several security vulnerabilities discovered in their fitness tracker. The patch also introduces performance improvements and a redesigned interface. Users are encouraged to update as soon as possible to avoid potential risks.,BrightFuture Foundation releases a security and performance update for its fitness tracker.,Technology,Intermediate
679,"A popular streaming series produced by Zenith Pharmaceuticals returned for a new season, quickly becoming one of the most watched shows filmed partly in Buenos Aires. The season introduced several new characters while resolving major storylines from previous episodes.","Zenith Pharmaceuticals's streaming series, filmed partly in Buenos Aires, returns for a well-received season.",Entertainment,Beginner
680,Evergreen Energy Co. announced a new scholarship program aimed at supporting students from underrepresented backgrounds in Warsaw. The program will cover tuition and provide mentorship opportunities for selected recipients starting next semester. Officials hope the initiative will improve graduation rates.,Evergreen Energy Co. launches a scholarship and mentorship program to support underrepresented students in Warsaw.,Education,Intermediate
681,"A new curriculum focused on critical thinking was introduced at schools in Dublin this term, developed in partnership with Evergreen Energy Co.. Teachers reported that students engaged more actively in classroom discussions after the change. The district plans to expand the program district-wide next year.",Schools in Dublin adopt a new critical-thinking curriculum developed with Evergreen Energy Co..,Education,Intermediate
682,"A research team at Zenith Pharmaceuticals based in Mumbai published new data on shifting migration patterns among several bird species, linking the changes to rising temperatures. The findings add to a growing body of evidence about climate change's effects on wildlife.",Zenith Pharmaceuticals researchers in Mumbai link changing bird migration patterns to rising temperatures.,Science,Advanced
683,"Scientists at Global Trade Partners in Osaka announced the discovery of a new material that conducts electricity far more efficiently than existing alternatives. The breakthrough could eventually lead to more efficient batteries and electronics, though commercial use is still years away.",Global Trade Partners scientists in Osaka discover a highly efficient new conductive material.,Science,Intermediate
684,Developers at Brightline Technologies released an update addressing several security vulnerabilities discovered in their smart speaker. The patch also introduces performance improvements and a redesigned interface. Users are encouraged to update as soon as possible to avoid potential risks.,Brightline Technologies releases a security and performance update for its smart speaker.,Technology,Intermediate
685,"A popular streaming series produced by Zenith Pharmaceuticals returned for a new season, quickly becoming one of the most watched shows filmed partly in Nairobi. The season introduced several new characters while resolving major storylines from previous episodes.","Zenith Pharmaceuticals's streaming series, filmed partly in Nairobi, returns for a well-received season.",Entertainment,Beginner
686,"A merger between Delta Cloud Services and a major firm in Vancouver is expected to close by the end of the year, according to sources close to the deal. Analysts say the combined company could become one of the largest players in its industry.",Delta Cloud Services and a major firm in Vancouver move toward a merger set to close by year end.,Business,Intermediate
687,Researchers at Crescent Media Group in Jakarta published findings linking regular physical activity to improved long-term memory in older adults. The study followed participants over several years and controlled for factors such as diet and sleep.,Crescent Media Group researchers in Jakarta link exercise to better long-term memory in older adults.,Health,Intermediate
688,Meridian Financial Group announced a new scholarship program aimed at supporting students from underrepresented backgrounds in Vancouver. The program will cover tuition and provide mentorship opportunities for selected recipients starting next semester. Officials hope the initiative will improve graduation rates.,Meridian Financial Group launches a scholarship and mentorship program to support underrepresented students in Vancouver.,Education,Intermediate
689,"A new clinic backed by Redstone Consulting opened in Helsinki this month, offering expanded mental health services to residents who previously had limited access to care. The clinic plans to add telehealth appointments in the coming months to reach even more patients.",Redstone Consulting opens a new clinic in Helsinki expanding mental health access.,Health,Advanced
690,"The latest film from Skyline Real Estate broke box office records during its opening weekend in Stockholm, exceeding analysts' predictions. Critics praised the film's visual effects and pacing, while fans lined up for early screenings across the region.",Skyline Real Estate's new film breaks box office records in Stockholm and earns critical praise.,Entertainment,Advanced
691,Researchers at Global Trade Partners in Berlin published findings linking regular physical activity to improved long-term memory in older adults. The study followed participants over several years and controlled for factors such as diet and sleep.,Global Trade Partners researchers in Berlin link exercise to better long-term memory in older adults.,Health,Intermediate
692,"Scientists at Maple Street School District in Vancouver announced the discovery of a new material that conducts electricity far more efficiently than existing alternatives. The breakthrough could eventually lead to more efficient batteries and electronics, though commercial use is still years away.",Maple Street School District scientists in Vancouver discover a highly efficient new conductive material.,Science,Intermediate
693,"A new direct flight route between Zurich and a major international hub was announced by Silverline Motors this week, expected to cut travel time significantly for business and leisure travelers alike. The airline said tickets will go on sale next month.","Silverline Motors announces a new direct flight to Zurich, promising shorter travel times.",Travel,Intermediate
694,"A new clinic backed by Silverline Motors opened in Nairobi this month, offering expanded mental health services to residents who previously had limited access to care. The clinic plans to add telehealth appointments in the coming months to reach even more patients.",Silverline Motors opens a new clinic in Nairobi expanding mental health access.,Health,Advanced
695,"A new clinic backed by Skyline Real Estate opened in Vancouver this month, offering expanded mental health services to residents who previously had limited access to care. The clinic plans to add telehealth appointments in the coming months to reach even more patients.",Skyline Real Estate opens a new clinic in Vancouver expanding mental health access.,Health,Intermediate
696,"Scientists at Oakwood Publishing House in Vancouver announced the discovery of a new material that conducts electricity far more efficiently than existing alternatives. The breakthrough could eventually lead to more efficient batteries and electronics, though commercial use is still years away.",Oakwood Publishing House scientists in Vancouver discover a highly efficient new conductive material.,Science,Advanced
697,Researchers at Lakeside Medical Center in Austin published findings linking regular physical activity to improved long-term memory in older adults. The study followed participants over several years and controlled for factors such as diet and sleep.,Lakeside Medical Center researchers in Austin link exercise to better long-term memory in older adults.,Health,Advanced
698,"The latest film from Falcon Logistics broke box office records during its opening weekend in Copenhagen, exceeding analysts' predictions. Critics praised the film's visual effects and pacing, while fans lined up for early screenings across the region.",Falcon Logistics's new film breaks box office records in Copenhagen and earns critical praise.,Entertainment,Intermediate
699,Researchers at Falcon Logistics in Lisbon published findings linking regular physical activity to improved long-term memory in older adults. The study followed participants over several years and controlled for factors such as diet and sleep.,Falcon Logistics researchers in Lisbon link exercise to better long-term memory in older adults.,Health,Intermediate
700,"Scientists at Delta Cloud Services in Santiago announced the discovery of a new material that conducts electricity far more efficiently than existing alternatives. The breakthrough could eventually lead to more efficient batteries and electronics, though commercial use is still years away.",Delta Cloud Services scientists in Santiago discover a highly efficient new conductive material.,Science,Intermediate
701,"A merger between Oakwood Publishing House and a major firm in Santiago is expected to close by the end of the year, according to sources close to the deal. Analysts say the combined company could become one of the largest players in its industry.",Oakwood Publishing House and a major firm in Santiago move toward a merger set to close by year end.,Business,Beginner
702,Crescent Media Group announced a new scholarship program aimed at supporting students from underrepresented backgrounds in Marrakesh. The program will cover tuition and provide mentorship opportunities for selected recipients starting next semester. Officials hope the initiative will improve graduation rates.,Crescent Media Group launches a scholarship and mentorship program to support underrepresented students in Marrakesh.,Education,Intermediate
703,"Ironwood Steel Works reported stronger than expected quarterly earnings from its Toronto division, driven largely by growth in overseas markets. Executives credited the results to a recent expansion strategy and increased demand for the company's core products. Investors responded positively to the announcement.",Ironwood Steel Works's Toronto division posts strong quarterly earnings due to overseas growth.,Business,Intermediate
704,Quantum Innovations announced a new scholarship program aimed at supporting students from underrepresented backgrounds in Manila. The program will cover tuition and provide mentorship opportunities for selected recipients starting next semester. Officials hope the initiative will improve graduation rates.,Quantum Innovations launches a scholarship and mentorship program to support underrepresented students in Manila.,Education,Advanced
705,"A new clinic backed by Crescent Media Group opened in Cairo this month, offering expanded mental health services to residents who previously had limited access to care. The clinic plans to add telehealth appointments in the coming months to reach even more patients.",Crescent Media Group opens a new clinic in Cairo expanding mental health access.,Health,Intermediate
706,"Nadia Anderson broke a long-standing record at the regional championships, finishing well ahead of the competition. Coaches say months of intense training contributed to the milestone performance, which has drawn attention from national scouts.",Nadia Anderson sets a new regional record after months of intense training.,Sports,Intermediate
707,"A merger between Meridian Financial Group and a major firm in Melbourne is expected to close by the end of the year, according to sources close to the deal. Analysts say the combined company could become one of the largest players in its industry.",Meridian Financial Group and a major firm in Melbourne move toward a merger set to close by year end.,Business,Intermediate
708,"The latest film from Brightline Technologies broke box office records during its opening weekend in Berlin, exceeding analysts' predictions. Critics praised the film's visual effects and pacing, while fans lined up for early screenings across the region.",Brightline Technologies's new film breaks box office records in Berlin and earns critical praise.,Entertainment,Intermediate
709,"The latest film from Redstone Consulting broke box office records during its opening weekend in Helsinki, exceeding analysts' predictions. Critics praised the film's visual effects and pacing, while fans lined up for early screenings across the region.",Redstone Consulting's new film breaks box office records in Helsinki and earns critical praise.,Entertainment,Beginner
710,"The Vancouver team secured a dramatic victory in the final minutes of the match, coming from behind after trailing for most of the game. Fans credited the comeback to a change in strategy made by the coach at halftime. The win moves the team closer to a spot in the playoffs.","The Vancouver team completes a late comeback win, boosting its playoff chances.",Sports,Intermediate
711,"A new curriculum focused on critical thinking was introduced at schools in Zurich this term, developed in partnership with Redstone Consulting. Teachers reported that students engaged more actively in classroom discussions after the change. The district plans to expand the program district-wide next year.",Schools in Zurich adopt a new critical-thinking curriculum developed with Redstone Consulting.,Education,Intermediate
712,"Ingrid Lewis broke a long-standing record at the regional championships, finishing well ahead of the competition. Coaches say months of intense training contributed to the milestone performance, which has drawn attention from national scouts.",Ingrid Lewis sets a new regional record after months of intense training.,Sports,Beginner
713,"A new direct flight route between Buenos Aires and a major international hub was announced by Zenith Pharmaceuticals this week, expected to cut travel time significantly for business and leisure travelers alike. The airline said tickets will go on sale next month.","Zenith Pharmaceuticals announces a new direct flight to Buenos Aires, promising shorter travel times.",Travel,Beginner
714,"Anna Suzuki broke a long-standing record at the regional championships, finishing well ahead of the competition. Coaches say months of intense training contributed to the milestone performance, which has drawn attention from national scouts.",Anna Suzuki sets a new regional record after months of intense training.,Sports,Advanced
715,"A merger between Redstone Consulting and a major firm in Wellington is expected to close by the end of the year, according to sources close to the deal. Analysts say the combined company could become one of the largest players in its industry.",Redstone Consulting and a major firm in Wellington move toward a merger set to close by year end.,Business,Intermediate
716,"Leila Lewis broke a long-standing record at the regional championships, finishing well ahead of the competition. Coaches say months of intense training contributed to the milestone performance, which has drawn attention from national scouts.",Leila Lewis sets a new regional record after months of intense training.,Sports,Intermediate
717,"Scientists at Riverside Bank in Lisbon announced the discovery of a new material that conducts electricity far more efficiently than existing alternatives. The breakthrough could eventually lead to more efficient batteries and electronics, though commercial use is still years away.",Riverside Bank scientists in Lisbon discover a highly efficient new conductive material.,Science,Intermediate
718,"Zenith Pharmaceuticals unveiled a new smart speaker this week, claiming it delivers significantly faster performance than earlier models. Engineers spent over a year refining the design after receiving feedback from beta testers, and the company expects the product to reach store shelves by November. Analysts believe the launch could strengthen Zenith Pharmaceuticals's position against rival firms.","Zenith Pharmaceuticals launches a new smart speaker after a year of development, aiming to outperform earlier models.",Technology,Beginner
719,"Delta Cloud Services reported stronger than expected quarterly earnings from its Buenos Aires division, driven largely by growth in overseas markets. Executives credited the results to a recent expansion strategy and increased demand for the company's core products. Investors responded positively to the announcement.",Delta Cloud Services's Buenos Aires division posts strong quarterly earnings due to overseas growth.,Business,Intermediate
720,"Northfield University unveiled a new tablet this week, claiming it delivers significantly faster performance than earlier models. Engineers spent over a year refining the design after receiving feedback from beta testers, and the company expects the product to reach store shelves by January. Analysts believe the launch could strengthen Northfield University's position against rival firms.","Northfield University launches a new tablet after a year of development, aiming to outperform earlier models.",Technology,Intermediate
721,"A popular streaming series produced by Redstone Consulting returned for a new season, quickly becoming one of the most watched shows filmed partly in Nairobi. The season introduced several new characters while resolving major storylines from previous episodes.","Redstone Consulting's streaming series, filmed partly in Nairobi, returns for a well-received season.",Entertainment,Intermediate
722,Maple Street School District announced a new scholarship program aimed at supporting students from underrepresented backgrounds in Manila. The program will cover tuition and provide mentorship opportunities for selected recipients starting next semester. Officials hope the initiative will improve graduation rates.,Maple Street School District launches a scholarship and mentorship program to support underrepresented students in Manila.,Education,Beginner
723,"Tourism officials in Manila, working with Brightline Technologies, launched a campaign encouraging visitors to explore lesser-known neighborhoods during the off-season. Local businesses hope the initiative will help spread tourism revenue more evenly throughout the year.",Manila and Brightline Technologies launch a campaign promoting off-season tourism to local neighborhoods.,Travel,Beginner
724,"Tourism officials in Cairo, working with BrightFuture Foundation, launched a campaign encouraging visitors to explore lesser-known neighborhoods during the off-season. Local businesses hope the initiative will help spread tourism revenue more evenly throughout the year.",Cairo and BrightFuture Foundation launch a campaign promoting off-season tourism to local neighborhoods.,Travel,Intermediate
725,"Scientists at Brightline Technologies in Marrakesh announced the discovery of a new material that conducts electricity far more efficiently than existing alternatives. The breakthrough could eventually lead to more efficient batteries and electronics, though commercial use is still years away.",Brightline Technologies scientists in Marrakesh discover a highly efficient new conductive material.,Science,Intermediate
726,"Ravi Haddad broke a long-standing record at the regional championships, finishing well ahead of the competition. Coaches say months of intense training contributed to the milestone performance, which has drawn attention from national scouts.",Ravi Haddad sets a new regional record after months of intense training.,Sports,Intermediate
727,"The latest film from Ironwood Steel Works broke box office records during its opening weekend in Copenhagen, exceeding analysts' predictions. Critics praised the film's visual effects and pacing, while fans lined up for early screenings across the region.",Ironwood Steel Works's new film breaks box office records in Copenhagen and earns critical praise.,Entertainment,Intermediate
728,"Tourism officials in Copenhagen, working with Northfield University, launched a campaign encouraging visitors to explore lesser-known neighborhoods during the off-season. Local businesses hope the initiative will help spread tourism revenue more evenly throughout the year.",Copenhagen and Northfield University launch a campaign promoting off-season tourism to local neighborhoods.,Travel,Beginner
729,"Pioneer Research Institute unveiled a new smart speaker this week, claiming it delivers significantly faster performance than earlier models. Engineers spent over a year refining the design after receiving feedback from beta testers, and the company expects the product to reach store shelves by March. Analysts believe the launch could strengthen Pioneer Research Institute's position against rival firms.","Pioneer Research Institute launches a new smart speaker after a year of development, aiming to outperform earlier models.",Technology,Beginner
730,"Skyline Real Estate unveiled a new home assistant device this week, claiming it delivers significantly faster performance than earlier models. Engineers spent over a year refining the design after receiving feedback from beta testers, and the company expects the product to reach store shelves by July. Analysts believe the launch could strengthen Skyline Real Estate's position against rival firms.","Skyline Real Estate launches a new home assistant device after a year of development, aiming to outperform earlier models.",Technology,Intermediate
731,"A merger between Lakeside Medical Center and a major firm in Kuala Lumpur is expected to close by the end of the year, according to sources close to the deal. Analysts say the combined company could become one of the largest players in its industry.",Lakeside Medical Center and a major firm in Kuala Lumpur move toward a merger set to close by year end.,Business,Intermediate
732,"Felix Novak broke a long-standing record at the regional championships, finishing well ahead of the competition. Coaches say months of intense training contributed to the milestone performance, which has drawn attention from national scouts.",Felix Novak sets a new regional record after months of intense training.,Sports,Intermediate
733,"A new curriculum focused on critical thinking was introduced at schools in Lisbon this term, developed in partnership with Riverside Bank. Teachers reported that students engaged more actively in classroom discussions after the change. The district plans to expand the program district-wide next year.",Schools in Lisbon adopt a new critical-thinking curriculum developed with Riverside Bank.,Education,Advanced
734,"Tourism officials in Helsinki, working with NextGen Software Labs, launched a campaign encouraging visitors to explore lesser-known neighborhoods during the off-season. Local businesses hope the initiative will help spread tourism revenue more evenly throughout the year.",Helsinki and NextGen Software Labs launch a campaign promoting off-season tourism to local neighborhoods.,Travel,Beginner
735,"A new direct flight route between Prague and a major international hub was announced by Summit Robotics Inc. this week, expected to cut travel time significantly for business and leisure travelers alike. The airline said tickets will go on sale next month.","Summit Robotics Inc. announces a new direct flight to Prague, promising shorter travel times.",Travel,Beginner
736,"The latest film from Maple Street School District broke box office records during its opening weekend in Dublin, exceeding analysts' predictions. Critics praised the film's visual effects and pacing, while fans lined up for early screenings across the region.",Maple Street School District's new film breaks box office records in Dublin and earns critical praise.,Entertainment,Advanced
737,"A new direct flight route between Lisbon and a major international hub was announced by NextGen Software Labs this week, expected to cut travel time significantly for business and leisure travelers alike. The airline said tickets will go on sale next month.","NextGen Software Labs announces a new direct flight to Lisbon, promising shorter travel times.",Travel,Intermediate
738,"Nina Novak broke a long-standing record at the regional championships, finishing well ahead of the competition. Coaches say months of intense training contributed to the milestone performance, which has drawn attention from national scouts.",Nina Novak sets a new regional record after months of intense training.,Sports,Intermediate
739,"Tourism officials in Lisbon, working with Skyline Real Estate, launched a campaign encouraging visitors to explore lesser-known neighborhoods during the off-season. Local businesses hope the initiative will help spread tourism revenue more evenly throughout the year.",Lisbon and Skyline Real Estate launch a campaign promoting off-season tourism to local neighborhoods.,Travel,Intermediate
740,"A merger between Maple Street School District and a major firm in Toronto is expected to close by the end of the year, according to sources close to the deal. Analysts say the combined company could become one of the largest players in its industry.",Maple Street School District and a major firm in Toronto move toward a merger set to close by year end.,Business,Intermediate
741,"The latest film from Aurora Data Systems broke box office records during its opening weekend in Mumbai, exceeding analysts' predictions. Critics praised the film's visual effects and pacing, while fans lined up for early screenings across the region.",Aurora Data Systems's new film breaks box office records in Mumbai and earns critical praise.,Entertainment,Beginner
742,"Zenith Pharmaceuticals unveiled a new smartphone this week, claiming it delivers significantly faster performance than earlier models. Engineers spent over a year refining the design after receiving feedback from beta testers, and the company expects the product to reach store shelves by November. Analysts believe the launch could strengthen Zenith Pharmaceuticals's position against rival firms.","Zenith Pharmaceuticals launches a new smartphone after a year of development, aiming to outperform earlier models.",Technology,Intermediate
743,"Golden Gate Retailers unveiled a new fitness tracker this week, claiming it delivers significantly faster performance than earlier models. Engineers spent over a year refining the design after receiving feedback from beta testers, and the company expects the product to reach store shelves by September. Analysts believe the launch could strengthen Golden Gate Retailers's position against rival firms.","Golden Gate Retailers launches a new fitness tracker after a year of development, aiming to outperform earlier models.",Technology,Advanced
744,"Evergreen Energy Co. unveiled a new laptop this week, claiming it delivers significantly faster performance than earlier models. Engineers spent over a year refining the design after receiving feedback from beta testers, and the company expects the product to reach store shelves by July. Analysts believe the launch could strengthen Evergreen Energy Co.'s position against rival firms.","Evergreen Energy Co. launches a new laptop after a year of development, aiming to outperform earlier models.",Technology,Advanced
745,Golden Gate Retailers announced a new scholarship program aimed at supporting students from underrepresented backgrounds in Berlin. The program will cover tuition and provide mentorship opportunities for selected recipients starting next semester. Officials hope the initiative will improve graduation rates.,Golden Gate Retailers launches a scholarship and mentorship program to support underrepresented students in Berlin.,Education,Intermediate
746,"Global Trade Partners unveiled a new smart speaker this week, claiming it delivers significantly faster performance than earlier models. Engineers spent over a year refining the design after receiving feedback from beta testers, and the company expects the product to reach store shelves by September. Analysts believe the launch could strengthen Global Trade Partners's position against rival firms.","Global Trade Partners launches a new smart speaker after a year of development, aiming to outperform earlier models.",Technology,Intermediate
747,"A research team at Golden Gate Retailers based in Jakarta published new data on shifting migration patterns among several bird species, linking the changes to rising temperatures. The findings add to a growing body of evidence about climate change's effects on wildlife.",Golden Gate Retailers researchers in Jakarta link changing bird migration patterns to rising temperatures.,Science,Intermediate
748,"Ingrid Kim broke a long-standing record at the regional championships, finishing well ahead of the competition. Coaches say months of intense training contributed to the milestone performance, which has drawn attention from national scouts.",Ingrid Kim sets a new regional record after months of intense training.,Sports,Advanced
749,"A new clinic backed by Harborview College opened in Buenos Aires this month, offering expanded mental health services to residents who previously had limited access to care. The clinic plans to add telehealth appointments in the coming months to reach even more patients.",Harborview College opens a new clinic in Buenos Aires expanding mental health access.,Health,Intermediate
750,"A new curriculum focused on critical thinking was introduced at schools in Toronto this term, developed in partnership with Evergreen Energy Co.. Teachers reported that students engaged more actively in classroom discussions after the change. The district plans to expand the program district-wide next year.",Schools in Toronto adopt a new critical-thinking curriculum developed with Evergreen Energy Co..,Education,Beginner
751,"A new clinic backed by Cedar Grove Hospital opened in Vancouver this month, offering expanded mental health services to residents who previously had limited access to care. The clinic plans to add telehealth appointments in the coming months to reach even more patients.",Cedar Grove Hospital opens a new clinic in Vancouver expanding mental health access.,Health,Advanced
752,"A merger between Aurora Data Systems and a major firm in Melbourne is expected to close by the end of the year, according to sources close to the deal. Analysts say the combined company could become one of the largest players in its industry.",Aurora Data Systems and a major firm in Melbourne move toward a merger set to close by year end.,Business,Advanced
753,"Brightline Technologies reported stronger than expected quarterly earnings from its Cairo division, driven largely by growth in overseas markets. Executives credited the results to a recent expansion strategy and increased demand for the company's core products. Investors responded positively to the announcement.",Brightline Technologies's Cairo division posts strong quarterly earnings due to overseas growth.,Business,Beginner
754,"Scientists at BrightFuture Foundation in Santiago announced the discovery of a new material that conducts electricity far more efficiently than existing alternatives. The breakthrough could eventually lead to more efficient batteries and electronics, though commercial use is still years away.",BrightFuture Foundation scientists in Santiago discover a highly efficient new conductive material.,Science,Beginner
755,Researchers at Blue Horizon Airlines in Manila published findings linking regular physical activity to improved long-term memory in older adults. The study followed participants over several years and controlled for factors such as diet and sleep.,Blue Horizon Airlines researchers in Manila link exercise to better long-term memory in older adults.,Health,Intermediate
756,Zenith Pharmaceuticals announced a new scholarship program aimed at supporting students from underrepresented backgrounds in Stockholm. The program will cover tuition and provide mentorship opportunities for selected recipients starting next semester. Officials hope the initiative will improve graduation rates.,Zenith Pharmaceuticals launches a scholarship and mentorship program to support underrepresented students in Stockholm.,Education,Beginner
757,"Pioneer Research Institute unveiled a new home assistant device this week, claiming it delivers significantly faster performance than earlier models. Engineers spent over a year refining the design after receiving feedback from beta testers, and the company expects the product to reach store shelves by September. Analysts believe the launch could strengthen Pioneer Research Institute's position against rival firms.","Pioneer Research Institute launches a new home assistant device after a year of development, aiming to outperform earlier models.",Technology,Intermediate
758,"Tourism officials in Kuala Lumpur, working with NextGen Software Labs, launched a campaign encouraging visitors to explore lesser-known neighborhoods during the off-season. Local businesses hope the initiative will help spread tourism revenue more evenly throughout the year.",Kuala Lumpur and NextGen Software Labs launch a campaign promoting off-season tourism to local neighborhoods.,Travel,Intermediate
759,"Aisha Fernandez broke a long-standing record at the regional championships, finishing well ahead of the competition. Coaches say months of intense training contributed to the milestone performance, which has drawn attention from national scouts.",Aisha Fernandez sets a new regional record after months of intense training.,Sports,Advanced
760,"A popular streaming series produced by Lakeside Medical Center returned for a new season, quickly becoming one of the most watched shows filmed partly in Santiago. The season introduced several new characters while resolving major storylines from previous episodes.","Lakeside Medical Center's streaming series, filmed partly in Santiago, returns for a well-received season.",Entertainment,Intermediate
761,"A new direct flight route between Zurich and a major international hub was announced by Delta Cloud Services this week, expected to cut travel time significantly for business and leisure travelers alike. The airline said tickets will go on sale next month.","Delta Cloud Services announces a new direct flight to Zurich, promising shorter travel times.",Travel,Intermediate
762,"A new direct flight route between Toronto and a major international hub was announced by Golden Gate Retailers this week, expected to cut travel time significantly for business and leisure travelers alike. The airline said tickets will go on sale next month.","Golden Gate Retailers announces a new direct flight to Toronto, promising shorter travel times.",Travel,Advanced
763,"Tourism officials in Berlin, working with Coastal Insurance Co., launched a campaign encouraging visitors to explore lesser-known neighborhoods during the off-season. Local businesses hope the initiative will help spread tourism revenue more evenly throughout the year.",Berlin and Coastal Insurance Co. launch a campaign promoting off-season tourism to local neighborhoods.,Travel,Beginner
764,"Vertex Analytics reported stronger than expected quarterly earnings from its Cape Town division, driven largely by growth in overseas markets. Executives credited the results to a recent expansion strategy and increased demand for the company's core products. Investors responded positively to the announcement.",Vertex Analytics's Cape Town division posts strong quarterly earnings due to overseas growth.,Business,Intermediate
765,"Tourism officials in Helsinki, working with BrightFuture Foundation, launched a campaign encouraging visitors to explore lesser-known neighborhoods during the off-season. Local businesses hope the initiative will help spread tourism revenue more evenly throughout the year.",Helsinki and BrightFuture Foundation launch a campaign promoting off-season tourism to local neighborhoods.,Travel,Intermediate
766,"Samuel King broke a long-standing record at the regional championships, finishing well ahead of the competition. Coaches say months of intense training contributed to the milestone performance, which has drawn attention from national scouts.",Samuel King sets a new regional record after months of intense training.,Sports,Intermediate
767,"A popular streaming series produced by Evergreen Energy Co. returned for a new season, quickly becoming one of the most watched shows filmed partly in Seoul. The season introduced several new characters while resolving major storylines from previous episodes.","Evergreen Energy Co.'s streaming series, filmed partly in Seoul, returns for a well-received season.",Entertainment,Beginner
768,Silverline Motors announced a new scholarship program aimed at supporting students from underrepresented backgrounds in Melbourne. The program will cover tuition and provide mentorship opportunities for selected recipients starting next semester. Officials hope the initiative will improve graduation rates.,Silverline Motors launches a scholarship and mentorship program to support underrepresented students in Melbourne.,Education,Intermediate
769,"The Cape Town team secured a dramatic victory in the final minutes of the match, coming from behind after trailing for most of the game. Fans credited the comeback to a change in strategy made by the coach at halftime. The win moves the team closer to a spot in the playoffs.","The Cape Town team completes a late comeback win, boosting its playoff chances.",Sports,Beginner
770,"A new direct flight route between Amsterdam and a major international hub was announced by Delta Cloud Services this week, expected to cut travel time significantly for business and leisure travelers alike. The airline said tickets will go on sale next month.","Delta Cloud Services announces a new direct flight to Amsterdam, promising shorter travel times.",Travel,Intermediate
771,"Scientists at Skyline Real Estate in Marrakesh announced the discovery of a new material that conducts electricity far more efficiently than existing alternatives. The breakthrough could eventually lead to more efficient batteries and electronics, though commercial use is still years away.",Skyline Real Estate scientists in Marrakesh discover a highly efficient new conductive material.,Science,Beginner
772,"Skyline Real Estate unveiled a new home assistant device this week, claiming it delivers significantly faster performance than earlier models. Engineers spent over a year refining the design after receiving feedback from beta testers, and the company expects the product to reach store shelves by May. Analysts believe the launch could strengthen Skyline Real Estate's position against rival firms.","Skyline Real Estate launches a new home assistant device after a year of development, aiming to outperform earlier models.",Technology,Intermediate
773,Developers at Lakeside Medical Center released an update addressing several security vulnerabilities discovered in their fitness tracker. The patch also introduces performance improvements and a redesigned interface. Users are encouraged to update as soon as possible to avoid potential risks.,Lakeside Medical Center releases a security and performance update for its fitness tracker.,Technology,Intermediate
774,Meridian Financial Group announced a new scholarship program aimed at supporting students from underrepresented backgrounds in Berlin. The program will cover tuition and provide mentorship opportunities for selected recipients starting next semester. Officials hope the initiative will improve graduation rates.,Meridian Financial Group launches a scholarship and mentorship program to support underrepresented students in Berlin.,Education,Intermediate
775,"Aisha Suzuki broke a long-standing record at the regional championships, finishing well ahead of the competition. Coaches say months of intense training contributed to the milestone performance, which has drawn attention from national scouts.",Aisha Suzuki sets a new regional record after months of intense training.,Sports,Beginner
776,"A new curriculum focused on critical thinking was introduced at schools in Melbourne this term, developed in partnership with Delta Cloud Services. Teachers reported that students engaged more actively in classroom discussions after the change. The district plans to expand the program district-wide next year.",Schools in Melbourne adopt a new critical-thinking curriculum developed with Delta Cloud Services.,Education,Beginner
777,"Chen Silva broke a long-standing record at the regional championships, finishing well ahead of the competition. Coaches say months of intense training contributed to the milestone performance, which has drawn attention from national scouts.",Chen Silva sets a new regional record after months of intense training.,Sports,Beginner
778,"A research team at Union Manufacturing Corp. based in Mumbai published new data on shifting migration patterns among several bird species, linking the changes to rising temperatures. The findings add to a growing body of evidence about climate change's effects on wildlife.",Union Manufacturing Corp. researchers in Mumbai link changing bird migration patterns to rising temperatures.,Science,Beginner
779,"A research team at Global Trade Partners based in Santiago published new data on shifting migration patterns among several bird species, linking the changes to rising temperatures. The findings add to a growing body of evidence about climate change's effects on wildlife.",Global Trade Partners researchers in Santiago link changing bird migration patterns to rising temperatures.,Science,Beginner
780,"Lakeside Medical Center unveiled a new home assistant device this week, claiming it delivers significantly faster performance than earlier models. Engineers spent over a year refining the design after receiving feedback from beta testers, and the company expects the product to reach store shelves by May. Analysts believe the launch could strengthen Lakeside Medical Center's position against rival firms.","Lakeside Medical Center launches a new home assistant device after a year of development, aiming to outperform earlier models.",Technology,Advanced
781,"A popular streaming series produced by Zenith Pharmaceuticals returned for a new season, quickly becoming one of the most watched shows filmed partly in Zurich. The season introduced several new characters while resolving major storylines from previous episodes.","Zenith Pharmaceuticals's streaming series, filmed partly in Zurich, returns for a well-received season.",Entertainment,Intermediate
782,"Scientists at Silverline Motors in Vancouver announced the discovery of a new material that conducts electricity far more efficiently than existing alternatives. The breakthrough could eventually lead to more efficient batteries and electronics, though commercial use is still years away.",Silverline Motors scientists in Vancouver discover a highly efficient new conductive material.,Science,Advanced
783,"A research team at Lakeside Medical Center based in Berlin published new data on shifting migration patterns among several bird species, linking the changes to rising temperatures. The findings add to a growing body of evidence about climate change's effects on wildlife.",Lakeside Medical Center researchers in Berlin link changing bird migration patterns to rising temperatures.,Science,Beginner
784,Cedar Grove Hospital announced a new scholarship program aimed at supporting students from underrepresented backgrounds in Warsaw. The program will cover tuition and provide mentorship opportunities for selected recipients starting next semester. Officials hope the initiative will improve graduation rates.,Cedar Grove Hospital launches a scholarship and mentorship program to support underrepresented students in Warsaw.,Education,Beginner
785,Developers at Blue Horizon Airlines released an update addressing several security vulnerabilities discovered in their fitness tracker. The patch also introduces performance improvements and a redesigned interface. Users are encouraged to update as soon as possible to avoid potential risks.,Blue Horizon Airlines releases a security and performance update for its fitness tracker.,Technology,Beginner
786,"A merger between Lakeside Medical Center and a major firm in Marrakesh is expected to close by the end of the year, according to sources close to the deal. Analysts say the combined company could become one of the largest players in its industry.",Lakeside Medical Center and a major firm in Marrakesh move toward a merger set to close by year end.,Business,Intermediate
787,"Golden Gate Retailers unveiled a new tablet this week, claiming it delivers significantly faster performance than earlier models. Engineers spent over a year refining the design after receiving feedback from beta testers, and the company expects the product to reach store shelves by January. Analysts believe the launch could strengthen Golden Gate Retailers's position against rival firms.","Golden Gate Retailers launches a new tablet after a year of development, aiming to outperform earlier models.",Technology,Intermediate
788,Northfield University announced a new scholarship program aimed at supporting students from underrepresented backgrounds in Melbourne. The program will cover tuition and provide mentorship opportunities for selected recipients starting next semester. Officials hope the initiative will improve graduation rates.,Northfield University launches a scholarship and mentorship program to support underrepresented students in Melbourne.,Education,Beginner
789,"Nadia Osei broke a long-standing record at the regional championships, finishing well ahead of the competition. Coaches say months of intense training contributed to the milestone performance, which has drawn attention from national scouts.",Nadia Osei sets a new regional record after months of intense training.,Sports,Beginner
790,"A research team at Brightline Technologies based in Berlin published new data on shifting migration patterns among several bird species, linking the changes to rising temperatures. The findings add to a growing body of evidence about climate change's effects on wildlife.",Brightline Technologies researchers in Berlin link changing bird migration patterns to rising temperatures.,Science,Advanced
791,"A research team at Lakeside Medical Center based in Kuala Lumpur published new data on shifting migration patterns among several bird species, linking the changes to rising temperatures. The findings add to a growing body of evidence about climate change's effects on wildlife.",Lakeside Medical Center researchers in Kuala Lumpur link changing bird migration patterns to rising temperatures.,Science,Intermediate
792,"Maple Street School District reported stronger than expected quarterly earnings from its Cape Town division, driven largely by growth in overseas markets. Executives credited the results to a recent expansion strategy and increased demand for the company's core products. Investors responded positively to the announcement.",Maple Street School District's Cape Town division posts strong quarterly earnings due to overseas growth.,Business,Intermediate
793,"Ironwood Steel Works unveiled a new fitness tracker this week, claiming it delivers significantly faster performance than earlier models. Engineers spent over a year refining the design after receiving feedback from beta testers, and the company expects the product to reach store shelves by January. Analysts believe the launch could strengthen Ironwood Steel Works's position against rival firms.","Ironwood Steel Works launches a new fitness tracker after a year of development, aiming to outperform earlier models.",Technology,Intermediate
794,"A merger between Maple Street School District and a major firm in Zurich is expected to close by the end of the year, according to sources close to the deal. Analysts say the combined company could become one of the largest players in its industry.",Maple Street School District and a major firm in Zurich move toward a merger set to close by year end.,Business,Advanced
795,Researchers at Crescent Media Group in Manila published findings linking regular physical activity to improved long-term memory in older adults. The study followed participants over several years and controlled for factors such as diet and sleep.,Crescent Media Group researchers in Manila link exercise to better long-term memory in older adults.,Health,Advanced
796,"Golden Gate Retailers reported stronger than expected quarterly earnings from its Mumbai division, driven largely by growth in overseas markets. Executives credited the results to a recent expansion strategy and increased demand for the company's core products. Investors responded positively to the announcement.",Golden Gate Retailers's Mumbai division posts strong quarterly earnings due to overseas growth.,Business,Intermediate
797,"A new clinic backed by Ironwood Steel Works opened in Osaka this month, offering expanded mental health services to residents who previously had limited access to care. The clinic plans to add telehealth appointments in the coming months to reach even more patients.",Ironwood Steel Works opens a new clinic in Osaka expanding mental health access.,Health,Intermediate
798,"The latest film from Evergreen Energy Co. broke box office records during its opening weekend in Warsaw, exceeding analysts' predictions. Critics praised the film's visual effects and pacing, while fans lined up for early screenings across the region.",Evergreen Energy Co.'s new film breaks box office records in Warsaw and earns critical praise.,Entertainment,Intermediate
799,Researchers at Pioneer Research Institute in Helsinki published findings linking regular physical activity to improved long-term memory in older adults. The study followed participants over several years and controlled for factors such as diet and sleep.,Pioneer Research Institute researchers in Helsinki link exercise to better long-term memory in older adults.,Health,Intermediate
800,"The latest film from Meridian Financial Group broke box office records during its opening weekend in Dublin, exceeding analysts' predictions. Critics praised the film's visual effects and pacing, while fans lined up for early screenings across the region.",Meridian Financial Group's new film breaks box office records in Dublin and earns critical praise.,Entertainment,Intermediate
801,Developers at Northfield University released an update addressing several security vulnerabilities discovered in their fitness tracker. The patch also introduces performance improvements and a redesigned interface. Users are encouraged to update as soon as possible to avoid potential risks.,Northfield University releases a security and performance update for its fitness tracker.,Technology,Beginner
802,"A merger between Vertex Analytics and a major firm in Bangkok is expected to close by the end of the year, according to sources close to the deal. Analysts say the combined company could become one of the largest players in its industry.",Vertex Analytics and a major firm in Bangkok move toward a merger set to close by year end.,Business,Intermediate
803,"Tourism officials in Denver, working with Skyline Real Estate, launched a campaign encouraging visitors to explore lesser-known neighborhoods during the off-season. Local businesses hope the initiative will help spread tourism revenue more evenly throughout the year.",Denver and Skyline Real Estate launch a campaign promoting off-season tourism to local neighborhoods.,Travel,Beginner
804,Aurora Data Systems announced a new scholarship program aimed at supporting students from underrepresented backgrounds in Dublin. The program will cover tuition and provide mentorship opportunities for selected recipients starting next semester. Officials hope the initiative will improve graduation rates.,Aurora Data Systems launches a scholarship and mentorship program to support underrepresented students in Dublin.,Education,Intermediate
805,"A merger between Maple Street School District and a major firm in Helsinki is expected to close by the end of the year, according to sources close to the deal. Analysts say the combined company could become one of the largest players in its industry.",Maple Street School District and a major firm in Helsinki move toward a merger set to close by year end.,Business,Beginner
806,"A merger between Brightline Technologies and a major firm in Zurich is expected to close by the end of the year, according to sources close to the deal. Analysts say the combined company could become one of the largest players in its industry.",Brightline Technologies and a major firm in Zurich move toward a merger set to close by year end.,Business,Advanced
807,"A new direct flight route between Austin and a major international hub was announced by Silverline Motors this week, expected to cut travel time significantly for business and leisure travelers alike. The airline said tickets will go on sale next month.","Silverline Motors announces a new direct flight to Austin, promising shorter travel times.",Travel,Advanced
808,"Tourism officials in Melbourne, working with Silverline Motors, launched a campaign encouraging visitors to explore lesser-known neighborhoods during the off-season. Local businesses hope the initiative will help spread tourism revenue more evenly throughout the year.",Melbourne and Silverline Motors launch a campaign promoting off-season tourism to local neighborhoods.,Travel,Advanced
809,"Charlotte Lewis broke a long-standing record at the regional championships, finishing well ahead of the competition. Coaches say months of intense training contributed to the milestone performance, which has drawn attention from national scouts.",Charlotte Lewis sets a new regional record after months of intense training.,Sports,Advanced
810,"A new clinic backed by BrightFuture Foundation opened in Bangkok this month, offering expanded mental health services to residents who previously had limited access to care. The clinic plans to add telehealth appointments in the coming months to reach even more patients.",BrightFuture Foundation opens a new clinic in Bangkok expanding mental health access.,Health,Beginner
811,"Scientists at Maple Street School District in Melbourne announced the discovery of a new material that conducts electricity far more efficiently than existing alternatives. The breakthrough could eventually lead to more efficient batteries and electronics, though commercial use is still years away.",Maple Street School District scientists in Melbourne discover a highly efficient new conductive material.,Science,Beginner
812,"Lucas Green broke a long-standing record at the regional championships, finishing well ahead of the competition. Coaches say months of intense training contributed to the milestone performance, which has drawn attention from national scouts.",Lucas Green sets a new regional record after months of intense training.,Sports,Intermediate
813,"The latest film from Northfield University broke box office records during its opening weekend in Austin, exceeding analysts' predictions. Critics praised the film's visual effects and pacing, while fans lined up for early screenings across the region.",Northfield University's new film breaks box office records in Austin and earns critical praise.,Entertainment,Intermediate
814,"A new clinic backed by Redstone Consulting opened in Osaka this month, offering expanded mental health services to residents who previously had limited access to care. The clinic plans to add telehealth appointments in the coming months to reach even more patients.",Redstone Consulting opens a new clinic in Osaka expanding mental health access.,Health,Advanced
815,"Tourism officials in Stockholm, working with Lakeside Medical Center, launched a campaign encouraging visitors to explore lesser-known neighborhoods during the off-season. Local businesses hope the initiative will help spread tourism revenue more evenly throughout the year.",Stockholm and Lakeside Medical Center launch a campaign promoting off-season tourism to local neighborhoods.,Travel,Intermediate
816,"Zenith Pharmaceuticals reported stronger than expected quarterly earnings from its Bangkok division, driven largely by growth in overseas markets. Executives credited the results to a recent expansion strategy and increased demand for the company's core products. Investors responded positively to the announcement.",Zenith Pharmaceuticals's Bangkok division posts strong quarterly earnings due to overseas growth.,Business,Advanced
817,"Vertex Analytics unveiled a new smart speaker this week, claiming it delivers significantly faster performance than earlier models. Engineers spent over a year refining the design after receiving feedback from beta testers, and the company expects the product to reach store shelves by March. Analysts believe the launch could strengthen Vertex Analytics's position against rival firms.","Vertex Analytics launches a new smart speaker after a year of development, aiming to outperform earlier models.",Technology,Intermediate
818,Researchers at Crescent Media Group in Austin published findings linking regular physical activity to improved long-term memory in older adults. The study followed participants over several years and controlled for factors such as diet and sleep.,Crescent Media Group researchers in Austin link exercise to better long-term memory in older adults.,Health,Intermediate
819,Researchers at Cedar Grove Hospital in Denver published findings linking regular physical activity to improved long-term memory in older adults. The study followed participants over several years and controlled for factors such as diet and sleep.,Cedar Grove Hospital researchers in Denver link exercise to better long-term memory in older adults.,Health,Advanced
820,"Hassan Brown broke a long-standing record at the regional championships, finishing well ahead of the competition. Coaches say months of intense training contributed to the milestone performance, which has drawn attention from national scouts.",Hassan Brown sets a new regional record after months of intense training.,Sports,Advanced
821,"Evergreen Energy Co. reported stronger than expected quarterly earnings from its Denver division, driven largely by growth in overseas markets. Executives credited the results to a recent expansion strategy and increased demand for the company's core products. Investors responded positively to the announcement.",Evergreen Energy Co.'s Denver division posts strong quarterly earnings due to overseas growth.,Business,Intermediate
822,"The Bangkok team secured a dramatic victory in the final minutes of the match, coming from behind after trailing for most of the game. Fans credited the comeback to a change in strategy made by the coach at halftime. The win moves the team closer to a spot in the playoffs.","The Bangkok team completes a late comeback win, boosting its playoff chances.",Sports,Intermediate
823,"A new clinic backed by Blue Horizon Airlines opened in Stockholm this month, offering expanded mental health services to residents who previously had limited access to care. The clinic plans to add telehealth appointments in the coming months to reach even more patients.",Blue Horizon Airlines opens a new clinic in Stockholm expanding mental health access.,Health,Intermediate
824,"Oakwood Publishing House unveiled a new home assistant device this week, claiming it delivers significantly faster performance than earlier models. Engineers spent over a year refining the design after receiving feedback from beta testers, and the company expects the product to reach store shelves by September. Analysts believe the launch could strengthen Oakwood Publishing House's position against rival firms.","Oakwood Publishing House launches a new home assistant device after a year of development, aiming to outperform earlier models.",Technology,Intermediate
825,"Riverside Bank reported stronger than expected quarterly earnings from its Lisbon division, driven largely by growth in overseas markets. Executives credited the results to a recent expansion strategy and increased demand for the company's core products. Investors responded positively to the announcement.",Riverside Bank's Lisbon division posts strong quarterly earnings due to overseas growth.,Business,Intermediate
826,"The Prague team secured a dramatic victory in the final minutes of the match, coming from behind after trailing for most of the game. Fans credited the comeback to a change in strategy made by the coach at halftime. The win moves the team closer to a spot in the playoffs.","The Prague team completes a late comeback win, boosting its playoff chances.",Sports,Intermediate
827,"A research team at BrightFuture Foundation based in Copenhagen published new data on shifting migration patterns among several bird species, linking the changes to rising temperatures. The findings add to a growing body of evidence about climate change's effects on wildlife.",BrightFuture Foundation researchers in Copenhagen link changing bird migration patterns to rising temperatures.,Science,Intermediate
828,"Scientists at Coastal Insurance Co. in Toronto announced the discovery of a new material that conducts electricity far more efficiently than existing alternatives. The breakthrough could eventually lead to more efficient batteries and electronics, though commercial use is still years away.",Coastal Insurance Co. scientists in Toronto discover a highly efficient new conductive material.,Science,Advanced
829,Researchers at Delta Cloud Services in Vancouver published findings linking regular physical activity to improved long-term memory in older adults. The study followed participants over several years and controlled for factors such as diet and sleep.,Delta Cloud Services researchers in Vancouver link exercise to better long-term memory in older adults.,Health,Intermediate
830,"The latest film from Crescent Media Group broke box office records during its opening weekend in Austin, exceeding analysts' predictions. Critics praised the film's visual effects and pacing, while fans lined up for early screenings across the region.",Crescent Media Group's new film breaks box office records in Austin and earns critical praise.,Entertainment,Beginner
831,"Brightline Technologies unveiled a new fitness tracker this week, claiming it delivers significantly faster performance than earlier models. Engineers spent over a year refining the design after receiving feedback from beta testers, and the company expects the product to reach store shelves by November. Analysts believe the launch could strengthen Brightline Technologies's position against rival firms.","Brightline Technologies launches a new fitness tracker after a year of development, aiming to outperform earlier models.",Technology,Beginner
832,Researchers at Harborview College in Santiago published findings linking regular physical activity to improved long-term memory in older adults. The study followed participants over several years and controlled for factors such as diet and sleep.,Harborview College researchers in Santiago link exercise to better long-term memory in older adults.,Health,Beginner
833,"Golden Gate Retailers reported stronger than expected quarterly earnings from its Dublin division, driven largely by growth in overseas markets. Executives credited the results to a recent expansion strategy and increased demand for the company's core products. Investors responded positively to the announcement.",Golden Gate Retailers's Dublin division posts strong quarterly earnings due to overseas growth.,Business,Beginner
834,"Ahmed Patel broke a long-standing record at the regional championships, finishing well ahead of the competition. Coaches say months of intense training contributed to the milestone performance, which has drawn attention from national scouts.",Ahmed Patel sets a new regional record after months of intense training.,Sports,Advanced
835,Researchers at Cedar Grove Hospital in Prague published findings linking regular physical activity to improved long-term memory in older adults. The study followed participants over several years and controlled for factors such as diet and sleep.,Cedar Grove Hospital researchers in Prague link exercise to better long-term memory in older adults.,Health,Advanced
836,"Scientists at Summit Robotics Inc. in Austin announced the discovery of a new material that conducts electricity far more efficiently than existing alternatives. The breakthrough could eventually lead to more efficient batteries and electronics, though commercial use is still years away.",Summit Robotics Inc. scientists in Austin discover a highly efficient new conductive material.,Science,Advanced
837,"A popular streaming series produced by Quantum Innovations returned for a new season, quickly becoming one of the most watched shows filmed partly in Jakarta. The season introduced several new characters while resolving major storylines from previous episodes.","Quantum Innovations's streaming series, filmed partly in Jakarta, returns for a well-received season.",Entertainment,Advanced
838,"Silverline Motors reported stronger than expected quarterly earnings from its Wellington division, driven largely by growth in overseas markets. Executives credited the results to a recent expansion strategy and increased demand for the company's core products. Investors responded positively to the announcement.",Silverline Motors's Wellington division posts strong quarterly earnings due to overseas growth.,Business,Intermediate
839,"Zainab Silva broke a long-standing record at the regional championships, finishing well ahead of the competition. Coaches say months of intense training contributed to the milestone performance, which has drawn attention from national scouts.",Zainab Silva sets a new regional record after months of intense training.,Sports,Beginner
840,"The latest film from Riverside Bank broke box office records during its opening weekend in Cape Town, exceeding analysts' predictions. Critics praised the film's visual effects and pacing, while fans lined up for early screenings across the region.",Riverside Bank's new film breaks box office records in Cape Town and earns critical praise.,Entertainment,Intermediate
841,Ironwood Steel Works announced a new scholarship program aimed at supporting students from underrepresented backgrounds in Amsterdam. The program will cover tuition and provide mentorship opportunities for selected recipients starting next semester. Officials hope the initiative will improve graduation rates.,Ironwood Steel Works launches a scholarship and mentorship program to support underrepresented students in Amsterdam.,Education,Intermediate
842,"The latest film from Brightline Technologies broke box office records during its opening weekend in Melbourne, exceeding analysts' predictions. Critics praised the film's visual effects and pacing, while fans lined up for early screenings across the region.",Brightline Technologies's new film breaks box office records in Melbourne and earns critical praise.,Entertainment,Advanced
843,"A popular streaming series produced by Meridian Financial Group returned for a new season, quickly becoming one of the most watched shows filmed partly in Edinburgh. The season introduced several new characters while resolving major storylines from previous episodes.","Meridian Financial Group's streaming series, filmed partly in Edinburgh, returns for a well-received season.",Entertainment,Intermediate
844,Summit Robotics Inc. announced a new scholarship program aimed at supporting students from underrepresented backgrounds in Melbourne. The program will cover tuition and provide mentorship opportunities for selected recipients starting next semester. Officials hope the initiative will improve graduation rates.,Summit Robotics Inc. launches a scholarship and mentorship program to support underrepresented students in Melbourne.,Education,Advanced
845,"Blue Horizon Airlines unveiled a new tablet this week, claiming it delivers significantly faster performance than earlier models. Engineers spent over a year refining the design after receiving feedback from beta testers, and the company expects the product to reach store shelves by July. Analysts believe the launch could strengthen Blue Horizon Airlines's position against rival firms.","Blue Horizon Airlines launches a new tablet after a year of development, aiming to outperform earlier models.",Technology,Intermediate
846,"Maple Street School District unveiled a new smartphone this week, claiming it delivers significantly faster performance than earlier models. Engineers spent over a year refining the design after receiving feedback from beta testers, and the company expects the product to reach store shelves by May. Analysts believe the launch could strengthen Maple Street School District's position against rival firms.","Maple Street School District launches a new smartphone after a year of development, aiming to outperform earlier models.",Technology,Beginner
847,"A research team at Aurora Data Systems based in Austin published new data on shifting migration patterns among several bird species, linking the changes to rising temperatures. The findings add to a growing body of evidence about climate change's effects on wildlife.",Aurora Data Systems researchers in Austin link changing bird migration patterns to rising temperatures.,Science,Beginner
848,"Scientists at Aurora Data Systems in Denver announced the discovery of a new material that conducts electricity far more efficiently than existing alternatives. The breakthrough could eventually lead to more efficient batteries and electronics, though commercial use is still years away.",Aurora Data Systems scientists in Denver discover a highly efficient new conductive material.,Science,Intermediate
849,"A popular streaming series produced by Union Manufacturing Corp. returned for a new season, quickly becoming one of the most watched shows filmed partly in Warsaw. The season introduced several new characters while resolving major storylines from previous episodes.","Union Manufacturing Corp.'s streaming series, filmed partly in Warsaw, returns for a well-received season.",Entertainment,Intermediate
850,"The latest film from Delta Cloud Services broke box office records during its opening weekend in Bangkok, exceeding analysts' predictions. Critics praised the film's visual effects and pacing, while fans lined up for early screenings across the region.",Delta Cloud Services's new film breaks box office records in Bangkok and earns critical praise.,Entertainment,Beginner
851,"Mateus Osei broke a long-standing record at the regional championships, finishing well ahead of the competition. Coaches say months of intense training contributed to the milestone performance, which has drawn attention from national scouts.",Mateus Osei sets a new regional record after months of intense training.,Sports,Beginner
852,"A merger between Harborview College and a major firm in Warsaw is expected to close by the end of the year, according to sources close to the deal. Analysts say the combined company could become one of the largest players in its industry.",Harborview College and a major firm in Warsaw move toward a merger set to close by year end.,Business,Intermediate
853,"The latest film from Coastal Insurance Co. broke box office records during its opening weekend in Copenhagen, exceeding analysts' predictions. Critics praised the film's visual effects and pacing, while fans lined up for early screenings across the region.",Coastal Insurance Co.'s new film breaks box office records in Copenhagen and earns critical praise.,Entertainment,Intermediate
854,"A popular streaming series produced by Union Manufacturing Corp. returned for a new season, quickly becoming one of the most watched shows filmed partly in Zurich. The season introduced several new characters while resolving major storylines from previous episodes.","Union Manufacturing Corp.'s streaming series, filmed partly in Zurich, returns for a well-received season.",Entertainment,Intermediate
855,"Scientists at Coastal Insurance Co. in Seoul announced the discovery of a new material that conducts electricity far more efficiently than existing alternatives. The breakthrough could eventually lead to more efficient batteries and electronics, though commercial use is still years away.",Coastal Insurance Co. scientists in Seoul discover a highly efficient new conductive material.,Science,Beginner
856,"A new direct flight route between Mumbai and a major international hub was announced by NextGen Software Labs this week, expected to cut travel time significantly for business and leisure travelers alike. The airline said tickets will go on sale next month.","NextGen Software Labs announces a new direct flight to Mumbai, promising shorter travel times.",Travel,Beginner
857,Researchers at Meridian Financial Group in Wellington published findings linking regular physical activity to improved long-term memory in older adults. The study followed participants over several years and controlled for factors such as diet and sleep.,Meridian Financial Group researchers in Wellington link exercise to better long-term memory in older adults.,Health,Intermediate
858,"Cedar Grove Hospital reported stronger than expected quarterly earnings from its Denver division, driven largely by growth in overseas markets. Executives credited the results to a recent expansion strategy and increased demand for the company's core products. Investors responded positively to the announcement.",Cedar Grove Hospital's Denver division posts strong quarterly earnings due to overseas growth.,Business,Intermediate
859,"The Lisbon team secured a dramatic victory in the final minutes of the match, coming from behind after trailing for most of the game. Fans credited the comeback to a change in strategy made by the coach at halftime. The win moves the team closer to a spot in the playoffs.","The Lisbon team completes a late comeback win, boosting its playoff chances.",Sports,Advanced
860,Developers at Oakwood Publishing House released an update addressing several security vulnerabilities discovered in their laptop. The patch also introduces performance improvements and a redesigned interface. Users are encouraged to update as soon as possible to avoid potential risks.,Oakwood Publishing House releases a security and performance update for its laptop.,Technology,Advanced
861,Researchers at Quantum Innovations in Stockholm published findings linking regular physical activity to improved long-term memory in older adults. The study followed participants over several years and controlled for factors such as diet and sleep.,Quantum Innovations researchers in Stockholm link exercise to better long-term memory in older adults.,Health,Intermediate
862,"A research team at Vertex Analytics based in Wellington published new data on shifting migration patterns among several bird species, linking the changes to rising temperatures. The findings add to a growing body of evidence about climate change's effects on wildlife.",Vertex Analytics researchers in Wellington link changing bird migration patterns to rising temperatures.,Science,Beginner
863,"Amara Okafor broke a long-standing record at the regional championships, finishing well ahead of the competition. Coaches say months of intense training contributed to the milestone performance, which has drawn attention from national scouts.",Amara Okafor sets a new regional record after months of intense training.,Sports,Beginner
864,"A new curriculum focused on critical thinking was introduced at schools in Helsinki this term, developed in partnership with Crescent Media Group. Teachers reported that students engaged more actively in classroom discussions after the change. The district plans to expand the program district-wide next year.",Schools in Helsinki adopt a new critical-thinking curriculum developed with Crescent Media Group.,Education,Advanced
865,"Tourism officials in Prague, working with NextGen Software Labs, launched a campaign encouraging visitors to explore lesser-known neighborhoods during the off-season. Local businesses hope the initiative will help spread tourism revenue more evenly throughout the year.",Prague and NextGen Software Labs launch a campaign promoting off-season tourism to local neighborhoods.,Travel,Intermediate
866,"A merger between BrightFuture Foundation and a major firm in Bangkok is expected to close by the end of the year, according to sources close to the deal. Analysts say the combined company could become one of the largest players in its industry.",BrightFuture Foundation and a major firm in Bangkok move toward a merger set to close by year end.,Business,Advanced
867,"Scientists at NextGen Software Labs in Mumbai announced the discovery of a new material that conducts electricity far more efficiently than existing alternatives. The breakthrough could eventually lead to more efficient batteries and electronics, though commercial use is still years away.",NextGen Software Labs scientists in Mumbai discover a highly efficient new conductive material.,Science,Intermediate
868,"Scientists at Delta Cloud Services in Austin announced the discovery of a new material that conducts electricity far more efficiently than existing alternatives. The breakthrough could eventually lead to more efficient batteries and electronics, though commercial use is still years away.",Delta Cloud Services scientists in Austin discover a highly efficient new conductive material.,Science,Intermediate
869,"Evergreen Energy Co. reported stronger than expected quarterly earnings from its Cairo division, driven largely by growth in overseas markets. Executives credited the results to a recent expansion strategy and increased demand for the company's core products. Investors responded positively to the announcement.",Evergreen Energy Co.'s Cairo division posts strong quarterly earnings due to overseas growth.,Business,Advanced
870,"A new curriculum focused on critical thinking was introduced at schools in Lisbon this term, developed in partnership with Quantum Innovations. Teachers reported that students engaged more actively in classroom discussions after the change. The district plans to expand the program district-wide next year.",Schools in Lisbon adopt a new critical-thinking curriculum developed with Quantum Innovations.,Education,Advanced
871,"Tourism officials in Prague, working with Cedar Grove Hospital, launched a campaign encouraging visitors to explore lesser-known neighborhoods during the off-season. Local businesses hope the initiative will help spread tourism revenue more evenly throughout the year.",Prague and Cedar Grove Hospital launch a campaign promoting off-season tourism to local neighborhoods.,Travel,Intermediate
872,"A new direct flight route between Prague and a major international hub was announced by Redstone Consulting this week, expected to cut travel time significantly for business and leisure travelers alike. The airline said tickets will go on sale next month.","Redstone Consulting announces a new direct flight to Prague, promising shorter travel times.",Travel,Intermediate
873,"The latest film from Pioneer Research Institute broke box office records during its opening weekend in Osaka, exceeding analysts' predictions. Critics praised the film's visual effects and pacing, while fans lined up for early screenings across the region.",Pioneer Research Institute's new film breaks box office records in Osaka and earns critical praise.,Entertainment,Advanced
874,"The latest film from Summit Robotics Inc. broke box office records during its opening weekend in Wellington, exceeding analysts' predictions. Critics praised the film's visual effects and pacing, while fans lined up for early screenings across the region.",Summit Robotics Inc.'s new film breaks box office records in Wellington and earns critical praise.,Entertainment,Intermediate
875,"A research team at BrightFuture Foundation based in Berlin published new data on shifting migration patterns among several bird species, linking the changes to rising temperatures. The findings add to a growing body of evidence about climate change's effects on wildlife.",BrightFuture Foundation researchers in Berlin link changing bird migration patterns to rising temperatures.,Science,Beginner
876,"Layla Fernandez broke a long-standing record at the regional championships, finishing well ahead of the competition. Coaches say months of intense training contributed to the milestone performance, which has drawn attention from national scouts.",Layla Fernandez sets a new regional record after months of intense training.,Sports,Intermediate
877,"Quantum Innovations reported stronger than expected quarterly earnings from its Lisbon division, driven largely by growth in overseas markets. Executives credited the results to a recent expansion strategy and increased demand for the company's core products. Investors responded positively to the announcement.",Quantum Innovations's Lisbon division posts strong quarterly earnings due to overseas growth.,Business,Intermediate
878,"A research team at Skyline Real Estate based in Kuala Lumpur published new data on shifting migration patterns among several bird species, linking the changes to rising temperatures. The findings add to a growing body of evidence about climate change's effects on wildlife.",Skyline Real Estate researchers in Kuala Lumpur link changing bird migration patterns to rising temperatures.,Science,Beginner
879,"Elena Osei broke a long-standing record at the regional championships, finishing well ahead of the competition. Coaches say months of intense training contributed to the milestone performance, which has drawn attention from national scouts.",Elena Osei sets a new regional record after months of intense training.,Sports,Beginner
880,Researchers at Cedar Grove Hospital in Mumbai published findings linking regular physical activity to improved long-term memory in older adults. The study followed participants over several years and controlled for factors such as diet and sleep.,Cedar Grove Hospital researchers in Mumbai link exercise to better long-term memory in older adults.,Health,Intermediate
881,"A merger between Harborview College and a major firm in Melbourne is expected to close by the end of the year, according to sources close to the deal. Analysts say the combined company could become one of the largest players in its industry.",Harborview College and a major firm in Melbourne move toward a merger set to close by year end.,Business,Advanced
882,"Mark Petrov broke a long-standing record at the regional championships, finishing well ahead of the competition. Coaches say months of intense training contributed to the milestone performance, which has drawn attention from national scouts.",Mark Petrov sets a new regional record after months of intense training.,Sports,Intermediate
883,"A merger between Harborview College and a major firm in Amsterdam is expected to close by the end of the year, according to sources close to the deal. Analysts say the combined company could become one of the largest players in its industry.",Harborview College and a major firm in Amsterdam move toward a merger set to close by year end.,Business,Advanced
884,"A popular streaming series produced by Crescent Media Group returned for a new season, quickly becoming one of the most watched shows filmed partly in Manila. The season introduced several new characters while resolving major storylines from previous episodes.","Crescent Media Group's streaming series, filmed partly in Manila, returns for a well-received season.",Entertainment,Intermediate
885,Lakeside Medical Center announced a new scholarship program aimed at supporting students from underrepresented backgrounds in Melbourne. The program will cover tuition and provide mentorship opportunities for selected recipients starting next semester. Officials hope the initiative will improve graduation rates.,Lakeside Medical Center launches a scholarship and mentorship program to support underrepresented students in Melbourne.,Education,Intermediate
886,Developers at Pioneer Research Institute released an update addressing several security vulnerabilities discovered in their tablet. The patch also introduces performance improvements and a redesigned interface. Users are encouraged to update as soon as possible to avoid potential risks.,Pioneer Research Institute releases a security and performance update for its tablet.,Technology,Beginner
887,Silverline Motors announced a new scholarship program aimed at supporting students from underrepresented backgrounds in Mumbai. The program will cover tuition and provide mentorship opportunities for selected recipients starting next semester. Officials hope the initiative will improve graduation rates.,Silverline Motors launches a scholarship and mentorship program to support underrepresented students in Mumbai.,Education,Beginner
888,Northfield University announced a new scholarship program aimed at supporting students from underrepresented backgrounds in Lisbon. The program will cover tuition and provide mentorship opportunities for selected recipients starting next semester. Officials hope the initiative will improve graduation rates.,Northfield University launches a scholarship and mentorship program to support underrepresented students in Lisbon.,Education,Intermediate
889,"Victor Johansson broke a long-standing record at the regional championships, finishing well ahead of the competition. Coaches say months of intense training contributed to the milestone performance, which has drawn attention from national scouts.",Victor Johansson sets a new regional record after months of intense training.,Sports,Intermediate
890,"A new direct flight route between Melbourne and a major international hub was announced by Skyline Real Estate this week, expected to cut travel time significantly for business and leisure travelers alike. The airline said tickets will go on sale next month.","Skyline Real Estate announces a new direct flight to Melbourne, promising shorter travel times.",Travel,Intermediate
891,"Scientists at Aurora Data Systems in Mumbai announced the discovery of a new material that conducts electricity far more efficiently than existing alternatives. The breakthrough could eventually lead to more efficient batteries and electronics, though commercial use is still years away.",Aurora Data Systems scientists in Mumbai discover a highly efficient new conductive material.,Science,Advanced
892,"Redstone Consulting unveiled a new fitness tracker this week, claiming it delivers significantly faster performance than earlier models. Engineers spent over a year refining the design after receiving feedback from beta testers, and the company expects the product to reach store shelves by May. Analysts believe the launch could strengthen Redstone Consulting's position against rival firms.","Redstone Consulting launches a new fitness tracker after a year of development, aiming to outperform earlier models.",Technology,Intermediate
893,"A merger between Blue Horizon Airlines and a major firm in Marrakesh is expected to close by the end of the year, according to sources close to the deal. Analysts say the combined company could become one of the largest players in its industry.",Blue Horizon Airlines and a major firm in Marrakesh move toward a merger set to close by year end.,Business,Intermediate
894,Lakeside Medical Center announced a new scholarship program aimed at supporting students from underrepresented backgrounds in Mumbai. The program will cover tuition and provide mentorship opportunities for selected recipients starting next semester. Officials hope the initiative will improve graduation rates.,Lakeside Medical Center launches a scholarship and mentorship program to support underrepresented students in Mumbai.,Education,Intermediate
895,"Tourism officials in Mumbai, working with Maple Street School District, launched a campaign encouraging visitors to explore lesser-known neighborhoods during the off-season. Local businesses hope the initiative will help spread tourism revenue more evenly throughout the year.",Mumbai and Maple Street School District launch a campaign promoting off-season tourism to local neighborhoods.,Travel,Advanced
896,"A new clinic backed by Meridian Financial Group opened in Wellington this month, offering expanded mental health services to residents who previously had limited access to care. The clinic plans to add telehealth appointments in the coming months to reach even more patients.",Meridian Financial Group opens a new clinic in Wellington expanding mental health access.,Health,Beginner
897,"A new direct flight route between Austin and a major international hub was announced by Maple Street School District this week, expected to cut travel time significantly for business and leisure travelers alike. The airline said tickets will go on sale next month.","Maple Street School District announces a new direct flight to Austin, promising shorter travel times.",Travel,Intermediate
898,Developers at BrightFuture Foundation released an update addressing several security vulnerabilities discovered in their home assistant device. The patch also introduces performance improvements and a redesigned interface. Users are encouraged to update as soon as possible to avoid potential risks.,BrightFuture Foundation releases a security and performance update for its home assistant device.,Technology,Beginner
899,"A popular streaming series produced by Evergreen Energy Co. returned for a new season, quickly becoming one of the most watched shows filmed partly in Marrakesh. The season introduced several new characters while resolving major storylines from previous episodes.","Evergreen Energy Co.'s streaming series, filmed partly in Marrakesh, returns for a well-received season.",Entertainment,Advanced
900,"A new clinic backed by Golden Gate Retailers opened in Zurich this month, offering expanded mental health services to residents who previously had limited access to care. The clinic plans to add telehealth appointments in the coming months to reach even more patients.",Golden Gate Retailers opens a new clinic in Zurich expanding mental health access.,Health,Advanced
901,"The latest film from Maple Street School District broke box office records during its opening weekend in Bangkok, exceeding analysts' predictions. Critics praised the film's visual effects and pacing, while fans lined up for early screenings across the region.",Maple Street School District's new film breaks box office records in Bangkok and earns critical praise.,Entertainment,Intermediate
902,"A merger between Redstone Consulting and a major firm in Marrakesh is expected to close by the end of the year, according to sources close to the deal. Analysts say the combined company could become one of the largest players in its industry.",Redstone Consulting and a major firm in Marrakesh move toward a merger set to close by year end.,Business,Beginner
903,"A popular streaming series produced by Meridian Financial Group returned for a new season, quickly becoming one of the most watched shows filmed partly in Prague. The season introduced several new characters while resolving major storylines from previous episodes.","Meridian Financial Group's streaming series, filmed partly in Prague, returns for a well-received season.",Entertainment,Beginner
904,"The latest film from Evergreen Energy Co. broke box office records during its opening weekend in Melbourne, exceeding analysts' predictions. Critics praised the film's visual effects and pacing, while fans lined up for early screenings across the region.",Evergreen Energy Co.'s new film breaks box office records in Melbourne and earns critical praise.,Entertainment,Advanced
905,"A new curriculum focused on critical thinking was introduced at schools in Mumbai this term, developed in partnership with NextGen Software Labs. Teachers reported that students engaged more actively in classroom discussions after the change. The district plans to expand the program district-wide next year.",Schools in Mumbai adopt a new critical-thinking curriculum developed with NextGen Software Labs.,Education,Intermediate
906,Quantum Innovations announced a new scholarship program aimed at supporting students from underrepresented backgrounds in Nairobi. The program will cover tuition and provide mentorship opportunities for selected recipients starting next semester. Officials hope the initiative will improve graduation rates.,Quantum Innovations launches a scholarship and mentorship program to support underrepresented students in Nairobi.,Education,Beginner
907,"A new direct flight route between Melbourne and a major international hub was announced by Redstone Consulting this week, expected to cut travel time significantly for business and leisure travelers alike. The airline said tickets will go on sale next month.","Redstone Consulting announces a new direct flight to Melbourne, promising shorter travel times.",Travel,Intermediate
908,"Adaeze Smith broke a long-standing record at the regional championships, finishing well ahead of the competition. Coaches say months of intense training contributed to the milestone performance, which has drawn attention from national scouts.",Adaeze Smith sets a new regional record after months of intense training.,Sports,Beginner
909,Researchers at Lakeside Medical Center in Dublin published findings linking regular physical activity to improved long-term memory in older adults. The study followed participants over several years and controlled for factors such as diet and sleep.,Lakeside Medical Center researchers in Dublin link exercise to better long-term memory in older adults.,Health,Intermediate
910,"Tourism officials in Osaka, working with Maple Street School District, launched a campaign encouraging visitors to explore lesser-known neighborhoods during the off-season. Local businesses hope the initiative will help spread tourism revenue more evenly throughout the year.",Osaka and Maple Street School District launch a campaign promoting off-season tourism to local neighborhoods.,Travel,Intermediate
911,Brightline Technologies announced a new scholarship program aimed at supporting students from underrepresented backgrounds in Prague. The program will cover tuition and provide mentorship opportunities for selected recipients starting next semester. Officials hope the initiative will improve graduation rates.,Brightline Technologies launches a scholarship and mentorship program to support underrepresented students in Prague.,Education,Beginner
912,"Aurora Data Systems unveiled a new tablet this week, claiming it delivers significantly faster performance than earlier models. Engineers spent over a year refining the design after receiving feedback from beta testers, and the company expects the product to reach store shelves by July. Analysts believe the launch could strengthen Aurora Data Systems's position against rival firms.","Aurora Data Systems launches a new tablet after a year of development, aiming to outperform earlier models.",Technology,Advanced
913,"Riverside Bank unveiled a new smart speaker this week, claiming it delivers significantly faster performance than earlier models. Engineers spent over a year refining the design after receiving feedback from beta testers, and the company expects the product to reach store shelves by September. Analysts believe the launch could strengthen Riverside Bank's position against rival firms.","Riverside Bank launches a new smart speaker after a year of development, aiming to outperform earlier models.",Technology,Advanced
914,"Nadia Walker broke a long-standing record at the regional championships, finishing well ahead of the competition. Coaches say months of intense training contributed to the milestone performance, which has drawn attention from national scouts.",Nadia Walker sets a new regional record after months of intense training.,Sports,Beginner
915,"Victor Kim broke a long-standing record at the regional championships, finishing well ahead of the competition. Coaches say months of intense training contributed to the milestone performance, which has drawn attention from national scouts.",Victor Kim sets a new regional record after months of intense training.,Sports,Beginner
916,"Mei Moore broke a long-standing record at the regional championships, finishing well ahead of the competition. Coaches say months of intense training contributed to the milestone performance, which has drawn attention from national scouts.",Mei Moore sets a new regional record after months of intense training.,Sports,Intermediate
917,"NextGen Software Labs unveiled a new smartphone this week, claiming it delivers significantly faster performance than earlier models. Engineers spent over a year refining the design after receiving feedback from beta testers, and the company expects the product to reach store shelves by May. Analysts believe the launch could strengthen NextGen Software Labs's position against rival firms.","NextGen Software Labs launches a new smartphone after a year of development, aiming to outperform earlier models.",Technology,Intermediate
918,"Peter Johansson broke a long-standing record at the regional championships, finishing well ahead of the competition. Coaches say months of intense training contributed to the milestone performance, which has drawn attention from national scouts.",Peter Johansson sets a new regional record after months of intense training.,Sports,Intermediate
919,"A new direct flight route between Lisbon and a major international hub was announced by Meridian Financial Group this week, expected to cut travel time significantly for business and leisure travelers alike. The airline said tickets will go on sale next month.","Meridian Financial Group announces a new direct flight to Lisbon, promising shorter travel times.",Travel,Intermediate
920,"A popular streaming series produced by Blue Horizon Airlines returned for a new season, quickly becoming one of the most watched shows filmed partly in Copenhagen. The season introduced several new characters while resolving major storylines from previous episodes.","Blue Horizon Airlines's streaming series, filmed partly in Copenhagen, returns for a well-received season.",Entertainment,Advanced
921,"The latest film from Brightline Technologies broke box office records during its opening weekend in Kuala Lumpur, exceeding analysts' predictions. Critics praised the film's visual effects and pacing, while fans lined up for early screenings across the region.",Brightline Technologies's new film breaks box office records in Kuala Lumpur and earns critical praise.,Entertainment,Beginner
922,"Ravi Novak broke a long-standing record at the regional championships, finishing well ahead of the competition. Coaches say months of intense training contributed to the milestone performance, which has drawn attention from national scouts.",Ravi Novak sets a new regional record after months of intense training.,Sports,Intermediate
923,Evergreen Energy Co. announced a new scholarship program aimed at supporting students from underrepresented backgrounds in Berlin. The program will cover tuition and provide mentorship opportunities for selected recipients starting next semester. Officials hope the initiative will improve graduation rates.,Evergreen Energy Co. launches a scholarship and mentorship program to support underrepresented students in Berlin.,Education,Beginner
924,"A new clinic backed by Northfield University opened in Mumbai this month, offering expanded mental health services to residents who previously had limited access to care. The clinic plans to add telehealth appointments in the coming months to reach even more patients.",Northfield University opens a new clinic in Mumbai expanding mental health access.,Health,Beginner
925,Researchers at Blue Horizon Airlines in Jakarta published findings linking regular physical activity to improved long-term memory in older adults. The study followed participants over several years and controlled for factors such as diet and sleep.,Blue Horizon Airlines researchers in Jakarta link exercise to better long-term memory in older adults.,Health,Intermediate
926,"Elena Suzuki broke a long-standing record at the regional championships, finishing well ahead of the competition. Coaches say months of intense training contributed to the milestone performance, which has drawn attention from national scouts.",Elena Suzuki sets a new regional record after months of intense training.,Sports,Intermediate
927,"A new curriculum focused on critical thinking was introduced at schools in Marrakesh this term, developed in partnership with Pioneer Research Institute. Teachers reported that students engaged more actively in classroom discussions after the change. The district plans to expand the program district-wide next year.",Schools in Marrakesh adopt a new critical-thinking curriculum developed with Pioneer Research Institute.,Education,Intermediate
928,"A new clinic backed by Maple Street School District opened in Bangkok this month, offering expanded mental health services to residents who previously had limited access to care. The clinic plans to add telehealth appointments in the coming months to reach even more patients.",Maple Street School District opens a new clinic in Bangkok expanding mental health access.,Health,Advanced
929,"A research team at Union Manufacturing Corp. based in Dublin published new data on shifting migration patterns among several bird species, linking the changes to rising temperatures. The findings add to a growing body of evidence about climate change's effects on wildlife.",Union Manufacturing Corp. researchers in Dublin link changing bird migration patterns to rising temperatures.,Science,Intermediate
930,"Fatima Müller broke a long-standing record at the regional championships, finishing well ahead of the competition. Coaches say months of intense training contributed to the milestone performance, which has drawn attention from national scouts.",Fatima Müller sets a new regional record after months of intense training.,Sports,Advanced
931,"A new clinic backed by Redstone Consulting opened in Santiago this month, offering expanded mental health services to residents who previously had limited access to care. The clinic plans to add telehealth appointments in the coming months to reach even more patients.",Redstone Consulting opens a new clinic in Santiago expanding mental health access.,Health,Beginner
932,"A new clinic backed by Blue Horizon Airlines opened in Marrakesh this month, offering expanded mental health services to residents who previously had limited access to care. The clinic plans to add telehealth appointments in the coming months to reach even more patients.",Blue Horizon Airlines opens a new clinic in Marrakesh expanding mental health access.,Health,Beginner
933,Researchers at Zenith Pharmaceuticals in Melbourne published findings linking regular physical activity to improved long-term memory in older adults. The study followed participants over several years and controlled for factors such as diet and sleep.,Zenith Pharmaceuticals researchers in Melbourne link exercise to better long-term memory in older adults.,Health,Advanced
934,"The latest film from Redstone Consulting broke box office records during its opening weekend in Prague, exceeding analysts' predictions. Critics praised the film's visual effects and pacing, while fans lined up for early screenings across the region.",Redstone Consulting's new film breaks box office records in Prague and earns critical praise.,Entertainment,Intermediate
935,"Tourism officials in Cape Town, working with Ironwood Steel Works, launched a campaign encouraging visitors to explore lesser-known neighborhoods during the off-season. Local businesses hope the initiative will help spread tourism revenue more evenly throughout the year.",Cape Town and Ironwood Steel Works launch a campaign promoting off-season tourism to local neighborhoods.,Travel,Advanced
936,"The latest film from Pioneer Research Institute broke box office records during its opening weekend in Dublin, exceeding analysts' predictions. Critics praised the film's visual effects and pacing, while fans lined up for early screenings across the region.",Pioneer Research Institute's new film breaks box office records in Dublin and earns critical praise.,Entertainment,Beginner
937,Researchers at Blue Horizon Airlines in Santiago published findings linking regular physical activity to improved long-term memory in older adults. The study followed participants over several years and controlled for factors such as diet and sleep.,Blue Horizon Airlines researchers in Santiago link exercise to better long-term memory in older adults.,Health,Intermediate
938,Pioneer Research Institute announced a new scholarship program aimed at supporting students from underrepresented backgrounds in Zurich. The program will cover tuition and provide mentorship opportunities for selected recipients starting next semester. Officials hope the initiative will improve graduation rates.,Pioneer Research Institute launches a scholarship and mentorship program to support underrepresented students in Zurich.,Education,Beginner
939,"A merger between Pioneer Research Institute and a major firm in Buenos Aires is expected to close by the end of the year, according to sources close to the deal. Analysts say the combined company could become one of the largest players in its industry.",Pioneer Research Institute and a major firm in Buenos Aires move toward a merger set to close by year end.,Business,Beginner
940,"Noah Green broke a long-standing record at the regional championships, finishing well ahead of the competition. Coaches say months of intense training contributed to the milestone performance, which has drawn attention from national scouts.",Noah Green sets a new regional record after months of intense training.,Sports,Advanced
941,Meridian Financial Group announced a new scholarship program aimed at supporting students from underrepresented backgrounds in Manila. The program will cover tuition and provide mentorship opportunities for selected recipients starting next semester. Officials hope the initiative will improve graduation rates.,Meridian Financial Group launches a scholarship and mentorship program to support underrepresented students in Manila.,Education,Beginner
942,"A research team at Zenith Pharmaceuticals based in Prague published new data on shifting migration patterns among several bird species, linking the changes to rising temperatures. The findings add to a growing body of evidence about climate change's effects on wildlife.",Zenith Pharmaceuticals researchers in Prague link changing bird migration patterns to rising temperatures.,Science,Intermediate
943,Developers at Aurora Data Systems released an update addressing several security vulnerabilities discovered in their tablet. The patch also introduces performance improvements and a redesigned interface. Users are encouraged to update as soon as possible to avoid potential risks.,Aurora Data Systems releases a security and performance update for its tablet.,Technology,Beginner
944,"Cedar Grove Hospital reported stronger than expected quarterly earnings from its Cape Town division, driven largely by growth in overseas markets. Executives credited the results to a recent expansion strategy and increased demand for the company's core products. Investors responded positively to the announcement.",Cedar Grove Hospital's Cape Town division posts strong quarterly earnings due to overseas growth.,Business,Advanced
945,"Vertex Analytics unveiled a new home assistant device this week, claiming it delivers significantly faster performance than earlier models. Engineers spent over a year refining the design after receiving feedback from beta testers, and the company expects the product to reach store shelves by November. Analysts believe the launch could strengthen Vertex Analytics's position against rival firms.","Vertex Analytics launches a new home assistant device after a year of development, aiming to outperform earlier models.",Technology,Advanced
946,"A new clinic backed by Riverside Bank opened in Bangkok this month, offering expanded mental health services to residents who previously had limited access to care. The clinic plans to add telehealth appointments in the coming months to reach even more patients.",Riverside Bank opens a new clinic in Bangkok expanding mental health access.,Health,Advanced
947,"Priya Patel broke a long-standing record at the regional championships, finishing well ahead of the competition. Coaches say months of intense training contributed to the milestone performance, which has drawn attention from national scouts.",Priya Patel sets a new regional record after months of intense training.,Sports,Beginner
948,"A popular streaming series produced by BrightFuture Foundation returned for a new season, quickly becoming one of the most watched shows filmed partly in Buenos Aires. The season introduced several new characters while resolving major storylines from previous episodes.","BrightFuture Foundation's streaming series, filmed partly in Buenos Aires, returns for a well-received season.",Entertainment,Beginner
949,"Lakeside Medical Center reported stronger than expected quarterly earnings from its Zurich division, driven largely by growth in overseas markets. Executives credited the results to a recent expansion strategy and increased demand for the company's core products. Investors responded positively to the announcement.",Lakeside Medical Center's Zurich division posts strong quarterly earnings due to overseas growth.,Business,Advanced
950,"Pioneer Research Institute reported stronger than expected quarterly earnings from its Manila division, driven largely by growth in overseas markets. Executives credited the results to a recent expansion strategy and increased demand for the company's core products. Investors responded positively to the announcement.",Pioneer Research Institute's Manila division posts strong quarterly earnings due to overseas growth.,Business,Beginner
951,"A new direct flight route between Denver and a major international hub was announced by Cedar Grove Hospital this week, expected to cut travel time significantly for business and leisure travelers alike. The airline said tickets will go on sale next month.","Cedar Grove Hospital announces a new direct flight to Denver, promising shorter travel times.",Travel,Beginner
952,"Mark Novak broke a long-standing record at the regional championships, finishing well ahead of the competition. Coaches say months of intense training contributed to the milestone performance, which has drawn attention from national scouts.",Mark Novak sets a new regional record after months of intense training.,Sports,Intermediate
953,"The latest film from Harborview College broke box office records during its opening weekend in Edinburgh, exceeding analysts' predictions. Critics praised the film's visual effects and pacing, while fans lined up for early screenings across the region.",Harborview College's new film breaks box office records in Edinburgh and earns critical praise.,Entertainment,Beginner
954,"The latest film from Aurora Data Systems broke box office records during its opening weekend in Vancouver, exceeding analysts' predictions. Critics praised the film's visual effects and pacing, while fans lined up for early screenings across the region.",Aurora Data Systems's new film breaks box office records in Vancouver and earns critical praise.,Entertainment,Advanced
955,Developers at Riverside Bank released an update addressing several security vulnerabilities discovered in their smartphone. The patch also introduces performance improvements and a redesigned interface. Users are encouraged to update as soon as possible to avoid potential risks.,Riverside Bank releases a security and performance update for its smartphone.,Technology,Intermediate
956,"A new curriculum focused on critical thinking was introduced at schools in Edinburgh this term, developed in partnership with Cedar Grove Hospital. Teachers reported that students engaged more actively in classroom discussions after the change. The district plans to expand the program district-wide next year.",Schools in Edinburgh adopt a new critical-thinking curriculum developed with Cedar Grove Hospital.,Education,Beginner
957,"The latest film from NextGen Software Labs broke box office records during its opening weekend in Toronto, exceeding analysts' predictions. Critics praised the film's visual effects and pacing, while fans lined up for early screenings across the region.",NextGen Software Labs's new film breaks box office records in Toronto and earns critical praise.,Entertainment,Advanced
958,"Ethan Haddad broke a long-standing record at the regional championships, finishing well ahead of the competition. Coaches say months of intense training contributed to the milestone performance, which has drawn attention from national scouts.",Ethan Haddad sets a new regional record after months of intense training.,Sports,Intermediate
959,"A new clinic backed by Evergreen Energy Co. opened in Lisbon this month, offering expanded mental health services to residents who previously had limited access to care. The clinic plans to add telehealth appointments in the coming months to reach even more patients.",Evergreen Energy Co. opens a new clinic in Lisbon expanding mental health access.,Health,Intermediate
960,"A new direct flight route between Bangkok and a major international hub was announced by Northfield University this week, expected to cut travel time significantly for business and leisure travelers alike. The airline said tickets will go on sale next month.","Northfield University announces a new direct flight to Bangkok, promising shorter travel times.",Travel,Beginner
961,"A new direct flight route between Dublin and a major international hub was announced by Riverside Bank this week, expected to cut travel time significantly for business and leisure travelers alike. The airline said tickets will go on sale next month.","Riverside Bank announces a new direct flight to Dublin, promising shorter travel times.",Travel,Advanced
962,"Mei Kowalski broke a long-standing record at the regional championships, finishing well ahead of the competition. Coaches say months of intense training contributed to the milestone performance, which has drawn attention from national scouts.",Mei Kowalski sets a new regional record after months of intense training.,Sports,Intermediate
963,"A popular streaming series produced by Blue Horizon Airlines returned for a new season, quickly becoming one of the most watched shows filmed partly in Berlin. The season introduced several new characters while resolving major storylines from previous episodes.","Blue Horizon Airlines's streaming series, filmed partly in Berlin, returns for a well-received season.",Entertainment,Beginner
964,"A merger between Silverline Motors and a major firm in Melbourne is expected to close by the end of the year, according to sources close to the deal. Analysts say the combined company could become one of the largest players in its industry.",Silverline Motors and a major firm in Melbourne move toward a merger set to close by year end.,Business,Intermediate
965,"A merger between Evergreen Energy Co. and a major firm in Bangkok is expected to close by the end of the year, according to sources close to the deal. Analysts say the combined company could become one of the largest players in its industry.",Evergreen Energy Co. and a major firm in Bangkok move toward a merger set to close by year end.,Business,Intermediate
966,Silverline Motors announced a new scholarship program aimed at supporting students from underrepresented backgrounds in Helsinki. The program will cover tuition and provide mentorship opportunities for selected recipients starting next semester. Officials hope the initiative will improve graduation rates.,Silverline Motors launches a scholarship and mentorship program to support underrepresented students in Helsinki.,Education,Beginner
967,"Zenith Pharmaceuticals unveiled a new smartphone this week, claiming it delivers significantly faster performance than earlier models. Engineers spent over a year refining the design after receiving feedback from beta testers, and the company expects the product to reach store shelves by July. Analysts believe the launch could strengthen Zenith Pharmaceuticals's position against rival firms.","Zenith Pharmaceuticals launches a new smartphone after a year of development, aiming to outperform earlier models.",Technology,Advanced
968,"Scientists at Blue Horizon Airlines in Nairobi announced the discovery of a new material that conducts electricity far more efficiently than existing alternatives. The breakthrough could eventually lead to more efficient batteries and electronics, though commercial use is still years away.",Blue Horizon Airlines scientists in Nairobi discover a highly efficient new conductive material.,Science,Advanced
969,"The latest film from Union Manufacturing Corp. broke box office records during its opening weekend in Wellington, exceeding analysts' predictions. Critics praised the film's visual effects and pacing, while fans lined up for early screenings across the region.",Union Manufacturing Corp.'s new film breaks box office records in Wellington and earns critical praise.,Entertainment,Intermediate
970,"The latest film from Cedar Grove Hospital broke box office records during its opening weekend in Berlin, exceeding analysts' predictions. Critics praised the film's visual effects and pacing, while fans lined up for early screenings across the region.",Cedar Grove Hospital's new film breaks box office records in Berlin and earns critical praise.,Entertainment,Advanced
971,Golden Gate Retailers announced a new scholarship program aimed at supporting students from underrepresented backgrounds in Manila. The program will cover tuition and provide mentorship opportunities for selected recipients starting next semester. Officials hope the initiative will improve graduation rates.,Golden Gate Retailers launches a scholarship and mentorship program to support underrepresented students in Manila.,Education,Intermediate
972,Developers at Cedar Grove Hospital released an update addressing several security vulnerabilities discovered in their smartphone. The patch also introduces performance improvements and a redesigned interface. Users are encouraged to update as soon as possible to avoid potential risks.,Cedar Grove Hospital releases a security and performance update for its smartphone.,Technology,Intermediate
973,"A research team at Maple Street School District based in Denver published new data on shifting migration patterns among several bird species, linking the changes to rising temperatures. The findings add to a growing body of evidence about climate change's effects on wildlife.",Maple Street School District researchers in Denver link changing bird migration patterns to rising temperatures.,Science,Beginner
974,"A new curriculum focused on critical thinking was introduced at schools in Seoul this term, developed in partnership with Coastal Insurance Co.. Teachers reported that students engaged more actively in classroom discussions after the change. The district plans to expand the program district-wide next year.",Schools in Seoul adopt a new critical-thinking curriculum developed with Coastal Insurance Co..,Education,Beginner
975,Researchers at Crescent Media Group in Santiago published findings linking regular physical activity to improved long-term memory in older adults. The study followed participants over several years and controlled for factors such as diet and sleep.,Crescent Media Group researchers in Santiago link exercise to better long-term memory in older adults.,Health,Intermediate
976,"A new direct flight route between Cairo and a major international hub was announced by Harborview College this week, expected to cut travel time significantly for business and leisure travelers alike. The airline said tickets will go on sale next month.","Harborview College announces a new direct flight to Cairo, promising shorter travel times.",Travel,Intermediate
977,"The latest film from Global Trade Partners broke box office records during its opening weekend in Osaka, exceeding analysts' predictions. Critics praised the film's visual effects and pacing, while fans lined up for early screenings across the region.",Global Trade Partners's new film breaks box office records in Osaka and earns critical praise.,Entertainment,Advanced
978,"The latest film from Union Manufacturing Corp. broke box office records during its opening weekend in Santiago, exceeding analysts' predictions. Critics praised the film's visual effects and pacing, while fans lined up for early screenings across the region.",Union Manufacturing Corp.'s new film breaks box office records in Santiago and earns critical praise.,Entertainment,Advanced
979,"Falcon Logistics unveiled a new tablet this week, claiming it delivers significantly faster performance than earlier models. Engineers spent over a year refining the design after receiving feedback from beta testers, and the company expects the product to reach store shelves by January. Analysts believe the launch could strengthen Falcon Logistics's position against rival firms.","Falcon Logistics launches a new tablet after a year of development, aiming to outperform earlier models.",Technology,Intermediate
980,"Tourism officials in Prague, working with Ironwood Steel Works, launched a campaign encouraging visitors to explore lesser-known neighborhoods during the off-season. Local businesses hope the initiative will help spread tourism revenue more evenly throughout the year.",Prague and Ironwood Steel Works launch a campaign promoting off-season tourism to local neighborhoods.,Travel,Intermediate
981,"Blue Horizon Airlines reported stronger than expected quarterly earnings from its Cairo division, driven largely by growth in overseas markets. Executives credited the results to a recent expansion strategy and increased demand for the company's core products. Investors responded positively to the announcement.",Blue Horizon Airlines's Cairo division posts strong quarterly earnings due to overseas growth.,Business,Beginner
982,"The latest film from Lakeside Medical Center broke box office records during its opening weekend in Wellington, exceeding analysts' predictions. Critics praised the film's visual effects and pacing, while fans lined up for early screenings across the region.",Lakeside Medical Center's new film breaks box office records in Wellington and earns critical praise.,Entertainment,Advanced
983,"The latest film from Cedar Grove Hospital broke box office records during its opening weekend in Amsterdam, exceeding analysts' predictions. Critics praised the film's visual effects and pacing, while fans lined up for early screenings across the region.",Cedar Grove Hospital's new film breaks box office records in Amsterdam and earns critical praise.,Entertainment,Intermediate
984,Riverside Bank announced a new scholarship program aimed at supporting students from underrepresented backgrounds in Vancouver. The program will cover tuition and provide mentorship opportunities for selected recipients starting next semester. Officials hope the initiative will improve graduation rates.,Riverside Bank launches a scholarship and mentorship program to support underrepresented students in Vancouver.,Education,Intermediate
985,"A new clinic backed by Blue Horizon Airlines opened in Austin this month, offering expanded mental health services to residents who previously had limited access to care. The clinic plans to add telehealth appointments in the coming months to reach even more patients.",Blue Horizon Airlines opens a new clinic in Austin expanding mental health access.,Health,Beginner
986,Developers at Crescent Media Group released an update addressing several security vulnerabilities discovered in their fitness tracker. The patch also introduces performance improvements and a redesigned interface. Users are encouraged to update as soon as possible to avoid potential risks.,Crescent Media Group releases a security and performance update for its fitness tracker.,Technology,Intermediate
987,"A merger between Falcon Logistics and a major firm in Zurich is expected to close by the end of the year, according to sources close to the deal. Analysts say the combined company could become one of the largest players in its industry.",Falcon Logistics and a major firm in Zurich move toward a merger set to close by year end.,Business,Intermediate
988,"Samuel Costa broke a long-standing record at the regional championships, finishing well ahead of the competition. Coaches say months of intense training contributed to the milestone performance, which has drawn attention from national scouts.",Samuel Costa sets a new regional record after months of intense training.,Sports,Beginner
989,"Coastal Insurance Co. reported stronger than expected quarterly earnings from its Santiago division, driven largely by growth in overseas markets. Executives credited the results to a recent expansion strategy and increased demand for the company's core products. Investors responded positively to the announcement.",Coastal Insurance Co.'s Santiago division posts strong quarterly earnings due to overseas growth.,Business,Advanced
990,Developers at Evergreen Energy Co. released an update addressing several security vulnerabilities discovered in their tablet. The patch also introduces performance improvements and a redesigned interface. Users are encouraged to update as soon as possible to avoid potential risks.,Evergreen Energy Co. releases a security and performance update for its tablet.,Technology,Beginner
991,"A new direct flight route between Manila and a major international hub was announced by Delta Cloud Services this week, expected to cut travel time significantly for business and leisure travelers alike. The airline said tickets will go on sale next month.","Delta Cloud Services announces a new direct flight to Manila, promising shorter travel times.",Travel,Advanced
992,Northfield University announced a new scholarship program aimed at supporting students from underrepresented backgrounds in Denver. The program will cover tuition and provide mentorship opportunities for selected recipients starting next semester. Officials hope the initiative will improve graduation rates.,Northfield University launches a scholarship and mentorship program to support underrepresented students in Denver.,Education,Intermediate
993,"A new clinic backed by Oakwood Publishing House opened in Amsterdam this month, offering expanded mental health services to residents who previously had limited access to care. The clinic plans to add telehealth appointments in the coming months to reach even more patients.",Oakwood Publishing House opens a new clinic in Amsterdam expanding mental health access.,Health,Intermediate
994,"Maria Chen broke a long-standing record at the regional championships, finishing well ahead of the competition. Coaches say months of intense training contributed to the milestone performance, which has drawn attention from national scouts.",Maria Chen sets a new regional record after months of intense training.,Sports,Advanced
995,"Cedar Grove Hospital unveiled a new smart speaker this week, claiming it delivers significantly faster performance than earlier models. Engineers spent over a year refining the design after receiving feedback from beta testers, and the company expects the product to reach store shelves by July. Analysts believe the launch could strengthen Cedar Grove Hospital's position against rival firms.","Cedar Grove Hospital launches a new smart speaker after a year of development, aiming to outperform earlier models.",Technology,Intermediate
996,"A popular streaming series produced by Riverside Bank returned for a new season, quickly becoming one of the most watched shows filmed partly in Manila. The season introduced several new characters while resolving major storylines from previous episodes.","Riverside Bank's streaming series, filmed partly in Manila, returns for a well-received season.",Entertainment,Beginner
997,Researchers at Evergreen Energy Co. in Seoul published findings linking regular physical activity to improved long-term memory in older adults. The study followed participants over several years and controlled for factors such as diet and sleep.,Evergreen Energy Co. researchers in Seoul link exercise to better long-term memory in older adults.,Health,Advanced
998,"Ahmed Johansson broke a long-standing record at the regional championships, finishing well ahead of the competition. Coaches say months of intense training contributed to the milestone performance, which has drawn attention from national scouts.",Ahmed Johansson sets a new regional record after months of intense training.,Sports,Intermediate
999,"A popular streaming series produced by Zenith Pharmaceuticals returned for a new season, quickly becoming one of the most watched shows filmed partly in Osaka. The season introduced several new characters while resolving major storylines from previous episodes.","Zenith Pharmaceuticals's streaming series, filmed partly in Osaka, returns for a well-received season.",Entertainment,Beginner
1000,Golden Gate Retailers announced a new scholarship program aimed at supporting students from underrepresented backgrounds in Edinburgh. The program will cover tuition and provide mentorship opportunities for selected recipients starting next semester. Officials hope the initiative will improve graduation rates.,Golden Gate Retailers launches a scholarship and mentorship program to support underrepresented students in Edinburgh.,Education,Intermediate
1001,"A new direct flight route between Dublin and a major international hub was announced by Ironwood Steel Works this week, expected to cut travel time significantly for business and leisure travelers alike. The airline said tickets will go on sale next month.","Ironwood Steel Works announces a new direct flight to Dublin, promising shorter travel times.",Travel,Advanced
1002,"A research team at Blue Horizon Airlines based in Warsaw published new data on shifting migration patterns among several bird species, linking the changes to rising temperatures. The findings add to a growing body of evidence about climate change's effects on wildlife.",Blue Horizon Airlines researchers in Warsaw link changing bird migration patterns to rising temperatures.,Science,Beginner
1003,Developers at NextGen Software Labs released an update addressing several security vulnerabilities discovered in their smart speaker. The patch also introduces performance improvements and a redesigned interface. Users are encouraged to update as soon as possible to avoid potential risks.,NextGen Software Labs releases a security and performance update for its smart speaker.,Technology,Intermediate
1004,"The latest film from Meridian Financial Group broke box office records during its opening weekend in Manila, exceeding analysts' predictions. Critics praised the film's visual effects and pacing, while fans lined up for early screenings across the region.",Meridian Financial Group's new film breaks box office records in Manila and earns critical praise.,Entertainment,Beginner
1005,"Tourism officials in Zurich, working with NextGen Software Labs, launched a campaign encouraging visitors to explore lesser-known neighborhoods during the off-season. Local businesses hope the initiative will help spread tourism revenue more evenly throughout the year.",Zurich and NextGen Software Labs launch a campaign promoting off-season tourism to local neighborhoods.,Travel,Intermediate
1006,Zenith Pharmaceuticals announced a new scholarship program aimed at supporting students from underrepresented backgrounds in Helsinki. The program will cover tuition and provide mentorship opportunities for selected recipients starting next semester. Officials hope the initiative will improve graduation rates.,Zenith Pharmaceuticals launches a scholarship and mentorship program to support underrepresented students in Helsinki.,Education,Beginner
1007,"Samuel Petrov broke a long-standing record at the regional championships, finishing well ahead of the competition. Coaches say months of intense training contributed to the milestone performance, which has drawn attention from national scouts.",Samuel Petrov sets a new regional record after months of intense training.,Sports,Intermediate
1008,"Tourism officials in Stockholm, working with Cedar Grove Hospital, launched a campaign encouraging visitors to explore lesser-known neighborhoods during the off-season. Local businesses hope the initiative will help spread tourism revenue more evenly throughout the year.",Stockholm and Cedar Grove Hospital launch a campaign promoting off-season tourism to local neighborhoods.,Travel,Intermediate
1009,"A new curriculum focused on critical thinking was introduced at schools in Amsterdam this term, developed in partnership with Brightline Technologies. Teachers reported that students engaged more actively in classroom discussions after the change. The district plans to expand the program district-wide next year.",Schools in Amsterdam adopt a new critical-thinking curriculum developed with Brightline Technologies.,Education,Beginner
1010,"A new clinic backed by Meridian Financial Group opened in Cape Town this month, offering expanded mental health services to residents who previously had limited access to care. The clinic plans to add telehealth appointments in the coming months to reach even more patients.",Meridian Financial Group opens a new clinic in Cape Town expanding mental health access.,Health,Intermediate
1011,"A new curriculum focused on critical thinking was introduced at schools in Manila this term, developed in partnership with BrightFuture Foundation. Teachers reported that students engaged more actively in classroom discussions after the change. The district plans to expand the program district-wide next year.",Schools in Manila adopt a new critical-thinking curriculum developed with BrightFuture Foundation.,Education,Advanced
1012,Union Manufacturing Corp. announced a new scholarship program aimed at supporting students from underrepresented backgrounds in Cairo. The program will cover tuition and provide mentorship opportunities for selected recipients starting next semester. Officials hope the initiative will improve graduation rates.,Union Manufacturing Corp. launches a scholarship and mentorship program to support underrepresented students in Cairo.,Education,Advanced
1013,Meridian Financial Group announced a new scholarship program aimed at supporting students from underrepresented backgrounds in Buenos Aires. The program will cover tuition and provide mentorship opportunities for selected recipients starting next semester. Officials hope the initiative will improve graduation rates.,Meridian Financial Group launches a scholarship and mentorship program to support underrepresented students in Buenos Aires.,Education,Advanced
1014,"A research team at Riverside Bank based in Stockholm published new data on shifting migration patterns among several bird species, linking the changes to rising temperatures. The findings add to a growing body of evidence about climate change's effects on wildlife.",Riverside Bank researchers in Stockholm link changing bird migration patterns to rising temperatures.,Science,Intermediate
1015,"Ironwood Steel Works reported stronger than expected quarterly earnings from its Copenhagen division, driven largely by growth in overseas markets. Executives credited the results to a recent expansion strategy and increased demand for the company's core products. Investors responded positively to the announcement.",Ironwood Steel Works's Copenhagen division posts strong quarterly earnings due to overseas growth.,Business,Intermediate
1016,"A new clinic backed by Ironwood Steel Works opened in Cape Town this month, offering expanded mental health services to residents who previously had limited access to care. The clinic plans to add telehealth appointments in the coming months to reach even more patients.",Ironwood Steel Works opens a new clinic in Cape Town expanding mental health access.,Health,Advanced
1017,"Tourism officials in Wellington, working with Union Manufacturing Corp., launched a campaign encouraging visitors to explore lesser-known neighborhoods during the off-season. Local businesses hope the initiative will help spread tourism revenue more evenly throughout the year.",Wellington and Union Manufacturing Corp. launch a campaign promoting off-season tourism to local neighborhoods.,Travel,Advanced
1018,"Sara Kowalski broke a long-standing record at the regional championships, finishing well ahead of the competition. Coaches say months of intense training contributed to the milestone performance, which has drawn attention from national scouts.",Sara Kowalski sets a new regional record after months of intense training.,Sports,Intermediate
1019,"A research team at Silverline Motors based in Cape Town published new data on shifting migration patterns among several bird species, linking the changes to rising temperatures. The findings add to a growing body of evidence about climate change's effects on wildlife.",Silverline Motors researchers in Cape Town link changing bird migration patterns to rising temperatures.,Science,Beginner
1020,"Harborview College unveiled a new home assistant device this week, claiming it delivers significantly faster performance than earlier models. Engineers spent over a year refining the design after receiving feedback from beta testers, and the company expects the product to reach store shelves by November. Analysts believe the launch could strengthen Harborview College's position against rival firms.","Harborview College launches a new home assistant device after a year of development, aiming to outperform earlier models.",Technology,Intermediate
1021,"A new clinic backed by BrightFuture Foundation opened in Lisbon this month, offering expanded mental health services to residents who previously had limited access to care. The clinic plans to add telehealth appointments in the coming months to reach even more patients.",BrightFuture Foundation opens a new clinic in Lisbon expanding mental health access.,Health,Advanced
1022,"A new clinic backed by Silverline Motors opened in Berlin this month, offering expanded mental health services to residents who previously had limited access to care. The clinic plans to add telehealth appointments in the coming months to reach even more patients.",Silverline Motors opens a new clinic in Berlin expanding mental health access.,Health,Beginner
1023,"Scientists at Silverline Motors in Osaka announced the discovery of a new material that conducts electricity far more efficiently than existing alternatives. The breakthrough could eventually lead to more efficient batteries and electronics, though commercial use is still years away.",Silverline Motors scientists in Osaka discover a highly efficient new conductive material.,Science,Advanced
1024,Researchers at Aurora Data Systems in Buenos Aires published findings linking regular physical activity to improved long-term memory in older adults. The study followed participants over several years and controlled for factors such as diet and sleep.,Aurora Data Systems researchers in Buenos Aires link exercise to better long-term memory in older adults.,Health,Intermediate
1025,"The latest film from Silverline Motors broke box office records during its opening weekend in Cape Town, exceeding analysts' predictions. Critics praised the film's visual effects and pacing, while fans lined up for early screenings across the region.",Silverline Motors's new film breaks box office records in Cape Town and earns critical praise.,Entertainment,Advanced
1026,"A popular streaming series produced by Delta Cloud Services returned for a new season, quickly becoming one of the most watched shows filmed partly in Marrakesh. The season introduced several new characters while resolving major storylines from previous episodes.","Delta Cloud Services's streaming series, filmed partly in Marrakesh, returns for a well-received season.",Entertainment,Beginner
1027,"Summit Robotics Inc. reported stronger than expected quarterly earnings from its Toronto division, driven largely by growth in overseas markets. Executives credited the results to a recent expansion strategy and increased demand for the company's core products. Investors responded positively to the announcement.",Summit Robotics Inc.'s Toronto division posts strong quarterly earnings due to overseas growth.,Business,Advanced
1028,"Summit Robotics Inc. reported stronger than expected quarterly earnings from its Manila division, driven largely by growth in overseas markets. Executives credited the results to a recent expansion strategy and increased demand for the company's core products. Investors responded positively to the announcement.",Summit Robotics Inc.'s Manila division posts strong quarterly earnings due to overseas growth.,Business,Beginner
1029,Developers at Global Trade Partners released an update addressing several security vulnerabilities discovered in their home assistant device. The patch also introduces performance improvements and a redesigned interface. Users are encouraged to update as soon as possible to avoid potential risks.,Global Trade Partners releases a security and performance update for its home assistant device.,Technology,Intermediate
1030,"A merger between Meridian Financial Group and a major firm in Stockholm is expected to close by the end of the year, according to sources close to the deal. Analysts say the combined company could become one of the largest players in its industry.",Meridian Financial Group and a major firm in Stockholm move toward a merger set to close by year end.,Business,Intermediate
1031,"Scientists at Aurora Data Systems in Zurich announced the discovery of a new material that conducts electricity far more efficiently than existing alternatives. The breakthrough could eventually lead to more efficient batteries and electronics, though commercial use is still years away.",Aurora Data Systems scientists in Zurich discover a highly efficient new conductive material.,Science,Beginner
1032,BrightFuture Foundation announced a new scholarship program aimed at supporting students from underrepresented backgrounds in Warsaw. The program will cover tuition and provide mentorship opportunities for selected recipients starting next semester. Officials hope the initiative will improve graduation rates.,BrightFuture Foundation launches a scholarship and mentorship program to support underrepresented students in Warsaw.,Education,Intermediate
1033,"Meridian Financial Group reported stronger than expected quarterly earnings from its Warsaw division, driven largely by growth in overseas markets. Executives credited the results to a recent expansion strategy and increased demand for the company's core products. Investors responded positively to the announcement.",Meridian Financial Group's Warsaw division posts strong quarterly earnings due to overseas growth.,Business,Intermediate
1034,"Tourism officials in Jakarta, working with Coastal Insurance Co., launched a campaign encouraging visitors to explore lesser-known neighborhoods during the off-season. Local businesses hope the initiative will help spread tourism revenue more evenly throughout the year.",Jakarta and Coastal Insurance Co. launch a campaign promoting off-season tourism to local neighborhoods.,Travel,Intermediate
1035,Researchers at Blue Horizon Airlines in Buenos Aires published findings linking regular physical activity to improved long-term memory in older adults. The study followed participants over several years and controlled for factors such as diet and sleep.,Blue Horizon Airlines researchers in Buenos Aires link exercise to better long-term memory in older adults.,Health,Intermediate
1036,"Priya King broke a long-standing record at the regional championships, finishing well ahead of the competition. Coaches say months of intense training contributed to the milestone performance, which has drawn attention from national scouts.",Priya King sets a new regional record after months of intense training.,Sports,Intermediate
1037,"A merger between Cedar Grove Hospital and a major firm in Austin is expected to close by the end of the year, according to sources close to the deal. Analysts say the combined company could become one of the largest players in its industry.",Cedar Grove Hospital and a major firm in Austin move toward a merger set to close by year end.,Business,Intermediate
1038,"A new direct flight route between Stockholm and a major international hub was announced by Vertex Analytics this week, expected to cut travel time significantly for business and leisure travelers alike. The airline said tickets will go on sale next month.","Vertex Analytics announces a new direct flight to Stockholm, promising shorter travel times.",Travel,Advanced
1039,"Tom Kim broke a long-standing record at the regional championships, finishing well ahead of the competition. Coaches say months of intense training contributed to the milestone performance, which has drawn attention from national scouts.",Tom Kim sets a new regional record after months of intense training.,Sports,Advanced
1040,Developers at Falcon Logistics released an update addressing several security vulnerabilities discovered in their tablet. The patch also introduces performance improvements and a redesigned interface. Users are encouraged to update as soon as possible to avoid potential risks.,Falcon Logistics releases a security and performance update for its tablet.,Technology,Beginner
1041,"A new curriculum focused on critical thinking was introduced at schools in Wellington this term, developed in partnership with Brightline Technologies. Teachers reported that students engaged more actively in classroom discussions after the change. The district plans to expand the program district-wide next year.",Schools in Wellington adopt a new critical-thinking curriculum developed with Brightline Technologies.,Education,Intermediate
1042,"A research team at Vertex Analytics based in Kuala Lumpur published new data on shifting migration patterns among several bird species, linking the changes to rising temperatures. The findings add to a growing body of evidence about climate change's effects on wildlife.",Vertex Analytics researchers in Kuala Lumpur link changing bird migration patterns to rising temperatures.,Science,Intermediate
1043,"A new direct flight route between Manila and a major international hub was announced by NextGen Software Labs this week, expected to cut travel time significantly for business and leisure travelers alike. The airline said tickets will go on sale next month.","NextGen Software Labs announces a new direct flight to Manila, promising shorter travel times.",Travel,Beginner
1044,"A new clinic backed by Oakwood Publishing House opened in Edinburgh this month, offering expanded mental health services to residents who previously had limited access to care. The clinic plans to add telehealth appointments in the coming months to reach even more patients.",Oakwood Publishing House opens a new clinic in Edinburgh expanding mental health access.,Health,Beginner
1045,"Riverside Bank reported stronger than expected quarterly earnings from its Marrakesh division, driven largely by growth in overseas markets. Executives credited the results to a recent expansion strategy and increased demand for the company's core products. Investors responded positively to the announcement.",Riverside Bank's Marrakesh division posts strong quarterly earnings due to overseas growth.,Business,Beginner
1046,"Tourism officials in Austin, working with Coastal Insurance Co., launched a campaign encouraging visitors to explore lesser-known neighborhoods during the off-season. Local businesses hope the initiative will help spread tourism revenue more evenly throughout the year.",Austin and Coastal Insurance Co. launch a campaign promoting off-season tourism to local neighborhoods.,Travel,Intermediate
1047,"A new clinic backed by Delta Cloud Services opened in Nairobi this month, offering expanded mental health services to residents who previously had limited access to care. The clinic plans to add telehealth appointments in the coming months to reach even more patients.",Delta Cloud Services opens a new clinic in Nairobi expanding mental health access.,Health,Advanced
1048,"A new direct flight route between Lisbon and a major international hub was announced by Blue Horizon Airlines this week, expected to cut travel time significantly for business and leisure travelers alike. The airline said tickets will go on sale next month.","Blue Horizon Airlines announces a new direct flight to Lisbon, promising shorter travel times.",Travel,Intermediate
1049,"A popular streaming series produced by Brightline Technologies returned for a new season, quickly becoming one of the most watched shows filmed partly in Buenos Aires. The season introduced several new characters while resolving major storylines from previous episodes.","Brightline Technologies's streaming series, filmed partly in Buenos Aires, returns for a well-received season.",Entertainment,Intermediate
1050,"Tourism officials in Buenos Aires, working with NextGen Software Labs, launched a campaign encouraging visitors to explore lesser-known neighborhoods during the off-season. Local businesses hope the initiative will help spread tourism revenue more evenly throughout the year.",Buenos Aires and NextGen Software Labs launch a campaign promoting off-season tourism to local neighborhoods.,Travel,Advanced
1051,"Union Manufacturing Corp. unveiled a new home assistant device this week, claiming it delivers significantly faster performance than earlier models. Engineers spent over a year refining the design after receiving feedback from beta testers, and the company expects the product to reach store shelves by September. Analysts believe the launch could strengthen Union Manufacturing Corp.'s position against rival firms.","Union Manufacturing Corp. launches a new home assistant device after a year of development, aiming to outperform earlier models.",Technology,Intermediate
1052,Researchers at Coastal Insurance Co. in Zurich published findings linking regular physical activity to improved long-term memory in older adults. The study followed participants over several years and controlled for factors such as diet and sleep.,Coastal Insurance Co. researchers in Zurich link exercise to better long-term memory in older adults.,Health,Advanced
1053,Developers at Aurora Data Systems released an update addressing several security vulnerabilities discovered in their laptop. The patch also introduces performance improvements and a redesigned interface. Users are encouraged to update as soon as possible to avoid potential risks.,Aurora Data Systems releases a security and performance update for its laptop.,Technology,Beginner
1054,"Blue Horizon Airlines unveiled a new smartphone this week, claiming it delivers significantly faster performance than earlier models. Engineers spent over a year refining the design after receiving feedback from beta testers, and the company expects the product to reach store shelves by September. Analysts believe the launch could strengthen Blue Horizon Airlines's position against rival firms.","Blue Horizon Airlines launches a new smartphone after a year of development, aiming to outperform earlier models.",Technology,Advanced
1055,"Redstone Consulting reported stronger than expected quarterly earnings from its Seoul division, driven largely by growth in overseas markets. Executives credited the results to a recent expansion strategy and increased demand for the company's core products. Investors responded positively to the announcement.",Redstone Consulting's Seoul division posts strong quarterly earnings due to overseas growth.,Business,Advanced
1056,"A new direct flight route between Wellington and a major international hub was announced by Global Trade Partners this week, expected to cut travel time significantly for business and leisure travelers alike. The airline said tickets will go on sale next month.","Global Trade Partners announces a new direct flight to Wellington, promising shorter travel times.",Travel,Intermediate
1057,"Samuel Dubois broke a long-standing record at the regional championships, finishing well ahead of the competition. Coaches say months of intense training contributed to the milestone performance, which has drawn attention from national scouts.",Samuel Dubois sets a new regional record after months of intense training.,Sports,Intermediate
1058,Developers at Union Manufacturing Corp. released an update addressing several security vulnerabilities discovered in their home assistant device. The patch also introduces performance improvements and a redesigned interface. Users are encouraged to update as soon as possible to avoid potential risks.,Union Manufacturing Corp. releases a security and performance update for its home assistant device.,Technology,Advanced
1059,"A research team at Crescent Media Group based in Copenhagen published new data on shifting migration patterns among several bird species, linking the changes to rising temperatures. The findings add to a growing body of evidence about climate change's effects on wildlife.",Crescent Media Group researchers in Copenhagen link changing bird migration patterns to rising temperatures.,Science,Advanced
1060,Blue Horizon Airlines announced a new scholarship program aimed at supporting students from underrepresented backgrounds in Wellington. The program will cover tuition and provide mentorship opportunities for selected recipients starting next semester. Officials hope the initiative will improve graduation rates.,Blue Horizon Airlines launches a scholarship and mentorship program to support underrepresented students in Wellington.,Education,Intermediate
1061,BrightFuture Foundation announced a new scholarship program aimed at supporting students from underrepresented backgrounds in Prague. The program will cover tuition and provide mentorship opportunities for selected recipients starting next semester. Officials hope the initiative will improve graduation rates.,BrightFuture Foundation launches a scholarship and mentorship program to support underrepresented students in Prague.,Education,Intermediate
1062,"A new clinic backed by Meridian Financial Group opened in Nairobi this month, offering expanded mental health services to residents who previously had limited access to care. The clinic plans to add telehealth appointments in the coming months to reach even more patients.",Meridian Financial Group opens a new clinic in Nairobi expanding mental health access.,Health,Advanced
1063,"A research team at Pioneer Research Institute based in Bangkok published new data on shifting migration patterns among several bird species, linking the changes to rising temperatures. The findings add to a growing body of evidence about climate change's effects on wildlife.",Pioneer Research Institute researchers in Bangkok link changing bird migration patterns to rising temperatures.,Science,Advanced
1064,Researchers at Delta Cloud Services in Stockholm published findings linking regular physical activity to improved long-term memory in older adults. The study followed participants over several years and controlled for factors such as diet and sleep.,Delta Cloud Services researchers in Stockholm link exercise to better long-term memory in older adults.,Health,Beginner
1065,Developers at Skyline Real Estate released an update addressing several security vulnerabilities discovered in their tablet. The patch also introduces performance improvements and a redesigned interface. Users are encouraged to update as soon as possible to avoid potential risks.,Skyline Real Estate releases a security and performance update for its tablet.,Technology,Beginner
1066,"A research team at Northfield University based in Osaka published new data on shifting migration patterns among several bird species, linking the changes to rising temperatures. The findings add to a growing body of evidence about climate change's effects on wildlife.",Northfield University researchers in Osaka link changing bird migration patterns to rising temperatures.,Science,Intermediate
1067,"Lucas Yamamoto broke a long-standing record at the regional championships, finishing well ahead of the competition. Coaches say months of intense training contributed to the milestone performance, which has drawn attention from national scouts.",Lucas Yamamoto sets a new regional record after months of intense training.,Sports,Beginner
1068,"A new clinic backed by Northfield University opened in Warsaw this month, offering expanded mental health services to residents who previously had limited access to care. The clinic plans to add telehealth appointments in the coming months to reach even more patients.",Northfield University opens a new clinic in Warsaw expanding mental health access.,Health,Intermediate
1069,"Ravi Moore broke a long-standing record at the regional championships, finishing well ahead of the competition. Coaches say months of intense training contributed to the milestone performance, which has drawn attention from national scouts.",Ravi Moore sets a new regional record after months of intense training.,Sports,Beginner
1070,"A new direct flight route between Nairobi and a major international hub was announced by Delta Cloud Services this week, expected to cut travel time significantly for business and leisure travelers alike. The airline said tickets will go on sale next month.","Delta Cloud Services announces a new direct flight to Nairobi, promising shorter travel times.",Travel,Advanced
1071,Researchers at NextGen Software Labs in Santiago published findings linking regular physical activity to improved long-term memory in older adults. The study followed participants over several years and controlled for factors such as diet and sleep.,NextGen Software Labs researchers in Santiago link exercise to better long-term memory in older adults.,Health,Advanced
1072,"Delta Cloud Services unveiled a new tablet this week, claiming it delivers significantly faster performance than earlier models. Engineers spent over a year refining the design after receiving feedback from beta testers, and the company expects the product to reach store shelves by September. Analysts believe the launch could strengthen Delta Cloud Services's position against rival firms.","Delta Cloud Services launches a new tablet after a year of development, aiming to outperform earlier models.",Technology,Beginner
1073,"Chen Yamamoto broke a long-standing record at the regional championships, finishing well ahead of the competition. Coaches say months of intense training contributed to the milestone performance, which has drawn attention from national scouts.",Chen Yamamoto sets a new regional record after months of intense training.,Sports,Intermediate
1074,"A new curriculum focused on critical thinking was introduced at schools in Kuala Lumpur this term, developed in partnership with Lakeside Medical Center. Teachers reported that students engaged more actively in classroom discussions after the change. The district plans to expand the program district-wide next year.",Schools in Kuala Lumpur adopt a new critical-thinking curriculum developed with Lakeside Medical Center.,Education,Intermediate
1075,"A popular streaming series produced by Coastal Insurance Co. returned for a new season, quickly becoming one of the most watched shows filmed partly in Zurich. The season introduced several new characters while resolving major storylines from previous episodes.","Coastal Insurance Co.'s streaming series, filmed partly in Zurich, returns for a well-received season.",Entertainment,Intermediate
1076,"A new clinic backed by Union Manufacturing Corp. opened in Bangkok this month, offering expanded mental health services to residents who previously had limited access to care. The clinic plans to add telehealth appointments in the coming months to reach even more patients.",Union Manufacturing Corp. opens a new clinic in Bangkok expanding mental health access.,Health,Advanced
1077,Evergreen Energy Co. announced a new scholarship program aimed at supporting students from underrepresented backgrounds in Wellington. The program will cover tuition and provide mentorship opportunities for selected recipients starting next semester. Officials hope the initiative will improve graduation rates.,Evergreen Energy Co. launches a scholarship and mentorship program to support underrepresented students in Wellington.,Education,Intermediate
1078,"A new clinic backed by Maple Street School District opened in Amsterdam this month, offering expanded mental health services to residents who previously had limited access to care. The clinic plans to add telehealth appointments in the coming months to reach even more patients.",Maple Street School District opens a new clinic in Amsterdam expanding mental health access.,Health,Intermediate
1079,"The latest film from Golden Gate Retailers broke box office records during its opening weekend in Berlin, exceeding analysts' predictions. Critics praised the film's visual effects and pacing, while fans lined up for early screenings across the region.",Golden Gate Retailers's new film breaks box office records in Berlin and earns critical praise.,Entertainment,Intermediate
1080,"A new curriculum focused on critical thinking was introduced at schools in Lisbon this term, developed in partnership with Evergreen Energy Co.. Teachers reported that students engaged more actively in classroom discussions after the change. The district plans to expand the program district-wide next year.",Schools in Lisbon adopt a new critical-thinking curriculum developed with Evergreen Energy Co..,Education,Intermediate
1081,"A new clinic backed by Falcon Logistics opened in Manila this month, offering expanded mental health services to residents who previously had limited access to care. The clinic plans to add telehealth appointments in the coming months to reach even more patients.",Falcon Logistics opens a new clinic in Manila expanding mental health access.,Health,Advanced
1082,"Skyline Real Estate reported stronger than expected quarterly earnings from its Cairo division, driven largely by growth in overseas markets. Executives credited the results to a recent expansion strategy and increased demand for the company's core products. Investors responded positively to the announcement.",Skyline Real Estate's Cairo division posts strong quarterly earnings due to overseas growth.,Business,Beginner
1083,Researchers at Global Trade Partners in Zurich published findings linking regular physical activity to improved long-term memory in older adults. The study followed participants over several years and controlled for factors such as diet and sleep.,Global Trade Partners researchers in Zurich link exercise to better long-term memory in older adults.,Health,Beginner
1084,"A popular streaming series produced by Oakwood Publishing House returned for a new season, quickly becoming one of the most watched shows filmed partly in Prague. The season introduced several new characters while resolving major storylines from previous episodes.","Oakwood Publishing House's streaming series, filmed partly in Prague, returns for a well-received season.",Entertainment,Beginner
1085,"Lucas Larsen broke a long-standing record at the regional championships, finishing well ahead of the competition. Coaches say months of intense training contributed to the milestone performance, which has drawn attention from national scouts.",Lucas Larsen sets a new regional record after months of intense training.,Sports,Intermediate
1086,"Tourism officials in Jakarta, working with Evergreen Energy Co., launched a campaign encouraging visitors to explore lesser-known neighborhoods during the off-season. Local businesses hope the initiative will help spread tourism revenue more evenly throughout the year.",Jakarta and Evergreen Energy Co. launch a campaign promoting off-season tourism to local neighborhoods.,Travel,Intermediate
1087,"Vertex Analytics unveiled a new home assistant device this week, claiming it delivers significantly faster performance than earlier models. Engineers spent over a year refining the design after receiving feedback from beta testers, and the company expects the product to reach store shelves by January. Analysts believe the launch could strengthen Vertex Analytics's position against rival firms.","Vertex Analytics launches a new home assistant device after a year of development, aiming to outperform earlier models.",Technology,Advanced
1088,"A new direct flight route between Cape Town and a major international hub was announced by Golden Gate Retailers this week, expected to cut travel time significantly for business and leisure travelers alike. The airline said tickets will go on sale next month.","Golden Gate Retailers announces a new direct flight to Cape Town, promising shorter travel times.",Travel,Beginner
1089,"Tourism officials in Zurich, working with Crescent Media Group, launched a campaign encouraging visitors to explore lesser-known neighborhoods during the off-season. Local businesses hope the initiative will help spread tourism revenue more evenly throughout the year.",Zurich and Crescent Media Group launch a campaign promoting off-season tourism to local neighborhoods.,Travel,Advanced
1090,"A research team at Northfield University based in Wellington published new data on shifting migration patterns among several bird species, linking the changes to rising temperatures. The findings add to a growing body of evidence about climate change's effects on wildlife.",Northfield University researchers in Wellington link changing bird migration patterns to rising temperatures.,Science,Beginner
1091,"Scientists at Harborview College in Denver announced the discovery of a new material that conducts electricity far more efficiently than existing alternatives. The breakthrough could eventually lead to more efficient batteries and electronics, though commercial use is still years away.",Harborview College scientists in Denver discover a highly efficient new conductive material.,Science,Advanced
1092,"A merger between Riverside Bank and a major firm in Prague is expected to close by the end of the year, according to sources close to the deal. Analysts say the combined company could become one of the largest players in its industry.",Riverside Bank and a major firm in Prague move toward a merger set to close by year end.,Business,Intermediate
1093,"The Cairo team secured a dramatic victory in the final minutes of the match, coming from behind after trailing for most of the game. Fans credited the comeback to a change in strategy made by the coach at halftime. The win moves the team closer to a spot in the playoffs.","The Cairo team completes a late comeback win, boosting its playoff chances.",Sports,Advanced
1094,Researchers at Crescent Media Group in Nairobi published findings linking regular physical activity to improved long-term memory in older adults. The study followed participants over several years and controlled for factors such as diet and sleep.,Crescent Media Group researchers in Nairobi link exercise to better long-term memory in older adults.,Health,Beginner
1095,"Scientists at Redstone Consulting in Dublin announced the discovery of a new material that conducts electricity far more efficiently than existing alternatives. The breakthrough could eventually lead to more efficient batteries and electronics, though commercial use is still years away.",Redstone Consulting scientists in Dublin discover a highly efficient new conductive material.,Science,Intermediate
1096,"A research team at Cedar Grove Hospital based in Manila published new data on shifting migration patterns among several bird species, linking the changes to rising temperatures. The findings add to a growing body of evidence about climate change's effects on wildlife.",Cedar Grove Hospital researchers in Manila link changing bird migration patterns to rising temperatures.,Science,Intermediate
1097,"Isabella Costa broke a long-standing record at the regional championships, finishing well ahead of the competition. Coaches say months of intense training contributed to the milestone performance, which has drawn attention from national scouts.",Isabella Costa sets a new regional record after months of intense training.,Sports,Beginner
1098,"A merger between Maple Street School District and a major firm in Marrakesh is expected to close by the end of the year, according to sources close to the deal. Analysts say the combined company could become one of the largest players in its industry.",Maple Street School District and a major firm in Marrakesh move toward a merger set to close by year end.,Business,Intermediate
1099,Researchers at Aurora Data Systems in Kuala Lumpur published findings linking regular physical activity to improved long-term memory in older adults. The study followed participants over several years and controlled for factors such as diet and sleep.,Aurora Data Systems researchers in Kuala Lumpur link exercise to better long-term memory in older adults.,Health,Intermediate
1100,"Scientists at Maple Street School District in Prague announced the discovery of a new material that conducts electricity far more efficiently than existing alternatives. The breakthrough could eventually lead to more efficient batteries and electronics, though commercial use is still years away.",Maple Street School District scientists in Prague discover a highly efficient new conductive material.,Science,Intermediate
1101,"A research team at Crescent Media Group based in Cairo published new data on shifting migration patterns among several bird species, linking the changes to rising temperatures. The findings add to a growing body of evidence about climate change's effects on wildlife.",Crescent Media Group researchers in Cairo link changing bird migration patterns to rising temperatures.,Science,Advanced
1102,"Scientists at Crescent Media Group in Manila announced the discovery of a new material that conducts electricity far more efficiently than existing alternatives. The breakthrough could eventually lead to more efficient batteries and electronics, though commercial use is still years away.",Crescent Media Group scientists in Manila discover a highly efficient new conductive material.,Science,Intermediate
1103,"A new curriculum focused on critical thinking was introduced at schools in Cairo this term, developed in partnership with Maple Street School District. Teachers reported that students engaged more actively in classroom discussions after the change. The district plans to expand the program district-wide next year.",Schools in Cairo adopt a new critical-thinking curriculum developed with Maple Street School District.,Education,Intermediate
1104,BrightFuture Foundation announced a new scholarship program aimed at supporting students from underrepresented backgrounds in Bangkok. The program will cover tuition and provide mentorship opportunities for selected recipients starting next semester. Officials hope the initiative will improve graduation rates.,BrightFuture Foundation launches a scholarship and mentorship program to support underrepresented students in Bangkok.,Education,Advanced
1105,"Tourism officials in Cairo, working with Global Trade Partners, launched a campaign encouraging visitors to explore lesser-known neighborhoods during the off-season. Local businesses hope the initiative will help spread tourism revenue more evenly throughout the year.",Cairo and Global Trade Partners launch a campaign promoting off-season tourism to local neighborhoods.,Travel,Beginner
1106,Evergreen Energy Co. announced a new scholarship program aimed at supporting students from underrepresented backgrounds in Cairo. The program will cover tuition and provide mentorship opportunities for selected recipients starting next semester. Officials hope the initiative will improve graduation rates.,Evergreen Energy Co. launches a scholarship and mentorship program to support underrepresented students in Cairo.,Education,Intermediate
1107,"A research team at Union Manufacturing Corp. based in Zurich published new data on shifting migration patterns among several bird species, linking the changes to rising temperatures. The findings add to a growing body of evidence about climate change's effects on wildlife.",Union Manufacturing Corp. researchers in Zurich link changing bird migration patterns to rising temperatures.,Science,Advanced
1108,"Redstone Consulting unveiled a new smartphone this week, claiming it delivers significantly faster performance than earlier models. Engineers spent over a year refining the design after receiving feedback from beta testers, and the company expects the product to reach store shelves by May. Analysts believe the launch could strengthen Redstone Consulting's position against rival firms.","Redstone Consulting launches a new smartphone after a year of development, aiming to outperform earlier models.",Technology,Beginner
1109,"A new curriculum focused on critical thinking was introduced at schools in Buenos Aires this term, developed in partnership with Zenith Pharmaceuticals. Teachers reported that students engaged more actively in classroom discussions after the change. The district plans to expand the program district-wide next year.",Schools in Buenos Aires adopt a new critical-thinking curriculum developed with Zenith Pharmaceuticals.,Education,Intermediate
1110,"Layla Taylor broke a long-standing record at the regional championships, finishing well ahead of the competition. Coaches say months of intense training contributed to the milestone performance, which has drawn attention from national scouts.",Layla Taylor sets a new regional record after months of intense training.,Sports,Intermediate
1111,Researchers at Lakeside Medical Center in Vancouver published findings linking regular physical activity to improved long-term memory in older adults. The study followed participants over several years and controlled for factors such as diet and sleep.,Lakeside Medical Center researchers in Vancouver link exercise to better long-term memory in older adults.,Health,Intermediate
1112,"Quantum Innovations unveiled a new tablet this week, claiming it delivers significantly faster performance than earlier models. Engineers spent over a year refining the design after receiving feedback from beta testers, and the company expects the product to reach store shelves by May. Analysts believe the launch could strengthen Quantum Innovations's position against rival firms.","Quantum Innovations launches a new tablet after a year of development, aiming to outperform earlier models.",Technology,Intermediate
1113,"A research team at Ironwood Steel Works based in Seoul published new data on shifting migration patterns among several bird species, linking the changes to rising temperatures. The findings add to a growing body of evidence about climate change's effects on wildlife.",Ironwood Steel Works researchers in Seoul link changing bird migration patterns to rising temperatures.,Science,Intermediate
1114,"A new curriculum focused on critical thinking was introduced at schools in Berlin this term, developed in partnership with Pioneer Research Institute. Teachers reported that students engaged more actively in classroom discussions after the change. The district plans to expand the program district-wide next year.",Schools in Berlin adopt a new critical-thinking curriculum developed with Pioneer Research Institute.,Education,Beginner
1115,"A new clinic backed by Falcon Logistics opened in Kuala Lumpur this month, offering expanded mental health services to residents who previously had limited access to care. The clinic plans to add telehealth appointments in the coming months to reach even more patients.",Falcon Logistics opens a new clinic in Kuala Lumpur expanding mental health access.,Health,Beginner
1116,Researchers at Quantum Innovations in Copenhagen published findings linking regular physical activity to improved long-term memory in older adults. The study followed participants over several years and controlled for factors such as diet and sleep.,Quantum Innovations researchers in Copenhagen link exercise to better long-term memory in older adults.,Health,Intermediate
1117,"A popular streaming series produced by Skyline Real Estate returned for a new season, quickly becoming one of the most watched shows filmed partly in Mumbai. The season introduced several new characters while resolving major storylines from previous episodes.","Skyline Real Estate's streaming series, filmed partly in Mumbai, returns for a well-received season.",Entertainment,Intermediate
1118,"David Baker broke a long-standing record at the regional championships, finishing well ahead of the competition. Coaches say months of intense training contributed to the milestone performance, which has drawn attention from national scouts.",David Baker sets a new regional record after months of intense training.,Sports,Intermediate
1119,"A new clinic backed by Ironwood Steel Works opened in Manila this month, offering expanded mental health services to residents who previously had limited access to care. The clinic plans to add telehealth appointments in the coming months to reach even more patients.",Ironwood Steel Works opens a new clinic in Manila expanding mental health access.,Health,Intermediate
1120,"Scientists at Maple Street School District in Cairo announced the discovery of a new material that conducts electricity far more efficiently than existing alternatives. The breakthrough could eventually lead to more efficient batteries and electronics, though commercial use is still years away.",Maple Street School District scientists in Cairo discover a highly efficient new conductive material.,Science,Beginner
1121,Developers at Aurora Data Systems released an update addressing several security vulnerabilities discovered in their smartphone. The patch also introduces performance improvements and a redesigned interface. Users are encouraged to update as soon as possible to avoid potential risks.,Aurora Data Systems releases a security and performance update for its smartphone.,Technology,Intermediate
1122,"A research team at Aurora Data Systems based in Vancouver published new data on shifting migration patterns among several bird species, linking the changes to rising temperatures. The findings add to a growing body of evidence about climate change's effects on wildlife.",Aurora Data Systems researchers in Vancouver link changing bird migration patterns to rising temperatures.,Science,Intermediate
1123,"Tom Lewis broke a long-standing record at the regional championships, finishing well ahead of the competition. Coaches say months of intense training contributed to the milestone performance, which has drawn attention from national scouts.",Tom Lewis sets a new regional record after months of intense training.,Sports,Intermediate
1124,Coastal Insurance Co. announced a new scholarship program aimed at supporting students from underrepresented backgrounds in Cape Town. The program will cover tuition and provide mentorship opportunities for selected recipients starting next semester. Officials hope the initiative will improve graduation rates.,Coastal Insurance Co. launches a scholarship and mentorship program to support underrepresented students in Cape Town.,Education,Beginner
1125,"Daniel Rossi broke a long-standing record at the regional championships, finishing well ahead of the competition. Coaches say months of intense training contributed to the milestone performance, which has drawn attention from national scouts.",Daniel Rossi sets a new regional record after months of intense training.,Sports,Intermediate
1126,"A new clinic backed by Pioneer Research Institute opened in Dublin this month, offering expanded mental health services to residents who previously had limited access to care. The clinic plans to add telehealth appointments in the coming months to reach even more patients.",Pioneer Research Institute opens a new clinic in Dublin expanding mental health access.,Health,Intermediate
1127,"Mark Silva broke a long-standing record at the regional championships, finishing well ahead of the competition. Coaches say months of intense training contributed to the milestone performance, which has drawn attention from national scouts.",Mark Silva sets a new regional record after months of intense training.,Sports,Intermediate
1128,"A new direct flight route between Warsaw and a major international hub was announced by Skyline Real Estate this week, expected to cut travel time significantly for business and leisure travelers alike. The airline said tickets will go on sale next month.","Skyline Real Estate announces a new direct flight to Warsaw, promising shorter travel times.",Travel,Advanced
1129,"Daniel Yamamoto broke a long-standing record at the regional championships, finishing well ahead of the competition. Coaches say months of intense training contributed to the milestone performance, which has drawn attention from national scouts.",Daniel Yamamoto sets a new regional record after months of intense training.,Sports,Intermediate
1130,"A popular streaming series produced by Ironwood Steel Works returned for a new season, quickly becoming one of the most watched shows filmed partly in Lisbon. The season introduced several new characters while resolving major storylines from previous episodes.","Ironwood Steel Works's streaming series, filmed partly in Lisbon, returns for a well-received season.",Entertainment,Beginner
1131,"Tourism officials in Prague, working with Evergreen Energy Co., launched a campaign encouraging visitors to explore lesser-known neighborhoods during the off-season. Local businesses hope the initiative will help spread tourism revenue more evenly throughout the year.",Prague and Evergreen Energy Co. launch a campaign promoting off-season tourism to local neighborhoods.,Travel,Intermediate
1132,Researchers at Riverside Bank in Zurich published findings linking regular physical activity to improved long-term memory in older adults. The study followed participants over several years and controlled for factors such as diet and sleep.,Riverside Bank researchers in Zurich link exercise to better long-term memory in older adults.,Health,Intermediate
1133,"A popular streaming series produced by Maple Street School District returned for a new season, quickly becoming one of the most watched shows filmed partly in Vancouver. The season introduced several new characters while resolving major storylines from previous episodes.","Maple Street School District's streaming series, filmed partly in Vancouver, returns for a well-received season.",Entertainment,Advanced
1134,"The latest film from Golden Gate Retailers broke box office records during its opening weekend in Toronto, exceeding analysts' predictions. Critics praised the film's visual effects and pacing, while fans lined up for early screenings across the region.",Golden Gate Retailers's new film breaks box office records in Toronto and earns critical praise.,Entertainment,Intermediate
1135,"A new direct flight route between Jakarta and a major international hub was announced by Riverside Bank this week, expected to cut travel time significantly for business and leisure travelers alike. The airline said tickets will go on sale next month.","Riverside Bank announces a new direct flight to Jakarta, promising shorter travel times.",Travel,Intermediate
1136,Oakwood Publishing House announced a new scholarship program aimed at supporting students from underrepresented backgrounds in Edinburgh. The program will cover tuition and provide mentorship opportunities for selected recipients starting next semester. Officials hope the initiative will improve graduation rates.,Oakwood Publishing House launches a scholarship and mentorship program to support underrepresented students in Edinburgh.,Education,Intermediate
1137,"A merger between NextGen Software Labs and a major firm in Amsterdam is expected to close by the end of the year, according to sources close to the deal. Analysts say the combined company could become one of the largest players in its industry.",NextGen Software Labs and a major firm in Amsterdam move toward a merger set to close by year end.,Business,Intermediate
1138,"Scientists at Zenith Pharmaceuticals in Berlin announced the discovery of a new material that conducts electricity far more efficiently than existing alternatives. The breakthrough could eventually lead to more efficient batteries and electronics, though commercial use is still years away.",Zenith Pharmaceuticals scientists in Berlin discover a highly efficient new conductive material.,Science,Intermediate
1139,"Union Manufacturing Corp. reported stronger than expected quarterly earnings from its Warsaw division, driven largely by growth in overseas markets. Executives credited the results to a recent expansion strategy and increased demand for the company's core products. Investors responded positively to the announcement.",Union Manufacturing Corp.'s Warsaw division posts strong quarterly earnings due to overseas growth.,Business,Intermediate
1140,"Scientists at Global Trade Partners in Denver announced the discovery of a new material that conducts electricity far more efficiently than existing alternatives. The breakthrough could eventually lead to more efficient batteries and electronics, though commercial use is still years away.",Global Trade Partners scientists in Denver discover a highly efficient new conductive material.,Science,Beginner
1141,"Chen Fernandez broke a long-standing record at the regional championships, finishing well ahead of the competition. Coaches say months of intense training contributed to the milestone performance, which has drawn attention from national scouts.",Chen Fernandez sets a new regional record after months of intense training.,Sports,Advanced
1142,"Evergreen Energy Co. unveiled a new smartphone this week, claiming it delivers significantly faster performance than earlier models. Engineers spent over a year refining the design after receiving feedback from beta testers, and the company expects the product to reach store shelves by November. Analysts believe the launch could strengthen Evergreen Energy Co.'s position against rival firms.","Evergreen Energy Co. launches a new smartphone after a year of development, aiming to outperform earlier models.",Technology,Advanced
1143,Global Trade Partners announced a new scholarship program aimed at supporting students from underrepresented backgrounds in Copenhagen. The program will cover tuition and provide mentorship opportunities for selected recipients starting next semester. Officials hope the initiative will improve graduation rates.,Global Trade Partners launches a scholarship and mentorship program to support underrepresented students in Copenhagen.,Education,Beginner
1144,"Amara Patel broke a long-standing record at the regional championships, finishing well ahead of the competition. Coaches say months of intense training contributed to the milestone performance, which has drawn attention from national scouts.",Amara Patel sets a new regional record after months of intense training.,Sports,Intermediate
1145,"A new clinic backed by Blue Horizon Airlines opened in Kuala Lumpur this month, offering expanded mental health services to residents who previously had limited access to care. The clinic plans to add telehealth appointments in the coming months to reach even more patients.",Blue Horizon Airlines opens a new clinic in Kuala Lumpur expanding mental health access.,Health,Intermediate
1146,"A merger between Quantum Innovations and a major firm in Vancouver is expected to close by the end of the year, according to sources close to the deal. Analysts say the combined company could become one of the largest players in its industry.",Quantum Innovations and a major firm in Vancouver move toward a merger set to close by year end.,Business,Beginner
1147,"Redstone Consulting reported stronger than expected quarterly earnings from its Denver division, driven largely by growth in overseas markets. Executives credited the results to a recent expansion strategy and increased demand for the company's core products. Investors responded positively to the announcement.",Redstone Consulting's Denver division posts strong quarterly earnings due to overseas growth.,Business,Advanced
1148,"Tourism officials in Buenos Aires, working with Blue Horizon Airlines, launched a campaign encouraging visitors to explore lesser-known neighborhoods during the off-season. Local businesses hope the initiative will help spread tourism revenue more evenly throughout the year.",Buenos Aires and Blue Horizon Airlines launch a campaign promoting off-season tourism to local neighborhoods.,Travel,Intermediate
1149,"Coastal Insurance Co. unveiled a new fitness tracker this week, claiming it delivers significantly faster performance than earlier models. Engineers spent over a year refining the design after receiving feedback from beta testers, and the company expects the product to reach store shelves by November. Analysts believe the launch could strengthen Coastal Insurance Co.'s position against rival firms.","Coastal Insurance Co. launches a new fitness tracker after a year of development, aiming to outperform earlier models.",Technology,Advanced
1150,"A new curriculum focused on critical thinking was introduced at schools in Helsinki this term, developed in partnership with NextGen Software Labs. Teachers reported that students engaged more actively in classroom discussions after the change. The district plans to expand the program district-wide next year.",Schools in Helsinki adopt a new critical-thinking curriculum developed with NextGen Software Labs.,Education,Beginner
1151,NextGen Software Labs announced a new scholarship program aimed at supporting students from underrepresented backgrounds in Mumbai. The program will cover tuition and provide mentorship opportunities for selected recipients starting next semester. Officials hope the initiative will improve graduation rates.,NextGen Software Labs launches a scholarship and mentorship program to support underrepresented students in Mumbai.,Education,Advanced
1152,"A new curriculum focused on critical thinking was introduced at schools in Marrakesh this term, developed in partnership with Aurora Data Systems. Teachers reported that students engaged more actively in classroom discussions after the change. The district plans to expand the program district-wide next year.",Schools in Marrakesh adopt a new critical-thinking curriculum developed with Aurora Data Systems.,Education,Intermediate
1153,"Tourism officials in Toronto, working with Redstone Consulting, launched a campaign encouraging visitors to explore lesser-known neighborhoods during the off-season. Local businesses hope the initiative will help spread tourism revenue more evenly throughout the year.",Toronto and Redstone Consulting launch a campaign promoting off-season tourism to local neighborhoods.,Travel,Beginner
1154,"A popular streaming series produced by Quantum Innovations returned for a new season, quickly becoming one of the most watched shows filmed partly in Amsterdam. The season introduced several new characters while resolving major storylines from previous episodes.","Quantum Innovations's streaming series, filmed partly in Amsterdam, returns for a well-received season.",Entertainment,Advanced
1155,Oakwood Publishing House announced a new scholarship program aimed at supporting students from underrepresented backgrounds in Lisbon. The program will cover tuition and provide mentorship opportunities for selected recipients starting next semester. Officials hope the initiative will improve graduation rates.,Oakwood Publishing House launches a scholarship and mentorship program to support underrepresented students in Lisbon.,Education,Intermediate
1156,"David Osei broke a long-standing record at the regional championships, finishing well ahead of the competition. Coaches say months of intense training contributed to the milestone performance, which has drawn attention from national scouts.",David Osei sets a new regional record after months of intense training.,Sports,Beginner
1157,"Global Trade Partners reported stronger than expected quarterly earnings from its Mumbai division, driven largely by growth in overseas markets. Executives credited the results to a recent expansion strategy and increased demand for the company's core products. Investors responded positively to the announcement.",Global Trade Partners's Mumbai division posts strong quarterly earnings due to overseas growth.,Business,Intermediate
1158,"A research team at Delta Cloud Services based in Toronto published new data on shifting migration patterns among several bird species, linking the changes to rising temperatures. The findings add to a growing body of evidence about climate change's effects on wildlife.",Delta Cloud Services researchers in Toronto link changing bird migration patterns to rising temperatures.,Science,Advanced
1159,"Crescent Media Group unveiled a new home assistant device this week, claiming it delivers significantly faster performance than earlier models. Engineers spent over a year refining the design after receiving feedback from beta testers, and the company expects the product to reach store shelves by January. Analysts believe the launch could strengthen Crescent Media Group's position against rival firms.","Crescent Media Group launches a new home assistant device after a year of development, aiming to outperform earlier models.",Technology,Advanced
1160,"Tourism officials in Vancouver, working with NextGen Software Labs, launched a campaign encouraging visitors to explore lesser-known neighborhoods during the off-season. Local businesses hope the initiative will help spread tourism revenue more evenly throughout the year.",Vancouver and NextGen Software Labs launch a campaign promoting off-season tourism to local neighborhoods.,Travel,Beginner
1161,"A new curriculum focused on critical thinking was introduced at schools in Toronto this term, developed in partnership with Quantum Innovations. Teachers reported that students engaged more actively in classroom discussions after the change. The district plans to expand the program district-wide next year.",Schools in Toronto adopt a new critical-thinking curriculum developed with Quantum Innovations.,Education,Advanced
1162,"A new clinic backed by Brightline Technologies opened in Dublin this month, offering expanded mental health services to residents who previously had limited access to care. The clinic plans to add telehealth appointments in the coming months to reach even more patients.",Brightline Technologies opens a new clinic in Dublin expanding mental health access.,Health,Beginner
1163,"Union Manufacturing Corp. reported stronger than expected quarterly earnings from its Dublin division, driven largely by growth in overseas markets. Executives credited the results to a recent expansion strategy and increased demand for the company's core products. Investors responded positively to the announcement.",Union Manufacturing Corp.'s Dublin division posts strong quarterly earnings due to overseas growth.,Business,Intermediate
1164,"Maple Street School District reported stronger than expected quarterly earnings from its Bangkok division, driven largely by growth in overseas markets. Executives credited the results to a recent expansion strategy and increased demand for the company's core products. Investors responded positively to the announcement.",Maple Street School District's Bangkok division posts strong quarterly earnings due to overseas growth.,Business,Intermediate
1165,"Ironwood Steel Works unveiled a new tablet this week, claiming it delivers significantly faster performance than earlier models. Engineers spent over a year refining the design after receiving feedback from beta testers, and the company expects the product to reach store shelves by July. Analysts believe the launch could strengthen Ironwood Steel Works's position against rival firms.","Ironwood Steel Works launches a new tablet after a year of development, aiming to outperform earlier models.",Technology,Beginner
1166,"Global Trade Partners unveiled a new home assistant device this week, claiming it delivers significantly faster performance than earlier models. Engineers spent over a year refining the design after receiving feedback from beta testers, and the company expects the product to reach store shelves by March. Analysts believe the launch could strengthen Global Trade Partners's position against rival firms.","Global Trade Partners launches a new home assistant device after a year of development, aiming to outperform earlier models.",Technology,Intermediate
1167,Developers at Vertex Analytics released an update addressing several security vulnerabilities discovered in their smart speaker. The patch also introduces performance improvements and a redesigned interface. Users are encouraged to update as soon as possible to avoid potential risks.,Vertex Analytics releases a security and performance update for its smart speaker.,Technology,Beginner
1168,"Tourism officials in Stockholm, working with Harborview College, launched a campaign encouraging visitors to explore lesser-known neighborhoods during the off-season. Local businesses hope the initiative will help spread tourism revenue more evenly throughout the year.",Stockholm and Harborview College launch a campaign promoting off-season tourism to local neighborhoods.,Travel,Intermediate
1169,"A new curriculum focused on critical thinking was introduced at schools in Prague this term, developed in partnership with Delta Cloud Services. Teachers reported that students engaged more actively in classroom discussions after the change. The district plans to expand the program district-wide next year.",Schools in Prague adopt a new critical-thinking curriculum developed with Delta Cloud Services.,Education,Intermediate
1170,"Ironwood Steel Works unveiled a new smart speaker this week, claiming it delivers significantly faster performance than earlier models. Engineers spent over a year refining the design after receiving feedback from beta testers, and the company expects the product to reach store shelves by September. Analysts believe the launch could strengthen Ironwood Steel Works's position against rival firms.","Ironwood Steel Works launches a new smart speaker after a year of development, aiming to outperform earlier models.",Technology,Intermediate
1171,"A merger between Summit Robotics Inc. and a major firm in Mumbai is expected to close by the end of the year, according to sources close to the deal. Analysts say the combined company could become one of the largest players in its industry.",Summit Robotics Inc. and a major firm in Mumbai move toward a merger set to close by year end.,Business,Advanced
1172,"Coastal Insurance Co. unveiled a new fitness tracker this week, claiming it delivers significantly faster performance than earlier models. Engineers spent over a year refining the design after receiving feedback from beta testers, and the company expects the product to reach store shelves by September. Analysts believe the launch could strengthen Coastal Insurance Co.'s position against rival firms.","Coastal Insurance Co. launches a new fitness tracker after a year of development, aiming to outperform earlier models.",Technology,Intermediate
1173,"Felix Johansson broke a long-standing record at the regional championships, finishing well ahead of the competition. Coaches say months of intense training contributed to the milestone performance, which has drawn attention from national scouts.",Felix Johansson sets a new regional record after months of intense training.,Sports,Advanced
1174,"Scientists at Golden Gate Retailers in Copenhagen announced the discovery of a new material that conducts electricity far more efficiently than existing alternatives. The breakthrough could eventually lead to more efficient batteries and electronics, though commercial use is still years away.",Golden Gate Retailers scientists in Copenhagen discover a highly efficient new conductive material.,Science,Advanced
1175,Coastal Insurance Co. announced a new scholarship program aimed at supporting students from underrepresented backgrounds in Kuala Lumpur. The program will cover tuition and provide mentorship opportunities for selected recipients starting next semester. Officials hope the initiative will improve graduation rates.,Coastal Insurance Co. launches a scholarship and mentorship program to support underrepresented students in Kuala Lumpur.,Education,Beginner
1176,Researchers at Pioneer Research Institute in Santiago published findings linking regular physical activity to improved long-term memory in older adults. The study followed participants over several years and controlled for factors such as diet and sleep.,Pioneer Research Institute researchers in Santiago link exercise to better long-term memory in older adults.,Health,Intermediate
1177,"Ibrahim Patel broke a long-standing record at the regional championships, finishing well ahead of the competition. Coaches say months of intense training contributed to the milestone performance, which has drawn attention from national scouts.",Ibrahim Patel sets a new regional record after months of intense training.,Sports,Intermediate
1178,"A new curriculum focused on critical thinking was introduced at schools in Melbourne this term, developed in partnership with Crescent Media Group. Teachers reported that students engaged more actively in classroom discussions after the change. The district plans to expand the program district-wide next year.",Schools in Melbourne adopt a new critical-thinking curriculum developed with Crescent Media Group.,Education,Intermediate
1179,"George Costa broke a long-standing record at the regional championships, finishing well ahead of the competition. Coaches say months of intense training contributed to the milestone performance, which has drawn attention from national scouts.",George Costa sets a new regional record after months of intense training.,Sports,Beginner
1180,"Tourism officials in Lisbon, working with Falcon Logistics, launched a campaign encouraging visitors to explore lesser-known neighborhoods during the off-season. Local businesses hope the initiative will help spread tourism revenue more evenly throughout the year.",Lisbon and Falcon Logistics launch a campaign promoting off-season tourism to local neighborhoods.,Travel,Intermediate
1181,"A new clinic backed by Evergreen Energy Co. opened in Melbourne this month, offering expanded mental health services to residents who previously had limited access to care. The clinic plans to add telehealth appointments in the coming months to reach even more patients.",Evergreen Energy Co. opens a new clinic in Melbourne expanding mental health access.,Health,Intermediate
1182,Researchers at Silverline Motors in Osaka published findings linking regular physical activity to improved long-term memory in older adults. The study followed participants over several years and controlled for factors such as diet and sleep.,Silverline Motors researchers in Osaka link exercise to better long-term memory in older adults.,Health,Beginner
1183,Researchers at Vertex Analytics in Austin published findings linking regular physical activity to improved long-term memory in older adults. The study followed participants over several years and controlled for factors such as diet and sleep.,Vertex Analytics researchers in Austin link exercise to better long-term memory in older adults.,Health,Beginner
1184,Northfield University announced a new scholarship program aimed at supporting students from underrepresented backgrounds in Jakarta. The program will cover tuition and provide mentorship opportunities for selected recipients starting next semester. Officials hope the initiative will improve graduation rates.,Northfield University launches a scholarship and mentorship program to support underrepresented students in Jakarta.,Education,Advanced
1185,"Coastal Insurance Co. unveiled a new smart speaker this week, claiming it delivers significantly faster performance than earlier models. Engineers spent over a year refining the design after receiving feedback from beta testers, and the company expects the product to reach store shelves by March. Analysts believe the launch could strengthen Coastal Insurance Co.'s position against rival firms.","Coastal Insurance Co. launches a new smart speaker after a year of development, aiming to outperform earlier models.",Technology,Advanced
1186,Developers at Meridian Financial Group released an update addressing several security vulnerabilities discovered in their laptop. The patch also introduces performance improvements and a redesigned interface. Users are encouraged to update as soon as possible to avoid potential risks.,Meridian Financial Group releases a security and performance update for its laptop.,Technology,Advanced
1187,"A new clinic backed by Northfield University opened in Austin this month, offering expanded mental health services to residents who previously had limited access to care. The clinic plans to add telehealth appointments in the coming months to reach even more patients.",Northfield University opens a new clinic in Austin expanding mental health access.,Health,Beginner
1188,"The Manila team secured a dramatic victory in the final minutes of the match, coming from behind after trailing for most of the game. Fans credited the comeback to a change in strategy made by the coach at halftime. The win moves the team closer to a spot in the playoffs.","The Manila team completes a late comeback win, boosting its playoff chances.",Sports,Advanced
1189,"Hana Suzuki broke a long-standing record at the regional championships, finishing well ahead of the competition. Coaches say months of intense training contributed to the milestone performance, which has drawn attention from national scouts.",Hana Suzuki sets a new regional record after months of intense training.,Sports,Advanced
1190,Ironwood Steel Works announced a new scholarship program aimed at supporting students from underrepresented backgrounds in Copenhagen. The program will cover tuition and provide mentorship opportunities for selected recipients starting next semester. Officials hope the initiative will improve graduation rates.,Ironwood Steel Works launches a scholarship and mentorship program to support underrepresented students in Copenhagen.,Education,Intermediate
1191,"A research team at Skyline Real Estate based in Manila published new data on shifting migration patterns among several bird species, linking the changes to rising temperatures. The findings add to a growing body of evidence about climate change's effects on wildlife.",Skyline Real Estate researchers in Manila link changing bird migration patterns to rising temperatures.,Science,Intermediate
1192,"Northfield University reported stronger than expected quarterly earnings from its Copenhagen division, driven largely by growth in overseas markets. Executives credited the results to a recent expansion strategy and increased demand for the company's core products. Investors responded positively to the announcement.",Northfield University's Copenhagen division posts strong quarterly earnings due to overseas growth.,Business,Intermediate
1193,"Tourism officials in Copenhagen, working with Union Manufacturing Corp., launched a campaign encouraging visitors to explore lesser-known neighborhoods during the off-season. Local businesses hope the initiative will help spread tourism revenue more evenly throughout the year.",Copenhagen and Union Manufacturing Corp. launch a campaign promoting off-season tourism to local neighborhoods.,Travel,Advanced
1194,"A merger between Maple Street School District and a major firm in Seoul is expected to close by the end of the year, according to sources close to the deal. Analysts say the combined company could become one of the largest players in its industry.",Maple Street School District and a major firm in Seoul move toward a merger set to close by year end.,Business,Beginner
1195,"A merger between BrightFuture Foundation and a major firm in Warsaw is expected to close by the end of the year, according to sources close to the deal. Analysts say the combined company could become one of the largest players in its industry.",BrightFuture Foundation and a major firm in Warsaw move toward a merger set to close by year end.,Business,Advanced
1196,Oakwood Publishing House announced a new scholarship program aimed at supporting students from underrepresented backgrounds in Seoul. The program will cover tuition and provide mentorship opportunities for selected recipients starting next semester. Officials hope the initiative will improve graduation rates.,Oakwood Publishing House launches a scholarship and mentorship program to support underrepresented students in Seoul.,Education,Intermediate
1197,"Scientists at Skyline Real Estate in Toronto announced the discovery of a new material that conducts electricity far more efficiently than existing alternatives. The breakthrough could eventually lead to more efficient batteries and electronics, though commercial use is still years away.",Skyline Real Estate scientists in Toronto discover a highly efficient new conductive material.,Science,Intermediate
1198,"Tourism officials in Amsterdam, working with Skyline Real Estate, launched a campaign encouraging visitors to explore lesser-known neighborhoods during the off-season. Local businesses hope the initiative will help spread tourism revenue more evenly throughout the year.",Amsterdam and Skyline Real Estate launch a campaign promoting off-season tourism to local neighborhoods.,Travel,Beginner
1199,"Mei Wright broke a long-standing record at the regional championships, finishing well ahead of the competition. Coaches say months of intense training contributed to the milestone performance, which has drawn attention from national scouts.",Mei Wright sets a new regional record after months of intense training.,Sports,Advanced
1200,"A new curriculum focused on critical thinking was introduced at schools in Dublin this term, developed in partnership with Golden Gate Retailers. Teachers reported that students engaged more actively in classroom discussions after the change. The district plans to expand the program district-wide next year.",Schools in Dublin adopt a new critical-thinking curriculum developed with Golden Gate Retailers.,Education,Intermediate
1201,"A new direct flight route between Kuala Lumpur and a major international hub was announced by Blue Horizon Airlines this week, expected to cut travel time significantly for business and leisure travelers alike. The airline said tickets will go on sale next month.","Blue Horizon Airlines announces a new direct flight to Kuala Lumpur, promising shorter travel times.",Travel,Beginner
1202,"A new clinic backed by Delta Cloud Services opened in Bangkok this month, offering expanded mental health services to residents who previously had limited access to care. The clinic plans to add telehealth appointments in the coming months to reach even more patients.",Delta Cloud Services opens a new clinic in Bangkok expanding mental health access.,Health,Advanced
1203,Golden Gate Retailers announced a new scholarship program aimed at supporting students from underrepresented backgrounds in Denver. The program will cover tuition and provide mentorship opportunities for selected recipients starting next semester. Officials hope the initiative will improve graduation rates.,Golden Gate Retailers launches a scholarship and mentorship program to support underrepresented students in Denver.,Education,Beginner
1204,"A new direct flight route between Manila and a major international hub was announced by Global Trade Partners this week, expected to cut travel time significantly for business and leisure travelers alike. The airline said tickets will go on sale next month.","Global Trade Partners announces a new direct flight to Manila, promising shorter travel times.",Travel,Advanced
1205,"A new curriculum focused on critical thinking was introduced at schools in Warsaw this term, developed in partnership with Meridian Financial Group. Teachers reported that students engaged more actively in classroom discussions after the change. The district plans to expand the program district-wide next year.",Schools in Warsaw adopt a new critical-thinking curriculum developed with Meridian Financial Group.,Education,Beginner
1206,"Elena Dubois broke a long-standing record at the regional championships, finishing well ahead of the competition. Coaches say months of intense training contributed to the milestone performance, which has drawn attention from national scouts.",Elena Dubois sets a new regional record after months of intense training.,Sports,Intermediate
1207,"Ironwood Steel Works unveiled a new tablet this week, claiming it delivers significantly faster performance than earlier models. Engineers spent over a year refining the design after receiving feedback from beta testers, and the company expects the product to reach store shelves by November. Analysts believe the launch could strengthen Ironwood Steel Works's position against rival firms.","Ironwood Steel Works launches a new tablet after a year of development, aiming to outperform earlier models.",Technology,Intermediate
1208,"Hassan Costa broke a long-standing record at the regional championships, finishing well ahead of the competition. Coaches say months of intense training contributed to the milestone performance, which has drawn attention from national scouts.",Hassan Costa sets a new regional record after months of intense training.,Sports,Advanced
1209,"The latest film from Brightline Technologies broke box office records during its opening weekend in Vancouver, exceeding analysts' predictions. Critics praised the film's visual effects and pacing, while fans lined up for early screenings across the region.",Brightline Technologies's new film breaks box office records in Vancouver and earns critical praise.,Entertainment,Intermediate
1210,Developers at Delta Cloud Services released an update addressing several security vulnerabilities discovered in their fitness tracker. The patch also introduces performance improvements and a redesigned interface. Users are encouraged to update as soon as possible to avoid potential risks.,Delta Cloud Services releases a security and performance update for its fitness tracker.,Technology,Advanced
1211,"Tourism officials in Berlin, working with Ironwood Steel Works, launched a campaign encouraging visitors to explore lesser-known neighborhoods during the off-season. Local businesses hope the initiative will help spread tourism revenue more evenly throughout the year.",Berlin and Ironwood Steel Works launch a campaign promoting off-season tourism to local neighborhoods.,Travel,Intermediate
1212,"Lakeside Medical Center reported stronger than expected quarterly earnings from its Amsterdam division, driven largely by growth in overseas markets. Executives credited the results to a recent expansion strategy and increased demand for the company's core products. Investors responded positively to the announcement.",Lakeside Medical Center's Amsterdam division posts strong quarterly earnings due to overseas growth.,Business,Advanced
1213,Evergreen Energy Co. announced a new scholarship program aimed at supporting students from underrepresented backgrounds in Edinburgh. The program will cover tuition and provide mentorship opportunities for selected recipients starting next semester. Officials hope the initiative will improve graduation rates.,Evergreen Energy Co. launches a scholarship and mentorship program to support underrepresented students in Edinburgh.,Education,Beginner
1214,"A popular streaming series produced by Northfield University returned for a new season, quickly becoming one of the most watched shows filmed partly in Wellington. The season introduced several new characters while resolving major storylines from previous episodes.","Northfield University's streaming series, filmed partly in Wellington, returns for a well-received season.",Entertainment,Intermediate
1215,"A merger between BrightFuture Foundation and a major firm in Prague is expected to close by the end of the year, according to sources close to the deal. Analysts say the combined company could become one of the largest players in its industry.",BrightFuture Foundation and a major firm in Prague move toward a merger set to close by year end.,Business,Beginner
1216,"Tourism officials in Zurich, working with Ironwood Steel Works, launched a campaign encouraging visitors to explore lesser-known neighborhoods during the off-season. Local businesses hope the initiative will help spread tourism revenue more evenly throughout the year.",Zurich and Ironwood Steel Works launch a campaign promoting off-season tourism to local neighborhoods.,Travel,Advanced
1217,"Evergreen Energy Co. reported stronger than expected quarterly earnings from its Mumbai division, driven largely by growth in overseas markets. Executives credited the results to a recent expansion strategy and increased demand for the company's core products. Investors responded positively to the announcement.",Evergreen Energy Co.'s Mumbai division posts strong quarterly earnings due to overseas growth.,Business,Beginner
1218,"A research team at Ironwood Steel Works based in Santiago published new data on shifting migration patterns among several bird species, linking the changes to rising temperatures. The findings add to a growing body of evidence about climate change's effects on wildlife.",Ironwood Steel Works researchers in Santiago link changing bird migration patterns to rising temperatures.,Science,Intermediate
1219,"A research team at Crescent Media Group based in Cape Town published new data on shifting migration patterns among several bird species, linking the changes to rising temperatures. The findings add to a growing body of evidence about climate change's effects on wildlife.",Crescent Media Group researchers in Cape Town link changing bird migration patterns to rising temperatures.,Science,Intermediate
1220,"Tourism officials in Zurich, working with Evergreen Energy Co., launched a campaign encouraging visitors to explore lesser-known neighborhoods during the off-season. Local businesses hope the initiative will help spread tourism revenue more evenly throughout the year.",Zurich and Evergreen Energy Co. launch a campaign promoting off-season tourism to local neighborhoods.,Travel,Advanced
1221,"Scientists at NextGen Software Labs in Prague announced the discovery of a new material that conducts electricity far more efficiently than existing alternatives. The breakthrough could eventually lead to more efficient batteries and electronics, though commercial use is still years away.",NextGen Software Labs scientists in Prague discover a highly efficient new conductive material.,Science,Intermediate
1222,Riverside Bank announced a new scholarship program aimed at supporting students from underrepresented backgrounds in Warsaw. The program will cover tuition and provide mentorship opportunities for selected recipients starting next semester. Officials hope the initiative will improve graduation rates.,Riverside Bank launches a scholarship and mentorship program to support underrepresented students in Warsaw.,Education,Advanced
1223,"Ironwood Steel Works reported stronger than expected quarterly earnings from its Denver division, driven largely by growth in overseas markets. Executives credited the results to a recent expansion strategy and increased demand for the company's core products. Investors responded positively to the announcement.",Ironwood Steel Works's Denver division posts strong quarterly earnings due to overseas growth.,Business,Intermediate
1224,"Scientists at Riverside Bank in Vancouver announced the discovery of a new material that conducts electricity far more efficiently than existing alternatives. The breakthrough could eventually lead to more efficient batteries and electronics, though commercial use is still years away.",Riverside Bank scientists in Vancouver discover a highly efficient new conductive material.,Science,Beginner
1225,"A merger between Summit Robotics Inc. and a major firm in Berlin is expected to close by the end of the year, according to sources close to the deal. Analysts say the combined company could become one of the largest players in its industry.",Summit Robotics Inc. and a major firm in Berlin move toward a merger set to close by year end.,Business,Beginner
1226,"Harborview College unveiled a new smart speaker this week, claiming it delivers significantly faster performance than earlier models. Engineers spent over a year refining the design after receiving feedback from beta testers, and the company expects the product to reach store shelves by May. Analysts believe the launch could strengthen Harborview College's position against rival firms.","Harborview College launches a new smart speaker after a year of development, aiming to outperform earlier models.",Technology,Intermediate
1227,"A new clinic backed by Lakeside Medical Center opened in Mumbai this month, offering expanded mental health services to residents who previously had limited access to care. The clinic plans to add telehealth appointments in the coming months to reach even more patients.",Lakeside Medical Center opens a new clinic in Mumbai expanding mental health access.,Health,Intermediate
1228,"Scientists at Riverside Bank in Buenos Aires announced the discovery of a new material that conducts electricity far more efficiently than existing alternatives. The breakthrough could eventually lead to more efficient batteries and electronics, though commercial use is still years away.",Riverside Bank scientists in Buenos Aires discover a highly efficient new conductive material.,Science,Intermediate
1229,"A new direct flight route between Denver and a major international hub was announced by Ironwood Steel Works this week, expected to cut travel time significantly for business and leisure travelers alike. The airline said tickets will go on sale next month.","Ironwood Steel Works announces a new direct flight to Denver, promising shorter travel times.",Travel,Intermediate
1230,"A new curriculum focused on critical thinking was introduced at schools in Wellington this term, developed in partnership with Aurora Data Systems. Teachers reported that students engaged more actively in classroom discussions after the change. The district plans to expand the program district-wide next year.",Schools in Wellington adopt a new critical-thinking curriculum developed with Aurora Data Systems.,Education,Beginner
1231,"Lakeside Medical Center reported stronger than expected quarterly earnings from its Stockholm division, driven largely by growth in overseas markets. Executives credited the results to a recent expansion strategy and increased demand for the company's core products. Investors responded positively to the announcement.",Lakeside Medical Center's Stockholm division posts strong quarterly earnings due to overseas growth.,Business,Intermediate
1232,"Northfield University reported stronger than expected quarterly earnings from its Edinburgh division, driven largely by growth in overseas markets. Executives credited the results to a recent expansion strategy and increased demand for the company's core products. Investors responded positively to the announcement.",Northfield University's Edinburgh division posts strong quarterly earnings due to overseas growth.,Business,Intermediate
1233,"Charlotte Wright broke a long-standing record at the regional championships, finishing well ahead of the competition. Coaches say months of intense training contributed to the milestone performance, which has drawn attention from national scouts.",Charlotte Wright sets a new regional record after months of intense training.,Sports,Intermediate
1234,"A new clinic backed by Brightline Technologies opened in Kuala Lumpur this month, offering expanded mental health services to residents who previously had limited access to care. The clinic plans to add telehealth appointments in the coming months to reach even more patients.",Brightline Technologies opens a new clinic in Kuala Lumpur expanding mental health access.,Health,Intermediate
1235,"Sara Walker broke a long-standing record at the regional championships, finishing well ahead of the competition. Coaches say months of intense training contributed to the milestone performance, which has drawn attention from national scouts.",Sara Walker sets a new regional record after months of intense training.,Sports,Beginner
1236,Researchers at Silverline Motors in Edinburgh published findings linking regular physical activity to improved long-term memory in older adults. The study followed participants over several years and controlled for factors such as diet and sleep.,Silverline Motors researchers in Edinburgh link exercise to better long-term memory in older adults.,Health,Intermediate
1237,"A popular streaming series produced by Coastal Insurance Co. returned for a new season, quickly becoming one of the most watched shows filmed partly in Dublin. The season introduced several new characters while resolving major storylines from previous episodes.","Coastal Insurance Co.'s streaming series, filmed partly in Dublin, returns for a well-received season.",Entertainment,Advanced
1238,Maple Street School District announced a new scholarship program aimed at supporting students from underrepresented backgrounds in Copenhagen. The program will cover tuition and provide mentorship opportunities for selected recipients starting next semester. Officials hope the initiative will improve graduation rates.,Maple Street School District launches a scholarship and mentorship program to support underrepresented students in Copenhagen.,Education,Intermediate
1239,Developers at Crescent Media Group released an update addressing several security vulnerabilities discovered in their smart speaker. The patch also introduces performance improvements and a redesigned interface. Users are encouraged to update as soon as possible to avoid potential risks.,Crescent Media Group releases a security and performance update for its smart speaker.,Technology,Advanced
1240,"Maple Street School District unveiled a new tablet this week, claiming it delivers significantly faster performance than earlier models. Engineers spent over a year refining the design after receiving feedback from beta testers, and the company expects the product to reach store shelves by March. Analysts believe the launch could strengthen Maple Street School District's position against rival firms.","Maple Street School District launches a new tablet after a year of development, aiming to outperform earlier models.",Technology,Intermediate
1241,"Tourism officials in Dublin, working with Delta Cloud Services, launched a campaign encouraging visitors to explore lesser-known neighborhoods during the off-season. Local businesses hope the initiative will help spread tourism revenue more evenly throughout the year.",Dublin and Delta Cloud Services launch a campaign promoting off-season tourism to local neighborhoods.,Travel,Intermediate
1242,"The Amsterdam team secured a dramatic victory in the final minutes of the match, coming from behind after trailing for most of the game. Fans credited the comeback to a change in strategy made by the coach at halftime. The win moves the team closer to a spot in the playoffs.","The Amsterdam team completes a late comeback win, boosting its playoff chances.",Sports,Advanced
1243,"Layla Johansson broke a long-standing record at the regional championships, finishing well ahead of the competition. Coaches say months of intense training contributed to the milestone performance, which has drawn attention from national scouts.",Layla Johansson sets a new regional record after months of intense training.,Sports,Beginner
1244,Developers at Cedar Grove Hospital released an update addressing several security vulnerabilities discovered in their tablet. The patch also introduces performance improvements and a redesigned interface. Users are encouraged to update as soon as possible to avoid potential risks.,Cedar Grove Hospital releases a security and performance update for its tablet.,Technology,Beginner
1245,Meridian Financial Group announced a new scholarship program aimed at supporting students from underrepresented backgrounds in Melbourne. The program will cover tuition and provide mentorship opportunities for selected recipients starting next semester. Officials hope the initiative will improve graduation rates.,Meridian Financial Group launches a scholarship and mentorship program to support underrepresented students in Melbourne.,Education,Intermediate
1246,Developers at Pioneer Research Institute released an update addressing several security vulnerabilities discovered in their fitness tracker. The patch also introduces performance improvements and a redesigned interface. Users are encouraged to update as soon as possible to avoid potential risks.,Pioneer Research Institute releases a security and performance update for its fitness tracker.,Technology,Intermediate
1247,"A new clinic backed by Golden Gate Retailers opened in Buenos Aires this month, offering expanded mental health services to residents who previously had limited access to care. The clinic plans to add telehealth appointments in the coming months to reach even more patients.",Golden Gate Retailers opens a new clinic in Buenos Aires expanding mental health access.,Health,Intermediate
1248,"Skyline Real Estate reported stronger than expected quarterly earnings from its Warsaw division, driven largely by growth in overseas markets. Executives credited the results to a recent expansion strategy and increased demand for the company's core products. Investors responded positively to the announcement.",Skyline Real Estate's Warsaw division posts strong quarterly earnings due to overseas growth.,Business,Intermediate
1249,"Scientists at Meridian Financial Group in Berlin announced the discovery of a new material that conducts electricity far more efficiently than existing alternatives. The breakthrough could eventually lead to more efficient batteries and electronics, though commercial use is still years away.",Meridian Financial Group scientists in Berlin discover a highly efficient new conductive material.,Science,Intermediate
1250,Developers at Oakwood Publishing House released an update addressing several security vulnerabilities discovered in their fitness tracker. The patch also introduces performance improvements and a redesigned interface. Users are encouraged to update as soon as possible to avoid potential risks.,Oakwood Publishing House releases a security and performance update for its fitness tracker.,Technology,Advanced
1251,"A new direct flight route between Toronto and a major international hub was announced by Summit Robotics Inc. this week, expected to cut travel time significantly for business and leisure travelers alike. The airline said tickets will go on sale next month.","Summit Robotics Inc. announces a new direct flight to Toronto, promising shorter travel times.",Travel,Intermediate
1252,"A new curriculum focused on critical thinking was introduced at schools in Berlin this term, developed in partnership with Union Manufacturing Corp.. Teachers reported that students engaged more actively in classroom discussions after the change. The district plans to expand the program district-wide next year.",Schools in Berlin adopt a new critical-thinking curriculum developed with Union Manufacturing Corp..,Education,Advanced
1253,"A new curriculum focused on critical thinking was introduced at schools in Osaka this term, developed in partnership with Maple Street School District. Teachers reported that students engaged more actively in classroom discussions after the change. The district plans to expand the program district-wide next year.",Schools in Osaka adopt a new critical-thinking curriculum developed with Maple Street School District.,Education,Advanced
1254,"Felix King broke a long-standing record at the regional championships, finishing well ahead of the competition. Coaches say months of intense training contributed to the milestone performance, which has drawn attention from national scouts.",Felix King sets a new regional record after months of intense training.,Sports,Intermediate
1255,"A merger between Pioneer Research Institute and a major firm in Marrakesh is expected to close by the end of the year, according to sources close to the deal. Analysts say the combined company could become one of the largest players in its industry.",Pioneer Research Institute and a major firm in Marrakesh move toward a merger set to close by year end.,Business,Advanced
1256,"The latest film from Union Manufacturing Corp. broke box office records during its opening weekend in Amsterdam, exceeding analysts' predictions. Critics praised the film's visual effects and pacing, while fans lined up for early screenings across the region.",Union Manufacturing Corp.'s new film breaks box office records in Amsterdam and earns critical praise.,Entertainment,Intermediate
1257,"Delta Cloud Services reported stronger than expected quarterly earnings from its Edinburgh division, driven largely by growth in overseas markets. Executives credited the results to a recent expansion strategy and increased demand for the company's core products. Investors responded positively to the announcement.",Delta Cloud Services's Edinburgh division posts strong quarterly earnings due to overseas growth.,Business,Advanced
1258,"Tourism officials in Cape Town, working with Redstone Consulting, launched a campaign encouraging visitors to explore lesser-known neighborhoods during the off-season. Local businesses hope the initiative will help spread tourism revenue more evenly throughout the year.",Cape Town and Redstone Consulting launch a campaign promoting off-season tourism to local neighborhoods.,Travel,Intermediate
1259,"The latest film from Brightline Technologies broke box office records during its opening weekend in Lisbon, exceeding analysts' predictions. Critics praised the film's visual effects and pacing, while fans lined up for early screenings across the region.",Brightline Technologies's new film breaks box office records in Lisbon and earns critical praise.,Entertainment,Intermediate
1260,"A new curriculum focused on critical thinking was introduced at schools in Cape Town this term, developed in partnership with Oakwood Publishing House. Teachers reported that students engaged more actively in classroom discussions after the change. The district plans to expand the program district-wide next year.",Schools in Cape Town adopt a new critical-thinking curriculum developed with Oakwood Publishing House.,Education,Intermediate
1261,Researchers at Falcon Logistics in Toronto published findings linking regular physical activity to improved long-term memory in older adults. The study followed participants over several years and controlled for factors such as diet and sleep.,Falcon Logistics researchers in Toronto link exercise to better long-term memory in older adults.,Health,Advanced
1262,"Lakeside Medical Center reported stronger than expected quarterly earnings from its Toronto division, driven largely by growth in overseas markets. Executives credited the results to a recent expansion strategy and increased demand for the company's core products. Investors responded positively to the announcement.",Lakeside Medical Center's Toronto division posts strong quarterly earnings due to overseas growth.,Business,Advanced
1263,Developers at Redstone Consulting released an update addressing several security vulnerabilities discovered in their smart speaker. The patch also introduces performance improvements and a redesigned interface. Users are encouraged to update as soon as possible to avoid potential risks.,Redstone Consulting releases a security and performance update for its smart speaker.,Technology,Beginner
1264,"A new clinic backed by Evergreen Energy Co. opened in Berlin this month, offering expanded mental health services to residents who previously had limited access to care. The clinic plans to add telehealth appointments in the coming months to reach even more patients.",Evergreen Energy Co. opens a new clinic in Berlin expanding mental health access.,Health,Intermediate
1265,"Nadia Yamamoto broke a long-standing record at the regional championships, finishing well ahead of the competition. Coaches say months of intense training contributed to the milestone performance, which has drawn attention from national scouts.",Nadia Yamamoto sets a new regional record after months of intense training.,Sports,Beginner
1266,"Redstone Consulting reported stronger than expected quarterly earnings from its Austin division, driven largely by growth in overseas markets. Executives credited the results to a recent expansion strategy and increased demand for the company's core products. Investors responded positively to the announcement.",Redstone Consulting's Austin division posts strong quarterly earnings due to overseas growth.,Business,Beginner
1267,Researchers at Aurora Data Systems in Wellington published findings linking regular physical activity to improved long-term memory in older adults. The study followed participants over several years and controlled for factors such as diet and sleep.,Aurora Data Systems researchers in Wellington link exercise to better long-term memory in older adults.,Health,Intermediate
1268,"Samuel Brown broke a long-standing record at the regional championships, finishing well ahead of the competition. Coaches say months of intense training contributed to the milestone performance, which has drawn attention from national scouts.",Samuel Brown sets a new regional record after months of intense training.,Sports,Beginner
1269,"Julia Ivanov broke a long-standing record at the regional championships, finishing well ahead of the competition. Coaches say months of intense training contributed to the milestone performance, which has drawn attention from national scouts.",Julia Ivanov sets a new regional record after months of intense training.,Sports,Intermediate
1270,"The latest film from Golden Gate Retailers broke box office records during its opening weekend in Edinburgh, exceeding analysts' predictions. Critics praised the film's visual effects and pacing, while fans lined up for early screenings across the region.",Golden Gate Retailers's new film breaks box office records in Edinburgh and earns critical praise.,Entertainment,Intermediate
1271,"A popular streaming series produced by Oakwood Publishing House returned for a new season, quickly becoming one of the most watched shows filmed partly in Dublin. The season introduced several new characters while resolving major storylines from previous episodes.","Oakwood Publishing House's streaming series, filmed partly in Dublin, returns for a well-received season.",Entertainment,Advanced
1272,Researchers at Evergreen Energy Co. in Manila published findings linking regular physical activity to improved long-term memory in older adults. The study followed participants over several years and controlled for factors such as diet and sleep.,Evergreen Energy Co. researchers in Manila link exercise to better long-term memory in older adults.,Health,Beginner
1273,"Scientists at Crescent Media Group in Stockholm announced the discovery of a new material that conducts electricity far more efficiently than existing alternatives. The breakthrough could eventually lead to more efficient batteries and electronics, though commercial use is still years away.",Crescent Media Group scientists in Stockholm discover a highly efficient new conductive material.,Science,Intermediate
1274,"A popular streaming series produced by BrightFuture Foundation returned for a new season, quickly becoming one of the most watched shows filmed partly in Cape Town. The season introduced several new characters while resolving major storylines from previous episodes.","BrightFuture Foundation's streaming series, filmed partly in Cape Town, returns for a well-received season.",Entertainment,Beginner
1275,"Redstone Consulting reported stronger than expected quarterly earnings from its Amsterdam division, driven largely by growth in overseas markets. Executives credited the results to a recent expansion strategy and increased demand for the company's core products. Investors responded positively to the announcement.",Redstone Consulting's Amsterdam division posts strong quarterly earnings due to overseas growth.,Business,Advanced
1276,Crescent Media Group announced a new scholarship program aimed at supporting students from underrepresented backgrounds in Stockholm. The program will cover tuition and provide mentorship opportunities for selected recipients starting next semester. Officials hope the initiative will improve graduation rates.,Crescent Media Group launches a scholarship and mentorship program to support underrepresented students in Stockholm.,Education,Advanced
1277,"A new curriculum focused on critical thinking was introduced at schools in Zurich this term, developed in partnership with NextGen Software Labs. Teachers reported that students engaged more actively in classroom discussions after the change. The district plans to expand the program district-wide next year.",Schools in Zurich adopt a new critical-thinking curriculum developed with NextGen Software Labs.,Education,Beginner
1278,"The latest film from Maple Street School District broke box office records during its opening weekend in Denver, exceeding analysts' predictions. Critics praised the film's visual effects and pacing, while fans lined up for early screenings across the region.",Maple Street School District's new film breaks box office records in Denver and earns critical praise.,Entertainment,Intermediate
1279,"A research team at Riverside Bank based in Zurich published new data on shifting migration patterns among several bird species, linking the changes to rising temperatures. The findings add to a growing body of evidence about climate change's effects on wildlife.",Riverside Bank researchers in Zurich link changing bird migration patterns to rising temperatures.,Science,Intermediate
1280,"A popular streaming series produced by Vertex Analytics returned for a new season, quickly becoming one of the most watched shows filmed partly in Cape Town. The season introduced several new characters while resolving major storylines from previous episodes.","Vertex Analytics's streaming series, filmed partly in Cape Town, returns for a well-received season.",Entertainment,Beginner
1281,"Lakeside Medical Center unveiled a new home assistant device this week, claiming it delivers significantly faster performance than earlier models. Engineers spent over a year refining the design after receiving feedback from beta testers, and the company expects the product to reach store shelves by September. Analysts believe the launch could strengthen Lakeside Medical Center's position against rival firms.","Lakeside Medical Center launches a new home assistant device after a year of development, aiming to outperform earlier models.",Technology,Intermediate
1282,"The latest film from Golden Gate Retailers broke box office records during its opening weekend in Helsinki, exceeding analysts' predictions. Critics praised the film's visual effects and pacing, while fans lined up for early screenings across the region.",Golden Gate Retailers's new film breaks box office records in Helsinki and earns critical praise.,Entertainment,Advanced
1283,"Scientists at Golden Gate Retailers in Austin announced the discovery of a new material that conducts electricity far more efficiently than existing alternatives. The breakthrough could eventually lead to more efficient batteries and electronics, though commercial use is still years away.",Golden Gate Retailers scientists in Austin discover a highly efficient new conductive material.,Science,Beginner
1284,Developers at Silverline Motors released an update addressing several security vulnerabilities discovered in their smartphone. The patch also introduces performance improvements and a redesigned interface. Users are encouraged to update as soon as possible to avoid potential risks.,Silverline Motors releases a security and performance update for its smartphone.,Technology,Intermediate
1285,"Scientists at Lakeside Medical Center in Santiago announced the discovery of a new material that conducts electricity far more efficiently than existing alternatives. The breakthrough could eventually lead to more efficient batteries and electronics, though commercial use is still years away.",Lakeside Medical Center scientists in Santiago discover a highly efficient new conductive material.,Science,Intermediate
1286,"Tourism officials in Bangkok, working with Meridian Financial Group, launched a campaign encouraging visitors to explore lesser-known neighborhoods during the off-season. Local businesses hope the initiative will help spread tourism revenue more evenly throughout the year.",Bangkok and Meridian Financial Group launch a campaign promoting off-season tourism to local neighborhoods.,Travel,Beginner
1287,"A popular streaming series produced by Blue Horizon Airlines returned for a new season, quickly becoming one of the most watched shows filmed partly in Wellington. The season introduced several new characters while resolving major storylines from previous episodes.","Blue Horizon Airlines's streaming series, filmed partly in Wellington, returns for a well-received season.",Entertainment,Beginner
1288,"Crescent Media Group reported stronger than expected quarterly earnings from its Toronto division, driven largely by growth in overseas markets. Executives credited the results to a recent expansion strategy and increased demand for the company's core products. Investors responded positively to the announcement.",Crescent Media Group's Toronto division posts strong quarterly earnings due to overseas growth.,Business,Intermediate
1289,Developers at Falcon Logistics released an update addressing several security vulnerabilities discovered in their home assistant device. The patch also introduces performance improvements and a redesigned interface. Users are encouraged to update as soon as possible to avoid potential risks.,Falcon Logistics releases a security and performance update for its home assistant device.,Technology,Advanced
1290,"The latest film from BrightFuture Foundation broke box office records during its opening weekend in Edinburgh, exceeding analysts' predictions. Critics praised the film's visual effects and pacing, while fans lined up for early screenings across the region.",BrightFuture Foundation's new film breaks box office records in Edinburgh and earns critical praise.,Entertainment,Intermediate
1291,"A new clinic backed by Riverside Bank opened in Melbourne this month, offering expanded mental health services to residents who previously had limited access to care. The clinic plans to add telehealth appointments in the coming months to reach even more patients.",Riverside Bank opens a new clinic in Melbourne expanding mental health access.,Health,Intermediate
1292,Researchers at Quantum Innovations in Amsterdam published findings linking regular physical activity to improved long-term memory in older adults. The study followed participants over several years and controlled for factors such as diet and sleep.,Quantum Innovations researchers in Amsterdam link exercise to better long-term memory in older adults.,Health,Beginner
1293,Researchers at Silverline Motors in Vancouver published findings linking regular physical activity to improved long-term memory in older adults. The study followed participants over several years and controlled for factors such as diet and sleep.,Silverline Motors researchers in Vancouver link exercise to better long-term memory in older adults.,Health,Beginner
1294,"Ravi Wright broke a long-standing record at the regional championships, finishing well ahead of the competition. Coaches say months of intense training contributed to the milestone performance, which has drawn attention from national scouts.",Ravi Wright sets a new regional record after months of intense training.,Sports,Intermediate
1295,"The latest film from Pioneer Research Institute broke box office records during its opening weekend in Seoul, exceeding analysts' predictions. Critics praised the film's visual effects and pacing, while fans lined up for early screenings across the region.",Pioneer Research Institute's new film breaks box office records in Seoul and earns critical praise.,Entertainment,Advanced
1296,"A new direct flight route between Melbourne and a major international hub was announced by Pioneer Research Institute this week, expected to cut travel time significantly for business and leisure travelers alike. The airline said tickets will go on sale next month.","Pioneer Research Institute announces a new direct flight to Melbourne, promising shorter travel times.",Travel,Beginner
1297,"Scientists at Silverline Motors in Melbourne announced the discovery of a new material that conducts electricity far more efficiently than existing alternatives. The breakthrough could eventually lead to more efficient batteries and electronics, though commercial use is still years away.",Silverline Motors scientists in Melbourne discover a highly efficient new conductive material.,Science,Advanced
1298,"Silverline Motors reported stronger than expected quarterly earnings from its Toronto division, driven largely by growth in overseas markets. Executives credited the results to a recent expansion strategy and increased demand for the company's core products. Investors responded positively to the announcement.",Silverline Motors's Toronto division posts strong quarterly earnings due to overseas growth.,Business,Beginner
1299,"A new clinic backed by Blue Horizon Airlines opened in Copenhagen this month, offering expanded mental health services to residents who previously had limited access to care. The clinic plans to add telehealth appointments in the coming months to reach even more patients.",Blue Horizon Airlines opens a new clinic in Copenhagen expanding mental health access.,Health,Advanced
1300,"Evergreen Energy Co. reported stronger than expected quarterly earnings from its Amsterdam division, driven largely by growth in overseas markets. Executives credited the results to a recent expansion strategy and increased demand for the company's core products. Investors responded positively to the announcement.",Evergreen Energy Co.'s Amsterdam division posts strong quarterly earnings due to overseas growth.,Business,Intermediate
1301,Developers at Summit Robotics Inc. released an update addressing several security vulnerabilities discovered in their tablet. The patch also introduces performance improvements and a redesigned interface. Users are encouraged to update as soon as possible to avoid potential risks.,Summit Robotics Inc. releases a security and performance update for its tablet.,Technology,Advanced
1302,Northfield University announced a new scholarship program aimed at supporting students from underrepresented backgrounds in Nairobi. The program will cover tuition and provide mentorship opportunities for selected recipients starting next semester. Officials hope the initiative will improve graduation rates.,Northfield University launches a scholarship and mentorship program to support underrepresented students in Nairobi.,Education,Beginner
1303,Ironwood Steel Works announced a new scholarship program aimed at supporting students from underrepresented backgrounds in Berlin. The program will cover tuition and provide mentorship opportunities for selected recipients starting next semester. Officials hope the initiative will improve graduation rates.,Ironwood Steel Works launches a scholarship and mentorship program to support underrepresented students in Berlin.,Education,Intermediate
1304,"A research team at Delta Cloud Services based in Prague published new data on shifting migration patterns among several bird species, linking the changes to rising temperatures. The findings add to a growing body of evidence about climate change's effects on wildlife.",Delta Cloud Services researchers in Prague link changing bird migration patterns to rising temperatures.,Science,Beginner
1305,"Nina Patel broke a long-standing record at the regional championships, finishing well ahead of the competition. Coaches say months of intense training contributed to the milestone performance, which has drawn attention from national scouts.",Nina Patel sets a new regional record after months of intense training.,Sports,Advanced
1306,"Julia Silva broke a long-standing record at the regional championships, finishing well ahead of the competition. Coaches say months of intense training contributed to the milestone performance, which has drawn attention from national scouts.",Julia Silva sets a new regional record after months of intense training.,Sports,Beginner
1307,"The Osaka team secured a dramatic victory in the final minutes of the match, coming from behind after trailing for most of the game. Fans credited the comeback to a change in strategy made by the coach at halftime. The win moves the team closer to a spot in the playoffs.","The Osaka team completes a late comeback win, boosting its playoff chances.",Sports,Intermediate
1308,"Scientists at Aurora Data Systems in Osaka announced the discovery of a new material that conducts electricity far more efficiently than existing alternatives. The breakthrough could eventually lead to more efficient batteries and electronics, though commercial use is still years away.",Aurora Data Systems scientists in Osaka discover a highly efficient new conductive material.,Science,Advanced
1309,"The latest film from Quantum Innovations broke box office records during its opening weekend in Zurich, exceeding analysts' predictions. Critics praised the film's visual effects and pacing, while fans lined up for early screenings across the region.",Quantum Innovations's new film breaks box office records in Zurich and earns critical praise.,Entertainment,Beginner
1310,"A research team at Quantum Innovations based in Jakarta published new data on shifting migration patterns among several bird species, linking the changes to rising temperatures. The findings add to a growing body of evidence about climate change's effects on wildlife.",Quantum Innovations researchers in Jakarta link changing bird migration patterns to rising temperatures.,Science,Beginner
1311,"Scientists at Riverside Bank in Dublin announced the discovery of a new material that conducts electricity far more efficiently than existing alternatives. The breakthrough could eventually lead to more efficient batteries and electronics, though commercial use is still years away.",Riverside Bank scientists in Dublin discover a highly efficient new conductive material.,Science,Intermediate
1312,"A popular streaming series produced by Falcon Logistics returned for a new season, quickly becoming one of the most watched shows filmed partly in Vancouver. The season introduced several new characters while resolving major storylines from previous episodes.","Falcon Logistics's streaming series, filmed partly in Vancouver, returns for a well-received season.",Entertainment,Beginner
1313,"Hassan Wright broke a long-standing record at the regional championships, finishing well ahead of the competition. Coaches say months of intense training contributed to the milestone performance, which has drawn attention from national scouts.",Hassan Wright sets a new regional record after months of intense training.,Sports,Beginner
1314,"Scientists at Brightline Technologies in Cape Town announced the discovery of a new material that conducts electricity far more efficiently than existing alternatives. The breakthrough could eventually lead to more efficient batteries and electronics, though commercial use is still years away.",Brightline Technologies scientists in Cape Town discover a highly efficient new conductive material.,Science,Intermediate
1315,"A popular streaming series produced by Union Manufacturing Corp. returned for a new season, quickly becoming one of the most watched shows filmed partly in Wellington. The season introduced several new characters while resolving major storylines from previous episodes.","Union Manufacturing Corp.'s streaming series, filmed partly in Wellington, returns for a well-received season.",Entertainment,Advanced
1316,"Coastal Insurance Co. reported stronger than expected quarterly earnings from its Dublin division, driven largely by growth in overseas markets. Executives credited the results to a recent expansion strategy and increased demand for the company's core products. Investors responded positively to the announcement.",Coastal Insurance Co.'s Dublin division posts strong quarterly earnings due to overseas growth.,Business,Advanced
1317,Developers at Union Manufacturing Corp. released an update addressing several security vulnerabilities discovered in their tablet. The patch also introduces performance improvements and a redesigned interface. Users are encouraged to update as soon as possible to avoid potential risks.,Union Manufacturing Corp. releases a security and performance update for its tablet.,Technology,Intermediate
1318,"Brightline Technologies reported stronger than expected quarterly earnings from its Denver division, driven largely by growth in overseas markets. Executives credited the results to a recent expansion strategy and increased demand for the company's core products. Investors responded positively to the announcement.",Brightline Technologies's Denver division posts strong quarterly earnings due to overseas growth.,Business,Advanced
1319,"A merger between Maple Street School District and a major firm in Jakarta is expected to close by the end of the year, according to sources close to the deal. Analysts say the combined company could become one of the largest players in its industry.",Maple Street School District and a major firm in Jakarta move toward a merger set to close by year end.,Business,Beginner
1320,"A merger between Aurora Data Systems and a major firm in Zurich is expected to close by the end of the year, according to sources close to the deal. Analysts say the combined company could become one of the largest players in its industry.",Aurora Data Systems and a major firm in Zurich move toward a merger set to close by year end.,Business,Intermediate
1321,Developers at Falcon Logistics released an update addressing several security vulnerabilities discovered in their fitness tracker. The patch also introduces performance improvements and a redesigned interface. Users are encouraged to update as soon as possible to avoid potential risks.,Falcon Logistics releases a security and performance update for its fitness tracker.,Technology,Advanced
1322,Developers at Northfield University released an update addressing several security vulnerabilities discovered in their smartphone. The patch also introduces performance improvements and a redesigned interface. Users are encouraged to update as soon as possible to avoid potential risks.,Northfield University releases a security and performance update for its smartphone.,Technology,Beginner
1323,Researchers at Skyline Real Estate in Cape Town published findings linking regular physical activity to improved long-term memory in older adults. The study followed participants over several years and controlled for factors such as diet and sleep.,Skyline Real Estate researchers in Cape Town link exercise to better long-term memory in older adults.,Health,Intermediate
1324,"The latest film from Aurora Data Systems broke box office records during its opening weekend in Copenhagen, exceeding analysts' predictions. Critics praised the film's visual effects and pacing, while fans lined up for early screenings across the region.",Aurora Data Systems's new film breaks box office records in Copenhagen and earns critical praise.,Entertainment,Beginner
1325,"Tourism officials in Austin, working with BrightFuture Foundation, launched a campaign encouraging visitors to explore lesser-known neighborhoods during the off-season. Local businesses hope the initiative will help spread tourism revenue more evenly throughout the year.",Austin and BrightFuture Foundation launch a campaign promoting off-season tourism to local neighborhoods.,Travel,Intermediate
1326,"Scientists at Ironwood Steel Works in Jakarta announced the discovery of a new material that conducts electricity far more efficiently than existing alternatives. The breakthrough could eventually lead to more efficient batteries and electronics, though commercial use is still years away.",Ironwood Steel Works scientists in Jakarta discover a highly efficient new conductive material.,Science,Advanced
1327,"Scientists at Union Manufacturing Corp. in Seoul announced the discovery of a new material that conducts electricity far more efficiently than existing alternatives. The breakthrough could eventually lead to more efficient batteries and electronics, though commercial use is still years away.",Union Manufacturing Corp. scientists in Seoul discover a highly efficient new conductive material.,Science,Beginner
1328,Researchers at Evergreen Energy Co. in Zurich published findings linking regular physical activity to improved long-term memory in older adults. The study followed participants over several years and controlled for factors such as diet and sleep.,Evergreen Energy Co. researchers in Zurich link exercise to better long-term memory in older adults.,Health,Beginner
1329,"A research team at Vertex Analytics based in Zurich published new data on shifting migration patterns among several bird species, linking the changes to rising temperatures. The findings add to a growing body of evidence about climate change's effects on wildlife.",Vertex Analytics researchers in Zurich link changing bird migration patterns to rising temperatures.,Science,Advanced
1330,"A new direct flight route between Mumbai and a major international hub was announced by Cedar Grove Hospital this week, expected to cut travel time significantly for business and leisure travelers alike. The airline said tickets will go on sale next month.","Cedar Grove Hospital announces a new direct flight to Mumbai, promising shorter travel times.",Travel,Advanced
1331,"Tourism officials in Mumbai, working with Crescent Media Group, launched a campaign encouraging visitors to explore lesser-known neighborhoods during the off-season. Local businesses hope the initiative will help spread tourism revenue more evenly throughout the year.",Mumbai and Crescent Media Group launch a campaign promoting off-season tourism to local neighborhoods.,Travel,Intermediate
1332,"A new clinic backed by Pioneer Research Institute opened in Edinburgh this month, offering expanded mental health services to residents who previously had limited access to care. The clinic plans to add telehealth appointments in the coming months to reach even more patients.",Pioneer Research Institute opens a new clinic in Edinburgh expanding mental health access.,Health,Beginner
1333,"Scientists at Oakwood Publishing House in Stockholm announced the discovery of a new material that conducts electricity far more efficiently than existing alternatives. The breakthrough could eventually lead to more efficient batteries and electronics, though commercial use is still years away.",Oakwood Publishing House scientists in Stockholm discover a highly efficient new conductive material.,Science,Beginner
1334,"A new direct flight route between Seoul and a major international hub was announced by Union Manufacturing Corp. this week, expected to cut travel time significantly for business and leisure travelers alike. The airline said tickets will go on sale next month.","Union Manufacturing Corp. announces a new direct flight to Seoul, promising shorter travel times.",Travel,Intermediate
1335,"A new direct flight route between Osaka and a major international hub was announced by Global Trade Partners this week, expected to cut travel time significantly for business and leisure travelers alike. The airline said tickets will go on sale next month.","Global Trade Partners announces a new direct flight to Osaka, promising shorter travel times.",Travel,Intermediate
1336,"A new curriculum focused on critical thinking was introduced at schools in Wellington this term, developed in partnership with Ironwood Steel Works. Teachers reported that students engaged more actively in classroom discussions after the change. The district plans to expand the program district-wide next year.",Schools in Wellington adopt a new critical-thinking curriculum developed with Ironwood Steel Works.,Education,Advanced
1337,"A new direct flight route between Wellington and a major international hub was announced by Maple Street School District this week, expected to cut travel time significantly for business and leisure travelers alike. The airline said tickets will go on sale next month.","Maple Street School District announces a new direct flight to Wellington, promising shorter travel times.",Travel,Beginner
1338,"Ingrid Chen broke a long-standing record at the regional championships, finishing well ahead of the competition. Coaches say months of intense training contributed to the milestone performance, which has drawn attention from national scouts.",Ingrid Chen sets a new regional record after months of intense training.,Sports,Beginner
1339,"A new clinic backed by NextGen Software Labs opened in Wellington this month, offering expanded mental health services to residents who previously had limited access to care. The clinic plans to add telehealth appointments in the coming months to reach even more patients.",NextGen Software Labs opens a new clinic in Wellington expanding mental health access.,Health,Intermediate
1340,"Scientists at Brightline Technologies in Osaka announced the discovery of a new material that conducts electricity far more efficiently than existing alternatives. The breakthrough could eventually lead to more efficient batteries and electronics, though commercial use is still years away.",Brightline Technologies scientists in Osaka discover a highly efficient new conductive material.,Science,Beginner
1341,"Peter Scott broke a long-standing record at the regional championships, finishing well ahead of the competition. Coaches say months of intense training contributed to the milestone performance, which has drawn attention from national scouts.",Peter Scott sets a new regional record after months of intense training.,Sports,Intermediate
1342,"BrightFuture Foundation unveiled a new home assistant device this week, claiming it delivers significantly faster performance than earlier models. Engineers spent over a year refining the design after receiving feedback from beta testers, and the company expects the product to reach store shelves by May. Analysts believe the launch could strengthen BrightFuture Foundation's position against rival firms.","BrightFuture Foundation launches a new home assistant device after a year of development, aiming to outperform earlier models.",Technology,Advanced
1343,"Ahmed Wright broke a long-standing record at the regional championships, finishing well ahead of the competition. Coaches say months of intense training contributed to the milestone performance, which has drawn attention from national scouts.",Ahmed Wright sets a new regional record after months of intense training.,Sports,Advanced
1344,Researchers at Harborview College in Osaka published findings linking regular physical activity to improved long-term memory in older adults. The study followed participants over several years and controlled for factors such as diet and sleep.,Harborview College researchers in Osaka link exercise to better long-term memory in older adults.,Health,Advanced
1345,Researchers at Union Manufacturing Corp. in Jakarta published findings linking regular physical activity to improved long-term memory in older adults. The study followed participants over several years and controlled for factors such as diet and sleep.,Union Manufacturing Corp. researchers in Jakarta link exercise to better long-term memory in older adults.,Health,Intermediate
1346,"The latest film from Falcon Logistics broke box office records during its opening weekend in Nairobi, exceeding analysts' predictions. Critics praised the film's visual effects and pacing, while fans lined up for early screenings across the region.",Falcon Logistics's new film breaks box office records in Nairobi and earns critical praise.,Entertainment,Beginner
1347,"A popular streaming series produced by Quantum Innovations returned for a new season, quickly becoming one of the most watched shows filmed partly in Toronto. The season introduced several new characters while resolving major storylines from previous episodes.","Quantum Innovations's streaming series, filmed partly in Toronto, returns for a well-received season.",Entertainment,Intermediate
1348,"A new direct flight route between Prague and a major international hub was announced by Delta Cloud Services this week, expected to cut travel time significantly for business and leisure travelers alike. The airline said tickets will go on sale next month.","Delta Cloud Services announces a new direct flight to Prague, promising shorter travel times.",Travel,Intermediate
1349,"The latest film from Zenith Pharmaceuticals broke box office records during its opening weekend in Jakarta, exceeding analysts' predictions. Critics praised the film's visual effects and pacing, while fans lined up for early screenings across the region.",Zenith Pharmaceuticals's new film breaks box office records in Jakarta and earns critical praise.,Entertainment,Advanced
1350,"Ibrahim Moore broke a long-standing record at the regional championships, finishing well ahead of the competition. Coaches say months of intense training contributed to the milestone performance, which has drawn attention from national scouts.",Ibrahim Moore sets a new regional record after months of intense training.,Sports,Beginner
1351,"A popular streaming series produced by Lakeside Medical Center returned for a new season, quickly becoming one of the most watched shows filmed partly in Amsterdam. The season introduced several new characters while resolving major storylines from previous episodes.","Lakeside Medical Center's streaming series, filmed partly in Amsterdam, returns for a well-received season.",Entertainment,Beginner
1352,"Julia Lewis broke a long-standing record at the regional championships, finishing well ahead of the competition. Coaches say months of intense training contributed to the milestone performance, which has drawn attention from national scouts.",Julia Lewis sets a new regional record after months of intense training.,Sports,Advanced
1353,"Anna Petrov broke a long-standing record at the regional championships, finishing well ahead of the competition. Coaches say months of intense training contributed to the milestone performance, which has drawn attention from national scouts.",Anna Petrov sets a new regional record after months of intense training.,Sports,Intermediate
1354,"The latest film from Northfield University broke box office records during its opening weekend in Melbourne, exceeding analysts' predictions. Critics praised the film's visual effects and pacing, while fans lined up for early screenings across the region.",Northfield University's new film breaks box office records in Melbourne and earns critical praise.,Entertainment,Intermediate
1355,"A new curriculum focused on critical thinking was introduced at schools in Jakarta this term, developed in partnership with Silverline Motors. Teachers reported that students engaged more actively in classroom discussions after the change. The district plans to expand the program district-wide next year.",Schools in Jakarta adopt a new critical-thinking curriculum developed with Silverline Motors.,Education,Beginner
1356,"Tourism officials in Vancouver, working with Coastal Insurance Co., launched a campaign encouraging visitors to explore lesser-known neighborhoods during the off-season. Local businesses hope the initiative will help spread tourism revenue more evenly throughout the year.",Vancouver and Coastal Insurance Co. launch a campaign promoting off-season tourism to local neighborhoods.,Travel,Intermediate
1357,"The latest film from Global Trade Partners broke box office records during its opening weekend in Wellington, exceeding analysts' predictions. Critics praised the film's visual effects and pacing, while fans lined up for early screenings across the region.",Global Trade Partners's new film breaks box office records in Wellington and earns critical praise.,Entertainment,Intermediate
1358,"Harborview College reported stronger than expected quarterly earnings from its Jakarta division, driven largely by growth in overseas markets. Executives credited the results to a recent expansion strategy and increased demand for the company's core products. Investors responded positively to the announcement.",Harborview College's Jakarta division posts strong quarterly earnings due to overseas growth.,Business,Advanced
1359,"The latest film from Cedar Grove Hospital broke box office records during its opening weekend in Cape Town, exceeding analysts' predictions. Critics praised the film's visual effects and pacing, while fans lined up for early screenings across the region.",Cedar Grove Hospital's new film breaks box office records in Cape Town and earns critical praise.,Entertainment,Intermediate
1360,"Pioneer Research Institute reported stronger than expected quarterly earnings from its Jakarta division, driven largely by growth in overseas markets. Executives credited the results to a recent expansion strategy and increased demand for the company's core products. Investors responded positively to the announcement.",Pioneer Research Institute's Jakarta division posts strong quarterly earnings due to overseas growth.,Business,Beginner
1361,"A new clinic backed by Lakeside Medical Center opened in Melbourne this month, offering expanded mental health services to residents who previously had limited access to care. The clinic plans to add telehealth appointments in the coming months to reach even more patients.",Lakeside Medical Center opens a new clinic in Melbourne expanding mental health access.,Health,Intermediate
1362,"Tourism officials in Stockholm, working with Aurora Data Systems, launched a campaign encouraging visitors to explore lesser-known neighborhoods during the off-season. Local businesses hope the initiative will help spread tourism revenue more evenly throughout the year.",Stockholm and Aurora Data Systems launch a campaign promoting off-season tourism to local neighborhoods.,Travel,Beginner
1363,"A new direct flight route between Amsterdam and a major international hub was announced by Northfield University this week, expected to cut travel time significantly for business and leisure travelers alike. The airline said tickets will go on sale next month.","Northfield University announces a new direct flight to Amsterdam, promising shorter travel times.",Travel,Beginner
1364,"Ibrahim Ivanov broke a long-standing record at the regional championships, finishing well ahead of the competition. Coaches say months of intense training contributed to the milestone performance, which has drawn attention from national scouts.",Ibrahim Ivanov sets a new regional record after months of intense training.,Sports,Intermediate
1365,"Tourism officials in Nairobi, working with Aurora Data Systems, launched a campaign encouraging visitors to explore lesser-known neighborhoods during the off-season. Local businesses hope the initiative will help spread tourism revenue more evenly throughout the year.",Nairobi and Aurora Data Systems launch a campaign promoting off-season tourism to local neighborhoods.,Travel,Intermediate
1366,Developers at Vertex Analytics released an update addressing several security vulnerabilities discovered in their fitness tracker. The patch also introduces performance improvements and a redesigned interface. Users are encouraged to update as soon as possible to avoid potential risks.,Vertex Analytics releases a security and performance update for its fitness tracker.,Technology,Advanced
1367,"A new clinic backed by Evergreen Energy Co. opened in Nairobi this month, offering expanded mental health services to residents who previously had limited access to care. The clinic plans to add telehealth appointments in the coming months to reach even more patients.",Evergreen Energy Co. opens a new clinic in Nairobi expanding mental health access.,Health,Beginner
1368,"A popular streaming series produced by Vertex Analytics returned for a new season, quickly becoming one of the most watched shows filmed partly in Melbourne. The season introduced several new characters while resolving major storylines from previous episodes.","Vertex Analytics's streaming series, filmed partly in Melbourne, returns for a well-received season.",Entertainment,Beginner
1369,"A research team at Lakeside Medical Center based in Manila published new data on shifting migration patterns among several bird species, linking the changes to rising temperatures. The findings add to a growing body of evidence about climate change's effects on wildlife.",Lakeside Medical Center researchers in Manila link changing bird migration patterns to rising temperatures.,Science,Intermediate
1370,"Vertex Analytics unveiled a new smart speaker this week, claiming it delivers significantly faster performance than earlier models. Engineers spent over a year refining the design after receiving feedback from beta testers, and the company expects the product to reach store shelves by November. Analysts believe the launch could strengthen Vertex Analytics's position against rival firms.","Vertex Analytics launches a new smart speaker after a year of development, aiming to outperform earlier models.",Technology,Intermediate
1371,"A new curriculum focused on critical thinking was introduced at schools in Copenhagen this term, developed in partnership with Meridian Financial Group. Teachers reported that students engaged more actively in classroom discussions after the change. The district plans to expand the program district-wide next year.",Schools in Copenhagen adopt a new critical-thinking curriculum developed with Meridian Financial Group.,Education,Intermediate
1372,"Tourism officials in Warsaw, working with Quantum Innovations, launched a campaign encouraging visitors to explore lesser-known neighborhoods during the off-season. Local businesses hope the initiative will help spread tourism revenue more evenly throughout the year.",Warsaw and Quantum Innovations launch a campaign promoting off-season tourism to local neighborhoods.,Travel,Beginner
1373,"Tourism officials in Austin, working with Meridian Financial Group, launched a campaign encouraging visitors to explore lesser-known neighborhoods during the off-season. Local businesses hope the initiative will help spread tourism revenue more evenly throughout the year.",Austin and Meridian Financial Group launch a campaign promoting off-season tourism to local neighborhoods.,Travel,Beginner
1374,"A popular streaming series produced by Falcon Logistics returned for a new season, quickly becoming one of the most watched shows filmed partly in Buenos Aires. The season introduced several new characters while resolving major storylines from previous episodes.","Falcon Logistics's streaming series, filmed partly in Buenos Aires, returns for a well-received season.",Entertainment,Advanced
1375,"Oakwood Publishing House unveiled a new tablet this week, claiming it delivers significantly faster performance than earlier models. Engineers spent over a year refining the design after receiving feedback from beta testers, and the company expects the product to reach store shelves by July. Analysts believe the launch could strengthen Oakwood Publishing House's position against rival firms.","Oakwood Publishing House launches a new tablet after a year of development, aiming to outperform earlier models.",Technology,Advanced
1376,"Quantum Innovations reported stronger than expected quarterly earnings from its Osaka division, driven largely by growth in overseas markets. Executives credited the results to a recent expansion strategy and increased demand for the company's core products. Investors responded positively to the announcement.",Quantum Innovations's Osaka division posts strong quarterly earnings due to overseas growth.,Business,Advanced
1377,Skyline Real Estate announced a new scholarship program aimed at supporting students from underrepresented backgrounds in Denver. The program will cover tuition and provide mentorship opportunities for selected recipients starting next semester. Officials hope the initiative will improve graduation rates.,Skyline Real Estate launches a scholarship and mentorship program to support underrepresented students in Denver.,Education,Advanced
1378,"Felix Moore broke a long-standing record at the regional championships, finishing well ahead of the competition. Coaches say months of intense training contributed to the milestone performance, which has drawn attention from national scouts.",Felix Moore sets a new regional record after months of intense training.,Sports,Beginner
1379,Riverside Bank announced a new scholarship program aimed at supporting students from underrepresented backgrounds in Cape Town. The program will cover tuition and provide mentorship opportunities for selected recipients starting next semester. Officials hope the initiative will improve graduation rates.,Riverside Bank launches a scholarship and mentorship program to support underrepresented students in Cape Town.,Education,Beginner
1380,"A new curriculum focused on critical thinking was introduced at schools in Wellington this term, developed in partnership with Meridian Financial Group. Teachers reported that students engaged more actively in classroom discussions after the change. The district plans to expand the program district-wide next year.",Schools in Wellington adopt a new critical-thinking curriculum developed with Meridian Financial Group.,Education,Advanced
1381,"Blue Horizon Airlines reported stronger than expected quarterly earnings from its Santiago division, driven largely by growth in overseas markets. Executives credited the results to a recent expansion strategy and increased demand for the company's core products. Investors responded positively to the announcement.",Blue Horizon Airlines's Santiago division posts strong quarterly earnings due to overseas growth.,Business,Advanced
1382,"Scientists at Golden Gate Retailers in Seoul announced the discovery of a new material that conducts electricity far more efficiently than existing alternatives. The breakthrough could eventually lead to more efficient batteries and electronics, though commercial use is still years away.",Golden Gate Retailers scientists in Seoul discover a highly efficient new conductive material.,Science,Beginner
1383,"Tourism officials in Bangkok, working with Union Manufacturing Corp., launched a campaign encouraging visitors to explore lesser-known neighborhoods during the off-season. Local businesses hope the initiative will help spread tourism revenue more evenly throughout the year.",Bangkok and Union Manufacturing Corp. launch a campaign promoting off-season tourism to local neighborhoods.,Travel,Intermediate
1384,Researchers at Blue Horizon Airlines in Amsterdam published findings linking regular physical activity to improved long-term memory in older adults. The study followed participants over several years and controlled for factors such as diet and sleep.,Blue Horizon Airlines researchers in Amsterdam link exercise to better long-term memory in older adults.,Health,Intermediate
1385,"A research team at Crescent Media Group based in Amsterdam published new data on shifting migration patterns among several bird species, linking the changes to rising temperatures. The findings add to a growing body of evidence about climate change's effects on wildlife.",Crescent Media Group researchers in Amsterdam link changing bird migration patterns to rising temperatures.,Science,Advanced
1386,"A new curriculum focused on critical thinking was introduced at schools in Dublin this term, developed in partnership with Aurora Data Systems. Teachers reported that students engaged more actively in classroom discussions after the change. The district plans to expand the program district-wide next year.",Schools in Dublin adopt a new critical-thinking curriculum developed with Aurora Data Systems.,Education,Beginner
1387,"A popular streaming series produced by Delta Cloud Services returned for a new season, quickly becoming one of the most watched shows filmed partly in Berlin. The season introduced several new characters while resolving major storylines from previous episodes.","Delta Cloud Services's streaming series, filmed partly in Berlin, returns for a well-received season.",Entertainment,Intermediate
1388,Researchers at Oakwood Publishing House in Prague published findings linking regular physical activity to improved long-term memory in older adults. The study followed participants over several years and controlled for factors such as diet and sleep.,Oakwood Publishing House researchers in Prague link exercise to better long-term memory in older adults.,Health,Advanced
1389,Northfield University announced a new scholarship program aimed at supporting students from underrepresented backgrounds in Cairo. The program will cover tuition and provide mentorship opportunities for selected recipients starting next semester. Officials hope the initiative will improve graduation rates.,Northfield University launches a scholarship and mentorship program to support underrepresented students in Cairo.,Education,Intermediate
1390,"A research team at Riverside Bank based in Osaka published new data on shifting migration patterns among several bird species, linking the changes to rising temperatures. The findings add to a growing body of evidence about climate change's effects on wildlife.",Riverside Bank researchers in Osaka link changing bird migration patterns to rising temperatures.,Science,Advanced
1391,"A new direct flight route between Vancouver and a major international hub was announced by Zenith Pharmaceuticals this week, expected to cut travel time significantly for business and leisure travelers alike. The airline said tickets will go on sale next month.","Zenith Pharmaceuticals announces a new direct flight to Vancouver, promising shorter travel times.",Travel,Intermediate
1392,"A new direct flight route between Wellington and a major international hub was announced by Oakwood Publishing House this week, expected to cut travel time significantly for business and leisure travelers alike. The airline said tickets will go on sale next month.","Oakwood Publishing House announces a new direct flight to Wellington, promising shorter travel times.",Travel,Intermediate
1393,"A new direct flight route between Cairo and a major international hub was announced by Quantum Innovations this week, expected to cut travel time significantly for business and leisure travelers alike. The airline said tickets will go on sale next month.","Quantum Innovations announces a new direct flight to Cairo, promising shorter travel times.",Travel,Intermediate
1394,"A new direct flight route between Melbourne and a major international hub was announced by Global Trade Partners this week, expected to cut travel time significantly for business and leisure travelers alike. The airline said tickets will go on sale next month.","Global Trade Partners announces a new direct flight to Melbourne, promising shorter travel times.",Travel,Intermediate
1395,"Quantum Innovations reported stronger than expected quarterly earnings from its Cairo division, driven largely by growth in overseas markets. Executives credited the results to a recent expansion strategy and increased demand for the company's core products. Investors responded positively to the announcement.",Quantum Innovations's Cairo division posts strong quarterly earnings due to overseas growth.,Business,Intermediate
1396,"The Austin team secured a dramatic victory in the final minutes of the match, coming from behind after trailing for most of the game. Fans credited the comeback to a change in strategy made by the coach at halftime. The win moves the team closer to a spot in the playoffs.","The Austin team completes a late comeback win, boosting its playoff chances.",Sports,Beginner
1397,"A research team at Delta Cloud Services based in Jakarta published new data on shifting migration patterns among several bird species, linking the changes to rising temperatures. The findings add to a growing body of evidence about climate change's effects on wildlife.",Delta Cloud Services researchers in Jakarta link changing bird migration patterns to rising temperatures.,Science,Beginner
1398,"Tourism officials in Manila, working with Meridian Financial Group, launched a campaign encouraging visitors to explore lesser-known neighborhoods during the off-season. Local businesses hope the initiative will help spread tourism revenue more evenly throughout the year.",Manila and Meridian Financial Group launch a campaign promoting off-season tourism to local neighborhoods.,Travel,Beginner
1399,"A new clinic backed by Blue Horizon Airlines opened in Zurich this month, offering expanded mental health services to residents who previously had limited access to care. The clinic plans to add telehealth appointments in the coming months to reach even more patients.",Blue Horizon Airlines opens a new clinic in Zurich expanding mental health access.,Health,Intermediate
1400,Developers at Northfield University released an update addressing several security vulnerabilities discovered in their smart speaker. The patch also introduces performance improvements and a redesigned interface. Users are encouraged to update as soon as possible to avoid potential risks.,Northfield University releases a security and performance update for its smart speaker.,Technology,Beginner
1401,Harborview College announced a new scholarship program aimed at supporting students from underrepresented backgrounds in Toronto. The program will cover tuition and provide mentorship opportunities for selected recipients starting next semester. Officials hope the initiative will improve graduation rates.,Harborview College launches a scholarship and mentorship program to support underrepresented students in Toronto.,Education,Beginner
1402,"Mark Wright broke a long-standing record at the regional championships, finishing well ahead of the competition. Coaches say months of intense training contributed to the milestone performance, which has drawn attention from national scouts.",Mark Wright sets a new regional record after months of intense training.,Sports,Advanced
1403,"The latest film from Oakwood Publishing House broke box office records during its opening weekend in Dublin, exceeding analysts' predictions. Critics praised the film's visual effects and pacing, while fans lined up for early screenings across the region.",Oakwood Publishing House's new film breaks box office records in Dublin and earns critical praise.,Entertainment,Intermediate
1404,"A new curriculum focused on critical thinking was introduced at schools in Warsaw this term, developed in partnership with Maple Street School District. Teachers reported that students engaged more actively in classroom discussions after the change. The district plans to expand the program district-wide next year.",Schools in Warsaw adopt a new critical-thinking curriculum developed with Maple Street School District.,Education,Beginner
1405,"A research team at Pioneer Research Institute based in Denver published new data on shifting migration patterns among several bird species, linking the changes to rising temperatures. The findings add to a growing body of evidence about climate change's effects on wildlife.",Pioneer Research Institute researchers in Denver link changing bird migration patterns to rising temperatures.,Science,Intermediate
1406,Researchers at Pioneer Research Institute in Cairo published findings linking regular physical activity to improved long-term memory in older adults. The study followed participants over several years and controlled for factors such as diet and sleep.,Pioneer Research Institute researchers in Cairo link exercise to better long-term memory in older adults.,Health,Intermediate
1407,"A new clinic backed by Harborview College opened in Copenhagen this month, offering expanded mental health services to residents who previously had limited access to care. The clinic plans to add telehealth appointments in the coming months to reach even more patients.",Harborview College opens a new clinic in Copenhagen expanding mental health access.,Health,Intermediate
1408,"Evergreen Energy Co. unveiled a new smart speaker this week, claiming it delivers significantly faster performance than earlier models. Engineers spent over a year refining the design after receiving feedback from beta testers, and the company expects the product to reach store shelves by January. Analysts believe the launch could strengthen Evergreen Energy Co.'s position against rival firms.","Evergreen Energy Co. launches a new smart speaker after a year of development, aiming to outperform earlier models.",Technology,Intermediate
1409,"Julia Young broke a long-standing record at the regional championships, finishing well ahead of the competition. Coaches say months of intense training contributed to the milestone performance, which has drawn attention from national scouts.",Julia Young sets a new regional record after months of intense training.,Sports,Beginner
1410,"Scientists at Cedar Grove Hospital in Osaka announced the discovery of a new material that conducts electricity far more efficiently than existing alternatives. The breakthrough could eventually lead to more efficient batteries and electronics, though commercial use is still years away.",Cedar Grove Hospital scientists in Osaka discover a highly efficient new conductive material.,Science,Advanced
1411,"A research team at Silverline Motors based in Zurich published new data on shifting migration patterns among several bird species, linking the changes to rising temperatures. The findings add to a growing body of evidence about climate change's effects on wildlife.",Silverline Motors researchers in Zurich link changing bird migration patterns to rising temperatures.,Science,Intermediate
1412,"A new clinic backed by Cedar Grove Hospital opened in Bangkok this month, offering expanded mental health services to residents who previously had limited access to care. The clinic plans to add telehealth appointments in the coming months to reach even more patients.",Cedar Grove Hospital opens a new clinic in Bangkok expanding mental health access.,Health,Intermediate
1413,"A new curriculum focused on critical thinking was introduced at schools in Edinburgh this term, developed in partnership with Riverside Bank. Teachers reported that students engaged more actively in classroom discussions after the change. The district plans to expand the program district-wide next year.",Schools in Edinburgh adopt a new critical-thinking curriculum developed with Riverside Bank.,Education,Advanced
1414,"Tourism officials in Lisbon, working with Ironwood Steel Works, launched a campaign encouraging visitors to explore lesser-known neighborhoods during the off-season. Local businesses hope the initiative will help spread tourism revenue more evenly throughout the year.",Lisbon and Ironwood Steel Works launch a campaign promoting off-season tourism to local neighborhoods.,Travel,Intermediate
1415,"Isabella Novak broke a long-standing record at the regional championships, finishing well ahead of the competition. Coaches say months of intense training contributed to the milestone performance, which has drawn attention from national scouts.",Isabella Novak sets a new regional record after months of intense training.,Sports,Beginner
1416,"A new curriculum focused on critical thinking was introduced at schools in Dublin this term, developed in partnership with Skyline Real Estate. Teachers reported that students engaged more actively in classroom discussions after the change. The district plans to expand the program district-wide next year.",Schools in Dublin adopt a new critical-thinking curriculum developed with Skyline Real Estate.,Education,Intermediate
1417,"A merger between Silverline Motors and a major firm in Austin is expected to close by the end of the year, according to sources close to the deal. Analysts say the combined company could become one of the largest players in its industry.",Silverline Motors and a major firm in Austin move toward a merger set to close by year end.,Business,Beginner
1418,"Golden Gate Retailers reported stronger than expected quarterly earnings from its Prague division, driven largely by growth in overseas markets. Executives credited the results to a recent expansion strategy and increased demand for the company's core products. Investors responded positively to the announcement.",Golden Gate Retailers's Prague division posts strong quarterly earnings due to overseas growth.,Business,Intermediate
1419,"Aurora Data Systems reported stronger than expected quarterly earnings from its Jakarta division, driven largely by growth in overseas markets. Executives credited the results to a recent expansion strategy and increased demand for the company's core products. Investors responded positively to the announcement.",Aurora Data Systems's Jakarta division posts strong quarterly earnings due to overseas growth.,Business,Intermediate
1420,"Brightline Technologies reported stronger than expected quarterly earnings from its Melbourne division, driven largely by growth in overseas markets. Executives credited the results to a recent expansion strategy and increased demand for the company's core products. Investors responded positively to the announcement.",Brightline Technologies's Melbourne division posts strong quarterly earnings due to overseas growth.,Business,Advanced
1421,"A new clinic backed by Zenith Pharmaceuticals opened in Amsterdam this month, offering expanded mental health services to residents who previously had limited access to care. The clinic plans to add telehealth appointments in the coming months to reach even more patients.",Zenith Pharmaceuticals opens a new clinic in Amsterdam expanding mental health access.,Health,Advanced
1422,Researchers at Oakwood Publishing House in Vancouver published findings linking regular physical activity to improved long-term memory in older adults. The study followed participants over several years and controlled for factors such as diet and sleep.,Oakwood Publishing House researchers in Vancouver link exercise to better long-term memory in older adults.,Health,Intermediate
1423,"Scientists at Evergreen Energy Co. in Melbourne announced the discovery of a new material that conducts electricity far more efficiently than existing alternatives. The breakthrough could eventually lead to more efficient batteries and electronics, though commercial use is still years away.",Evergreen Energy Co. scientists in Melbourne discover a highly efficient new conductive material.,Science,Beginner
1424,Researchers at Vertex Analytics in Cape Town published findings linking regular physical activity to improved long-term memory in older adults. The study followed participants over several years and controlled for factors such as diet and sleep.,Vertex Analytics researchers in Cape Town link exercise to better long-term memory in older adults.,Health,Intermediate
1425,"A merger between Ironwood Steel Works and a major firm in Vancouver is expected to close by the end of the year, according to sources close to the deal. Analysts say the combined company could become one of the largest players in its industry.",Ironwood Steel Works and a major firm in Vancouver move toward a merger set to close by year end.,Business,Intermediate
1426,Golden Gate Retailers announced a new scholarship program aimed at supporting students from underrepresented backgrounds in Nairobi. The program will cover tuition and provide mentorship opportunities for selected recipients starting next semester. Officials hope the initiative will improve graduation rates.,Golden Gate Retailers launches a scholarship and mentorship program to support underrepresented students in Nairobi.,Education,Advanced
1427,"Tourism officials in Helsinki, working with Riverside Bank, launched a campaign encouraging visitors to explore lesser-known neighborhoods during the off-season. Local businesses hope the initiative will help spread tourism revenue more evenly throughout the year.",Helsinki and Riverside Bank launch a campaign promoting off-season tourism to local neighborhoods.,Travel,Intermediate
1428,"Scientists at BrightFuture Foundation in Dublin announced the discovery of a new material that conducts electricity far more efficiently than existing alternatives. The breakthrough could eventually lead to more efficient batteries and electronics, though commercial use is still years away.",BrightFuture Foundation scientists in Dublin discover a highly efficient new conductive material.,Science,Beginner
1429,"The latest film from Blue Horizon Airlines broke box office records during its opening weekend in Lisbon, exceeding analysts' predictions. Critics praised the film's visual effects and pacing, while fans lined up for early screenings across the region.",Blue Horizon Airlines's new film breaks box office records in Lisbon and earns critical praise.,Entertainment,Intermediate
1430,"A new direct flight route between Kuala Lumpur and a major international hub was announced by BrightFuture Foundation this week, expected to cut travel time significantly for business and leisure travelers alike. The airline said tickets will go on sale next month.","BrightFuture Foundation announces a new direct flight to Kuala Lumpur, promising shorter travel times.",Travel,Beginner
1431,Redstone Consulting announced a new scholarship program aimed at supporting students from underrepresented backgrounds in Vancouver. The program will cover tuition and provide mentorship opportunities for selected recipients starting next semester. Officials hope the initiative will improve graduation rates.,Redstone Consulting launches a scholarship and mentorship program to support underrepresented students in Vancouver.,Education,Intermediate
1432,"Tourism officials in Prague, working with Northfield University, launched a campaign encouraging visitors to explore lesser-known neighborhoods during the off-season. Local businesses hope the initiative will help spread tourism revenue more evenly throughout the year.",Prague and Northfield University launch a campaign promoting off-season tourism to local neighborhoods.,Travel,Intermediate
1433,"A new direct flight route between Edinburgh and a major international hub was announced by Skyline Real Estate this week, expected to cut travel time significantly for business and leisure travelers alike. The airline said tickets will go on sale next month.","Skyline Real Estate announces a new direct flight to Edinburgh, promising shorter travel times.",Travel,Beginner
1434,Evergreen Energy Co. announced a new scholarship program aimed at supporting students from underrepresented backgrounds in Nairobi. The program will cover tuition and provide mentorship opportunities for selected recipients starting next semester. Officials hope the initiative will improve graduation rates.,Evergreen Energy Co. launches a scholarship and mentorship program to support underrepresented students in Nairobi.,Education,Intermediate
1435,"Scientists at Quantum Innovations in Warsaw announced the discovery of a new material that conducts electricity far more efficiently than existing alternatives. The breakthrough could eventually lead to more efficient batteries and electronics, though commercial use is still years away.",Quantum Innovations scientists in Warsaw discover a highly efficient new conductive material.,Science,Intermediate
1436,"Scientists at Oakwood Publishing House in Toronto announced the discovery of a new material that conducts electricity far more efficiently than existing alternatives. The breakthrough could eventually lead to more efficient batteries and electronics, though commercial use is still years away.",Oakwood Publishing House scientists in Toronto discover a highly efficient new conductive material.,Science,Advanced
1437,"Tourism officials in Manila, working with Zenith Pharmaceuticals, launched a campaign encouraging visitors to explore lesser-known neighborhoods during the off-season. Local businesses hope the initiative will help spread tourism revenue more evenly throughout the year.",Manila and Zenith Pharmaceuticals launch a campaign promoting off-season tourism to local neighborhoods.,Travel,Intermediate
1438,"Tourism officials in Jakarta, working with NextGen Software Labs, launched a campaign encouraging visitors to explore lesser-known neighborhoods during the off-season. Local businesses hope the initiative will help spread tourism revenue more evenly throughout the year.",Jakarta and NextGen Software Labs launch a campaign promoting off-season tourism to local neighborhoods.,Travel,Beginner
1439,"A research team at Meridian Financial Group based in Zurich published new data on shifting migration patterns among several bird species, linking the changes to rising temperatures. The findings add to a growing body of evidence about climate change's effects on wildlife.",Meridian Financial Group researchers in Zurich link changing bird migration patterns to rising temperatures.,Science,Beginner
1440,"Zainab Suzuki broke a long-standing record at the regional championships, finishing well ahead of the competition. Coaches say months of intense training contributed to the milestone performance, which has drawn attention from national scouts.",Zainab Suzuki sets a new regional record after months of intense training.,Sports,Beginner
1441,"Falcon Logistics reported stronger than expected quarterly earnings from its Copenhagen division, driven largely by growth in overseas markets. Executives credited the results to a recent expansion strategy and increased demand for the company's core products. Investors responded positively to the announcement.",Falcon Logistics's Copenhagen division posts strong quarterly earnings due to overseas growth.,Business,Intermediate
1442,"Nadia Brown broke a long-standing record at the regional championships, finishing well ahead of the competition. Coaches say months of intense training contributed to the milestone performance, which has drawn attention from national scouts.",Nadia Brown sets a new regional record after months of intense training.,Sports,Intermediate
1443,"Tourism officials in Berlin, working with Brightline Technologies, launched a campaign encouraging visitors to explore lesser-known neighborhoods during the off-season. Local businesses hope the initiative will help spread tourism revenue more evenly throughout the year.",Berlin and Brightline Technologies launch a campaign promoting off-season tourism to local neighborhoods.,Travel,Beginner
1444,"A popular streaming series produced by Vertex Analytics returned for a new season, quickly becoming one of the most watched shows filmed partly in Edinburgh. The season introduced several new characters while resolving major storylines from previous episodes.","Vertex Analytics's streaming series, filmed partly in Edinburgh, returns for a well-received season.",Entertainment,Intermediate
1445,"Leila Anderson broke a long-standing record at the regional championships, finishing well ahead of the competition. Coaches say months of intense training contributed to the milestone performance, which has drawn attention from national scouts.",Leila Anderson sets a new regional record after months of intense training.,Sports,Beginner
1446,"Scientists at Crescent Media Group in Kuala Lumpur announced the discovery of a new material that conducts electricity far more efficiently than existing alternatives. The breakthrough could eventually lead to more efficient batteries and electronics, though commercial use is still years away.",Crescent Media Group scientists in Kuala Lumpur discover a highly efficient new conductive material.,Science,Intermediate
1447,"Scientists at Blue Horizon Airlines in Amsterdam announced the discovery of a new material that conducts electricity far more efficiently than existing alternatives. The breakthrough could eventually lead to more efficient batteries and electronics, though commercial use is still years away.",Blue Horizon Airlines scientists in Amsterdam discover a highly efficient new conductive material.,Science,Intermediate
1448,"Tourism officials in Seoul, working with Meridian Financial Group, launched a campaign encouraging visitors to explore lesser-known neighborhoods during the off-season. Local businesses hope the initiative will help spread tourism revenue more evenly throughout the year.",Seoul and Meridian Financial Group launch a campaign promoting off-season tourism to local neighborhoods.,Travel,Advanced
1449,"A popular streaming series produced by Oakwood Publishing House returned for a new season, quickly becoming one of the most watched shows filmed partly in Seoul. The season introduced several new characters while resolving major storylines from previous episodes.","Oakwood Publishing House's streaming series, filmed partly in Seoul, returns for a well-received season.",Entertainment,Intermediate
1450,"A research team at Meridian Financial Group based in Edinburgh published new data on shifting migration patterns among several bird species, linking the changes to rising temperatures. The findings add to a growing body of evidence about climate change's effects on wildlife.",Meridian Financial Group researchers in Edinburgh link changing bird migration patterns to rising temperatures.,Science,Beginner
1451,"A merger between Golden Gate Retailers and a major firm in Austin is expected to close by the end of the year, according to sources close to the deal. Analysts say the combined company could become one of the largest players in its industry.",Golden Gate Retailers and a major firm in Austin move toward a merger set to close by year end.,Business,Intermediate
1452,"Zenith Pharmaceuticals unveiled a new laptop this week, claiming it delivers significantly faster performance than earlier models. Engineers spent over a year refining the design after receiving feedback from beta testers, and the company expects the product to reach store shelves by March. Analysts believe the launch could strengthen Zenith Pharmaceuticals's position against rival firms.","Zenith Pharmaceuticals launches a new laptop after a year of development, aiming to outperform earlier models.",Technology,Beginner
1453,"Isabella Clark broke a long-standing record at the regional championships, finishing well ahead of the competition. Coaches say months of intense training contributed to the milestone performance, which has drawn attention from national scouts.",Isabella Clark sets a new regional record after months of intense training.,Sports,Advanced
1454,"A merger between Harborview College and a major firm in Jakarta is expected to close by the end of the year, according to sources close to the deal. Analysts say the combined company could become one of the largest players in its industry.",Harborview College and a major firm in Jakarta move toward a merger set to close by year end.,Business,Intermediate
1455,"A research team at Evergreen Energy Co. based in Buenos Aires published new data on shifting migration patterns among several bird species, linking the changes to rising temperatures. The findings add to a growing body of evidence about climate change's effects on wildlife.",Evergreen Energy Co. researchers in Buenos Aires link changing bird migration patterns to rising temperatures.,Science,Beginner
1456,NextGen Software Labs announced a new scholarship program aimed at supporting students from underrepresented backgrounds in Lisbon. The program will cover tuition and provide mentorship opportunities for selected recipients starting next semester. Officials hope the initiative will improve graduation rates.,NextGen Software Labs launches a scholarship and mentorship program to support underrepresented students in Lisbon.,Education,Intermediate
1457,"Chen Dubois broke a long-standing record at the regional championships, finishing well ahead of the competition. Coaches say months of intense training contributed to the milestone performance, which has drawn attention from national scouts.",Chen Dubois sets a new regional record after months of intense training.,Sports,Intermediate
1458,Oakwood Publishing House announced a new scholarship program aimed at supporting students from underrepresented backgrounds in Buenos Aires. The program will cover tuition and provide mentorship opportunities for selected recipients starting next semester. Officials hope the initiative will improve graduation rates.,Oakwood Publishing House launches a scholarship and mentorship program to support underrepresented students in Buenos Aires.,Education,Advanced
1459,"Crescent Media Group reported stronger than expected quarterly earnings from its Manila division, driven largely by growth in overseas markets. Executives credited the results to a recent expansion strategy and increased demand for the company's core products. Investors responded positively to the announcement.",Crescent Media Group's Manila division posts strong quarterly earnings due to overseas growth.,Business,Intermediate
1460,"The latest film from Maple Street School District broke box office records during its opening weekend in Vancouver, exceeding analysts' predictions. Critics praised the film's visual effects and pacing, while fans lined up for early screenings across the region.",Maple Street School District's new film breaks box office records in Vancouver and earns critical praise.,Entertainment,Beginner
1461,"Ingrid Nguyen broke a long-standing record at the regional championships, finishing well ahead of the competition. Coaches say months of intense training contributed to the milestone performance, which has drawn attention from national scouts.",Ingrid Nguyen sets a new regional record after months of intense training.,Sports,Intermediate
1462,"A popular streaming series produced by Crescent Media Group returned for a new season, quickly becoming one of the most watched shows filmed partly in Wellington. The season introduced several new characters while resolving major storylines from previous episodes.","Crescent Media Group's streaming series, filmed partly in Wellington, returns for a well-received season.",Entertainment,Intermediate
1463,"A research team at Maple Street School District based in Austin published new data on shifting migration patterns among several bird species, linking the changes to rising temperatures. The findings add to a growing body of evidence about climate change's effects on wildlife.",Maple Street School District researchers in Austin link changing bird migration patterns to rising temperatures.,Science,Intermediate
1464,"A merger between Skyline Real Estate and a major firm in Dublin is expected to close by the end of the year, according to sources close to the deal. Analysts say the combined company could become one of the largest players in its industry.",Skyline Real Estate and a major firm in Dublin move toward a merger set to close by year end.,Business,Advanced
1465,"A new curriculum focused on critical thinking was introduced at schools in Vancouver this term, developed in partnership with Harborview College. Teachers reported that students engaged more actively in classroom discussions after the change. The district plans to expand the program district-wide next year.",Schools in Vancouver adopt a new critical-thinking curriculum developed with Harborview College.,Education,Intermediate
1466,"A new direct flight route between Osaka and a major international hub was announced by Harborview College this week, expected to cut travel time significantly for business and leisure travelers alike. The airline said tickets will go on sale next month.","Harborview College announces a new direct flight to Osaka, promising shorter travel times.",Travel,Intermediate
1467,"The latest film from Meridian Financial Group broke box office records during its opening weekend in Austin, exceeding analysts' predictions. Critics praised the film's visual effects and pacing, while fans lined up for early screenings across the region.",Meridian Financial Group's new film breaks box office records in Austin and earns critical praise.,Entertainment,Beginner
1468,"A merger between Aurora Data Systems and a major firm in Austin is expected to close by the end of the year, according to sources close to the deal. Analysts say the combined company could become one of the largest players in its industry.",Aurora Data Systems and a major firm in Austin move toward a merger set to close by year end.,Business,Beginner
1469,"Tourism officials in Helsinki, working with Meridian Financial Group, launched a campaign encouraging visitors to explore lesser-known neighborhoods during the off-season. Local businesses hope the initiative will help spread tourism revenue more evenly throughout the year.",Helsinki and Meridian Financial Group launch a campaign promoting off-season tourism to local neighborhoods.,Travel,Intermediate
1470,"Scientists at Riverside Bank in Stockholm announced the discovery of a new material that conducts electricity far more efficiently than existing alternatives. The breakthrough could eventually lead to more efficient batteries and electronics, though commercial use is still years away.",Riverside Bank scientists in Stockholm discover a highly efficient new conductive material.,Science,Beginner
1471,"A new clinic backed by Zenith Pharmaceuticals opened in Melbourne this month, offering expanded mental health services to residents who previously had limited access to care. The clinic plans to add telehealth appointments in the coming months to reach even more patients.",Zenith Pharmaceuticals opens a new clinic in Melbourne expanding mental health access.,Health,Intermediate
1472,Maple Street School District announced a new scholarship program aimed at supporting students from underrepresented backgrounds in Warsaw. The program will cover tuition and provide mentorship opportunities for selected recipients starting next semester. Officials hope the initiative will improve graduation rates.,Maple Street School District launches a scholarship and mentorship program to support underrepresented students in Warsaw.,Education,Intermediate
1473,"A new direct flight route between Mumbai and a major international hub was announced by Summit Robotics Inc. this week, expected to cut travel time significantly for business and leisure travelers alike. The airline said tickets will go on sale next month.","Summit Robotics Inc. announces a new direct flight to Mumbai, promising shorter travel times.",Travel,Beginner
1474,"Scientists at BrightFuture Foundation in Toronto announced the discovery of a new material that conducts electricity far more efficiently than existing alternatives. The breakthrough could eventually lead to more efficient batteries and electronics, though commercial use is still years away.",BrightFuture Foundation scientists in Toronto discover a highly efficient new conductive material.,Science,Beginner
1475,"Vertex Analytics reported stronger than expected quarterly earnings from its Lisbon division, driven largely by growth in overseas markets. Executives credited the results to a recent expansion strategy and increased demand for the company's core products. Investors responded positively to the announcement.",Vertex Analytics's Lisbon division posts strong quarterly earnings due to overseas growth.,Business,Intermediate
1476,"A merger between Falcon Logistics and a major firm in Mumbai is expected to close by the end of the year, according to sources close to the deal. Analysts say the combined company could become one of the largest players in its industry.",Falcon Logistics and a major firm in Mumbai move toward a merger set to close by year end.,Business,Intermediate
1477,"A merger between Golden Gate Retailers and a major firm in Jakarta is expected to close by the end of the year, according to sources close to the deal. Analysts say the combined company could become one of the largest players in its industry.",Golden Gate Retailers and a major firm in Jakarta move toward a merger set to close by year end.,Business,Intermediate
1478,"The latest film from Harborview College broke box office records during its opening weekend in Vancouver, exceeding analysts' predictions. Critics praised the film's visual effects and pacing, while fans lined up for early screenings across the region.",Harborview College's new film breaks box office records in Vancouver and earns critical praise.,Entertainment,Beginner
1479,"Scientists at Zenith Pharmaceuticals in Toronto announced the discovery of a new material that conducts electricity far more efficiently than existing alternatives. The breakthrough could eventually lead to more efficient batteries and electronics, though commercial use is still years away.",Zenith Pharmaceuticals scientists in Toronto discover a highly efficient new conductive material.,Science,Intermediate
1480,"A new clinic backed by Aurora Data Systems opened in Cape Town this month, offering expanded mental health services to residents who previously had limited access to care. The clinic plans to add telehealth appointments in the coming months to reach even more patients.",Aurora Data Systems opens a new clinic in Cape Town expanding mental health access.,Health,Advanced
1481,"The latest film from Blue Horizon Airlines broke box office records during its opening weekend in Dublin, exceeding analysts' predictions. Critics praised the film's visual effects and pacing, while fans lined up for early screenings across the region.",Blue Horizon Airlines's new film breaks box office records in Dublin and earns critical praise.,Entertainment,Beginner
1482,"Maria Rossi broke a long-standing record at the regional championships, finishing well ahead of the competition. Coaches say months of intense training contributed to the milestone performance, which has drawn attention from national scouts.",Maria Rossi sets a new regional record after months of intense training.,Sports,Advanced
1483,"Samuel Rossi broke a long-standing record at the regional championships, finishing well ahead of the competition. Coaches say months of intense training contributed to the milestone performance, which has drawn attention from national scouts.",Samuel Rossi sets a new regional record after months of intense training.,Sports,Beginner
1484,"The Edinburgh team secured a dramatic victory in the final minutes of the match, coming from behind after trailing for most of the game. Fans credited the comeback to a change in strategy made by the coach at halftime. The win moves the team closer to a spot in the playoffs.","The Edinburgh team completes a late comeback win, boosting its playoff chances.",Sports,Advanced
1485,"A popular streaming series produced by Maple Street School District returned for a new season, quickly becoming one of the most watched shows filmed partly in Prague. The season introduced several new characters while resolving major storylines from previous episodes.","Maple Street School District's streaming series, filmed partly in Prague, returns for a well-received season.",Entertainment,Intermediate
1486,"A new direct flight route between Vancouver and a major international hub was announced by Quantum Innovations this week, expected to cut travel time significantly for business and leisure travelers alike. The airline said tickets will go on sale next month.","Quantum Innovations announces a new direct flight to Vancouver, promising shorter travel times.",Travel,Advanced
1487,Researchers at Evergreen Energy Co. in Cape Town published findings linking regular physical activity to improved long-term memory in older adults. The study followed participants over several years and controlled for factors such as diet and sleep.,Evergreen Energy Co. researchers in Cape Town link exercise to better long-term memory in older adults.,Health,Advanced
1488,"A merger between Harborview College and a major firm in Buenos Aires is expected to close by the end of the year, according to sources close to the deal. Analysts say the combined company could become one of the largest players in its industry.",Harborview College and a major firm in Buenos Aires move toward a merger set to close by year end.,Business,Beginner
1489,"The Toronto team secured a dramatic victory in the final minutes of the match, coming from behind after trailing for most of the game. Fans credited the comeback to a change in strategy made by the coach at halftime. The win moves the team closer to a spot in the playoffs.","The Toronto team completes a late comeback win, boosting its playoff chances.",Sports,Advanced
1490,"A merger between Global Trade Partners and a major firm in Seoul is expected to close by the end of the year, according to sources close to the deal. Analysts say the combined company could become one of the largest players in its industry.",Global Trade Partners and a major firm in Seoul move toward a merger set to close by year end.,Business,Intermediate
1491,NextGen Software Labs announced a new scholarship program aimed at supporting students from underrepresented backgrounds in Copenhagen. The program will cover tuition and provide mentorship opportunities for selected recipients starting next semester. Officials hope the initiative will improve graduation rates.,NextGen Software Labs launches a scholarship and mentorship program to support underrepresented students in Copenhagen.,Education,Advanced
1492,"Crescent Media Group reported stronger than expected quarterly earnings from its Buenos Aires division, driven largely by growth in overseas markets. Executives credited the results to a recent expansion strategy and increased demand for the company's core products. Investors responded positively to the announcement.",Crescent Media Group's Buenos Aires division posts strong quarterly earnings due to overseas growth.,Business,Beginner
1493,"Tourism officials in Edinburgh, working with Blue Horizon Airlines, launched a campaign encouraging visitors to explore lesser-known neighborhoods during the off-season. Local businesses hope the initiative will help spread tourism revenue more evenly throughout the year.",Edinburgh and Blue Horizon Airlines launch a campaign promoting off-season tourism to local neighborhoods.,Travel,Beginner
1494,"A new curriculum focused on critical thinking was introduced at schools in Cairo this term, developed in partnership with Zenith Pharmaceuticals. Teachers reported that students engaged more actively in classroom discussions after the change. The district plans to expand the program district-wide next year.",Schools in Cairo adopt a new critical-thinking curriculum developed with Zenith Pharmaceuticals.,Education,Advanced
1495,"The latest film from Coastal Insurance Co. broke box office records during its opening weekend in Berlin, exceeding analysts' predictions. Critics praised the film's visual effects and pacing, while fans lined up for early screenings across the region.",Coastal Insurance Co.'s new film breaks box office records in Berlin and earns critical praise.,Entertainment,Intermediate
1496,"A new curriculum focused on critical thinking was introduced at schools in Vancouver this term, developed in partnership with Summit Robotics Inc.. Teachers reported that students engaged more actively in classroom discussions after the change. The district plans to expand the program district-wide next year.",Schools in Vancouver adopt a new critical-thinking curriculum developed with Summit Robotics Inc..,Education,Intermediate
1497,"Hana Garcia broke a long-standing record at the regional championships, finishing well ahead of the competition. Coaches say months of intense training contributed to the milestone performance, which has drawn attention from national scouts.",Hana Garcia sets a new regional record after months of intense training.,Sports,Advanced
1498,Developers at Meridian Financial Group released an update addressing several security vulnerabilities discovered in their fitness tracker. The patch also introduces performance improvements and a redesigned interface. Users are encouraged to update as soon as possible to avoid potential risks.,Meridian Financial Group releases a security and performance update for its fitness tracker.,Technology,Intermediate
1499,"A new clinic backed by Global Trade Partners opened in Kuala Lumpur this month, offering expanded mental health services to residents who previously had limited access to care. The clinic plans to add telehealth appointments in the coming months to reach even more patients.",Global Trade Partners opens a new clinic in Kuala Lumpur expanding mental health access.,Health,Beginner
1500,"The latest film from Meridian Financial Group broke box office records during its opening weekend in Jakarta, exceeding analysts' predictions. Critics praised the film's visual effects and pacing, while fans lined up for early screenings across the region.",Meridian Financial Group's new film breaks box office records in Jakarta and earns critical praise.,Entertainment,Beginner
1501,"Global Trade Partners unveiled a new fitness tracker this week, claiming it delivers significantly faster performance than earlier models. Engineers spent over a year refining the design after receiving feedback from beta testers, and the company expects the product to reach store shelves by March. Analysts believe the launch could strengthen Global Trade Partners's position against rival firms.","Global Trade Partners launches a new fitness tracker after a year of development, aiming to outperform earlier models.",Technology,Beginner
1502,"Blue Horizon Airlines unveiled a new home assistant device this week, claiming it delivers significantly faster performance than earlier models. Engineers spent over a year refining the design after receiving feedback from beta testers, and the company expects the product to reach store shelves by January. Analysts believe the launch could strengthen Blue Horizon Airlines's position against rival firms.","Blue Horizon Airlines launches a new home assistant device after a year of development, aiming to outperform earlier models.",Technology,Beginner
1503,"Vertex Analytics unveiled a new smart speaker this week, claiming it delivers significantly faster performance than earlier models. Engineers spent over a year refining the design after receiving feedback from beta testers, and the company expects the product to reach store shelves by January. Analysts believe the launch could strengthen Vertex Analytics's position against rival firms.","Vertex Analytics launches a new smart speaker after a year of development, aiming to outperform earlier models.",Technology,Beginner
1504,"A new curriculum focused on critical thinking was introduced at schools in Lisbon this term, developed in partnership with NextGen Software Labs. Teachers reported that students engaged more actively in classroom discussions after the change. The district plans to expand the program district-wide next year.",Schools in Lisbon adopt a new critical-thinking curriculum developed with NextGen Software Labs.,Education,Advanced
1505,"A popular streaming series produced by Skyline Real Estate returned for a new season, quickly becoming one of the most watched shows filmed partly in Cape Town. The season introduced several new characters while resolving major storylines from previous episodes.","Skyline Real Estate's streaming series, filmed partly in Cape Town, returns for a well-received season.",Entertainment,Beginner
1506,"Tourism officials in Amsterdam, working with Silverline Motors, launched a campaign encouraging visitors to explore lesser-known neighborhoods during the off-season. Local businesses hope the initiative will help spread tourism revenue more evenly throughout the year.",Amsterdam and Silverline Motors launch a campaign promoting off-season tourism to local neighborhoods.,Travel,Beginner
1507,"A popular streaming series produced by Global Trade Partners returned for a new season, quickly becoming one of the most watched shows filmed partly in Manila. The season introduced several new characters while resolving major storylines from previous episodes.","Global Trade Partners's streaming series, filmed partly in Manila, returns for a well-received season.",Entertainment,Advanced
1508,Developers at Coastal Insurance Co. released an update addressing several security vulnerabilities discovered in their laptop. The patch also introduces performance improvements and a redesigned interface. Users are encouraged to update as soon as possible to avoid potential risks.,Coastal Insurance Co. releases a security and performance update for its laptop.,Technology,Intermediate
1509,"Ironwood Steel Works reported stronger than expected quarterly earnings from its Marrakesh division, driven largely by growth in overseas markets. Executives credited the results to a recent expansion strategy and increased demand for the company's core products. Investors responded positively to the announcement.",Ironwood Steel Works's Marrakesh division posts strong quarterly earnings due to overseas growth.,Business,Intermediate
1510,Developers at Coastal Insurance Co. released an update addressing several security vulnerabilities discovered in their smartphone. The patch also introduces performance improvements and a redesigned interface. Users are encouraged to update as soon as possible to avoid potential risks.,Coastal Insurance Co. releases a security and performance update for its smartphone.,Technology,Intermediate
1511,Researchers at Vertex Analytics in Edinburgh published findings linking regular physical activity to improved long-term memory in older adults. The study followed participants over several years and controlled for factors such as diet and sleep.,Vertex Analytics researchers in Edinburgh link exercise to better long-term memory in older adults.,Health,Beginner
1512,"The latest film from BrightFuture Foundation broke box office records during its opening weekend in Berlin, exceeding analysts' predictions. Critics praised the film's visual effects and pacing, while fans lined up for early screenings across the region.",BrightFuture Foundation's new film breaks box office records in Berlin and earns critical praise.,Entertainment,Intermediate
1513,"A popular streaming series produced by NextGen Software Labs returned for a new season, quickly becoming one of the most watched shows filmed partly in Wellington. The season introduced several new characters while resolving major storylines from previous episodes.","NextGen Software Labs's streaming series, filmed partly in Wellington, returns for a well-received season.",Entertainment,Intermediate
1514,"A popular streaming series produced by Falcon Logistics returned for a new season, quickly becoming one of the most watched shows filmed partly in Kuala Lumpur. The season introduced several new characters while resolving major storylines from previous episodes.","Falcon Logistics's streaming series, filmed partly in Kuala Lumpur, returns for a well-received season.",Entertainment,Intermediate
1515,"Hana Taylor broke a long-standing record at the regional championships, finishing well ahead of the competition. Coaches say months of intense training contributed to the milestone performance, which has drawn attention from national scouts.",Hana Taylor sets a new regional record after months of intense training.,Sports,Beginner
1516,"A merger between Global Trade Partners and a major firm in Helsinki is expected to close by the end of the year, according to sources close to the deal. Analysts say the combined company could become one of the largest players in its industry.",Global Trade Partners and a major firm in Helsinki move toward a merger set to close by year end.,Business,Beginner
1517,"A new clinic backed by Golden Gate Retailers opened in Seoul this month, offering expanded mental health services to residents who previously had limited access to care. The clinic plans to add telehealth appointments in the coming months to reach even more patients.",Golden Gate Retailers opens a new clinic in Seoul expanding mental health access.,Health,Beginner
1518,"Hassan Fernandez broke a long-standing record at the regional championships, finishing well ahead of the competition. Coaches say months of intense training contributed to the milestone performance, which has drawn attention from national scouts.",Hassan Fernandez sets a new regional record after months of intense training.,Sports,Intermediate
1519,"A new direct flight route between Lisbon and a major international hub was announced by Pioneer Research Institute this week, expected to cut travel time significantly for business and leisure travelers alike. The airline said tickets will go on sale next month.","Pioneer Research Institute announces a new direct flight to Lisbon, promising shorter travel times.",Travel,Beginner
1520,"A popular streaming series produced by Quantum Innovations returned for a new season, quickly becoming one of the most watched shows filmed partly in Copenhagen. The season introduced several new characters while resolving major storylines from previous episodes.","Quantum Innovations's streaming series, filmed partly in Copenhagen, returns for a well-received season.",Entertainment,Intermediate
1521,"The latest film from Vertex Analytics broke box office records during its opening weekend in Manila, exceeding analysts' predictions. Critics praised the film's visual effects and pacing, while fans lined up for early screenings across the region.",Vertex Analytics's new film breaks box office records in Manila and earns critical praise.,Entertainment,Advanced
1522,"A new clinic backed by BrightFuture Foundation opened in Edinburgh this month, offering expanded mental health services to residents who previously had limited access to care. The clinic plans to add telehealth appointments in the coming months to reach even more patients.",BrightFuture Foundation opens a new clinic in Edinburgh expanding mental health access.,Health,Beginner
1523,Researchers at Redstone Consulting in Cairo published findings linking regular physical activity to improved long-term memory in older adults. The study followed participants over several years and controlled for factors such as diet and sleep.,Redstone Consulting researchers in Cairo link exercise to better long-term memory in older adults.,Health,Intermediate
1524,"Mark Müller broke a long-standing record at the regional championships, finishing well ahead of the competition. Coaches say months of intense training contributed to the milestone performance, which has drawn attention from national scouts.",Mark Müller sets a new regional record after months of intense training.,Sports,Intermediate
1525,"The Denver team secured a dramatic victory in the final minutes of the match, coming from behind after trailing for most of the game. Fans credited the comeback to a change in strategy made by the coach at halftime. The win moves the team closer to a spot in the playoffs.","The Denver team completes a late comeback win, boosting its playoff chances.",Sports,Beginner
1526,"Tourism officials in Melbourne, working with Redstone Consulting, launched a campaign encouraging visitors to explore lesser-known neighborhoods during the off-season. Local businesses hope the initiative will help spread tourism revenue more evenly throughout the year.",Melbourne and Redstone Consulting launch a campaign promoting off-season tourism to local neighborhoods.,Travel,Advanced
1527,"Scientists at Golden Gate Retailers in Denver announced the discovery of a new material that conducts electricity far more efficiently than existing alternatives. The breakthrough could eventually lead to more efficient batteries and electronics, though commercial use is still years away.",Golden Gate Retailers scientists in Denver discover a highly efficient new conductive material.,Science,Beginner
1528,Developers at Zenith Pharmaceuticals released an update addressing several security vulnerabilities discovered in their tablet. The patch also introduces performance improvements and a redesigned interface. Users are encouraged to update as soon as possible to avoid potential risks.,Zenith Pharmaceuticals releases a security and performance update for its tablet.,Technology,Intermediate
1529,Developers at Oakwood Publishing House released an update addressing several security vulnerabilities discovered in their home assistant device. The patch also introduces performance improvements and a redesigned interface. Users are encouraged to update as soon as possible to avoid potential risks.,Oakwood Publishing House releases a security and performance update for its home assistant device.,Technology,Beginner
1530,Developers at Ironwood Steel Works released an update addressing several security vulnerabilities discovered in their tablet. The patch also introduces performance improvements and a redesigned interface. Users are encouraged to update as soon as possible to avoid potential risks.,Ironwood Steel Works releases a security and performance update for its tablet.,Technology,Beginner
1531,"Scientists at Oakwood Publishing House in Lisbon announced the discovery of a new material that conducts electricity far more efficiently than existing alternatives. The breakthrough could eventually lead to more efficient batteries and electronics, though commercial use is still years away.",Oakwood Publishing House scientists in Lisbon discover a highly efficient new conductive material.,Science,Beginner
1532,"Scientists at Pioneer Research Institute in Berlin announced the discovery of a new material that conducts electricity far more efficiently than existing alternatives. The breakthrough could eventually lead to more efficient batteries and electronics, though commercial use is still years away.",Pioneer Research Institute scientists in Berlin discover a highly efficient new conductive material.,Science,Beginner
1533,"BrightFuture Foundation unveiled a new tablet this week, claiming it delivers significantly faster performance than earlier models. Engineers spent over a year refining the design after receiving feedback from beta testers, and the company expects the product to reach store shelves by September. Analysts believe the launch could strengthen BrightFuture Foundation's position against rival firms.","BrightFuture Foundation launches a new tablet after a year of development, aiming to outperform earlier models.",Technology,Intermediate
1534,"Tourism officials in Toronto, working with BrightFuture Foundation, launched a campaign encouraging visitors to explore lesser-known neighborhoods during the off-season. Local businesses hope the initiative will help spread tourism revenue more evenly throughout the year.",Toronto and BrightFuture Foundation launch a campaign promoting off-season tourism to local neighborhoods.,Travel,Beginner
1535,Meridian Financial Group announced a new scholarship program aimed at supporting students from underrepresented backgrounds in Wellington. The program will cover tuition and provide mentorship opportunities for selected recipients starting next semester. Officials hope the initiative will improve graduation rates.,Meridian Financial Group launches a scholarship and mentorship program to support underrepresented students in Wellington.,Education,Intermediate
1536,"Chen Kowalski broke a long-standing record at the regional championships, finishing well ahead of the competition. Coaches say months of intense training contributed to the milestone performance, which has drawn attention from national scouts.",Chen Kowalski sets a new regional record after months of intense training.,Sports,Intermediate
1537,"Golden Gate Retailers unveiled a new smart speaker this week, claiming it delivers significantly faster performance than earlier models. Engineers spent over a year refining the design after receiving feedback from beta testers, and the company expects the product to reach store shelves by January. Analysts believe the launch could strengthen Golden Gate Retailers's position against rival firms.","Golden Gate Retailers launches a new smart speaker after a year of development, aiming to outperform earlier models.",Technology,Advanced
1538,"A popular streaming series produced by Brightline Technologies returned for a new season, quickly becoming one of the most watched shows filmed partly in Vancouver. The season introduced several new characters while resolving major storylines from previous episodes.","Brightline Technologies's streaming series, filmed partly in Vancouver, returns for a well-received season.",Entertainment,Advanced
1539,Global Trade Partners announced a new scholarship program aimed at supporting students from underrepresented backgrounds in Nairobi. The program will cover tuition and provide mentorship opportunities for selected recipients starting next semester. Officials hope the initiative will improve graduation rates.,Global Trade Partners launches a scholarship and mentorship program to support underrepresented students in Nairobi.,Education,Advanced
1540,"Vertex Analytics unveiled a new fitness tracker this week, claiming it delivers significantly faster performance than earlier models. Engineers spent over a year refining the design after receiving feedback from beta testers, and the company expects the product to reach store shelves by November. Analysts believe the launch could strengthen Vertex Analytics's position against rival firms.","Vertex Analytics launches a new fitness tracker after a year of development, aiming to outperform earlier models.",Technology,Intermediate
1541,"The latest film from Harborview College broke box office records during its opening weekend in Dublin, exceeding analysts' predictions. Critics praised the film's visual effects and pacing, while fans lined up for early screenings across the region.",Harborview College's new film breaks box office records in Dublin and earns critical praise.,Entertainment,Intermediate
1542,Developers at Global Trade Partners released an update addressing several security vulnerabilities discovered in their laptop. The patch also introduces performance improvements and a redesigned interface. Users are encouraged to update as soon as possible to avoid potential risks.,Global Trade Partners releases a security and performance update for its laptop.,Technology,Advanced
1543,Researchers at Maple Street School District in Dublin published findings linking regular physical activity to improved long-term memory in older adults. The study followed participants over several years and controlled for factors such as diet and sleep.,Maple Street School District researchers in Dublin link exercise to better long-term memory in older adults.,Health,Intermediate
1544,"Julia Walker broke a long-standing record at the regional championships, finishing well ahead of the competition. Coaches say months of intense training contributed to the milestone performance, which has drawn attention from national scouts.",Julia Walker sets a new regional record after months of intense training.,Sports,Intermediate
1545,"BrightFuture Foundation reported stronger than expected quarterly earnings from its Dublin division, driven largely by growth in overseas markets. Executives credited the results to a recent expansion strategy and increased demand for the company's core products. Investors responded positively to the announcement.",BrightFuture Foundation's Dublin division posts strong quarterly earnings due to overseas growth.,Business,Beginner
1546,"A new direct flight route between Zurich and a major international hub was announced by Riverside Bank this week, expected to cut travel time significantly for business and leisure travelers alike. The airline said tickets will go on sale next month.","Riverside Bank announces a new direct flight to Zurich, promising shorter travel times.",Travel,Advanced
1547,"A new direct flight route between Austin and a major international hub was announced by Lakeside Medical Center this week, expected to cut travel time significantly for business and leisure travelers alike. The airline said tickets will go on sale next month.","Lakeside Medical Center announces a new direct flight to Austin, promising shorter travel times.",Travel,Intermediate
1548,"A new clinic backed by Harborview College opened in Santiago this month, offering expanded mental health services to residents who previously had limited access to care. The clinic plans to add telehealth appointments in the coming months to reach even more patients.",Harborview College opens a new clinic in Santiago expanding mental health access.,Health,Intermediate
1549,"Scientists at Evergreen Energy Co. in Kuala Lumpur announced the discovery of a new material that conducts electricity far more efficiently than existing alternatives. The breakthrough could eventually lead to more efficient batteries and electronics, though commercial use is still years away.",Evergreen Energy Co. scientists in Kuala Lumpur discover a highly efficient new conductive material.,Science,Advanced
1550,"A new curriculum focused on critical thinking was introduced at schools in Zurich this term, developed in partnership with Global Trade Partners. Teachers reported that students engaged more actively in classroom discussions after the change. The district plans to expand the program district-wide next year.",Schools in Zurich adopt a new critical-thinking curriculum developed with Global Trade Partners.,Education,Advanced
1551,Cedar Grove Hospital announced a new scholarship program aimed at supporting students from underrepresented backgrounds in Wellington. The program will cover tuition and provide mentorship opportunities for selected recipients starting next semester. Officials hope the initiative will improve graduation rates.,Cedar Grove Hospital launches a scholarship and mentorship program to support underrepresented students in Wellington.,Education,Beginner
1552,"The latest film from Summit Robotics Inc. broke box office records during its opening weekend in Dublin, exceeding analysts' predictions. Critics praised the film's visual effects and pacing, while fans lined up for early screenings across the region.",Summit Robotics Inc.'s new film breaks box office records in Dublin and earns critical praise.,Entertainment,Beginner
1553,"Scientists at Brightline Technologies in Bangkok announced the discovery of a new material that conducts electricity far more efficiently than existing alternatives. The breakthrough could eventually lead to more efficient batteries and electronics, though commercial use is still years away.",Brightline Technologies scientists in Bangkok discover a highly efficient new conductive material.,Science,Intermediate
1554,"A new curriculum focused on critical thinking was introduced at schools in Warsaw this term, developed in partnership with Golden Gate Retailers. Teachers reported that students engaged more actively in classroom discussions after the change. The district plans to expand the program district-wide next year.",Schools in Warsaw adopt a new critical-thinking curriculum developed with Golden Gate Retailers.,Education,Advanced
1555,"The latest film from Riverside Bank broke box office records during its opening weekend in Warsaw, exceeding analysts' predictions. Critics praised the film's visual effects and pacing, while fans lined up for early screenings across the region.",Riverside Bank's new film breaks box office records in Warsaw and earns critical praise.,Entertainment,Advanced
1556,Developers at Redstone Consulting released an update addressing several security vulnerabilities discovered in their smartphone. The patch also introduces performance improvements and a redesigned interface. Users are encouraged to update as soon as possible to avoid potential risks.,Redstone Consulting releases a security and performance update for its smartphone.,Technology,Advanced
1557,"Oakwood Publishing House reported stronger than expected quarterly earnings from its Manila division, driven largely by growth in overseas markets. Executives credited the results to a recent expansion strategy and increased demand for the company's core products. Investors responded positively to the announcement.",Oakwood Publishing House's Manila division posts strong quarterly earnings due to overseas growth.,Business,Beginner
1558,"Yuki Müller broke a long-standing record at the regional championships, finishing well ahead of the competition. Coaches say months of intense training contributed to the milestone performance, which has drawn attention from national scouts.",Yuki Müller sets a new regional record after months of intense training.,Sports,Beginner
1559,"A new direct flight route between Copenhagen and a major international hub was announced by Skyline Real Estate this week, expected to cut travel time significantly for business and leisure travelers alike. The airline said tickets will go on sale next month.","Skyline Real Estate announces a new direct flight to Copenhagen, promising shorter travel times.",Travel,Beginner
1560,"Coastal Insurance Co. unveiled a new laptop this week, claiming it delivers significantly faster performance than earlier models. Engineers spent over a year refining the design after receiving feedback from beta testers, and the company expects the product to reach store shelves by January. Analysts believe the launch could strengthen Coastal Insurance Co.'s position against rival firms.","Coastal Insurance Co. launches a new laptop after a year of development, aiming to outperform earlier models.",Technology,Advanced
1561,"Chloe Kowalski broke a long-standing record at the regional championships, finishing well ahead of the competition. Coaches say months of intense training contributed to the milestone performance, which has drawn attention from national scouts.",Chloe Kowalski sets a new regional record after months of intense training.,Sports,Beginner
1562,"A merger between Ironwood Steel Works and a major firm in Denver is expected to close by the end of the year, according to sources close to the deal. Analysts say the combined company could become one of the largest players in its industry.",Ironwood Steel Works and a major firm in Denver move toward a merger set to close by year end.,Business,Intermediate
1563,"Scientists at Zenith Pharmaceuticals in Manila announced the discovery of a new material that conducts electricity far more efficiently than existing alternatives. The breakthrough could eventually lead to more efficient batteries and electronics, though commercial use is still years away.",Zenith Pharmaceuticals scientists in Manila discover a highly efficient new conductive material.,Science,Beginner
1564,"A new direct flight route between Dublin and a major international hub was announced by Pioneer Research Institute this week, expected to cut travel time significantly for business and leisure travelers alike. The airline said tickets will go on sale next month.","Pioneer Research Institute announces a new direct flight to Dublin, promising shorter travel times.",Travel,Beginner
1565,"Scientists at Riverside Bank in Amsterdam announced the discovery of a new material that conducts electricity far more efficiently than existing alternatives. The breakthrough could eventually lead to more efficient batteries and electronics, though commercial use is still years away.",Riverside Bank scientists in Amsterdam discover a highly efficient new conductive material.,Science,Intermediate
1566,"Scientists at Summit Robotics Inc. in Cape Town announced the discovery of a new material that conducts electricity far more efficiently than existing alternatives. The breakthrough could eventually lead to more efficient batteries and electronics, though commercial use is still years away.",Summit Robotics Inc. scientists in Cape Town discover a highly efficient new conductive material.,Science,Intermediate
1567,"Blue Horizon Airlines reported stronger than expected quarterly earnings from its Nairobi division, driven largely by growth in overseas markets. Executives credited the results to a recent expansion strategy and increased demand for the company's core products. Investors responded positively to the announcement.",Blue Horizon Airlines's Nairobi division posts strong quarterly earnings due to overseas growth.,Business,Intermediate
1568,"Golden Gate Retailers reported stronger than expected quarterly earnings from its Bangkok division, driven largely by growth in overseas markets. Executives credited the results to a recent expansion strategy and increased demand for the company's core products. Investors responded positively to the announcement.",Golden Gate Retailers's Bangkok division posts strong quarterly earnings due to overseas growth.,Business,Beginner
1569,"The Helsinki team secured a dramatic victory in the final minutes of the match, coming from behind after trailing for most of the game. Fans credited the comeback to a change in strategy made by the coach at halftime. The win moves the team closer to a spot in the playoffs.","The Helsinki team completes a late comeback win, boosting its playoff chances.",Sports,Intermediate
1570,Delta Cloud Services announced a new scholarship program aimed at supporting students from underrepresented backgrounds in Zurich. The program will cover tuition and provide mentorship opportunities for selected recipients starting next semester. Officials hope the initiative will improve graduation rates.,Delta Cloud Services launches a scholarship and mentorship program to support underrepresented students in Zurich.,Education,Advanced
1571,"Zenith Pharmaceuticals reported stronger than expected quarterly earnings from its Prague division, driven largely by growth in overseas markets. Executives credited the results to a recent expansion strategy and increased demand for the company's core products. Investors responded positively to the announcement.",Zenith Pharmaceuticals's Prague division posts strong quarterly earnings due to overseas growth.,Business,Intermediate
1572,"The latest film from Falcon Logistics broke box office records during its opening weekend in Warsaw, exceeding analysts' predictions. Critics praised the film's visual effects and pacing, while fans lined up for early screenings across the region.",Falcon Logistics's new film breaks box office records in Warsaw and earns critical praise.,Entertainment,Advanced
1573,"Quantum Innovations reported stronger than expected quarterly earnings from its Santiago division, driven largely by growth in overseas markets. Executives credited the results to a recent expansion strategy and increased demand for the company's core products. Investors responded positively to the announcement.",Quantum Innovations's Santiago division posts strong quarterly earnings due to overseas growth.,Business,Advanced
1574,Ironwood Steel Works announced a new scholarship program aimed at supporting students from underrepresented backgrounds in Nairobi. The program will cover tuition and provide mentorship opportunities for selected recipients starting next semester. Officials hope the initiative will improve graduation rates.,Ironwood Steel Works launches a scholarship and mentorship program to support underrepresented students in Nairobi.,Education,Advanced
1575,"Tourism officials in Prague, working with Redstone Consulting, launched a campaign encouraging visitors to explore lesser-known neighborhoods during the off-season. Local businesses hope the initiative will help spread tourism revenue more evenly throughout the year.",Prague and Redstone Consulting launch a campaign promoting off-season tourism to local neighborhoods.,Travel,Intermediate
1576,"A new clinic backed by Silverline Motors opened in Stockholm this month, offering expanded mental health services to residents who previously had limited access to care. The clinic plans to add telehealth appointments in the coming months to reach even more patients.",Silverline Motors opens a new clinic in Stockholm expanding mental health access.,Health,Intermediate
1577,"A research team at Riverside Bank based in Toronto published new data on shifting migration patterns among several bird species, linking the changes to rising temperatures. The findings add to a growing body of evidence about climate change's effects on wildlife.",Riverside Bank researchers in Toronto link changing bird migration patterns to rising temperatures.,Science,Intermediate
1578,"A new direct flight route between Mumbai and a major international hub was announced by Golden Gate Retailers this week, expected to cut travel time significantly for business and leisure travelers alike. The airline said tickets will go on sale next month.","Golden Gate Retailers announces a new direct flight to Mumbai, promising shorter travel times.",Travel,Intermediate
1579,Researchers at Meridian Financial Group in Copenhagen published findings linking regular physical activity to improved long-term memory in older adults. The study followed participants over several years and controlled for factors such as diet and sleep.,Meridian Financial Group researchers in Copenhagen link exercise to better long-term memory in older adults.,Health,Beginner
1580,"A research team at Redstone Consulting based in Kuala Lumpur published new data on shifting migration patterns among several bird species, linking the changes to rising temperatures. The findings add to a growing body of evidence about climate change's effects on wildlife.",Redstone Consulting researchers in Kuala Lumpur link changing bird migration patterns to rising temperatures.,Science,Advanced
1581,"A new curriculum focused on critical thinking was introduced at schools in Amsterdam this term, developed in partnership with BrightFuture Foundation. Teachers reported that students engaged more actively in classroom discussions after the change. The district plans to expand the program district-wide next year.",Schools in Amsterdam adopt a new critical-thinking curriculum developed with BrightFuture Foundation.,Education,Advanced
1582,"Tourism officials in Melbourne, working with Vertex Analytics, launched a campaign encouraging visitors to explore lesser-known neighborhoods during the off-season. Local businesses hope the initiative will help spread tourism revenue more evenly throughout the year.",Melbourne and Vertex Analytics launch a campaign promoting off-season tourism to local neighborhoods.,Travel,Beginner
1583,"NextGen Software Labs unveiled a new smart speaker this week, claiming it delivers significantly faster performance than earlier models. Engineers spent over a year refining the design after receiving feedback from beta testers, and the company expects the product to reach store shelves by November. Analysts believe the launch could strengthen NextGen Software Labs's position against rival firms.","NextGen Software Labs launches a new smart speaker after a year of development, aiming to outperform earlier models.",Technology,Intermediate
1584,"Blue Horizon Airlines reported stronger than expected quarterly earnings from its Buenos Aires division, driven largely by growth in overseas markets. Executives credited the results to a recent expansion strategy and increased demand for the company's core products. Investors responded positively to the announcement.",Blue Horizon Airlines's Buenos Aires division posts strong quarterly earnings due to overseas growth.,Business,Beginner
1585,"The latest film from Union Manufacturing Corp. broke box office records during its opening weekend in Marrakesh, exceeding analysts' predictions. Critics praised the film's visual effects and pacing, while fans lined up for early screenings across the region.",Union Manufacturing Corp.'s new film breaks box office records in Marrakesh and earns critical praise.,Entertainment,Intermediate
1586,"A merger between Aurora Data Systems and a major firm in Stockholm is expected to close by the end of the year, according to sources close to the deal. Analysts say the combined company could become one of the largest players in its industry.",Aurora Data Systems and a major firm in Stockholm move toward a merger set to close by year end.,Business,Beginner
1587,"A merger between Riverside Bank and a major firm in Denver is expected to close by the end of the year, according to sources close to the deal. Analysts say the combined company could become one of the largest players in its industry.",Riverside Bank and a major firm in Denver move toward a merger set to close by year end.,Business,Intermediate
1588,"Scientists at Redstone Consulting in Prague announced the discovery of a new material that conducts electricity far more efficiently than existing alternatives. The breakthrough could eventually lead to more efficient batteries and electronics, though commercial use is still years away.",Redstone Consulting scientists in Prague discover a highly efficient new conductive material.,Science,Intermediate
1589,"A new direct flight route between Berlin and a major international hub was announced by Harborview College this week, expected to cut travel time significantly for business and leisure travelers alike. The airline said tickets will go on sale next month.","Harborview College announces a new direct flight to Berlin, promising shorter travel times.",Travel,Beginner
1590,"The latest film from Blue Horizon Airlines broke box office records during its opening weekend in Santiago, exceeding analysts' predictions. Critics praised the film's visual effects and pacing, while fans lined up for early screenings across the region.",Blue Horizon Airlines's new film breaks box office records in Santiago and earns critical praise.,Entertainment,Advanced
1591,"Tourism officials in Cape Town, working with Quantum Innovations, launched a campaign encouraging visitors to explore lesser-known neighborhoods during the off-season. Local businesses hope the initiative will help spread tourism revenue more evenly throughout the year.",Cape Town and Quantum Innovations launch a campaign promoting off-season tourism to local neighborhoods.,Travel,Intermediate
1592,"David Silva broke a long-standing record at the regional championships, finishing well ahead of the competition. Coaches say months of intense training contributed to the milestone performance, which has drawn attention from national scouts.",David Silva sets a new regional record after months of intense training.,Sports,Beginner
1593,Developers at Pioneer Research Institute released an update addressing several security vulnerabilities discovered in their laptop. The patch also introduces performance improvements and a redesigned interface. Users are encouraged to update as soon as possible to avoid potential risks.,Pioneer Research Institute releases a security and performance update for its laptop.,Technology,Intermediate
1594,Developers at Zenith Pharmaceuticals released an update addressing several security vulnerabilities discovered in their smart speaker. The patch also introduces performance improvements and a redesigned interface. Users are encouraged to update as soon as possible to avoid potential risks.,Zenith Pharmaceuticals releases a security and performance update for its smart speaker.,Technology,Advanced
1595,"A new direct flight route between Warsaw and a major international hub was announced by Harborview College this week, expected to cut travel time significantly for business and leisure travelers alike. The airline said tickets will go on sale next month.","Harborview College announces a new direct flight to Warsaw, promising shorter travel times.",Travel,Advanced
1596,"The latest film from Ironwood Steel Works broke box office records during its opening weekend in Nairobi, exceeding analysts' predictions. Critics praised the film's visual effects and pacing, while fans lined up for early screenings across the region.",Ironwood Steel Works's new film breaks box office records in Nairobi and earns critical praise.,Entertainment,Advanced
1597,Developers at Aurora Data Systems released an update addressing several security vulnerabilities discovered in their home assistant device. The patch also introduces performance improvements and a redesigned interface. Users are encouraged to update as soon as possible to avoid potential risks.,Aurora Data Systems releases a security and performance update for its home assistant device.,Technology,Advanced
1598,"Sofia Larsen broke a long-standing record at the regional championships, finishing well ahead of the competition. Coaches say months of intense training contributed to the milestone performance, which has drawn attention from national scouts.",Sofia Larsen sets a new regional record after months of intense training.,Sports,Advanced
1599,"Harborview College unveiled a new fitness tracker this week, claiming it delivers significantly faster performance than earlier models. Engineers spent over a year refining the design after receiving feedback from beta testers, and the company expects the product to reach store shelves by March. Analysts believe the launch could strengthen Harborview College's position against rival firms.","Harborview College launches a new fitness tracker after a year of development, aiming to outperform earlier models.",Technology,Advanced
1600,Coastal Insurance Co. announced a new scholarship program aimed at supporting students from underrepresented backgrounds in Marrakesh. The program will cover tuition and provide mentorship opportunities for selected recipients starting next semester. Officials hope the initiative will improve graduation rates.,Coastal Insurance Co. launches a scholarship and mentorship program to support underrepresented students in Marrakesh.,Education,Advanced
1601,Researchers at Redstone Consulting in Edinburgh published findings linking regular physical activity to improved long-term memory in older adults. The study followed participants over several years and controlled for factors such as diet and sleep.,Redstone Consulting researchers in Edinburgh link exercise to better long-term memory in older adults.,Health,Advanced
1602,"A merger between BrightFuture Foundation and a major firm in Zurich is expected to close by the end of the year, according to sources close to the deal. Analysts say the combined company could become one of the largest players in its industry.",BrightFuture Foundation and a major firm in Zurich move toward a merger set to close by year end.,Business,Advanced
1603,"A merger between BrightFuture Foundation and a major firm in Dublin is expected to close by the end of the year, according to sources close to the deal. Analysts say the combined company could become one of the largest players in its industry.",BrightFuture Foundation and a major firm in Dublin move toward a merger set to close by year end.,Business,Beginner
1604,Researchers at Crescent Media Group in Warsaw published findings linking regular physical activity to improved long-term memory in older adults. The study followed participants over several years and controlled for factors such as diet and sleep.,Crescent Media Group researchers in Warsaw link exercise to better long-term memory in older adults.,Health,Beginner
1605,"Crescent Media Group reported stronger than expected quarterly earnings from its Denver division, driven largely by growth in overseas markets. Executives credited the results to a recent expansion strategy and increased demand for the company's core products. Investors responded positively to the announcement.",Crescent Media Group's Denver division posts strong quarterly earnings due to overseas growth.,Business,Advanced
1606,Ironwood Steel Works announced a new scholarship program aimed at supporting students from underrepresented backgrounds in Cairo. The program will cover tuition and provide mentorship opportunities for selected recipients starting next semester. Officials hope the initiative will improve graduation rates.,Ironwood Steel Works launches a scholarship and mentorship program to support underrepresented students in Cairo.,Education,Intermediate
1607,"Crescent Media Group unveiled a new tablet this week, claiming it delivers significantly faster performance than earlier models. Engineers spent over a year refining the design after receiving feedback from beta testers, and the company expects the product to reach store shelves by January. Analysts believe the launch could strengthen Crescent Media Group's position against rival firms.","Crescent Media Group launches a new tablet after a year of development, aiming to outperform earlier models.",Technology,Advanced
1608,"A research team at Blue Horizon Airlines based in Vancouver published new data on shifting migration patterns among several bird species, linking the changes to rising temperatures. The findings add to a growing body of evidence about climate change's effects on wildlife.",Blue Horizon Airlines researchers in Vancouver link changing bird migration patterns to rising temperatures.,Science,Beginner
1609,"The latest film from Vertex Analytics broke box office records during its opening weekend in Marrakesh, exceeding analysts' predictions. Critics praised the film's visual effects and pacing, while fans lined up for early screenings across the region.",Vertex Analytics's new film breaks box office records in Marrakesh and earns critical praise.,Entertainment,Advanced
1610,"Zainab Kowalski broke a long-standing record at the regional championships, finishing well ahead of the competition. Coaches say months of intense training contributed to the milestone performance, which has drawn attention from national scouts.",Zainab Kowalski sets a new regional record after months of intense training.,Sports,Intermediate
1611,Vertex Analytics announced a new scholarship program aimed at supporting students from underrepresented backgrounds in Helsinki. The program will cover tuition and provide mentorship opportunities for selected recipients starting next semester. Officials hope the initiative will improve graduation rates.,Vertex Analytics launches a scholarship and mentorship program to support underrepresented students in Helsinki.,Education,Advanced
1612,"A merger between Coastal Insurance Co. and a major firm in Edinburgh is expected to close by the end of the year, according to sources close to the deal. Analysts say the combined company could become one of the largest players in its industry.",Coastal Insurance Co. and a major firm in Edinburgh move toward a merger set to close by year end.,Business,Intermediate
1613,Developers at Meridian Financial Group released an update addressing several security vulnerabilities discovered in their tablet. The patch also introduces performance improvements and a redesigned interface. Users are encouraged to update as soon as possible to avoid potential risks.,Meridian Financial Group releases a security and performance update for its tablet.,Technology,Beginner
1614,"Mei Haddad broke a long-standing record at the regional championships, finishing well ahead of the competition. Coaches say months of intense training contributed to the milestone performance, which has drawn attention from national scouts.",Mei Haddad sets a new regional record after months of intense training.,Sports,Beginner
1615,"Tourism officials in Prague, working with Lakeside Medical Center, launched a campaign encouraging visitors to explore lesser-known neighborhoods during the off-season. Local businesses hope the initiative will help spread tourism revenue more evenly throughout the year.",Prague and Lakeside Medical Center launch a campaign promoting off-season tourism to local neighborhoods.,Travel,Advanced
1616,"Tourism officials in Marrakesh, working with Maple Street School District, launched a campaign encouraging visitors to explore lesser-known neighborhoods during the off-season. Local businesses hope the initiative will help spread tourism revenue more evenly throughout the year.",Marrakesh and Maple Street School District launch a campaign promoting off-season tourism to local neighborhoods.,Travel,Beginner
1617,"Skyline Real Estate reported stronger than expected quarterly earnings from its Osaka division, driven largely by growth in overseas markets. Executives credited the results to a recent expansion strategy and increased demand for the company's core products. Investors responded positively to the announcement.",Skyline Real Estate's Osaka division posts strong quarterly earnings due to overseas growth.,Business,Beginner
1618,"Sofia Müller broke a long-standing record at the regional championships, finishing well ahead of the competition. Coaches say months of intense training contributed to the milestone performance, which has drawn attention from national scouts.",Sofia Müller sets a new regional record after months of intense training.,Sports,Intermediate
1619,"A research team at Cedar Grove Hospital based in Jakarta published new data on shifting migration patterns among several bird species, linking the changes to rising temperatures. The findings add to a growing body of evidence about climate change's effects on wildlife.",Cedar Grove Hospital researchers in Jakarta link changing bird migration patterns to rising temperatures.,Science,Beginner
1620,"Vertex Analytics reported stronger than expected quarterly earnings from its Vancouver division, driven largely by growth in overseas markets. Executives credited the results to a recent expansion strategy and increased demand for the company's core products. Investors responded positively to the announcement.",Vertex Analytics's Vancouver division posts strong quarterly earnings due to overseas growth.,Business,Intermediate
1621,"A new clinic backed by Harborview College opened in Melbourne this month, offering expanded mental health services to residents who previously had limited access to care. The clinic plans to add telehealth appointments in the coming months to reach even more patients.",Harborview College opens a new clinic in Melbourne expanding mental health access.,Health,Intermediate
1622,Harborview College announced a new scholarship program aimed at supporting students from underrepresented backgrounds in Marrakesh. The program will cover tuition and provide mentorship opportunities for selected recipients starting next semester. Officials hope the initiative will improve graduation rates.,Harborview College launches a scholarship and mentorship program to support underrepresented students in Marrakesh.,Education,Beginner
1623,"A new clinic backed by Evergreen Energy Co. opened in Denver this month, offering expanded mental health services to residents who previously had limited access to care. The clinic plans to add telehealth appointments in the coming months to reach even more patients.",Evergreen Energy Co. opens a new clinic in Denver expanding mental health access.,Health,Advanced
1624,"Pioneer Research Institute unveiled a new smartphone this week, claiming it delivers significantly faster performance than earlier models. Engineers spent over a year refining the design after receiving feedback from beta testers, and the company expects the product to reach store shelves by November. Analysts believe the launch could strengthen Pioneer Research Institute's position against rival firms.","Pioneer Research Institute launches a new smartphone after a year of development, aiming to outperform earlier models.",Technology,Advanced
1625,"Vertex Analytics unveiled a new smartphone this week, claiming it delivers significantly faster performance than earlier models. Engineers spent over a year refining the design after receiving feedback from beta testers, and the company expects the product to reach store shelves by January. Analysts believe the launch could strengthen Vertex Analytics's position against rival firms.","Vertex Analytics launches a new smartphone after a year of development, aiming to outperform earlier models.",Technology,Beginner
1626,"Tourism officials in Bangkok, working with Coastal Insurance Co., launched a campaign encouraging visitors to explore lesser-known neighborhoods during the off-season. Local businesses hope the initiative will help spread tourism revenue more evenly throughout the year.",Bangkok and Coastal Insurance Co. launch a campaign promoting off-season tourism to local neighborhoods.,Travel,Advanced
1627,"Scientists at Summit Robotics Inc. in Amsterdam announced the discovery of a new material that conducts electricity far more efficiently than existing alternatives. The breakthrough could eventually lead to more efficient batteries and electronics, though commercial use is still years away.",Summit Robotics Inc. scientists in Amsterdam discover a highly efficient new conductive material.,Science,Intermediate
1628,"A new direct flight route between Nairobi and a major international hub was announced by Cedar Grove Hospital this week, expected to cut travel time significantly for business and leisure travelers alike. The airline said tickets will go on sale next month.","Cedar Grove Hospital announces a new direct flight to Nairobi, promising shorter travel times.",Travel,Intermediate
1629,Researchers at Cedar Grove Hospital in Wellington published findings linking regular physical activity to improved long-term memory in older adults. The study followed participants over several years and controlled for factors such as diet and sleep.,Cedar Grove Hospital researchers in Wellington link exercise to better long-term memory in older adults.,Health,Advanced
1630,"A new clinic backed by Falcon Logistics opened in Denver this month, offering expanded mental health services to residents who previously had limited access to care. The clinic plans to add telehealth appointments in the coming months to reach even more patients.",Falcon Logistics opens a new clinic in Denver expanding mental health access.,Health,Advanced
1631,"A popular streaming series produced by Pioneer Research Institute returned for a new season, quickly becoming one of the most watched shows filmed partly in Dublin. The season introduced several new characters while resolving major storylines from previous episodes.","Pioneer Research Institute's streaming series, filmed partly in Dublin, returns for a well-received season.",Entertainment,Intermediate
1632,"The Nairobi team secured a dramatic victory in the final minutes of the match, coming from behind after trailing for most of the game. Fans credited the comeback to a change in strategy made by the coach at halftime. The win moves the team closer to a spot in the playoffs.","The Nairobi team completes a late comeback win, boosting its playoff chances.",Sports,Beginner
1633,"Zenith Pharmaceuticals unveiled a new smartphone this week, claiming it delivers significantly faster performance than earlier models. Engineers spent over a year refining the design after receiving feedback from beta testers, and the company expects the product to reach store shelves by January. Analysts believe the launch could strengthen Zenith Pharmaceuticals's position against rival firms.","Zenith Pharmaceuticals launches a new smartphone after a year of development, aiming to outperform earlier models.",Technology,Advanced
1634,"George Wright broke a long-standing record at the regional championships, finishing well ahead of the competition. Coaches say months of intense training contributed to the milestone performance, which has drawn attention from national scouts.",George Wright sets a new regional record after months of intense training.,Sports,Advanced
1635,"A merger between Oakwood Publishing House and a major firm in Seoul is expected to close by the end of the year, according to sources close to the deal. Analysts say the combined company could become one of the largest players in its industry.",Oakwood Publishing House and a major firm in Seoul move toward a merger set to close by year end.,Business,Intermediate
1636,"Adaeze Brown broke a long-standing record at the regional championships, finishing well ahead of the competition. Coaches say months of intense training contributed to the milestone performance, which has drawn attention from national scouts.",Adaeze Brown sets a new regional record after months of intense training.,Sports,Intermediate
1637,Researchers at Evergreen Energy Co. in Wellington published findings linking regular physical activity to improved long-term memory in older adults. The study followed participants over several years and controlled for factors such as diet and sleep.,Evergreen Energy Co. researchers in Wellington link exercise to better long-term memory in older adults.,Health,Beginner
1638,"A new curriculum focused on critical thinking was introduced at schools in Helsinki this term, developed in partnership with Cedar Grove Hospital. Teachers reported that students engaged more actively in classroom discussions after the change. The district plans to expand the program district-wide next year.",Schools in Helsinki adopt a new critical-thinking curriculum developed with Cedar Grove Hospital.,Education,Intermediate
1639,"A new curriculum focused on critical thinking was introduced at schools in Buenos Aires this term, developed in partnership with BrightFuture Foundation. Teachers reported that students engaged more actively in classroom discussions after the change. The district plans to expand the program district-wide next year.",Schools in Buenos Aires adopt a new critical-thinking curriculum developed with BrightFuture Foundation.,Education,Intermediate
1640,"A merger between Crescent Media Group and a major firm in Manila is expected to close by the end of the year, according to sources close to the deal. Analysts say the combined company could become one of the largest players in its industry.",Crescent Media Group and a major firm in Manila move toward a merger set to close by year end.,Business,Intermediate
1641,"Julia Smith broke a long-standing record at the regional championships, finishing well ahead of the competition. Coaches say months of intense training contributed to the milestone performance, which has drawn attention from national scouts.",Julia Smith sets a new regional record after months of intense training.,Sports,Intermediate
1642,NextGen Software Labs announced a new scholarship program aimed at supporting students from underrepresented backgrounds in Bangkok. The program will cover tuition and provide mentorship opportunities for selected recipients starting next semester. Officials hope the initiative will improve graduation rates.,NextGen Software Labs launches a scholarship and mentorship program to support underrepresented students in Bangkok.,Education,Intermediate
1643,"A new curriculum focused on critical thinking was introduced at schools in Cape Town this term, developed in partnership with Skyline Real Estate. Teachers reported that students engaged more actively in classroom discussions after the change. The district plans to expand the program district-wide next year.",Schools in Cape Town adopt a new critical-thinking curriculum developed with Skyline Real Estate.,Education,Intermediate
1644,"A new clinic backed by NextGen Software Labs opened in Helsinki this month, offering expanded mental health services to residents who previously had limited access to care. The clinic plans to add telehealth appointments in the coming months to reach even more patients.",NextGen Software Labs opens a new clinic in Helsinki expanding mental health access.,Health,Intermediate
1645,"Silverline Motors unveiled a new smartphone this week, claiming it delivers significantly faster performance than earlier models. Engineers spent over a year refining the design after receiving feedback from beta testers, and the company expects the product to reach store shelves by November. Analysts believe the launch could strengthen Silverline Motors's position against rival firms.","Silverline Motors launches a new smartphone after a year of development, aiming to outperform earlier models.",Technology,Beginner
1646,"Maple Street School District reported stronger than expected quarterly earnings from its Marrakesh division, driven largely by growth in overseas markets. Executives credited the results to a recent expansion strategy and increased demand for the company's core products. Investors responded positively to the announcement.",Maple Street School District's Marrakesh division posts strong quarterly earnings due to overseas growth.,Business,Beginner
1647,Developers at Riverside Bank released an update addressing several security vulnerabilities discovered in their home assistant device. The patch also introduces performance improvements and a redesigned interface. Users are encouraged to update as soon as possible to avoid potential risks.,Riverside Bank releases a security and performance update for its home assistant device.,Technology,Intermediate
1648,"Aisha Novak broke a long-standing record at the regional championships, finishing well ahead of the competition. Coaches say months of intense training contributed to the milestone performance, which has drawn attention from national scouts.",Aisha Novak sets a new regional record after months of intense training.,Sports,Intermediate
1649,"A new clinic backed by Ironwood Steel Works opened in Vancouver this month, offering expanded mental health services to residents who previously had limited access to care. The clinic plans to add telehealth appointments in the coming months to reach even more patients.",Ironwood Steel Works opens a new clinic in Vancouver expanding mental health access.,Health,Beginner
1650,"A research team at Harborview College based in Marrakesh published new data on shifting migration patterns among several bird species, linking the changes to rising temperatures. The findings add to a growing body of evidence about climate change's effects on wildlife.",Harborview College researchers in Marrakesh link changing bird migration patterns to rising temperatures.,Science,Intermediate
1651,"The latest film from Summit Robotics Inc. broke box office records during its opening weekend in Toronto, exceeding analysts' predictions. Critics praised the film's visual effects and pacing, while fans lined up for early screenings across the region.",Summit Robotics Inc.'s new film breaks box office records in Toronto and earns critical praise.,Entertainment,Advanced
1652,"The latest film from Crescent Media Group broke box office records during its opening weekend in Marrakesh, exceeding analysts' predictions. Critics praised the film's visual effects and pacing, while fans lined up for early screenings across the region.",Crescent Media Group's new film breaks box office records in Marrakesh and earns critical praise.,Entertainment,Advanced
1653,Developers at Delta Cloud Services released an update addressing several security vulnerabilities discovered in their tablet. The patch also introduces performance improvements and a redesigned interface. Users are encouraged to update as soon as possible to avoid potential risks.,Delta Cloud Services releases a security and performance update for its tablet.,Technology,Advanced
1654,"A new clinic backed by NextGen Software Labs opened in Stockholm this month, offering expanded mental health services to residents who previously had limited access to care. The clinic plans to add telehealth appointments in the coming months to reach even more patients.",NextGen Software Labs opens a new clinic in Stockholm expanding mental health access.,Health,Intermediate
1655,"Falcon Logistics unveiled a new home assistant device this week, claiming it delivers significantly faster performance than earlier models. Engineers spent over a year refining the design after receiving feedback from beta testers, and the company expects the product to reach store shelves by May. Analysts believe the launch could strengthen Falcon Logistics's position against rival firms.","Falcon Logistics launches a new home assistant device after a year of development, aiming to outperform earlier models.",Technology,Advanced
1656,"Layla Kowalski broke a long-standing record at the regional championships, finishing well ahead of the competition. Coaches say months of intense training contributed to the milestone performance, which has drawn attention from national scouts.",Layla Kowalski sets a new regional record after months of intense training.,Sports,Beginner
1657,"Chen Costa broke a long-standing record at the regional championships, finishing well ahead of the competition. Coaches say months of intense training contributed to the milestone performance, which has drawn attention from national scouts.",Chen Costa sets a new regional record after months of intense training.,Sports,Advanced
1658,"Tourism officials in Berlin, working with Global Trade Partners, launched a campaign encouraging visitors to explore lesser-known neighborhoods during the off-season. Local businesses hope the initiative will help spread tourism revenue more evenly throughout the year.",Berlin and Global Trade Partners launch a campaign promoting off-season tourism to local neighborhoods.,Travel,Beginner
1659,Developers at Silverline Motors released an update addressing several security vulnerabilities discovered in their home assistant device. The patch also introduces performance improvements and a redesigned interface. Users are encouraged to update as soon as possible to avoid potential risks.,Silverline Motors releases a security and performance update for its home assistant device.,Technology,Beginner
1660,Developers at Brightline Technologies released an update addressing several security vulnerabilities discovered in their smartphone. The patch also introduces performance improvements and a redesigned interface. Users are encouraged to update as soon as possible to avoid potential risks.,Brightline Technologies releases a security and performance update for its smartphone.,Technology,Beginner
1661,"Scientists at Skyline Real Estate in Jakarta announced the discovery of a new material that conducts electricity far more efficiently than existing alternatives. The breakthrough could eventually lead to more efficient batteries and electronics, though commercial use is still years away.",Skyline Real Estate scientists in Jakarta discover a highly efficient new conductive material.,Science,Beginner
1662,"Scientists at Aurora Data Systems in Lisbon announced the discovery of a new material that conducts electricity far more efficiently than existing alternatives. The breakthrough could eventually lead to more efficient batteries and electronics, though commercial use is still years away.",Aurora Data Systems scientists in Lisbon discover a highly efficient new conductive material.,Science,Beginner
1663,"The latest film from Crescent Media Group broke box office records during its opening weekend in Jakarta, exceeding analysts' predictions. Critics praised the film's visual effects and pacing, while fans lined up for early screenings across the region.",Crescent Media Group's new film breaks box office records in Jakarta and earns critical praise.,Entertainment,Intermediate
1664,"The latest film from Zenith Pharmaceuticals broke box office records during its opening weekend in Helsinki, exceeding analysts' predictions. Critics praised the film's visual effects and pacing, while fans lined up for early screenings across the region.",Zenith Pharmaceuticals's new film breaks box office records in Helsinki and earns critical praise.,Entertainment,Beginner
1665,"The latest film from Northfield University broke box office records during its opening weekend in Toronto, exceeding analysts' predictions. Critics praised the film's visual effects and pacing, while fans lined up for early screenings across the region.",Northfield University's new film breaks box office records in Toronto and earns critical praise.,Entertainment,Intermediate
1666,"A research team at Skyline Real Estate based in Denver published new data on shifting migration patterns among several bird species, linking the changes to rising temperatures. The findings add to a growing body of evidence about climate change's effects on wildlife.",Skyline Real Estate researchers in Denver link changing bird migration patterns to rising temperatures.,Science,Intermediate
1667,"Union Manufacturing Corp. reported stronger than expected quarterly earnings from its Denver division, driven largely by growth in overseas markets. Executives credited the results to a recent expansion strategy and increased demand for the company's core products. Investors responded positively to the announcement.",Union Manufacturing Corp.'s Denver division posts strong quarterly earnings due to overseas growth.,Business,Beginner
1668,"Meridian Financial Group reported stronger than expected quarterly earnings from its Austin division, driven largely by growth in overseas markets. Executives credited the results to a recent expansion strategy and increased demand for the company's core products. Investors responded positively to the announcement.",Meridian Financial Group's Austin division posts strong quarterly earnings due to overseas growth.,Business,Beginner
1669,"A new curriculum focused on critical thinking was introduced at schools in Austin this term, developed in partnership with Golden Gate Retailers. Teachers reported that students engaged more actively in classroom discussions after the change. The district plans to expand the program district-wide next year.",Schools in Austin adopt a new critical-thinking curriculum developed with Golden Gate Retailers.,Education,Intermediate
1670,"The latest film from Pioneer Research Institute broke box office records during its opening weekend in Vancouver, exceeding analysts' predictions. Critics praised the film's visual effects and pacing, while fans lined up for early screenings across the region.",Pioneer Research Institute's new film breaks box office records in Vancouver and earns critical praise.,Entertainment,Beginner
1671,"Amara Walker broke a long-standing record at the regional championships, finishing well ahead of the competition. Coaches say months of intense training contributed to the milestone performance, which has drawn attention from national scouts.",Amara Walker sets a new regional record after months of intense training.,Sports,Beginner
1672,Developers at Falcon Logistics released an update addressing several security vulnerabilities discovered in their laptop. The patch also introduces performance improvements and a redesigned interface. Users are encouraged to update as soon as possible to avoid potential risks.,Falcon Logistics releases a security and performance update for its laptop.,Technology,Advanced
1673,"A merger between Riverside Bank and a major firm in Helsinki is expected to close by the end of the year, according to sources close to the deal. Analysts say the combined company could become one of the largest players in its industry.",Riverside Bank and a major firm in Helsinki move toward a merger set to close by year end.,Business,Advanced
1674,"Ironwood Steel Works reported stronger than expected quarterly earnings from its Cairo division, driven largely by growth in overseas markets. Executives credited the results to a recent expansion strategy and increased demand for the company's core products. Investors responded positively to the announcement.",Ironwood Steel Works's Cairo division posts strong quarterly earnings due to overseas growth.,Business,Intermediate
1675,Developers at Riverside Bank released an update addressing several security vulnerabilities discovered in their fitness tracker. The patch also introduces performance improvements and a redesigned interface. Users are encouraged to update as soon as possible to avoid potential risks.,Riverside Bank releases a security and performance update for its fitness tracker.,Technology,Advanced
1676,Researchers at Evergreen Energy Co. in Nairobi published findings linking regular physical activity to improved long-term memory in older adults. The study followed participants over several years and controlled for factors such as diet and sleep.,Evergreen Energy Co. researchers in Nairobi link exercise to better long-term memory in older adults.,Health,Beginner
1677,"A merger between Redstone Consulting and a major firm in Santiago is expected to close by the end of the year, according to sources close to the deal. Analysts say the combined company could become one of the largest players in its industry.",Redstone Consulting and a major firm in Santiago move toward a merger set to close by year end.,Business,Advanced
1678,"Vertex Analytics unveiled a new fitness tracker this week, claiming it delivers significantly faster performance than earlier models. Engineers spent over a year refining the design after receiving feedback from beta testers, and the company expects the product to reach store shelves by May. Analysts believe the launch could strengthen Vertex Analytics's position against rival firms.","Vertex Analytics launches a new fitness tracker after a year of development, aiming to outperform earlier models.",Technology,Advanced
1679,"A new clinic backed by Summit Robotics Inc. opened in Dublin this month, offering expanded mental health services to residents who previously had limited access to care. The clinic plans to add telehealth appointments in the coming months to reach even more patients.",Summit Robotics Inc. opens a new clinic in Dublin expanding mental health access.,Health,Advanced
1680,"A merger between Union Manufacturing Corp. and a major firm in Austin is expected to close by the end of the year, according to sources close to the deal. Analysts say the combined company could become one of the largest players in its industry.",Union Manufacturing Corp. and a major firm in Austin move toward a merger set to close by year end.,Business,Beginner
1681,"A new direct flight route between Dublin and a major international hub was announced by Oakwood Publishing House this week, expected to cut travel time significantly for business and leisure travelers alike. The airline said tickets will go on sale next month.","Oakwood Publishing House announces a new direct flight to Dublin, promising shorter travel times.",Travel,Intermediate
1682,"Riverside Bank unveiled a new laptop this week, claiming it delivers significantly faster performance than earlier models. Engineers spent over a year refining the design after receiving feedback from beta testers, and the company expects the product to reach store shelves by March. Analysts believe the launch could strengthen Riverside Bank's position against rival firms.","Riverside Bank launches a new laptop after a year of development, aiming to outperform earlier models.",Technology,Beginner
1683,"A new curriculum focused on critical thinking was introduced at schools in Melbourne this term, developed in partnership with Harborview College. Teachers reported that students engaged more actively in classroom discussions after the change. The district plans to expand the program district-wide next year.",Schools in Melbourne adopt a new critical-thinking curriculum developed with Harborview College.,Education,Advanced
1684,"A popular streaming series produced by Union Manufacturing Corp. returned for a new season, quickly becoming one of the most watched shows filmed partly in Denver. The season introduced several new characters while resolving major storylines from previous episodes.","Union Manufacturing Corp.'s streaming series, filmed partly in Denver, returns for a well-received season.",Entertainment,Intermediate
1685,"A new direct flight route between Warsaw and a major international hub was announced by Redstone Consulting this week, expected to cut travel time significantly for business and leisure travelers alike. The airline said tickets will go on sale next month.","Redstone Consulting announces a new direct flight to Warsaw, promising shorter travel times.",Travel,Intermediate
1686,"A research team at Summit Robotics Inc. based in Seoul published new data on shifting migration patterns among several bird species, linking the changes to rising temperatures. The findings add to a growing body of evidence about climate change's effects on wildlife.",Summit Robotics Inc. researchers in Seoul link changing bird migration patterns to rising temperatures.,Science,Advanced
1687,Developers at Meridian Financial Group released an update addressing several security vulnerabilities discovered in their smart speaker. The patch also introduces performance improvements and a redesigned interface. Users are encouraged to update as soon as possible to avoid potential risks.,Meridian Financial Group releases a security and performance update for its smart speaker.,Technology,Intermediate
1688,"Tourism officials in Melbourne, working with Blue Horizon Airlines, launched a campaign encouraging visitors to explore lesser-known neighborhoods during the off-season. Local businesses hope the initiative will help spread tourism revenue more evenly throughout the year.",Melbourne and Blue Horizon Airlines launch a campaign promoting off-season tourism to local neighborhoods.,Travel,Intermediate
1689,Researchers at Quantum Innovations in Warsaw published findings linking regular physical activity to improved long-term memory in older adults. The study followed participants over several years and controlled for factors such as diet and sleep.,Quantum Innovations researchers in Warsaw link exercise to better long-term memory in older adults.,Health,Intermediate
1690,"A new direct flight route between Copenhagen and a major international hub was announced by Aurora Data Systems this week, expected to cut travel time significantly for business and leisure travelers alike. The airline said tickets will go on sale next month.","Aurora Data Systems announces a new direct flight to Copenhagen, promising shorter travel times.",Travel,Beginner
1691,"Adaeze Wright broke a long-standing record at the regional championships, finishing well ahead of the competition. Coaches say months of intense training contributed to the milestone performance, which has drawn attention from national scouts.",Adaeze Wright sets a new regional record after months of intense training.,Sports,Beginner
1692,"A popular streaming series produced by Lakeside Medical Center returned for a new season, quickly becoming one of the most watched shows filmed partly in Austin. The season introduced several new characters while resolving major storylines from previous episodes.","Lakeside Medical Center's streaming series, filmed partly in Austin, returns for a well-received season.",Entertainment,Beginner
1693,"A new direct flight route between Zurich and a major international hub was announced by Evergreen Energy Co. this week, expected to cut travel time significantly for business and leisure travelers alike. The airline said tickets will go on sale next month.","Evergreen Energy Co. announces a new direct flight to Zurich, promising shorter travel times.",Travel,Intermediate
1694,"A new curriculum focused on critical thinking was introduced at schools in Santiago this term, developed in partnership with Ironwood Steel Works. Teachers reported that students engaged more actively in classroom discussions after the change. The district plans to expand the program district-wide next year.",Schools in Santiago adopt a new critical-thinking curriculum developed with Ironwood Steel Works.,Education,Intermediate
1695,"A merger between Harborview College and a major firm in Dublin is expected to close by the end of the year, according to sources close to the deal. Analysts say the combined company could become one of the largest players in its industry.",Harborview College and a major firm in Dublin move toward a merger set to close by year end.,Business,Intermediate
1696,"A new curriculum focused on critical thinking was introduced at schools in Toronto this term, developed in partnership with Oakwood Publishing House. Teachers reported that students engaged more actively in classroom discussions after the change. The district plans to expand the program district-wide next year.",Schools in Toronto adopt a new critical-thinking curriculum developed with Oakwood Publishing House.,Education,Intermediate
1697,"Tourism officials in Vancouver, working with Riverside Bank, launched a campaign encouraging visitors to explore lesser-known neighborhoods during the off-season. Local businesses hope the initiative will help spread tourism revenue more evenly throughout the year.",Vancouver and Riverside Bank launch a campaign promoting off-season tourism to local neighborhoods.,Travel,Advanced
1698,"A new curriculum focused on critical thinking was introduced at schools in Bangkok this term, developed in partnership with Summit Robotics Inc.. Teachers reported that students engaged more actively in classroom discussions after the change. The district plans to expand the program district-wide next year.",Schools in Bangkok adopt a new critical-thinking curriculum developed with Summit Robotics Inc..,Education,Intermediate
1699,"A research team at BrightFuture Foundation based in Dublin published new data on shifting migration patterns among several bird species, linking the changes to rising temperatures. The findings add to a growing body of evidence about climate change's effects on wildlife.",BrightFuture Foundation researchers in Dublin link changing bird migration patterns to rising temperatures.,Science,Advanced
1700,Developers at Pioneer Research Institute released an update addressing several security vulnerabilities discovered in their smart speaker. The patch also introduces performance improvements and a redesigned interface. Users are encouraged to update as soon as possible to avoid potential risks.,Pioneer Research Institute releases a security and performance update for its smart speaker.,Technology,Advanced
1701,"Sara King broke a long-standing record at the regional championships, finishing well ahead of the competition. Coaches say months of intense training contributed to the milestone performance, which has drawn attention from national scouts.",Sara King sets a new regional record after months of intense training.,Sports,Beginner
1702,Researchers at Coastal Insurance Co. in Vancouver published findings linking regular physical activity to improved long-term memory in older adults. The study followed participants over several years and controlled for factors such as diet and sleep.,Coastal Insurance Co. researchers in Vancouver link exercise to better long-term memory in older adults.,Health,Advanced
1703,"Harborview College unveiled a new smart speaker this week, claiming it delivers significantly faster performance than earlier models. Engineers spent over a year refining the design after receiving feedback from beta testers, and the company expects the product to reach store shelves by September. Analysts believe the launch could strengthen Harborview College's position against rival firms.","Harborview College launches a new smart speaker after a year of development, aiming to outperform earlier models.",Technology,Intermediate
1704,Researchers at Northfield University in Melbourne published findings linking regular physical activity to improved long-term memory in older adults. The study followed participants over several years and controlled for factors such as diet and sleep.,Northfield University researchers in Melbourne link exercise to better long-term memory in older adults.,Health,Intermediate
1705,"A new direct flight route between Stockholm and a major international hub was announced by Delta Cloud Services this week, expected to cut travel time significantly for business and leisure travelers alike. The airline said tickets will go on sale next month.","Delta Cloud Services announces a new direct flight to Stockholm, promising shorter travel times.",Travel,Intermediate
1706,"A research team at Maple Street School District based in Lisbon published new data on shifting migration patterns among several bird species, linking the changes to rising temperatures. The findings add to a growing body of evidence about climate change's effects on wildlife.",Maple Street School District researchers in Lisbon link changing bird migration patterns to rising temperatures.,Science,Advanced
1707,"A new clinic backed by Golden Gate Retailers opened in Edinburgh this month, offering expanded mental health services to residents who previously had limited access to care. The clinic plans to add telehealth appointments in the coming months to reach even more patients.",Golden Gate Retailers opens a new clinic in Edinburgh expanding mental health access.,Health,Advanced
1708,"Hassan Hall broke a long-standing record at the regional championships, finishing well ahead of the competition. Coaches say months of intense training contributed to the milestone performance, which has drawn attention from national scouts.",Hassan Hall sets a new regional record after months of intense training.,Sports,Intermediate
1709,"Tourism officials in Bangkok, working with Ironwood Steel Works, launched a campaign encouraging visitors to explore lesser-known neighborhoods during the off-season. Local businesses hope the initiative will help spread tourism revenue more evenly throughout the year.",Bangkok and Ironwood Steel Works launch a campaign promoting off-season tourism to local neighborhoods.,Travel,Intermediate
1710,"A new curriculum focused on critical thinking was introduced at schools in Austin this term, developed in partnership with Union Manufacturing Corp.. Teachers reported that students engaged more actively in classroom discussions after the change. The district plans to expand the program district-wide next year.",Schools in Austin adopt a new critical-thinking curriculum developed with Union Manufacturing Corp..,Education,Intermediate
1711,"Tourism officials in Edinburgh, working with Cedar Grove Hospital, launched a campaign encouraging visitors to explore lesser-known neighborhoods during the off-season. Local businesses hope the initiative will help spread tourism revenue more evenly throughout the year.",Edinburgh and Cedar Grove Hospital launch a campaign promoting off-season tourism to local neighborhoods.,Travel,Intermediate
1712,"A new clinic backed by Northfield University opened in Cairo this month, offering expanded mental health services to residents who previously had limited access to care. The clinic plans to add telehealth appointments in the coming months to reach even more patients.",Northfield University opens a new clinic in Cairo expanding mental health access.,Health,Intermediate
1713,"Aisha Dubois broke a long-standing record at the regional championships, finishing well ahead of the competition. Coaches say months of intense training contributed to the milestone performance, which has drawn attention from national scouts.",Aisha Dubois sets a new regional record after months of intense training.,Sports,Beginner
1714,"Tourism officials in Amsterdam, working with Ironwood Steel Works, launched a campaign encouraging visitors to explore lesser-known neighborhoods during the off-season. Local businesses hope the initiative will help spread tourism revenue more evenly throughout the year.",Amsterdam and Ironwood Steel Works launch a campaign promoting off-season tourism to local neighborhoods.,Travel,Beginner
1715,Summit Robotics Inc. announced a new scholarship program aimed at supporting students from underrepresented backgrounds in Santiago. The program will cover tuition and provide mentorship opportunities for selected recipients starting next semester. Officials hope the initiative will improve graduation rates.,Summit Robotics Inc. launches a scholarship and mentorship program to support underrepresented students in Santiago.,Education,Intermediate
1716,Cedar Grove Hospital announced a new scholarship program aimed at supporting students from underrepresented backgrounds in Seoul. The program will cover tuition and provide mentorship opportunities for selected recipients starting next semester. Officials hope the initiative will improve graduation rates.,Cedar Grove Hospital launches a scholarship and mentorship program to support underrepresented students in Seoul.,Education,Advanced
1717,"The latest film from Zenith Pharmaceuticals broke box office records during its opening weekend in Amsterdam, exceeding analysts' predictions. Critics praised the film's visual effects and pacing, while fans lined up for early screenings across the region.",Zenith Pharmaceuticals's new film breaks box office records in Amsterdam and earns critical praise.,Entertainment,Advanced
1718,"A new curriculum focused on critical thinking was introduced at schools in Denver this term, developed in partnership with Summit Robotics Inc.. Teachers reported that students engaged more actively in classroom discussions after the change. The district plans to expand the program district-wide next year.",Schools in Denver adopt a new critical-thinking curriculum developed with Summit Robotics Inc..,Education,Advanced
1719,"Grace Petrov broke a long-standing record at the regional championships, finishing well ahead of the competition. Coaches say months of intense training contributed to the milestone performance, which has drawn attention from national scouts.",Grace Petrov sets a new regional record after months of intense training.,Sports,Intermediate
1720,"The latest film from Ironwood Steel Works broke box office records during its opening weekend in Melbourne, exceeding analysts' predictions. Critics praised the film's visual effects and pacing, while fans lined up for early screenings across the region.",Ironwood Steel Works's new film breaks box office records in Melbourne and earns critical praise.,Entertainment,Intermediate
1721,"Isabella Moore broke a long-standing record at the regional championships, finishing well ahead of the competition. Coaches say months of intense training contributed to the milestone performance, which has drawn attention from national scouts.",Isabella Moore sets a new regional record after months of intense training.,Sports,Beginner
1722,"A research team at Crescent Media Group based in Osaka published new data on shifting migration patterns among several bird species, linking the changes to rising temperatures. The findings add to a growing body of evidence about climate change's effects on wildlife.",Crescent Media Group researchers in Osaka link changing bird migration patterns to rising temperatures.,Science,Intermediate
1723,Researchers at BrightFuture Foundation in Denver published findings linking regular physical activity to improved long-term memory in older adults. The study followed participants over several years and controlled for factors such as diet and sleep.,BrightFuture Foundation researchers in Denver link exercise to better long-term memory in older adults.,Health,Intermediate
1724,"A new clinic backed by Maple Street School District opened in Toronto this month, offering expanded mental health services to residents who previously had limited access to care. The clinic plans to add telehealth appointments in the coming months to reach even more patients.",Maple Street School District opens a new clinic in Toronto expanding mental health access.,Health,Intermediate
1725,Researchers at Cedar Grove Hospital in Kuala Lumpur published findings linking regular physical activity to improved long-term memory in older adults. The study followed participants over several years and controlled for factors such as diet and sleep.,Cedar Grove Hospital researchers in Kuala Lumpur link exercise to better long-term memory in older adults.,Health,Beginner
1726,Pioneer Research Institute announced a new scholarship program aimed at supporting students from underrepresented backgrounds in Osaka. The program will cover tuition and provide mentorship opportunities for selected recipients starting next semester. Officials hope the initiative will improve graduation rates.,Pioneer Research Institute launches a scholarship and mentorship program to support underrepresented students in Osaka.,Education,Beginner
1727,"Scientists at Redstone Consulting in Berlin announced the discovery of a new material that conducts electricity far more efficiently than existing alternatives. The breakthrough could eventually lead to more efficient batteries and electronics, though commercial use is still years away.",Redstone Consulting scientists in Berlin discover a highly efficient new conductive material.,Science,Intermediate
1728,"Scientists at Evergreen Energy Co. in Lisbon announced the discovery of a new material that conducts electricity far more efficiently than existing alternatives. The breakthrough could eventually lead to more efficient batteries and electronics, though commercial use is still years away.",Evergreen Energy Co. scientists in Lisbon discover a highly efficient new conductive material.,Science,Beginner
1729,"A research team at Harborview College based in Bangkok published new data on shifting migration patterns among several bird species, linking the changes to rising temperatures. The findings add to a growing body of evidence about climate change's effects on wildlife.",Harborview College researchers in Bangkok link changing bird migration patterns to rising temperatures.,Science,Beginner
1730,Developers at Zenith Pharmaceuticals released an update addressing several security vulnerabilities discovered in their home assistant device. The patch also introduces performance improvements and a redesigned interface. Users are encouraged to update as soon as possible to avoid potential risks.,Zenith Pharmaceuticals releases a security and performance update for its home assistant device.,Technology,Beginner
1731,"Nadia Okafor broke a long-standing record at the regional championships, finishing well ahead of the competition. Coaches say months of intense training contributed to the milestone performance, which has drawn attention from national scouts.",Nadia Okafor sets a new regional record after months of intense training.,Sports,Intermediate
1732,"A popular streaming series produced by Ironwood Steel Works returned for a new season, quickly becoming one of the most watched shows filmed partly in Nairobi. The season introduced several new characters while resolving major storylines from previous episodes.","Ironwood Steel Works's streaming series, filmed partly in Nairobi, returns for a well-received season.",Entertainment,Intermediate
1733,"A new direct flight route between Berlin and a major international hub was announced by Skyline Real Estate this week, expected to cut travel time significantly for business and leisure travelers alike. The airline said tickets will go on sale next month.","Skyline Real Estate announces a new direct flight to Berlin, promising shorter travel times.",Travel,Advanced
1734,"Daniel Hall broke a long-standing record at the regional championships, finishing well ahead of the competition. Coaches say months of intense training contributed to the milestone performance, which has drawn attention from national scouts.",Daniel Hall sets a new regional record after months of intense training.,Sports,Beginner
1735,"Charlotte Scott broke a long-standing record at the regional championships, finishing well ahead of the competition. Coaches say months of intense training contributed to the milestone performance, which has drawn attention from national scouts.",Charlotte Scott sets a new regional record after months of intense training.,Sports,Beginner
1736,"A new direct flight route between Bangkok and a major international hub was announced by Delta Cloud Services this week, expected to cut travel time significantly for business and leisure travelers alike. The airline said tickets will go on sale next month.","Delta Cloud Services announces a new direct flight to Bangkok, promising shorter travel times.",Travel,Intermediate
1737,"Grace Müller broke a long-standing record at the regional championships, finishing well ahead of the competition. Coaches say months of intense training contributed to the milestone performance, which has drawn attention from national scouts.",Grace Müller sets a new regional record after months of intense training.,Sports,Advanced
1738,"BrightFuture Foundation reported stronger than expected quarterly earnings from its Denver division, driven largely by growth in overseas markets. Executives credited the results to a recent expansion strategy and increased demand for the company's core products. Investors responded positively to the announcement.",BrightFuture Foundation's Denver division posts strong quarterly earnings due to overseas growth.,Business,Intermediate
1739,"The latest film from Evergreen Energy Co. broke box office records during its opening weekend in Buenos Aires, exceeding analysts' predictions. Critics praised the film's visual effects and pacing, while fans lined up for early screenings across the region.",Evergreen Energy Co.'s new film breaks box office records in Buenos Aires and earns critical praise.,Entertainment,Intermediate
1740,"Union Manufacturing Corp. reported stronger than expected quarterly earnings from its Helsinki division, driven largely by growth in overseas markets. Executives credited the results to a recent expansion strategy and increased demand for the company's core products. Investors responded positively to the announcement.",Union Manufacturing Corp.'s Helsinki division posts strong quarterly earnings due to overseas growth.,Business,Intermediate
1741,"A popular streaming series produced by Zenith Pharmaceuticals returned for a new season, quickly becoming one of the most watched shows filmed partly in Kuala Lumpur. The season introduced several new characters while resolving major storylines from previous episodes.","Zenith Pharmaceuticals's streaming series, filmed partly in Kuala Lumpur, returns for a well-received season.",Entertainment,Beginner
1742,"Scientists at Maple Street School District in Buenos Aires announced the discovery of a new material that conducts electricity far more efficiently than existing alternatives. The breakthrough could eventually lead to more efficient batteries and electronics, though commercial use is still years away.",Maple Street School District scientists in Buenos Aires discover a highly efficient new conductive material.,Science,Beginner
1743,"A merger between Northfield University and a major firm in Warsaw is expected to close by the end of the year, according to sources close to the deal. Analysts say the combined company could become one of the largest players in its industry.",Northfield University and a major firm in Warsaw move toward a merger set to close by year end.,Business,Advanced
1744,"A merger between Oakwood Publishing House and a major firm in Marrakesh is expected to close by the end of the year, according to sources close to the deal. Analysts say the combined company could become one of the largest players in its industry.",Oakwood Publishing House and a major firm in Marrakesh move toward a merger set to close by year end.,Business,Beginner
1745,"The latest film from Redstone Consulting broke box office records during its opening weekend in Manila, exceeding analysts' predictions. Critics praised the film's visual effects and pacing, while fans lined up for early screenings across the region.",Redstone Consulting's new film breaks box office records in Manila and earns critical praise.,Entertainment,Beginner
1746,"Noah Walker broke a long-standing record at the regional championships, finishing well ahead of the competition. Coaches say months of intense training contributed to the milestone performance, which has drawn attention from national scouts.",Noah Walker sets a new regional record after months of intense training.,Sports,Advanced
1747,"Tourism officials in Cairo, working with Evergreen Energy Co., launched a campaign encouraging visitors to explore lesser-known neighborhoods during the off-season. Local businesses hope the initiative will help spread tourism revenue more evenly throughout the year.",Cairo and Evergreen Energy Co. launch a campaign promoting off-season tourism to local neighborhoods.,Travel,Advanced
1748,"Scientists at Falcon Logistics in Austin announced the discovery of a new material that conducts electricity far more efficiently than existing alternatives. The breakthrough could eventually lead to more efficient batteries and electronics, though commercial use is still years away.",Falcon Logistics scientists in Austin discover a highly efficient new conductive material.,Science,Advanced
1749,"A merger between Cedar Grove Hospital and a major firm in Amsterdam is expected to close by the end of the year, according to sources close to the deal. Analysts say the combined company could become one of the largest players in its industry.",Cedar Grove Hospital and a major firm in Amsterdam move toward a merger set to close by year end.,Business,Intermediate
1750,"A new clinic backed by Ironwood Steel Works opened in Seoul this month, offering expanded mental health services to residents who previously had limited access to care. The clinic plans to add telehealth appointments in the coming months to reach even more patients.",Ironwood Steel Works opens a new clinic in Seoul expanding mental health access.,Health,Intermediate
1751,"A popular streaming series produced by Ironwood Steel Works returned for a new season, quickly becoming one of the most watched shows filmed partly in Edinburgh. The season introduced several new characters while resolving major storylines from previous episodes.","Ironwood Steel Works's streaming series, filmed partly in Edinburgh, returns for a well-received season.",Entertainment,Beginner
1752,Zenith Pharmaceuticals announced a new scholarship program aimed at supporting students from underrepresented backgrounds in Melbourne. The program will cover tuition and provide mentorship opportunities for selected recipients starting next semester. Officials hope the initiative will improve graduation rates.,Zenith Pharmaceuticals launches a scholarship and mentorship program to support underrepresented students in Melbourne.,Education,Intermediate
1753,Researchers at Lakeside Medical Center in Kuala Lumpur published findings linking regular physical activity to improved long-term memory in older adults. The study followed participants over several years and controlled for factors such as diet and sleep.,Lakeside Medical Center researchers in Kuala Lumpur link exercise to better long-term memory in older adults.,Health,Advanced
1754,"Scientists at Union Manufacturing Corp. in Wellington announced the discovery of a new material that conducts electricity far more efficiently than existing alternatives. The breakthrough could eventually lead to more efficient batteries and electronics, though commercial use is still years away.",Union Manufacturing Corp. scientists in Wellington discover a highly efficient new conductive material.,Science,Intermediate
1755,"A research team at NextGen Software Labs based in Berlin published new data on shifting migration patterns among several bird species, linking the changes to rising temperatures. The findings add to a growing body of evidence about climate change's effects on wildlife.",NextGen Software Labs researchers in Berlin link changing bird migration patterns to rising temperatures.,Science,Beginner
1756,"A research team at Zenith Pharmaceuticals based in Vancouver published new data on shifting migration patterns among several bird species, linking the changes to rising temperatures. The findings add to a growing body of evidence about climate change's effects on wildlife.",Zenith Pharmaceuticals researchers in Vancouver link changing bird migration patterns to rising temperatures.,Science,Intermediate
1757,"Tourism officials in Helsinki, working with Vertex Analytics, launched a campaign encouraging visitors to explore lesser-known neighborhoods during the off-season. Local businesses hope the initiative will help spread tourism revenue more evenly throughout the year.",Helsinki and Vertex Analytics launch a campaign promoting off-season tourism to local neighborhoods.,Travel,Advanced
1758,"A new direct flight route between Dublin and a major international hub was announced by Golden Gate Retailers this week, expected to cut travel time significantly for business and leisure travelers alike. The airline said tickets will go on sale next month.","Golden Gate Retailers announces a new direct flight to Dublin, promising shorter travel times.",Travel,Intermediate
1759,"Falcon Logistics unveiled a new smartphone this week, claiming it delivers significantly faster performance than earlier models. Engineers spent over a year refining the design after receiving feedback from beta testers, and the company expects the product to reach store shelves by January. Analysts believe the launch could strengthen Falcon Logistics's position against rival firms.","Falcon Logistics launches a new smartphone after a year of development, aiming to outperform earlier models.",Technology,Advanced
1760,"Oakwood Publishing House reported stronger than expected quarterly earnings from its Bangkok division, driven largely by growth in overseas markets. Executives credited the results to a recent expansion strategy and increased demand for the company's core products. Investors responded positively to the announcement.",Oakwood Publishing House's Bangkok division posts strong quarterly earnings due to overseas growth.,Business,Intermediate
1761,"Scientists at Oakwood Publishing House in Copenhagen announced the discovery of a new material that conducts electricity far more efficiently than existing alternatives. The breakthrough could eventually lead to more efficient batteries and electronics, though commercial use is still years away.",Oakwood Publishing House scientists in Copenhagen discover a highly efficient new conductive material.,Science,Intermediate
1762,"Tourism officials in Manila, working with Falcon Logistics, launched a campaign encouraging visitors to explore lesser-known neighborhoods during the off-season. Local businesses hope the initiative will help spread tourism revenue more evenly throughout the year.",Manila and Falcon Logistics launch a campaign promoting off-season tourism to local neighborhoods.,Travel,Advanced
1763,"David Novak broke a long-standing record at the regional championships, finishing well ahead of the competition. Coaches say months of intense training contributed to the milestone performance, which has drawn attention from national scouts.",David Novak sets a new regional record after months of intense training.,Sports,Beginner
1764,"A new curriculum focused on critical thinking was introduced at schools in Manila this term, developed in partnership with Union Manufacturing Corp.. Teachers reported that students engaged more actively in classroom discussions after the change. The district plans to expand the program district-wide next year.",Schools in Manila adopt a new critical-thinking curriculum developed with Union Manufacturing Corp..,Education,Beginner
1765,Developers at Falcon Logistics released an update addressing several security vulnerabilities discovered in their smartphone. The patch also introduces performance improvements and a redesigned interface. Users are encouraged to update as soon as possible to avoid potential risks.,Falcon Logistics releases a security and performance update for its smartphone.,Technology,Beginner
1766,"Peter King broke a long-standing record at the regional championships, finishing well ahead of the competition. Coaches say months of intense training contributed to the milestone performance, which has drawn attention from national scouts.",Peter King sets a new regional record after months of intense training.,Sports,Intermediate
1767,Developers at Ironwood Steel Works released an update addressing several security vulnerabilities discovered in their fitness tracker. The patch also introduces performance improvements and a redesigned interface. Users are encouraged to update as soon as possible to avoid potential risks.,Ironwood Steel Works releases a security and performance update for its fitness tracker.,Technology,Intermediate
1768,"A merger between Pioneer Research Institute and a major firm in Amsterdam is expected to close by the end of the year, according to sources close to the deal. Analysts say the combined company could become one of the largest players in its industry.",Pioneer Research Institute and a major firm in Amsterdam move toward a merger set to close by year end.,Business,Intermediate
1769,"Scientists at Cedar Grove Hospital in Cairo announced the discovery of a new material that conducts electricity far more efficiently than existing alternatives. The breakthrough could eventually lead to more efficient batteries and electronics, though commercial use is still years away.",Cedar Grove Hospital scientists in Cairo discover a highly efficient new conductive material.,Science,Beginner
1770,"Quantum Innovations unveiled a new smartphone this week, claiming it delivers significantly faster performance than earlier models. Engineers spent over a year refining the design after receiving feedback from beta testers, and the company expects the product to reach store shelves by September. Analysts believe the launch could strengthen Quantum Innovations's position against rival firms.","Quantum Innovations launches a new smartphone after a year of development, aiming to outperform earlier models.",Technology,Advanced
1771,"Scientists at Delta Cloud Services in Marrakesh announced the discovery of a new material that conducts electricity far more efficiently than existing alternatives. The breakthrough could eventually lead to more efficient batteries and electronics, though commercial use is still years away.",Delta Cloud Services scientists in Marrakesh discover a highly efficient new conductive material.,Science,Advanced
1772,"Coastal Insurance Co. reported stronger than expected quarterly earnings from its Marrakesh division, driven largely by growth in overseas markets. Executives credited the results to a recent expansion strategy and increased demand for the company's core products. Investors responded positively to the announcement.",Coastal Insurance Co.'s Marrakesh division posts strong quarterly earnings due to overseas growth.,Business,Beginner
1773,"Priya Silva broke a long-standing record at the regional championships, finishing well ahead of the competition. Coaches say months of intense training contributed to the milestone performance, which has drawn attention from national scouts.",Priya Silva sets a new regional record after months of intense training.,Sports,Advanced
1774,"Omar Kim broke a long-standing record at the regional championships, finishing well ahead of the competition. Coaches say months of intense training contributed to the milestone performance, which has drawn attention from national scouts.",Omar Kim sets a new regional record after months of intense training.,Sports,Beginner
1775,"A new clinic backed by Global Trade Partners opened in Toronto this month, offering expanded mental health services to residents who previously had limited access to care. The clinic plans to add telehealth appointments in the coming months to reach even more patients.",Global Trade Partners opens a new clinic in Toronto expanding mental health access.,Health,Advanced
1776,"Skyline Real Estate reported stronger than expected quarterly earnings from its Cape Town division, driven largely by growth in overseas markets. Executives credited the results to a recent expansion strategy and increased demand for the company's core products. Investors responded positively to the announcement.",Skyline Real Estate's Cape Town division posts strong quarterly earnings due to overseas growth.,Business,Advanced
1777,"Meridian Financial Group unveiled a new fitness tracker this week, claiming it delivers significantly faster performance than earlier models. Engineers spent over a year refining the design after receiving feedback from beta testers, and the company expects the product to reach store shelves by January. Analysts believe the launch could strengthen Meridian Financial Group's position against rival firms.","Meridian Financial Group launches a new fitness tracker after a year of development, aiming to outperform earlier models.",Technology,Advanced
1778,"Skyline Real Estate unveiled a new home assistant device this week, claiming it delivers significantly faster performance than earlier models. Engineers spent over a year refining the design after receiving feedback from beta testers, and the company expects the product to reach store shelves by September. Analysts believe the launch could strengthen Skyline Real Estate's position against rival firms.","Skyline Real Estate launches a new home assistant device after a year of development, aiming to outperform earlier models.",Technology,Beginner
1779,"A new clinic backed by Maple Street School District opened in Marrakesh this month, offering expanded mental health services to residents who previously had limited access to care. The clinic plans to add telehealth appointments in the coming months to reach even more patients.",Maple Street School District opens a new clinic in Marrakesh expanding mental health access.,Health,Intermediate
1780,"Scientists at Coastal Insurance Co. in Santiago announced the discovery of a new material that conducts electricity far more efficiently than existing alternatives. The breakthrough could eventually lead to more efficient batteries and electronics, though commercial use is still years away.",Coastal Insurance Co. scientists in Santiago discover a highly efficient new conductive material.,Science,Beginner
1781,Global Trade Partners announced a new scholarship program aimed at supporting students from underrepresented backgrounds in Amsterdam. The program will cover tuition and provide mentorship opportunities for selected recipients starting next semester. Officials hope the initiative will improve graduation rates.,Global Trade Partners launches a scholarship and mentorship program to support underrepresented students in Amsterdam.,Education,Advanced
1782,"A new direct flight route between Prague and a major international hub was announced by NextGen Software Labs this week, expected to cut travel time significantly for business and leisure travelers alike. The airline said tickets will go on sale next month.","NextGen Software Labs announces a new direct flight to Prague, promising shorter travel times.",Travel,Advanced
1783,"A new direct flight route between Vancouver and a major international hub was announced by Aurora Data Systems this week, expected to cut travel time significantly for business and leisure travelers alike. The airline said tickets will go on sale next month.","Aurora Data Systems announces a new direct flight to Vancouver, promising shorter travel times.",Travel,Beginner
1784,Developers at Blue Horizon Airlines released an update addressing several security vulnerabilities discovered in their home assistant device. The patch also introduces performance improvements and a redesigned interface. Users are encouraged to update as soon as possible to avoid potential risks.,Blue Horizon Airlines releases a security and performance update for its home assistant device.,Technology,Intermediate
1785,"Amara Scott broke a long-standing record at the regional championships, finishing well ahead of the competition. Coaches say months of intense training contributed to the milestone performance, which has drawn attention from national scouts.",Amara Scott sets a new regional record after months of intense training.,Sports,Beginner
1786,"A research team at Summit Robotics Inc. based in Helsinki published new data on shifting migration patterns among several bird species, linking the changes to rising temperatures. The findings add to a growing body of evidence about climate change's effects on wildlife.",Summit Robotics Inc. researchers in Helsinki link changing bird migration patterns to rising temperatures.,Science,Advanced
1787,"A new direct flight route between Seoul and a major international hub was announced by Quantum Innovations this week, expected to cut travel time significantly for business and leisure travelers alike. The airline said tickets will go on sale next month.","Quantum Innovations announces a new direct flight to Seoul, promising shorter travel times.",Travel,Advanced
1788,Developers at Pioneer Research Institute released an update addressing several security vulnerabilities discovered in their smartphone. The patch also introduces performance improvements and a redesigned interface. Users are encouraged to update as soon as possible to avoid potential risks.,Pioneer Research Institute releases a security and performance update for its smartphone.,Technology,Intermediate
1789,Brightline Technologies announced a new scholarship program aimed at supporting students from underrepresented backgrounds in Seoul. The program will cover tuition and provide mentorship opportunities for selected recipients starting next semester. Officials hope the initiative will improve graduation rates.,Brightline Technologies launches a scholarship and mentorship program to support underrepresented students in Seoul.,Education,Beginner
1790,"The latest film from Redstone Consulting broke box office records during its opening weekend in Buenos Aires, exceeding analysts' predictions. Critics praised the film's visual effects and pacing, while fans lined up for early screenings across the region.",Redstone Consulting's new film breaks box office records in Buenos Aires and earns critical praise.,Entertainment,Intermediate
1791,Cedar Grove Hospital announced a new scholarship program aimed at supporting students from underrepresented backgrounds in Bangkok. The program will cover tuition and provide mentorship opportunities for selected recipients starting next semester. Officials hope the initiative will improve graduation rates.,Cedar Grove Hospital launches a scholarship and mentorship program to support underrepresented students in Bangkok.,Education,Advanced
1792,"The latest film from Summit Robotics Inc. broke box office records during its opening weekend in Denver, exceeding analysts' predictions. Critics praised the film's visual effects and pacing, while fans lined up for early screenings across the region.",Summit Robotics Inc.'s new film breaks box office records in Denver and earns critical praise.,Entertainment,Advanced
1793,"The latest film from Lakeside Medical Center broke box office records during its opening weekend in Melbourne, exceeding analysts' predictions. Critics praised the film's visual effects and pacing, while fans lined up for early screenings across the region.",Lakeside Medical Center's new film breaks box office records in Melbourne and earns critical praise.,Entertainment,Intermediate
1794,"A merger between Harborview College and a major firm in Bangkok is expected to close by the end of the year, according to sources close to the deal. Analysts say the combined company could become one of the largest players in its industry.",Harborview College and a major firm in Bangkok move toward a merger set to close by year end.,Business,Intermediate
1795,"A new clinic backed by Crescent Media Group opened in Nairobi this month, offering expanded mental health services to residents who previously had limited access to care. The clinic plans to add telehealth appointments in the coming months to reach even more patients.",Crescent Media Group opens a new clinic in Nairobi expanding mental health access.,Health,Beginner
1796,"A new clinic backed by Summit Robotics Inc. opened in Nairobi this month, offering expanded mental health services to residents who previously had limited access to care. The clinic plans to add telehealth appointments in the coming months to reach even more patients.",Summit Robotics Inc. opens a new clinic in Nairobi expanding mental health access.,Health,Beginner
1797,"Ironwood Steel Works reported stronger than expected quarterly earnings from its Amsterdam division, driven largely by growth in overseas markets. Executives credited the results to a recent expansion strategy and increased demand for the company's core products. Investors responded positively to the announcement.",Ironwood Steel Works's Amsterdam division posts strong quarterly earnings due to overseas growth.,Business,Intermediate
1798,"A new curriculum focused on critical thinking was introduced at schools in Prague this term, developed in partnership with Harborview College. Teachers reported that students engaged more actively in classroom discussions after the change. The district plans to expand the program district-wide next year.",Schools in Prague adopt a new critical-thinking curriculum developed with Harborview College.,Education,Intermediate
1799,"The latest film from Skyline Real Estate broke box office records during its opening weekend in Mumbai, exceeding analysts' predictions. Critics praised the film's visual effects and pacing, while fans lined up for early screenings across the region.",Skyline Real Estate's new film breaks box office records in Mumbai and earns critical praise.,Entertainment,Intermediate
1800,"A research team at Harborview College based in Denver published new data on shifting migration patterns among several bird species, linking the changes to rising temperatures. The findings add to a growing body of evidence about climate change's effects on wildlife.",Harborview College researchers in Denver link changing bird migration patterns to rising temperatures.,Science,Intermediate
1801,"Cedar Grove Hospital unveiled a new smart speaker this week, claiming it delivers significantly faster performance than earlier models. Engineers spent over a year refining the design after receiving feedback from beta testers, and the company expects the product to reach store shelves by March. Analysts believe the launch could strengthen Cedar Grove Hospital's position against rival firms.","Cedar Grove Hospital launches a new smart speaker after a year of development, aiming to outperform earlier models.",Technology,Advanced
1802,"Scientists at NextGen Software Labs in Warsaw announced the discovery of a new material that conducts electricity far more efficiently than existing alternatives. The breakthrough could eventually lead to more efficient batteries and electronics, though commercial use is still years away.",NextGen Software Labs scientists in Warsaw discover a highly efficient new conductive material.,Science,Intermediate
1803,"Scientists at Coastal Insurance Co. in Manila announced the discovery of a new material that conducts electricity far more efficiently than existing alternatives. The breakthrough could eventually lead to more efficient batteries and electronics, though commercial use is still years away.",Coastal Insurance Co. scientists in Manila discover a highly efficient new conductive material.,Science,Intermediate
1804,"The latest film from Cedar Grove Hospital broke box office records during its opening weekend in Melbourne, exceeding analysts' predictions. Critics praised the film's visual effects and pacing, while fans lined up for early screenings across the region.",Cedar Grove Hospital's new film breaks box office records in Melbourne and earns critical praise.,Entertainment,Advanced
1805,"Summit Robotics Inc. reported stronger than expected quarterly earnings from its Santiago division, driven largely by growth in overseas markets. Executives credited the results to a recent expansion strategy and increased demand for the company's core products. Investors responded positively to the announcement.",Summit Robotics Inc.'s Santiago division posts strong quarterly earnings due to overseas growth.,Business,Advanced
1806,"Tourism officials in Austin, working with Oakwood Publishing House, launched a campaign encouraging visitors to explore lesser-known neighborhoods during the off-season. Local businesses hope the initiative will help spread tourism revenue more evenly throughout the year.",Austin and Oakwood Publishing House launch a campaign promoting off-season tourism to local neighborhoods.,Travel,Intermediate
1807,"A new clinic backed by Cedar Grove Hospital opened in Zurich this month, offering expanded mental health services to residents who previously had limited access to care. The clinic plans to add telehealth appointments in the coming months to reach even more patients.",Cedar Grove Hospital opens a new clinic in Zurich expanding mental health access.,Health,Intermediate
1808,"Coastal Insurance Co. unveiled a new smart speaker this week, claiming it delivers significantly faster performance than earlier models. Engineers spent over a year refining the design after receiving feedback from beta testers, and the company expects the product to reach store shelves by November. Analysts believe the launch could strengthen Coastal Insurance Co.'s position against rival firms.","Coastal Insurance Co. launches a new smart speaker after a year of development, aiming to outperform earlier models.",Technology,Intermediate
1809,Researchers at Silverline Motors in Jakarta published findings linking regular physical activity to improved long-term memory in older adults. The study followed participants over several years and controlled for factors such as diet and sleep.,Silverline Motors researchers in Jakarta link exercise to better long-term memory in older adults.,Health,Beginner
1810,Researchers at Coastal Insurance Co. in Jakarta published findings linking regular physical activity to improved long-term memory in older adults. The study followed participants over several years and controlled for factors such as diet and sleep.,Coastal Insurance Co. researchers in Jakarta link exercise to better long-term memory in older adults.,Health,Advanced
1811,Blue Horizon Airlines announced a new scholarship program aimed at supporting students from underrepresented backgrounds in Amsterdam. The program will cover tuition and provide mentorship opportunities for selected recipients starting next semester. Officials hope the initiative will improve graduation rates.,Blue Horizon Airlines launches a scholarship and mentorship program to support underrepresented students in Amsterdam.,Education,Intermediate
1812,"Scientists at Quantum Innovations in Wellington announced the discovery of a new material that conducts electricity far more efficiently than existing alternatives. The breakthrough could eventually lead to more efficient batteries and electronics, though commercial use is still years away.",Quantum Innovations scientists in Wellington discover a highly efficient new conductive material.,Science,Intermediate
1813,Developers at Lakeside Medical Center released an update addressing several security vulnerabilities discovered in their laptop. The patch also introduces performance improvements and a redesigned interface. Users are encouraged to update as soon as possible to avoid potential risks.,Lakeside Medical Center releases a security and performance update for its laptop.,Technology,Advanced
1814,"Tourism officials in Austin, working with Skyline Real Estate, launched a campaign encouraging visitors to explore lesser-known neighborhoods during the off-season. Local businesses hope the initiative will help spread tourism revenue more evenly throughout the year.",Austin and Skyline Real Estate launch a campaign promoting off-season tourism to local neighborhoods.,Travel,Intermediate
1815,"A popular streaming series produced by Blue Horizon Airlines returned for a new season, quickly becoming one of the most watched shows filmed partly in Helsinki. The season introduced several new characters while resolving major storylines from previous episodes.","Blue Horizon Airlines's streaming series, filmed partly in Helsinki, returns for a well-received season.",Entertainment,Beginner
1816,Developers at Global Trade Partners released an update addressing several security vulnerabilities discovered in their tablet. The patch also introduces performance improvements and a redesigned interface. Users are encouraged to update as soon as possible to avoid potential risks.,Global Trade Partners releases a security and performance update for its tablet.,Technology,Intermediate
1817,"Hana Wright broke a long-standing record at the regional championships, finishing well ahead of the competition. Coaches say months of intense training contributed to the milestone performance, which has drawn attention from national scouts.",Hana Wright sets a new regional record after months of intense training.,Sports,Beginner
1818,"Scientists at Riverside Bank in Marrakesh announced the discovery of a new material that conducts electricity far more efficiently than existing alternatives. The breakthrough could eventually lead to more efficient batteries and electronics, though commercial use is still years away.",Riverside Bank scientists in Marrakesh discover a highly efficient new conductive material.,Science,Beginner
1819,"A new clinic backed by Vertex Analytics opened in Edinburgh this month, offering expanded mental health services to residents who previously had limited access to care. The clinic plans to add telehealth appointments in the coming months to reach even more patients.",Vertex Analytics opens a new clinic in Edinburgh expanding mental health access.,Health,Intermediate
1820,"James Müller broke a long-standing record at the regional championships, finishing well ahead of the competition. Coaches say months of intense training contributed to the milestone performance, which has drawn attention from national scouts.",James Müller sets a new regional record after months of intense training.,Sports,Beginner
1821,"The latest film from Lakeside Medical Center broke box office records during its opening weekend in Marrakesh, exceeding analysts' predictions. Critics praised the film's visual effects and pacing, while fans lined up for early screenings across the region.",Lakeside Medical Center's new film breaks box office records in Marrakesh and earns critical praise.,Entertainment,Beginner
1822,"A research team at Pioneer Research Institute based in Prague published new data on shifting migration patterns among several bird species, linking the changes to rising temperatures. The findings add to a growing body of evidence about climate change's effects on wildlife.",Pioneer Research Institute researchers in Prague link changing bird migration patterns to rising temperatures.,Science,Beginner
1823,"Skyline Real Estate unveiled a new smart speaker this week, claiming it delivers significantly faster performance than earlier models. Engineers spent over a year refining the design after receiving feedback from beta testers, and the company expects the product to reach store shelves by November. Analysts believe the launch could strengthen Skyline Real Estate's position against rival firms.","Skyline Real Estate launches a new smart speaker after a year of development, aiming to outperform earlier models.",Technology,Intermediate
1824,"A new clinic backed by Quantum Innovations opened in Melbourne this month, offering expanded mental health services to residents who previously had limited access to care. The clinic plans to add telehealth appointments in the coming months to reach even more patients.",Quantum Innovations opens a new clinic in Melbourne expanding mental health access.,Health,Advanced
1825,"A new clinic backed by Silverline Motors opened in Toronto this month, offering expanded mental health services to residents who previously had limited access to care. The clinic plans to add telehealth appointments in the coming months to reach even more patients.",Silverline Motors opens a new clinic in Toronto expanding mental health access.,Health,Advanced
1826,"Maple Street School District unveiled a new laptop this week, claiming it delivers significantly faster performance than earlier models. Engineers spent over a year refining the design after receiving feedback from beta testers, and the company expects the product to reach store shelves by November. Analysts believe the launch could strengthen Maple Street School District's position against rival firms.","Maple Street School District launches a new laptop after a year of development, aiming to outperform earlier models.",Technology,Beginner
1827,"A popular streaming series produced by Brightline Technologies returned for a new season, quickly becoming one of the most watched shows filmed partly in Cape Town. The season introduced several new characters while resolving major storylines from previous episodes.","Brightline Technologies's streaming series, filmed partly in Cape Town, returns for a well-received season.",Entertainment,Intermediate
1828,"Mark Taylor broke a long-standing record at the regional championships, finishing well ahead of the competition. Coaches say months of intense training contributed to the milestone performance, which has drawn attention from national scouts.",Mark Taylor sets a new regional record after months of intense training.,Sports,Advanced
1829,"A new clinic backed by Oakwood Publishing House opened in Kuala Lumpur this month, offering expanded mental health services to residents who previously had limited access to care. The clinic plans to add telehealth appointments in the coming months to reach even more patients.",Oakwood Publishing House opens a new clinic in Kuala Lumpur expanding mental health access.,Health,Intermediate
1830,"A new clinic backed by Global Trade Partners opened in Warsaw this month, offering expanded mental health services to residents who previously had limited access to care. The clinic plans to add telehealth appointments in the coming months to reach even more patients.",Global Trade Partners opens a new clinic in Warsaw expanding mental health access.,Health,Beginner
1831,"The Warsaw team secured a dramatic victory in the final minutes of the match, coming from behind after trailing for most of the game. Fans credited the comeback to a change in strategy made by the coach at halftime. The win moves the team closer to a spot in the playoffs.","The Warsaw team completes a late comeback win, boosting its playoff chances.",Sports,Advanced
1832,"A new curriculum focused on critical thinking was introduced at schools in Marrakesh this term, developed in partnership with Meridian Financial Group. Teachers reported that students engaged more actively in classroom discussions after the change. The district plans to expand the program district-wide next year.",Schools in Marrakesh adopt a new critical-thinking curriculum developed with Meridian Financial Group.,Education,Beginner
1833,"Scientists at Falcon Logistics in Santiago announced the discovery of a new material that conducts electricity far more efficiently than existing alternatives. The breakthrough could eventually lead to more efficient batteries and electronics, though commercial use is still years away.",Falcon Logistics scientists in Santiago discover a highly efficient new conductive material.,Science,Intermediate
1834,"A new curriculum focused on critical thinking was introduced at schools in Zurich this term, developed in partnership with Delta Cloud Services. Teachers reported that students engaged more actively in classroom discussions after the change. The district plans to expand the program district-wide next year.",Schools in Zurich adopt a new critical-thinking curriculum developed with Delta Cloud Services.,Education,Beginner
1835,"The Melbourne team secured a dramatic victory in the final minutes of the match, coming from behind after trailing for most of the game. Fans credited the comeback to a change in strategy made by the coach at halftime. The win moves the team closer to a spot in the playoffs.","The Melbourne team completes a late comeback win, boosting its playoff chances.",Sports,Intermediate
1836,"Anna Scott broke a long-standing record at the regional championships, finishing well ahead of the competition. Coaches say months of intense training contributed to the milestone performance, which has drawn attention from national scouts.",Anna Scott sets a new regional record after months of intense training.,Sports,Intermediate
1837,Researchers at Zenith Pharmaceuticals in Vancouver published findings linking regular physical activity to improved long-term memory in older adults. The study followed participants over several years and controlled for factors such as diet and sleep.,Zenith Pharmaceuticals researchers in Vancouver link exercise to better long-term memory in older adults.,Health,Advanced
1838,"A research team at Coastal Insurance Co. based in Warsaw published new data on shifting migration patterns among several bird species, linking the changes to rising temperatures. The findings add to a growing body of evidence about climate change's effects on wildlife.",Coastal Insurance Co. researchers in Warsaw link changing bird migration patterns to rising temperatures.,Science,Advanced
1839,"A research team at BrightFuture Foundation based in Stockholm published new data on shifting migration patterns among several bird species, linking the changes to rising temperatures. The findings add to a growing body of evidence about climate change's effects on wildlife.",BrightFuture Foundation researchers in Stockholm link changing bird migration patterns to rising temperatures.,Science,Beginner
1840,"A new clinic backed by Quantum Innovations opened in Vancouver this month, offering expanded mental health services to residents who previously had limited access to care. The clinic plans to add telehealth appointments in the coming months to reach even more patients.",Quantum Innovations opens a new clinic in Vancouver expanding mental health access.,Health,Beginner
1841,"A new direct flight route between Berlin and a major international hub was announced by Pioneer Research Institute this week, expected to cut travel time significantly for business and leisure travelers alike. The airline said tickets will go on sale next month.","Pioneer Research Institute announces a new direct flight to Berlin, promising shorter travel times.",Travel,Intermediate
1842,"A new direct flight route between Berlin and a major international hub was announced by Riverside Bank this week, expected to cut travel time significantly for business and leisure travelers alike. The airline said tickets will go on sale next month.","Riverside Bank announces a new direct flight to Berlin, promising shorter travel times.",Travel,Intermediate
1843,"Tourism officials in Osaka, working with Redstone Consulting, launched a campaign encouraging visitors to explore lesser-known neighborhoods during the off-season. Local businesses hope the initiative will help spread tourism revenue more evenly throughout the year.",Osaka and Redstone Consulting launch a campaign promoting off-season tourism to local neighborhoods.,Travel,Advanced
1844,"A merger between Falcon Logistics and a major firm in Vancouver is expected to close by the end of the year, according to sources close to the deal. Analysts say the combined company could become one of the largest players in its industry.",Falcon Logistics and a major firm in Vancouver move toward a merger set to close by year end.,Business,Intermediate
1845,Cedar Grove Hospital announced a new scholarship program aimed at supporting students from underrepresented backgrounds in Austin. The program will cover tuition and provide mentorship opportunities for selected recipients starting next semester. Officials hope the initiative will improve graduation rates.,Cedar Grove Hospital launches a scholarship and mentorship program to support underrepresented students in Austin.,Education,Intermediate
1846,"A research team at Maple Street School District based in Wellington published new data on shifting migration patterns among several bird species, linking the changes to rising temperatures. The findings add to a growing body of evidence about climate change's effects on wildlife.",Maple Street School District researchers in Wellington link changing bird migration patterns to rising temperatures.,Science,Advanced
1847,NextGen Software Labs announced a new scholarship program aimed at supporting students from underrepresented backgrounds in Buenos Aires. The program will cover tuition and provide mentorship opportunities for selected recipients starting next semester. Officials hope the initiative will improve graduation rates.,NextGen Software Labs launches a scholarship and mentorship program to support underrepresented students in Buenos Aires.,Education,Intermediate
1848,"A popular streaming series produced by Northfield University returned for a new season, quickly becoming one of the most watched shows filmed partly in Cairo. The season introduced several new characters while resolving major storylines from previous episodes.","Northfield University's streaming series, filmed partly in Cairo, returns for a well-received season.",Entertainment,Beginner
1849,Quantum Innovations announced a new scholarship program aimed at supporting students from underrepresented backgrounds in Melbourne. The program will cover tuition and provide mentorship opportunities for selected recipients starting next semester. Officials hope the initiative will improve graduation rates.,Quantum Innovations launches a scholarship and mentorship program to support underrepresented students in Melbourne.,Education,Intermediate
1850,Researchers at Golden Gate Retailers in Manila published findings linking regular physical activity to improved long-term memory in older adults. The study followed participants over several years and controlled for factors such as diet and sleep.,Golden Gate Retailers researchers in Manila link exercise to better long-term memory in older adults.,Health,Intermediate
1851,"A new direct flight route between Zurich and a major international hub was announced by Meridian Financial Group this week, expected to cut travel time significantly for business and leisure travelers alike. The airline said tickets will go on sale next month.","Meridian Financial Group announces a new direct flight to Zurich, promising shorter travel times.",Travel,Intermediate
1852,"Blue Horizon Airlines unveiled a new smart speaker this week, claiming it delivers significantly faster performance than earlier models. Engineers spent over a year refining the design after receiving feedback from beta testers, and the company expects the product to reach store shelves by May. Analysts believe the launch could strengthen Blue Horizon Airlines's position against rival firms.","Blue Horizon Airlines launches a new smart speaker after a year of development, aiming to outperform earlier models.",Technology,Intermediate
1853,"Fatima Osei broke a long-standing record at the regional championships, finishing well ahead of the competition. Coaches say months of intense training contributed to the milestone performance, which has drawn attention from national scouts.",Fatima Osei sets a new regional record after months of intense training.,Sports,Beginner
1854,"A new clinic backed by Vertex Analytics opened in Mumbai this month, offering expanded mental health services to residents who previously had limited access to care. The clinic plans to add telehealth appointments in the coming months to reach even more patients.",Vertex Analytics opens a new clinic in Mumbai expanding mental health access.,Health,Advanced
1855,"Tourism officials in Nairobi, working with Cedar Grove Hospital, launched a campaign encouraging visitors to explore lesser-known neighborhoods during the off-season. Local businesses hope the initiative will help spread tourism revenue more evenly throughout the year.",Nairobi and Cedar Grove Hospital launch a campaign promoting off-season tourism to local neighborhoods.,Travel,Beginner
1856,"A new clinic backed by Brightline Technologies opened in Osaka this month, offering expanded mental health services to residents who previously had limited access to care. The clinic plans to add telehealth appointments in the coming months to reach even more patients.",Brightline Technologies opens a new clinic in Osaka expanding mental health access.,Health,Beginner
1857,"The latest film from Northfield University broke box office records during its opening weekend in Manila, exceeding analysts' predictions. Critics praised the film's visual effects and pacing, while fans lined up for early screenings across the region.",Northfield University's new film breaks box office records in Manila and earns critical praise.,Entertainment,Intermediate
1858,"A popular streaming series produced by Cedar Grove Hospital returned for a new season, quickly becoming one of the most watched shows filmed partly in Helsinki. The season introduced several new characters while resolving major storylines from previous episodes.","Cedar Grove Hospital's streaming series, filmed partly in Helsinki, returns for a well-received season.",Entertainment,Beginner
1859,"Redstone Consulting reported stronger than expected quarterly earnings from its Buenos Aires division, driven largely by growth in overseas markets. Executives credited the results to a recent expansion strategy and increased demand for the company's core products. Investors responded positively to the announcement.",Redstone Consulting's Buenos Aires division posts strong quarterly earnings due to overseas growth.,Business,Beginner
1860,"A new direct flight route between Denver and a major international hub was announced by Falcon Logistics this week, expected to cut travel time significantly for business and leisure travelers alike. The airline said tickets will go on sale next month.","Falcon Logistics announces a new direct flight to Denver, promising shorter travel times.",Travel,Intermediate
1861,"A new clinic backed by Riverside Bank opened in Cairo this month, offering expanded mental health services to residents who previously had limited access to care. The clinic plans to add telehealth appointments in the coming months to reach even more patients.",Riverside Bank opens a new clinic in Cairo expanding mental health access.,Health,Advanced
1862,"A merger between BrightFuture Foundation and a major firm in Stockholm is expected to close by the end of the year, according to sources close to the deal. Analysts say the combined company could become one of the largest players in its industry.",BrightFuture Foundation and a major firm in Stockholm move toward a merger set to close by year end.,Business,Beginner
1863,"The latest film from Aurora Data Systems broke box office records during its opening weekend in Melbourne, exceeding analysts' predictions. Critics praised the film's visual effects and pacing, while fans lined up for early screenings across the region.",Aurora Data Systems's new film breaks box office records in Melbourne and earns critical praise.,Entertainment,Beginner
1864,"A merger between Golden Gate Retailers and a major firm in Manila is expected to close by the end of the year, according to sources close to the deal. Analysts say the combined company could become one of the largest players in its industry.",Golden Gate Retailers and a major firm in Manila move toward a merger set to close by year end.,Business,Advanced
1865,"Zenith Pharmaceuticals unveiled a new home assistant device this week, claiming it delivers significantly faster performance than earlier models. Engineers spent over a year refining the design after receiving feedback from beta testers, and the company expects the product to reach store shelves by November. Analysts believe the launch could strengthen Zenith Pharmaceuticals's position against rival firms.","Zenith Pharmaceuticals launches a new home assistant device after a year of development, aiming to outperform earlier models.",Technology,Advanced
1866,"Isabella Scott broke a long-standing record at the regional championships, finishing well ahead of the competition. Coaches say months of intense training contributed to the milestone performance, which has drawn attention from national scouts.",Isabella Scott sets a new regional record after months of intense training.,Sports,Advanced
1867,Meridian Financial Group announced a new scholarship program aimed at supporting students from underrepresented backgrounds in Copenhagen. The program will cover tuition and provide mentorship opportunities for selected recipients starting next semester. Officials hope the initiative will improve graduation rates.,Meridian Financial Group launches a scholarship and mentorship program to support underrepresented students in Copenhagen.,Education,Advanced
1868,"A research team at Oakwood Publishing House based in Mumbai published new data on shifting migration patterns among several bird species, linking the changes to rising temperatures. The findings add to a growing body of evidence about climate change's effects on wildlife.",Oakwood Publishing House researchers in Mumbai link changing bird migration patterns to rising temperatures.,Science,Intermediate
1869,Developers at Skyline Real Estate released an update addressing several security vulnerabilities discovered in their fitness tracker. The patch also introduces performance improvements and a redesigned interface. Users are encouraged to update as soon as possible to avoid potential risks.,Skyline Real Estate releases a security and performance update for its fitness tracker.,Technology,Intermediate
1870,Oakwood Publishing House announced a new scholarship program aimed at supporting students from underrepresented backgrounds in Manila. The program will cover tuition and provide mentorship opportunities for selected recipients starting next semester. Officials hope the initiative will improve graduation rates.,Oakwood Publishing House launches a scholarship and mentorship program to support underrepresented students in Manila.,Education,Advanced
1871,"A new curriculum focused on critical thinking was introduced at schools in Cape Town this term, developed in partnership with Cedar Grove Hospital. Teachers reported that students engaged more actively in classroom discussions after the change. The district plans to expand the program district-wide next year.",Schools in Cape Town adopt a new critical-thinking curriculum developed with Cedar Grove Hospital.,Education,Intermediate
1872,"The Jakarta team secured a dramatic victory in the final minutes of the match, coming from behind after trailing for most of the game. Fans credited the comeback to a change in strategy made by the coach at halftime. The win moves the team closer to a spot in the playoffs.","The Jakarta team completes a late comeback win, boosting its playoff chances.",Sports,Intermediate
1873,"The Buenos Aires team secured a dramatic victory in the final minutes of the match, coming from behind after trailing for most of the game. Fans credited the comeback to a change in strategy made by the coach at halftime. The win moves the team closer to a spot in the playoffs.","The Buenos Aires team completes a late comeback win, boosting its playoff chances.",Sports,Intermediate
1874,"Scientists at Meridian Financial Group in Austin announced the discovery of a new material that conducts electricity far more efficiently than existing alternatives. The breakthrough could eventually lead to more efficient batteries and electronics, though commercial use is still years away.",Meridian Financial Group scientists in Austin discover a highly efficient new conductive material.,Science,Beginner
1875,"Scientists at Oakwood Publishing House in Mumbai announced the discovery of a new material that conducts electricity far more efficiently than existing alternatives. The breakthrough could eventually lead to more efficient batteries and electronics, though commercial use is still years away.",Oakwood Publishing House scientists in Mumbai discover a highly efficient new conductive material.,Science,Intermediate
1876,"Tourism officials in Edinburgh, working with Zenith Pharmaceuticals, launched a campaign encouraging visitors to explore lesser-known neighborhoods during the off-season. Local businesses hope the initiative will help spread tourism revenue more evenly throughout the year.",Edinburgh and Zenith Pharmaceuticals launch a campaign promoting off-season tourism to local neighborhoods.,Travel,Intermediate
1877,"Zainab Novak broke a long-standing record at the regional championships, finishing well ahead of the competition. Coaches say months of intense training contributed to the milestone performance, which has drawn attention from national scouts.",Zainab Novak sets a new regional record after months of intense training.,Sports,Beginner
1878,"Nadia Green broke a long-standing record at the regional championships, finishing well ahead of the competition. Coaches say months of intense training contributed to the milestone performance, which has drawn attention from national scouts.",Nadia Green sets a new regional record after months of intense training.,Sports,Beginner
1879,"A research team at Global Trade Partners based in Wellington published new data on shifting migration patterns among several bird species, linking the changes to rising temperatures. The findings add to a growing body of evidence about climate change's effects on wildlife.",Global Trade Partners researchers in Wellington link changing bird migration patterns to rising temperatures.,Science,Advanced
1880,"A popular streaming series produced by Summit Robotics Inc. returned for a new season, quickly becoming one of the most watched shows filmed partly in Osaka. The season introduced several new characters while resolving major storylines from previous episodes.","Summit Robotics Inc.'s streaming series, filmed partly in Osaka, returns for a well-received season.",Entertainment,Beginner
1881,"A popular streaming series produced by Maple Street School District returned for a new season, quickly becoming one of the most watched shows filmed partly in Marrakesh. The season introduced several new characters while resolving major storylines from previous episodes.","Maple Street School District's streaming series, filmed partly in Marrakesh, returns for a well-received season.",Entertainment,Beginner
1882,"The latest film from Delta Cloud Services broke box office records during its opening weekend in Austin, exceeding analysts' predictions. Critics praised the film's visual effects and pacing, while fans lined up for early screenings across the region.",Delta Cloud Services's new film breaks box office records in Austin and earns critical praise.,Entertainment,Intermediate
1883,"Scientists at Meridian Financial Group in Nairobi announced the discovery of a new material that conducts electricity far more efficiently than existing alternatives. The breakthrough could eventually lead to more efficient batteries and electronics, though commercial use is still years away.",Meridian Financial Group scientists in Nairobi discover a highly efficient new conductive material.,Science,Intermediate
1884,"Jack Clark broke a long-standing record at the regional championships, finishing well ahead of the competition. Coaches say months of intense training contributed to the milestone performance, which has drawn attention from national scouts.",Jack Clark sets a new regional record after months of intense training.,Sports,Beginner
1885,Developers at NextGen Software Labs released an update addressing several security vulnerabilities discovered in their laptop. The patch also introduces performance improvements and a redesigned interface. Users are encouraged to update as soon as possible to avoid potential risks.,NextGen Software Labs releases a security and performance update for its laptop.,Technology,Intermediate
1886,"A new clinic backed by Cedar Grove Hospital opened in Stockholm this month, offering expanded mental health services to residents who previously had limited access to care. The clinic plans to add telehealth appointments in the coming months to reach even more patients.",Cedar Grove Hospital opens a new clinic in Stockholm expanding mental health access.,Health,Intermediate
1887,"Scientists at Zenith Pharmaceuticals in Cape Town announced the discovery of a new material that conducts electricity far more efficiently than existing alternatives. The breakthrough could eventually lead to more efficient batteries and electronics, though commercial use is still years away.",Zenith Pharmaceuticals scientists in Cape Town discover a highly efficient new conductive material.,Science,Advanced
1888,Developers at Golden Gate Retailers released an update addressing several security vulnerabilities discovered in their tablet. The patch also introduces performance improvements and a redesigned interface. Users are encouraged to update as soon as possible to avoid potential risks.,Golden Gate Retailers releases a security and performance update for its tablet.,Technology,Intermediate
1889,"Delta Cloud Services reported stronger than expected quarterly earnings from its Cape Town division, driven largely by growth in overseas markets. Executives credited the results to a recent expansion strategy and increased demand for the company's core products. Investors responded positively to the announcement.",Delta Cloud Services's Cape Town division posts strong quarterly earnings due to overseas growth.,Business,Advanced
1890,"A new direct flight route between Bangkok and a major international hub was announced by Quantum Innovations this week, expected to cut travel time significantly for business and leisure travelers alike. The airline said tickets will go on sale next month.","Quantum Innovations announces a new direct flight to Bangkok, promising shorter travel times.",Travel,Intermediate
1891,Pioneer Research Institute announced a new scholarship program aimed at supporting students from underrepresented backgrounds in Manila. The program will cover tuition and provide mentorship opportunities for selected recipients starting next semester. Officials hope the initiative will improve graduation rates.,Pioneer Research Institute launches a scholarship and mentorship program to support underrepresented students in Manila.,Education,Beginner
1892,"A new clinic backed by Riverside Bank opened in Copenhagen this month, offering expanded mental health services to residents who previously had limited access to care. The clinic plans to add telehealth appointments in the coming months to reach even more patients.",Riverside Bank opens a new clinic in Copenhagen expanding mental health access.,Health,Beginner
1893,"The Kuala Lumpur team secured a dramatic victory in the final minutes of the match, coming from behind after trailing for most of the game. Fans credited the comeback to a change in strategy made by the coach at halftime. The win moves the team closer to a spot in the playoffs.","The Kuala Lumpur team completes a late comeback win, boosting its playoff chances.",Sports,Beginner
1894,"A popular streaming series produced by Global Trade Partners returned for a new season, quickly becoming one of the most watched shows filmed partly in Seoul. The season introduced several new characters while resolving major storylines from previous episodes.","Global Trade Partners's streaming series, filmed partly in Seoul, returns for a well-received season.",Entertainment,Intermediate
1895,"A merger between Zenith Pharmaceuticals and a major firm in Kuala Lumpur is expected to close by the end of the year, according to sources close to the deal. Analysts say the combined company could become one of the largest players in its industry.",Zenith Pharmaceuticals and a major firm in Kuala Lumpur move toward a merger set to close by year end.,Business,Intermediate
1896,"Chen Wright broke a long-standing record at the regional championships, finishing well ahead of the competition. Coaches say months of intense training contributed to the milestone performance, which has drawn attention from national scouts.",Chen Wright sets a new regional record after months of intense training.,Sports,Intermediate
1897,"Quantum Innovations unveiled a new home assistant device this week, claiming it delivers significantly faster performance than earlier models. Engineers spent over a year refining the design after receiving feedback from beta testers, and the company expects the product to reach store shelves by March. Analysts believe the launch could strengthen Quantum Innovations's position against rival firms.","Quantum Innovations launches a new home assistant device after a year of development, aiming to outperform earlier models.",Technology,Advanced
1898,"Tourism officials in Amsterdam, working with Oakwood Publishing House, launched a campaign encouraging visitors to explore lesser-known neighborhoods during the off-season. Local businesses hope the initiative will help spread tourism revenue more evenly throughout the year.",Amsterdam and Oakwood Publishing House launch a campaign promoting off-season tourism to local neighborhoods.,Travel,Beginner
1899,"A research team at Lakeside Medical Center based in Cairo published new data on shifting migration patterns among several bird species, linking the changes to rising temperatures. The findings add to a growing body of evidence about climate change's effects on wildlife.",Lakeside Medical Center researchers in Cairo link changing bird migration patterns to rising temperatures.,Science,Intermediate
1900,"A new direct flight route between Seoul and a major international hub was announced by Aurora Data Systems this week, expected to cut travel time significantly for business and leisure travelers alike. The airline said tickets will go on sale next month.","Aurora Data Systems announces a new direct flight to Seoul, promising shorter travel times.",Travel,Beginner
1901,Researchers at Coastal Insurance Co. in Nairobi published findings linking regular physical activity to improved long-term memory in older adults. The study followed participants over several years and controlled for factors such as diet and sleep.,Coastal Insurance Co. researchers in Nairobi link exercise to better long-term memory in older adults.,Health,Intermediate
1902,Researchers at Summit Robotics Inc. in Zurich published findings linking regular physical activity to improved long-term memory in older adults. The study followed participants over several years and controlled for factors such as diet and sleep.,Summit Robotics Inc. researchers in Zurich link exercise to better long-term memory in older adults.,Health,Advanced
1903,"A new clinic backed by Brightline Technologies opened in Seoul this month, offering expanded mental health services to residents who previously had limited access to care. The clinic plans to add telehealth appointments in the coming months to reach even more patients.",Brightline Technologies opens a new clinic in Seoul expanding mental health access.,Health,Intermediate
1904,Falcon Logistics announced a new scholarship program aimed at supporting students from underrepresented backgrounds in Marrakesh. The program will cover tuition and provide mentorship opportunities for selected recipients starting next semester. Officials hope the initiative will improve graduation rates.,Falcon Logistics launches a scholarship and mentorship program to support underrepresented students in Marrakesh.,Education,Intermediate
1905,"A new direct flight route between Cape Town and a major international hub was announced by Coastal Insurance Co. this week, expected to cut travel time significantly for business and leisure travelers alike. The airline said tickets will go on sale next month.","Coastal Insurance Co. announces a new direct flight to Cape Town, promising shorter travel times.",Travel,Beginner
1906,"A new direct flight route between Marrakesh and a major international hub was announced by BrightFuture Foundation this week, expected to cut travel time significantly for business and leisure travelers alike. The airline said tickets will go on sale next month.","BrightFuture Foundation announces a new direct flight to Marrakesh, promising shorter travel times.",Travel,Intermediate
1907,"Pioneer Research Institute reported stronger than expected quarterly earnings from its Kuala Lumpur division, driven largely by growth in overseas markets. Executives credited the results to a recent expansion strategy and increased demand for the company's core products. Investors responded positively to the announcement.",Pioneer Research Institute's Kuala Lumpur division posts strong quarterly earnings due to overseas growth.,Business,Intermediate
1908,"The latest film from Meridian Financial Group broke box office records during its opening weekend in Stockholm, exceeding analysts' predictions. Critics praised the film's visual effects and pacing, while fans lined up for early screenings across the region.",Meridian Financial Group's new film breaks box office records in Stockholm and earns critical praise.,Entertainment,Beginner
1909,Developers at Aurora Data Systems released an update addressing several security vulnerabilities discovered in their fitness tracker. The patch also introduces performance improvements and a redesigned interface. Users are encouraged to update as soon as possible to avoid potential risks.,Aurora Data Systems releases a security and performance update for its fitness tracker.,Technology,Advanced
1910,"Lakeside Medical Center unveiled a new fitness tracker this week, claiming it delivers significantly faster performance than earlier models. Engineers spent over a year refining the design after receiving feedback from beta testers, and the company expects the product to reach store shelves by September. Analysts believe the launch could strengthen Lakeside Medical Center's position against rival firms.","Lakeside Medical Center launches a new fitness tracker after a year of development, aiming to outperform earlier models.",Technology,Intermediate
1911,"A new curriculum focused on critical thinking was introduced at schools in Jakarta this term, developed in partnership with Aurora Data Systems. Teachers reported that students engaged more actively in classroom discussions after the change. The district plans to expand the program district-wide next year.",Schools in Jakarta adopt a new critical-thinking curriculum developed with Aurora Data Systems.,Education,Intermediate
1912,"Ethan Green broke a long-standing record at the regional championships, finishing well ahead of the competition. Coaches say months of intense training contributed to the milestone performance, which has drawn attention from national scouts.",Ethan Green sets a new regional record after months of intense training.,Sports,Advanced
1913,"A new direct flight route between Stockholm and a major international hub was announced by Falcon Logistics this week, expected to cut travel time significantly for business and leisure travelers alike. The airline said tickets will go on sale next month.","Falcon Logistics announces a new direct flight to Stockholm, promising shorter travel times.",Travel,Beginner
1914,"A new curriculum focused on critical thinking was introduced at schools in Marrakesh this term, developed in partnership with Evergreen Energy Co.. Teachers reported that students engaged more actively in classroom discussions after the change. The district plans to expand the program district-wide next year.",Schools in Marrakesh adopt a new critical-thinking curriculum developed with Evergreen Energy Co..,Education,Intermediate
1915,"A popular streaming series produced by Golden Gate Retailers returned for a new season, quickly becoming one of the most watched shows filmed partly in Berlin. The season introduced several new characters while resolving major storylines from previous episodes.","Golden Gate Retailers's streaming series, filmed partly in Berlin, returns for a well-received season.",Entertainment,Intermediate
1916,Developers at Harborview College released an update addressing several security vulnerabilities discovered in their laptop. The patch also introduces performance improvements and a redesigned interface. Users are encouraged to update as soon as possible to avoid potential risks.,Harborview College releases a security and performance update for its laptop.,Technology,Beginner
1917,"A popular streaming series produced by Delta Cloud Services returned for a new season, quickly becoming one of the most watched shows filmed partly in Mumbai. The season introduced several new characters while resolving major storylines from previous episodes.","Delta Cloud Services's streaming series, filmed partly in Mumbai, returns for a well-received season.",Entertainment,Intermediate
1918,"Tourism officials in Nairobi, working with Coastal Insurance Co., launched a campaign encouraging visitors to explore lesser-known neighborhoods during the off-season. Local businesses hope the initiative will help spread tourism revenue more evenly throughout the year.",Nairobi and Coastal Insurance Co. launch a campaign promoting off-season tourism to local neighborhoods.,Travel,Beginner
1919,"A research team at Northfield University based in Kuala Lumpur published new data on shifting migration patterns among several bird species, linking the changes to rising temperatures. The findings add to a growing body of evidence about climate change's effects on wildlife.",Northfield University researchers in Kuala Lumpur link changing bird migration patterns to rising temperatures.,Science,Intermediate
1920,"A new curriculum focused on critical thinking was introduced at schools in Warsaw this term, developed in partnership with Brightline Technologies. Teachers reported that students engaged more actively in classroom discussions after the change. The district plans to expand the program district-wide next year.",Schools in Warsaw adopt a new critical-thinking curriculum developed with Brightline Technologies.,Education,Beginner
1921,"A merger between Zenith Pharmaceuticals and a major firm in Amsterdam is expected to close by the end of the year, according to sources close to the deal. Analysts say the combined company could become one of the largest players in its industry.",Zenith Pharmaceuticals and a major firm in Amsterdam move toward a merger set to close by year end.,Business,Intermediate
1922,"Maple Street School District unveiled a new fitness tracker this week, claiming it delivers significantly faster performance than earlier models. Engineers spent over a year refining the design after receiving feedback from beta testers, and the company expects the product to reach store shelves by May. Analysts believe the launch could strengthen Maple Street School District's position against rival firms.","Maple Street School District launches a new fitness tracker after a year of development, aiming to outperform earlier models.",Technology,Intermediate
1923,"Tourism officials in Santiago, working with Coastal Insurance Co., launched a campaign encouraging visitors to explore lesser-known neighborhoods during the off-season. Local businesses hope the initiative will help spread tourism revenue more evenly throughout the year.",Santiago and Coastal Insurance Co. launch a campaign promoting off-season tourism to local neighborhoods.,Travel,Beginner
1924,"Scientists at Zenith Pharmaceuticals in Melbourne announced the discovery of a new material that conducts electricity far more efficiently than existing alternatives. The breakthrough could eventually lead to more efficient batteries and electronics, though commercial use is still years away.",Zenith Pharmaceuticals scientists in Melbourne discover a highly efficient new conductive material.,Science,Beginner
1925,"Zenith Pharmaceuticals unveiled a new home assistant device this week, claiming it delivers significantly faster performance than earlier models. Engineers spent over a year refining the design after receiving feedback from beta testers, and the company expects the product to reach store shelves by May. Analysts believe the launch could strengthen Zenith Pharmaceuticals's position against rival firms.","Zenith Pharmaceuticals launches a new home assistant device after a year of development, aiming to outperform earlier models.",Technology,Intermediate
1926,"Victor Rossi broke a long-standing record at the regional championships, finishing well ahead of the competition. Coaches say months of intense training contributed to the milestone performance, which has drawn attention from national scouts.",Victor Rossi sets a new regional record after months of intense training.,Sports,Beginner
1927,Researchers at Skyline Real Estate in Wellington published findings linking regular physical activity to improved long-term memory in older adults. The study followed participants over several years and controlled for factors such as diet and sleep.,Skyline Real Estate researchers in Wellington link exercise to better long-term memory in older adults.,Health,Intermediate
1928,"The latest film from Evergreen Energy Co. broke box office records during its opening weekend in Marrakesh, exceeding analysts' predictions. Critics praised the film's visual effects and pacing, while fans lined up for early screenings across the region.",Evergreen Energy Co.'s new film breaks box office records in Marrakesh and earns critical praise.,Entertainment,Intermediate
1929,"Scientists at Golden Gate Retailers in Manila announced the discovery of a new material that conducts electricity far more efficiently than existing alternatives. The breakthrough could eventually lead to more efficient batteries and electronics, though commercial use is still years away.",Golden Gate Retailers scientists in Manila discover a highly efficient new conductive material.,Science,Beginner
1930,"Crescent Media Group unveiled a new smart speaker this week, claiming it delivers significantly faster performance than earlier models. Engineers spent over a year refining the design after receiving feedback from beta testers, and the company expects the product to reach store shelves by September. Analysts believe the launch could strengthen Crescent Media Group's position against rival firms.","Crescent Media Group launches a new smart speaker after a year of development, aiming to outperform earlier models.",Technology,Intermediate
1931,Maple Street School District announced a new scholarship program aimed at supporting students from underrepresented backgrounds in Stockholm. The program will cover tuition and provide mentorship opportunities for selected recipients starting next semester. Officials hope the initiative will improve graduation rates.,Maple Street School District launches a scholarship and mentorship program to support underrepresented students in Stockholm.,Education,Beginner
1932,"Northfield University reported stronger than expected quarterly earnings from its Nairobi division, driven largely by growth in overseas markets. Executives credited the results to a recent expansion strategy and increased demand for the company's core products. Investors responded positively to the announcement.",Northfield University's Nairobi division posts strong quarterly earnings due to overseas growth.,Business,Intermediate
1933,"A popular streaming series produced by Crescent Media Group returned for a new season, quickly becoming one of the most watched shows filmed partly in Seoul. The season introduced several new characters while resolving major storylines from previous episodes.","Crescent Media Group's streaming series, filmed partly in Seoul, returns for a well-received season.",Entertainment,Intermediate
1934,"A new curriculum focused on critical thinking was introduced at schools in Seoul this term, developed in partnership with Summit Robotics Inc.. Teachers reported that students engaged more actively in classroom discussions after the change. The district plans to expand the program district-wide next year.",Schools in Seoul adopt a new critical-thinking curriculum developed with Summit Robotics Inc..,Education,Advanced
1935,"A research team at Blue Horizon Airlines based in Manila published new data on shifting migration patterns among several bird species, linking the changes to rising temperatures. The findings add to a growing body of evidence about climate change's effects on wildlife.",Blue Horizon Airlines researchers in Manila link changing bird migration patterns to rising temperatures.,Science,Intermediate
1936,Researchers at Delta Cloud Services in Denver published findings linking regular physical activity to improved long-term memory in older adults. The study followed participants over several years and controlled for factors such as diet and sleep.,Delta Cloud Services researchers in Denver link exercise to better long-term memory in older adults.,Health,Beginner
1937,"Crescent Media Group unveiled a new tablet this week, claiming it delivers significantly faster performance than earlier models. Engineers spent over a year refining the design after receiving feedback from beta testers, and the company expects the product to reach store shelves by May. Analysts believe the launch could strengthen Crescent Media Group's position against rival firms.","Crescent Media Group launches a new tablet after a year of development, aiming to outperform earlier models.",Technology,Intermediate
1938,"The latest film from Global Trade Partners broke box office records during its opening weekend in Seoul, exceeding analysts' predictions. Critics praised the film's visual effects and pacing, while fans lined up for early screenings across the region.",Global Trade Partners's new film breaks box office records in Seoul and earns critical praise.,Entertainment,Intermediate
1939,"A research team at Coastal Insurance Co. based in Toronto published new data on shifting migration patterns among several bird species, linking the changes to rising temperatures. The findings add to a growing body of evidence about climate change's effects on wildlife.",Coastal Insurance Co. researchers in Toronto link changing bird migration patterns to rising temperatures.,Science,Advanced
1940,"Tourism officials in Copenhagen, working with Global Trade Partners, launched a campaign encouraging visitors to explore lesser-known neighborhoods during the off-season. Local businesses hope the initiative will help spread tourism revenue more evenly throughout the year.",Copenhagen and Global Trade Partners launch a campaign promoting off-season tourism to local neighborhoods.,Travel,Beginner
1941,"Silverline Motors unveiled a new smartphone this week, claiming it delivers significantly faster performance than earlier models. Engineers spent over a year refining the design after receiving feedback from beta testers, and the company expects the product to reach store shelves by July. Analysts believe the launch could strengthen Silverline Motors's position against rival firms.","Silverline Motors launches a new smartphone after a year of development, aiming to outperform earlier models.",Technology,Intermediate
1942,"NextGen Software Labs reported stronger than expected quarterly earnings from its Stockholm division, driven largely by growth in overseas markets. Executives credited the results to a recent expansion strategy and increased demand for the company's core products. Investors responded positively to the announcement.",NextGen Software Labs's Stockholm division posts strong quarterly earnings due to overseas growth.,Business,Advanced
1943,"A research team at Crescent Media Group based in Helsinki published new data on shifting migration patterns among several bird species, linking the changes to rising temperatures. The findings add to a growing body of evidence about climate change's effects on wildlife.",Crescent Media Group researchers in Helsinki link changing bird migration patterns to rising temperatures.,Science,Advanced
1944,"Mei Costa broke a long-standing record at the regional championships, finishing well ahead of the competition. Coaches say months of intense training contributed to the milestone performance, which has drawn attention from national scouts.",Mei Costa sets a new regional record after months of intense training.,Sports,Intermediate
1945,"Scientists at Vertex Analytics in Toronto announced the discovery of a new material that conducts electricity far more efficiently than existing alternatives. The breakthrough could eventually lead to more efficient batteries and electronics, though commercial use is still years away.",Vertex Analytics scientists in Toronto discover a highly efficient new conductive material.,Science,Advanced
1946,Developers at Union Manufacturing Corp. released an update addressing several security vulnerabilities discovered in their fitness tracker. The patch also introduces performance improvements and a redesigned interface. Users are encouraged to update as soon as possible to avoid potential risks.,Union Manufacturing Corp. releases a security and performance update for its fitness tracker.,Technology,Advanced
1947,"Tourism officials in Cape Town, working with Lakeside Medical Center, launched a campaign encouraging visitors to explore lesser-known neighborhoods during the off-season. Local businesses hope the initiative will help spread tourism revenue more evenly throughout the year.",Cape Town and Lakeside Medical Center launch a campaign promoting off-season tourism to local neighborhoods.,Travel,Beginner
1948,Developers at Harborview College released an update addressing several security vulnerabilities discovered in their fitness tracker. The patch also introduces performance improvements and a redesigned interface. Users are encouraged to update as soon as possible to avoid potential risks.,Harborview College releases a security and performance update for its fitness tracker.,Technology,Intermediate
1949,"A popular streaming series produced by Redstone Consulting returned for a new season, quickly becoming one of the most watched shows filmed partly in Melbourne. The season introduced several new characters while resolving major storylines from previous episodes.","Redstone Consulting's streaming series, filmed partly in Melbourne, returns for a well-received season.",Entertainment,Advanced
1950,"Tourism officials in Seoul, working with Quantum Innovations, launched a campaign encouraging visitors to explore lesser-known neighborhoods during the off-season. Local businesses hope the initiative will help spread tourism revenue more evenly throughout the year.",Seoul and Quantum Innovations launch a campaign promoting off-season tourism to local neighborhoods.,Travel,Intermediate
1951,"A new clinic backed by Meridian Financial Group opened in Amsterdam this month, offering expanded mental health services to residents who previously had limited access to care. The clinic plans to add telehealth appointments in the coming months to reach even more patients.",Meridian Financial Group opens a new clinic in Amsterdam expanding mental health access.,Health,Intermediate
1952,"A research team at Global Trade Partners based in Vancouver published new data on shifting migration patterns among several bird species, linking the changes to rising temperatures. The findings add to a growing body of evidence about climate change's effects on wildlife.",Global Trade Partners researchers in Vancouver link changing bird migration patterns to rising temperatures.,Science,Intermediate
1953,"Quantum Innovations unveiled a new laptop this week, claiming it delivers significantly faster performance than earlier models. Engineers spent over a year refining the design after receiving feedback from beta testers, and the company expects the product to reach store shelves by January. Analysts believe the launch could strengthen Quantum Innovations's position against rival firms.","Quantum Innovations launches a new laptop after a year of development, aiming to outperform earlier models.",Technology,Advanced
1954,Developers at Blue Horizon Airlines released an update addressing several security vulnerabilities discovered in their smartphone. The patch also introduces performance improvements and a redesigned interface. Users are encouraged to update as soon as possible to avoid potential risks.,Blue Horizon Airlines releases a security and performance update for its smartphone.,Technology,Intermediate
1955,Researchers at Coastal Insurance Co. in Osaka published findings linking regular physical activity to improved long-term memory in older adults. The study followed participants over several years and controlled for factors such as diet and sleep.,Coastal Insurance Co. researchers in Osaka link exercise to better long-term memory in older adults.,Health,Beginner
1956,Summit Robotics Inc. announced a new scholarship program aimed at supporting students from underrepresented backgrounds in Denver. The program will cover tuition and provide mentorship opportunities for selected recipients starting next semester. Officials hope the initiative will improve graduation rates.,Summit Robotics Inc. launches a scholarship and mentorship program to support underrepresented students in Denver.,Education,Intermediate
1957,"Tourism officials in Bangkok, working with Maple Street School District, launched a campaign encouraging visitors to explore lesser-known neighborhoods during the off-season. Local businesses hope the initiative will help spread tourism revenue more evenly throughout the year.",Bangkok and Maple Street School District launch a campaign promoting off-season tourism to local neighborhoods.,Travel,Beginner
1958,"Scientists at Redstone Consulting in Jakarta announced the discovery of a new material that conducts electricity far more efficiently than existing alternatives. The breakthrough could eventually lead to more efficient batteries and electronics, though commercial use is still years away.",Redstone Consulting scientists in Jakarta discover a highly efficient new conductive material.,Science,Beginner
1959,"A new clinic backed by Maple Street School District opened in Wellington this month, offering expanded mental health services to residents who previously had limited access to care. The clinic plans to add telehealth appointments in the coming months to reach even more patients.",Maple Street School District opens a new clinic in Wellington expanding mental health access.,Health,Beginner
1960,"A new direct flight route between Bangkok and a major international hub was announced by Aurora Data Systems this week, expected to cut travel time significantly for business and leisure travelers alike. The airline said tickets will go on sale next month.","Aurora Data Systems announces a new direct flight to Bangkok, promising shorter travel times.",Travel,Advanced
1961,"Pioneer Research Institute unveiled a new smart speaker this week, claiming it delivers significantly faster performance than earlier models. Engineers spent over a year refining the design after receiving feedback from beta testers, and the company expects the product to reach store shelves by November. Analysts believe the launch could strengthen Pioneer Research Institute's position against rival firms.","Pioneer Research Institute launches a new smart speaker after a year of development, aiming to outperform earlier models.",Technology,Intermediate
1962,"Carlos Yamamoto broke a long-standing record at the regional championships, finishing well ahead of the competition. Coaches say months of intense training contributed to the milestone performance, which has drawn attention from national scouts.",Carlos Yamamoto sets a new regional record after months of intense training.,Sports,Intermediate
1963,"Aisha Garcia broke a long-standing record at the regional championships, finishing well ahead of the competition. Coaches say months of intense training contributed to the milestone performance, which has drawn attention from national scouts.",Aisha Garcia sets a new regional record after months of intense training.,Sports,Advanced
1964,"A merger between Meridian Financial Group and a major firm in Lisbon is expected to close by the end of the year, according to sources close to the deal. Analysts say the combined company could become one of the largest players in its industry.",Meridian Financial Group and a major firm in Lisbon move toward a merger set to close by year end.,Business,Beginner
1965,"A new clinic backed by Evergreen Energy Co. opened in Seoul this month, offering expanded mental health services to residents who previously had limited access to care. The clinic plans to add telehealth appointments in the coming months to reach even more patients.",Evergreen Energy Co. opens a new clinic in Seoul expanding mental health access.,Health,Beginner
1966,"Chen Osei broke a long-standing record at the regional championships, finishing well ahead of the competition. Coaches say months of intense training contributed to the milestone performance, which has drawn attention from national scouts.",Chen Osei sets a new regional record after months of intense training.,Sports,Intermediate
1967,"Scientists at Meridian Financial Group in Marrakesh announced the discovery of a new material that conducts electricity far more efficiently than existing alternatives. The breakthrough could eventually lead to more efficient batteries and electronics, though commercial use is still years away.",Meridian Financial Group scientists in Marrakesh discover a highly efficient new conductive material.,Science,Beginner
1968,"The Seoul team secured a dramatic victory in the final minutes of the match, coming from behind after trailing for most of the game. Fans credited the comeback to a change in strategy made by the coach at halftime. The win moves the team closer to a spot in the playoffs.","The Seoul team completes a late comeback win, boosting its playoff chances.",Sports,Intermediate
1969,Researchers at Ironwood Steel Works in Bangkok published findings linking regular physical activity to improved long-term memory in older adults. The study followed participants over several years and controlled for factors such as diet and sleep.,Ironwood Steel Works researchers in Bangkok link exercise to better long-term memory in older adults.,Health,Intermediate
1970,"The latest film from Coastal Insurance Co. broke box office records during its opening weekend in Jakarta, exceeding analysts' predictions. Critics praised the film's visual effects and pacing, while fans lined up for early screenings across the region.",Coastal Insurance Co.'s new film breaks box office records in Jakarta and earns critical praise.,Entertainment,Advanced
1971,"A new curriculum focused on critical thinking was introduced at schools in Jakarta this term, developed in partnership with Cedar Grove Hospital. Teachers reported that students engaged more actively in classroom discussions after the change. The district plans to expand the program district-wide next year.",Schools in Jakarta adopt a new critical-thinking curriculum developed with Cedar Grove Hospital.,Education,Beginner
1972,"A new direct flight route between Santiago and a major international hub was announced by Crescent Media Group this week, expected to cut travel time significantly for business and leisure travelers alike. The airline said tickets will go on sale next month.","Crescent Media Group announces a new direct flight to Santiago, promising shorter travel times.",Travel,Beginner
1973,"Union Manufacturing Corp. unveiled a new smart speaker this week, claiming it delivers significantly faster performance than earlier models. Engineers spent over a year refining the design after receiving feedback from beta testers, and the company expects the product to reach store shelves by May. Analysts believe the launch could strengthen Union Manufacturing Corp.'s position against rival firms.","Union Manufacturing Corp. launches a new smart speaker after a year of development, aiming to outperform earlier models.",Technology,Intermediate
1974,Developers at Riverside Bank released an update addressing several security vulnerabilities discovered in their tablet. The patch also introduces performance improvements and a redesigned interface. Users are encouraged to update as soon as possible to avoid potential risks.,Riverside Bank releases a security and performance update for its tablet.,Technology,Beginner
1975,Aurora Data Systems announced a new scholarship program aimed at supporting students from underrepresented backgrounds in Bangkok. The program will cover tuition and provide mentorship opportunities for selected recipients starting next semester. Officials hope the initiative will improve graduation rates.,Aurora Data Systems launches a scholarship and mentorship program to support underrepresented students in Bangkok.,Education,Advanced
1976,"Redstone Consulting unveiled a new smart speaker this week, claiming it delivers significantly faster performance than earlier models. Engineers spent over a year refining the design after receiving feedback from beta testers, and the company expects the product to reach store shelves by July. Analysts believe the launch could strengthen Redstone Consulting's position against rival firms.","Redstone Consulting launches a new smart speaker after a year of development, aiming to outperform earlier models.",Technology,Intermediate
1977,"A new clinic backed by Northfield University opened in Marrakesh this month, offering expanded mental health services to residents who previously had limited access to care. The clinic plans to add telehealth appointments in the coming months to reach even more patients.",Northfield University opens a new clinic in Marrakesh expanding mental health access.,Health,Beginner
1978,"BrightFuture Foundation reported stronger than expected quarterly earnings from its Santiago division, driven largely by growth in overseas markets. Executives credited the results to a recent expansion strategy and increased demand for the company's core products. Investors responded positively to the announcement.",BrightFuture Foundation's Santiago division posts strong quarterly earnings due to overseas growth.,Business,Beginner
1979,"Tourism officials in Berlin, working with Quantum Innovations, launched a campaign encouraging visitors to explore lesser-known neighborhoods during the off-season. Local businesses hope the initiative will help spread tourism revenue more evenly throughout the year.",Berlin and Quantum Innovations launch a campaign promoting off-season tourism to local neighborhoods.,Travel,Beginner
1980,"Delta Cloud Services unveiled a new smartphone this week, claiming it delivers significantly faster performance than earlier models. Engineers spent over a year refining the design after receiving feedback from beta testers, and the company expects the product to reach store shelves by January. Analysts believe the launch could strengthen Delta Cloud Services's position against rival firms.","Delta Cloud Services launches a new smartphone after a year of development, aiming to outperform earlier models.",Technology,Intermediate
1981,"A new clinic backed by BrightFuture Foundation opened in Zurich this month, offering expanded mental health services to residents who previously had limited access to care. The clinic plans to add telehealth appointments in the coming months to reach even more patients.",BrightFuture Foundation opens a new clinic in Zurich expanding mental health access.,Health,Beginner
1982,"A new clinic backed by Harborview College opened in Manila this month, offering expanded mental health services to residents who previously had limited access to care. The clinic plans to add telehealth appointments in the coming months to reach even more patients.",Harborview College opens a new clinic in Manila expanding mental health access.,Health,Advanced
1983,"A merger between Harborview College and a major firm in Stockholm is expected to close by the end of the year, according to sources close to the deal. Analysts say the combined company could become one of the largest players in its industry.",Harborview College and a major firm in Stockholm move toward a merger set to close by year end.,Business,Intermediate
1984,"Charlotte Müller broke a long-standing record at the regional championships, finishing well ahead of the competition. Coaches say months of intense training contributed to the milestone performance, which has drawn attention from national scouts.",Charlotte Müller sets a new regional record after months of intense training.,Sports,Beginner
1985,"Quantum Innovations reported stronger than expected quarterly earnings from its Amsterdam division, driven largely by growth in overseas markets. Executives credited the results to a recent expansion strategy and increased demand for the company's core products. Investors responded positively to the announcement.",Quantum Innovations's Amsterdam division posts strong quarterly earnings due to overseas growth.,Business,Intermediate
1986,"The latest film from Meridian Financial Group broke box office records during its opening weekend in Berlin, exceeding analysts' predictions. Critics praised the film's visual effects and pacing, while fans lined up for early screenings across the region.",Meridian Financial Group's new film breaks box office records in Berlin and earns critical praise.,Entertainment,Intermediate
1987,"Grace Silva broke a long-standing record at the regional championships, finishing well ahead of the competition. Coaches say months of intense training contributed to the milestone performance, which has drawn attention from national scouts.",Grace Silva sets a new regional record after months of intense training.,Sports,Intermediate
1988,"Coastal Insurance Co. unveiled a new tablet this week, claiming it delivers significantly faster performance than earlier models. Engineers spent over a year refining the design after receiving feedback from beta testers, and the company expects the product to reach store shelves by November. Analysts believe the launch could strengthen Coastal Insurance Co.'s position against rival firms.","Coastal Insurance Co. launches a new tablet after a year of development, aiming to outperform earlier models.",Technology,Advanced
1989,"Hassan Lewis broke a long-standing record at the regional championships, finishing well ahead of the competition. Coaches say months of intense training contributed to the milestone performance, which has drawn attention from national scouts.",Hassan Lewis sets a new regional record after months of intense training.,Sports,Intermediate
1990,"Scientists at Skyline Real Estate in Bangkok announced the discovery of a new material that conducts electricity far more efficiently than existing alternatives. The breakthrough could eventually lead to more efficient batteries and electronics, though commercial use is still years away.",Skyline Real Estate scientists in Bangkok discover a highly efficient new conductive material.,Science,Advanced
1991,Researchers at Harborview College in Bangkok published findings linking regular physical activity to improved long-term memory in older adults. The study followed participants over several years and controlled for factors such as diet and sleep.,Harborview College researchers in Bangkok link exercise to better long-term memory in older adults.,Health,Intermediate
1992,"A new direct flight route between Jakarta and a major international hub was announced by Skyline Real Estate this week, expected to cut travel time significantly for business and leisure travelers alike. The airline said tickets will go on sale next month.","Skyline Real Estate announces a new direct flight to Jakarta, promising shorter travel times.",Travel,Intermediate
1993,"Daniel Young broke a long-standing record at the regional championships, finishing well ahead of the competition. Coaches say months of intense training contributed to the milestone performance, which has drawn attention from national scouts.",Daniel Young sets a new regional record after months of intense training.,Sports,Intermediate
1994,"A popular streaming series produced by Northfield University returned for a new season, quickly becoming one of the most watched shows filmed partly in Austin. The season introduced several new characters while resolving major storylines from previous episodes.","Northfield University's streaming series, filmed partly in Austin, returns for a well-received season.",Entertainment,Beginner
1995,Researchers at Pioneer Research Institute in Melbourne published findings linking regular physical activity to improved long-term memory in older adults. The study followed participants over several years and controlled for factors such as diet and sleep.,Pioneer Research Institute researchers in Melbourne link exercise to better long-term memory in older adults.,Health,Intermediate
1996,"A merger between Aurora Data Systems and a major firm in Berlin is expected to close by the end of the year, according to sources close to the deal. Analysts say the combined company could become one of the largest players in its industry.",Aurora Data Systems and a major firm in Berlin move toward a merger set to close by year end.,Business,Intermediate
1997,"Zenith Pharmaceuticals unveiled a new smart speaker this week, claiming it delivers significantly faster performance than earlier models. Engineers spent over a year refining the design after receiving feedback from beta testers, and the company expects the product to reach store shelves by March. Analysts believe the launch could strengthen Zenith Pharmaceuticals's position against rival firms.","Zenith Pharmaceuticals launches a new smart speaker after a year of development, aiming to outperform earlier models.",Technology,Beginner
1998,"A research team at Summit Robotics Inc. based in Nairobi published new data on shifting migration patterns among several bird species, linking the changes to rising temperatures. The findings add to a growing body of evidence about climate change's effects on wildlife.",Summit Robotics Inc. researchers in Nairobi link changing bird migration patterns to rising temperatures.,Science,Beginner
1999,Researchers at Northfield University in Edinburgh published findings linking regular physical activity to improved long-term memory in older adults. The study followed participants over several years and controlled for factors such as diet and sleep.,Northfield University researchers in Edinburgh link exercise to better long-term memory in older adults.,Health,Intermediate
2000,Cedar Grove Hospital announced a new scholarship program aimed at supporting students from underrepresented backgrounds in Amsterdam. The program will cover tuition and provide mentorship opportunities for selected recipients starting next semester. Officials hope the initiative will improve graduation rates.,Cedar Grove Hospital launches a scholarship and mentorship program to support underrepresented students in Amsterdam.,Education,Advanced
