id,sentence_1,sentence_2,similarity_score,similarity_label,relationship
1,"According to the report, the hikers reached the summit just before sunset.","Just before sunset, the hikers arrived at the summit.",0.98,Very High,Same Meaning
2,A bike-sharing program was launched by the city to ease traffic congestion.,"It was noted that to cut down on traffic, the city introduced a bike-sharing program.",0.81,High,Paraphrase
3,The hospital's new wing focuses on caring for young patients.,The students put in a lot of effort studying for finals.,0.13,Very Low,Unrelated
4,Sources confirmed that the orchestra honored the late composer with an emotional performance.,It was noted that the orchestra performed a moving tribute to the late composer.,0.94,Very High,Same Meaning
5,"Notably, the new smartphone features a significantly improved camera.",Sources confirmed that the new smartphone's camera quality is worse than the previous model.,0.19,Low,Contradiction
6,"Notably, the orchestra performed a moving tribute to the late composer.",The orchestra honored the late composer with an emotional performance.,0.94,Very High,Same Meaning
7,Sources confirmed that the bakery started offering gluten-free pastries as a new product line.,"Notably, the bakery discontinued its gluten-free pastry line due to low demand.",0.17,Low,Contradiction
8,"According to the report, the city council approved funding for a new public park.",The city council approved funding for a new public park.,0.94,Very High,Same Meaning
9,The guests were served a tasty meal that the chef had cooked.,A delicious meal was made by the chef for the guests.,0.82,High,Paraphrase
10,"Notably, a much better camera is one of the new smartphone's key features.","According to the report, the new smartphone's camera quality is worse than the previous model.",0.29,Low,Contradiction
11,"Notably, the orchestra performed a moving tribute to the late composer.","As widely reported, tickets for the tribute concert sold out within hours.",0.5,Medium,Related
12,"Sources confirmed that just before sunset, the hikers arrived at the summit.",It was noted that the trail offered stunning views of the surrounding valley.,0.51,Medium,Related
13,"According to the report, the championship was won by the soccer team in a thrilling final match.","As widely reported, thousands of fans celebrated in the streets after the victory.",0.57,Medium,Related
14,Sources confirmed that the guests were served a tasty meal that the chef had cooked.,"Notably, the chef ruined the meal and the guests left disappointed.",0.3,Low,Contradiction
15,"Notably, after a dramatic final, the soccer team claimed the championship title.","As widely reported, due to bad weather, the airline had to cancel a number of flights.",0.05,Very Low,Unrelated
16,"As widely reported, record profits were announced by the company for the current quarter.","Notably, record profits were announced by the company for the current quarter.",0.98,Very High,Same Meaning
17,It was noted that the airline canceled several flights due to bad weather.,It was noted that the airline operated all its flights on schedule despite the storm.,0.26,Low,Contradiction
18,"As widely reported, the students put in a lot of effort studying for finals.",The students put in a lot of effort studying for finals.,0.88,High,Paraphrase
19,"Notably, after a dramatic final, the soccer team claimed the championship title.",Sources confirmed that the soccer team won the championship after a dramatic final.,0.93,Very High,Same Meaning
20,It was noted that the city launched a bike-sharing program to reduce traffic congestion.,"As widely reported, a bike-sharing program was launched by the city to ease traffic congestion.",0.8,High,Paraphrase
21,Sources confirmed that the hospital opened a new wing dedicated to pediatric care.,"According to the report, the factory upgraded its equipment to reduce energy consumption.",0.1,Very Low,Unrelated
22,"Notably, the startup developed an app that helps farmers monitor soil health.","According to the report, a delicious meal was made by the chef for the guests.",0.06,Very Low,Unrelated
23,The group of hikers made it to the top right before the sun went down.,"Notably, just before sunset, the hikers arrived at the summit.",0.8,High,Paraphrase
24,"According to the report, the guests were served a tasty meal that the chef had cooked.","Notably, the restaurant received great reviews for its outstanding service.",0.61,Medium,Related
25,"According to the report, the city council approved funding for a new public park.","As widely reported, local residents have long requested more green spaces downtown.",0.61,Medium,Related
26,"As widely reported, last weekend, volunteers spent hours removing litter from the riverbank.","According to the report, litter along the riverbank was cleared by volunteers last weekend.",0.93,Very High,Same Meaning
27,Sources confirmed that the startup developed an app that helps farmers monitor soil health.,It was noted that an app for monitoring soil health was created by the startup for farmers.,0.82,High,Paraphrase
28,"Notably, a bike-sharing program was launched by the city to ease traffic congestion.",Sources confirmed that the startup developed an app that helps farmers monitor soil health.,0.09,Very Low,Unrelated
29,"Sources confirmed that this spring, the novelist's long-awaited sequel finally arrived.","As widely reported, the group of hikers made it to the top right before the sun went down.",0.01,Very Low,Unrelated
30,"Notably, the bakery started offering gluten-free pastries as a new product line.","As widely reported, the bakery started offering gluten-free pastries as a new product line.",0.83,High,Paraphrase
31,"According to the report, after a dramatic final, the soccer team claimed the championship title.",Sources confirmed that the soccer team won the championship after a dramatic final.,0.81,High,Paraphrase
32,"It was noted that for their final exams, the students prepared diligently.","According to the report, for their final exams, the students prepared diligently.",0.87,High,Paraphrase
33,"As widely reported, fans welcomed the release of the novelist's sequel this spring.",Sources confirmed that the novelist postponed the release of her sequel indefinitely.,0.17,Low,Contradiction
34,"Notably, the factory upgraded its equipment to reduce energy consumption.",Sources confirmed that the upgrade is expected to lower operating costs significantly.,0.52,Medium,Related
35,The bakery started offering gluten-free pastries as a new product line.,A new gluten-free pastry line was launched by the bakery.,0.85,High,Paraphrase
36,"Due to bad weather, the airline had to cancel a number of flights.",The airline operated all its flights on schedule despite the storm.,0.31,Low,Contradiction
37,"According to the report, a much better camera is one of the new smartphone's key features.","Notably, the novelist released her long-awaited sequel this spring.",0.11,Very Low,Unrelated
38,"As widely reported, the hospital's new wing focuses on caring for young patients.","According to the report, the hospital closed its pediatric care wing due to budget cuts.",0.27,Low,Contradiction
39,Sources confirmed that the soccer team won the championship after a dramatic final.,"Sources confirmed that last weekend, volunteers spent hours removing litter from the riverbank.",0.03,Very Low,Unrelated
40,"Notably, the film received widespread critical acclaim upon release.","Notably, this quarter, the company reported record breaking profits.",0.13,Very Low,Unrelated
41,A moving tribute to the late composer was performed by the orchestra.,It was noted that the orchestra canceled its planned tribute to the composer.,0.2,Low,Contradiction
42,"As widely reported, the factory's energy consumption dropped after an equipment upgrade.","According to the report, the factory upgraded its equipment to reduce energy consumption.",0.95,Very High,Same Meaning
43,It was noted that the championship was won by the soccer team in a thrilling final match.,Sources confirmed that the students studied hard for their final exams.,0.11,Very Low,Unrelated
44,"Notably, the soccer team won the championship after a dramatic final.","According to the report, thousands of fans celebrated in the streets after the victory.",0.58,Medium,Related
45,"According to the report, funding for a new public park was approved by the city council.","As widely reported, local residents have long requested more green spaces downtown.",0.6,Medium,Related
46,It was noted that an app for monitoring soil health was created by the startup for farmers.,"According to the report, farmers can now use the startup's app to track soil health.",0.81,High,Paraphrase
47,Several flights were canceled by the airline because of poor weather conditions.,The airline canceled several flights due to bad weather.,0.88,High,Paraphrase
48,The bakery introduced a new line of gluten-free pastries.,Sources confirmed that the bakery introduced a new line of gluten-free pastries.,0.93,Very High,Same Meaning
49,"Notably, new equipment was installed at the factory to cut energy use.",Sources confirmed that the upgrade is expected to lower operating costs significantly.,0.53,Medium,Related
50,Sources confirmed that the museum unveiled a new exhibit on ancient civilizations.,"Notably, the hospital opened a new wing dedicated to pediatric care.",0.06,Very Low,Unrelated
51,"Notably, fans welcomed the release of the novelist's sequel this spring.",It was noted that fans welcomed the release of the novelist's sequel this spring.,0.96,Very High,Same Meaning
52,The factory's energy consumption dropped after an equipment upgrade.,"According to the report, the factory's energy consumption dropped after an equipment upgrade.",0.77,High,Paraphrase
53,"It was noted that this spring, the novelist's long-awaited sequel finally arrived.","Notably, the book tour will include stops in several major cities.",0.58,Medium,Related
54,"As widely reported, the factory upgraded its equipment to reduce energy consumption.","According to the report, the upgrade is expected to lower operating costs significantly.",0.65,Medium,Related
55,"As widely reported, litter along the riverbank was cleared by volunteers last weekend.",The volunteers cleaned up litter along the riverbank last weekend.,0.97,Very High,Same Meaning
56,It was noted that the orchestra honored the late composer with an emotional performance.,"As widely reported, the orchestra performed a moving tribute to the late composer.",0.79,High,Paraphrase
57,The hikers reached the summit just before sunset.,"It was noted that just before sunset, the hikers arrived at the summit.",0.98,Very High,Same Meaning
58,"As widely reported, a delicious meal was made by the chef for the guests.",It was noted that the chef ruined the meal and the guests left disappointed.,0.21,Low,Contradiction
59,"According to the report, groundbreaking research on renewable energy was published by the scientists.",The hikers reached the summit just before sunset.,0.05,Very Low,Unrelated
60,"According to the report, a new pediatric care wing was opened at the hospital.","According to the report, the hospital closed its pediatric care wing due to budget cuts.",0.25,Low,Contradiction
61,Sources confirmed that the airline canceled several flights due to bad weather.,"It was noted that due to bad weather, the airline had to cancel a number of flights.",0.75,High,Paraphrase
62,"As widely reported, the students studied hard for their final exams.",Sources confirmed that the students put in a lot of effort studying for finals.,0.93,Very High,Same Meaning
63,"According to the report, for their final exams, the students prepared diligently.","As widely reported, the students studied hard for their final exams.",0.86,High,Paraphrase
64,"As widely reported, the museum unveiled a new exhibit on ancient civilizations.",It was noted that reviewers praised the phone's battery life and sleek design.,0.06,Very Low,Unrelated
65,"Notably, the students studied hard for their final exams.","Notably, the students barely studied and skipped most of their classes.",0.33,Low,Contradiction
66,"According to the report, this quarter, the company reported record breaking profits.",Sources confirmed that a new exhibit about ancient civilizations opened at the museum.,0.01,Very Low,Unrelated
67,The novelist released her long-awaited sequel this spring.,The soccer team won the championship after a dramatic final.,0.03,Very Low,Unrelated
68,It was noted that a bike-sharing program was launched by the city to ease traffic congestion.,"According to the report, cyclists reported feeling safer thanks to new dedicated bike lanes.",0.56,Medium,Related
69,"According to the report, the bakery introduced a new line of gluten-free pastries.","As widely reported, farmers can now use the startup's app to track soil health.",0.01,Very Low,Unrelated
70,Sources confirmed that the research team released a major study about renewable energy.,"As widely reported, the university received a large grant to fund further energy research.",0.51,Medium,Related
71,The bakery started offering gluten-free pastries as a new product line.,"According to the report, the bakery started offering gluten-free pastries as a new product line.",0.9,Very High,Same Meaning
72,"Upon its release, the film was widely praised by critics.",Sources confirmed that critics gave the film glowing reviews when it came out.,0.85,High,Paraphrase
73,"As widely reported, the new smartphone features a significantly improved camera.",Sources confirmed that the new smartphone's camera quality is worse than the previous model.,0.27,Low,Contradiction
74,"According to the report, the new smartphone features a significantly improved camera.",Reviewers praised the phone's battery life and sleek design.,0.49,Medium,Related
75,Sources confirmed that a moving tribute to the late composer was performed by the orchestra.,"Notably, the smartphone's camera has been greatly improved in this new version.",0.05,Very Low,Unrelated
76,"According to the report, the students studied hard for their final exams.","Notably, the students barely studied and skipped most of their classes.",0.17,Low,Contradiction
77,"This quarter, the company reported record breaking profits.","Notably, the company reported a significant loss this quarter.",0.21,Low,Contradiction
78,"As widely reported, critics gave the film glowing reviews when it came out.","Upon its release, the film was widely praised by critics.",0.88,High,Paraphrase
79,Sources confirmed that groundbreaking research on renewable energy was published by the scientists.,It was noted that the research team released a major study about renewable energy.,0.93,Very High,Same Meaning
80,"According to the report, an app for monitoring soil health was created by the startup for farmers.",Farmers can now use the startup's app to track soil health.,0.93,Very High,Same Meaning
81,It was noted that the company announced record profits this quarter.,"Sources confirmed that this quarter, the company reported record breaking profits.",0.95,Very High,Same Meaning
82,"It was noted that after a dramatic final, the soccer team claimed the championship title.",It was noted that the soccer team won the championship after a dramatic final.,0.79,High,Paraphrase
83,"According to the report, the group of hikers made it to the top right before the sun went down.",It was noted that a delicious meal was made by the chef for the guests.,0.13,Very Low,Unrelated
84,It was noted that the students put in a lot of effort studying for finals.,The students put in a lot of effort studying for finals.,0.82,High,Paraphrase
85,Sources confirmed that the novelist released her long-awaited sequel this spring.,The novelist released her long-awaited sequel this spring.,0.91,Very High,Same Meaning
86,It was noted that groundbreaking research on renewable energy was published by the scientists.,It was noted that the university received a large grant to fund further energy research.,0.55,Medium,Related
87,"As widely reported, the museum's latest exhibit focuses on ancient civilizations.","According to the report, the museum closed its ancient civilizations exhibit permanently.",0.26,Low,Contradiction
88,"As widely reported, the championship was won by the soccer team in a thrilling final match.","Notably, the soccer team lost the championship in a disappointing final.",0.19,Low,Contradiction
89,The hikers reached the summit just before sunset.,"As widely reported, the group of hikers made it to the top right before the sun went down.",0.76,High,Paraphrase
90,It was noted that the factory's energy consumption dropped after an equipment upgrade.,"As widely reported, a delicious meal was made by the chef for the guests.",0.01,Very Low,Unrelated
91,It was noted that the hospital's new wing focuses on caring for young patients.,"Notably, donors contributed generously to fund the hospital's expansion.",0.63,Medium,Related
92,"According to the report, a new exhibit about ancient civilizations opened at the museum.",Visitors can attend guided tours of the museum every weekend.,0.52,Medium,Related
93,"Due to bad weather, the airline had to cancel a number of flights.","As widely reported, due to bad weather, the airline had to cancel a number of flights.",0.76,High,Paraphrase
94,"As widely reported, the soccer team won the championship after a dramatic final.",The championship was won by the soccer team in a thrilling final match.,0.94,Very High,Same Meaning
95,The smartphone's camera has been greatly improved in this new version.,"Notably, the volunteers cleaned up litter along the riverbank last weekend.",0.1,Very Low,Unrelated
96,The guests were served a tasty meal that the chef had cooked.,"As widely reported, the chef prepared a delicious meal for the guests.",0.98,Very High,Same Meaning
97,It was noted that the guests were served a tasty meal that the chef had cooked.,The chef ruined the meal and the guests left disappointed.,0.34,Low,Contradiction
98,"As widely reported, the novelist released her long-awaited sequel this spring.","Notably, the novelist postponed the release of her sequel indefinitely.",0.34,Low,Contradiction
99,It was noted that the new smartphone features a significantly improved camera.,Sources confirmed that the smartphone's camera has been greatly improved in this new version.,0.76,High,Paraphrase
100,"As widely reported, the factory's energy consumption dropped after an equipment upgrade.",New equipment was installed at the factory to cut energy use.,0.89,High,Paraphrase
101,New equipment was installed at the factory to cut energy use.,The factory's energy consumption dropped after an equipment upgrade.,0.91,Very High,Same Meaning
102,"As widely reported, groundbreaking research on renewable energy was published by the scientists.","Notably, the scientists' research on renewable energy was widely criticized as flawed.",0.3,Low,Contradiction
103,"Notably, due to bad weather, the airline had to cancel a number of flights.","Notably, groundbreaking research on renewable energy was published by the scientists.",0.12,Very Low,Unrelated
104,The group of hikers made it to the top right before the sun went down.,"As widely reported, the group of hikers made it to the top right before the sun went down.",0.96,Very High,Same Meaning
105,The film received widespread critical acclaim upon release.,Sources confirmed that the film received widespread critical acclaim upon release.,0.99,Very High,Same Meaning
106,The soccer team won the championship after a dramatic final.,Thousands of fans celebrated in the streets after the victory.,0.46,Medium,Related
107,"As widely reported, to cut down on traffic, the city introduced a bike-sharing program.","Notably, the research team released a major study about renewable energy.",0.05,Very Low,Unrelated
108,"Notably, the factory's energy consumption dropped after an equipment upgrade.",The factory upgraded its equipment to reduce energy consumption.,0.85,High,Paraphrase
109,"Notably, upon its release, the film was widely praised by critics.",It was noted that the film was widely panned by critics upon release.,0.24,Low,Contradiction
110,Sources confirmed that the film received widespread critical acclaim upon release.,"As widely reported, the film received widespread critical acclaim upon release.",0.87,High,Paraphrase
111,"According to the report, the scientists published groundbreaking research on renewable energy.","As widely reported, the research team released a major study about renewable energy.",0.85,High,Paraphrase
112,Sources confirmed that the hikers reached the summit just before sunset.,"According to the report, the trail offered stunning views of the surrounding valley.",0.53,Medium,Related
113,"As widely reported, the hikers reached the summit just before sunset.",Sources confirmed that the hikers turned back before reaching the summit.,0.2,Low,Contradiction
114,The bakery introduced a new line of gluten-free pastries.,"Notably, the hospital's new wing focuses on caring for young patients.",0.14,Very Low,Unrelated
115,"Notably, the city launched a bike-sharing program to reduce traffic congestion.",Sources confirmed that a bike-sharing program was launched by the city to ease traffic congestion.,0.79,High,Paraphrase
116,"As widely reported, the novelist released her long-awaited sequel this spring.","It was noted that this spring, the novelist's long-awaited sequel finally arrived.",0.85,High,Paraphrase
117,"Sources confirmed that after a dramatic final, the soccer team claimed the championship title.",The soccer team won the championship after a dramatic final.,0.93,Very High,Same Meaning
118,"Notably, a moving tribute to the late composer was performed by the orchestra.",Sources confirmed that the orchestra canceled its planned tribute to the composer.,0.24,Low,Contradiction
119,"Just before sunset, the hikers arrived at the summit.","It was noted that just before sunset, the hikers arrived at the summit.",0.91,Very High,Same Meaning
120,"As widely reported, a delicious meal was made by the chef for the guests.",Sources confirmed that the chef ruined the meal and the guests left disappointed.,0.15,Low,Contradiction
121,Sources confirmed that a delicious meal was made by the chef for the guests.,"Notably, the chef ruined the meal and the guests left disappointed.",0.28,Low,Contradiction
122,"Notably, the smartphone's camera has been greatly improved in this new version.",Sources confirmed that reviewers praised the phone's battery life and sleek design.,0.61,Medium,Related
123,Farmers can now use the startup's app to track soil health.,"Notably, the startup developed an app that helps farmers monitor soil health.",0.91,Very High,Same Meaning
124,It was noted that a new gluten-free pastry line was launched by the bakery.,"As widely reported, the bakery introduced a new line of gluten-free pastries.",0.85,High,Paraphrase
125,"Last weekend, volunteers spent hours removing litter from the riverbank.",It was noted that the event was organized by a local environmental group.,0.63,Medium,Related
126,It was noted that the orchestra honored the late composer with an emotional performance.,Sources confirmed that the orchestra honored the late composer with an emotional performance.,0.94,Very High,Same Meaning
127,Record profits were announced by the company for the current quarter.,Sources confirmed that record profits were announced by the company for the current quarter.,0.82,High,Paraphrase
128,"Notably, the hikers reached the summit just before sunset.","According to the report, the hikers turned back before reaching the summit.",0.25,Low,Contradiction
129,It was noted that the bakery started offering gluten-free pastries as a new product line.,"According to the report, fans welcomed the release of the novelist's sequel this spring.",0.09,Very Low,Unrelated
130,"Notably, this spring, the novelist's long-awaited sequel finally arrived.",It was noted that the smartphone's camera has been greatly improved in this new version.,0.13,Very Low,Unrelated
131,Sources confirmed that the soccer team won the championship after a dramatic final.,"As widely reported, thousands of fans celebrated in the streets after the victory.",0.56,Medium,Related
132,"As widely reported, the bakery introduced a new line of gluten-free pastries.",Fans welcomed the release of the novelist's sequel this spring.,0.01,Very Low,Unrelated
133,"Notably, the volunteers cleaned up litter along the riverbank last weekend.",It was noted that the airline canceled several flights due to bad weather.,0.12,Very Low,Unrelated
134,It was noted that the group of hikers made it to the top right before the sun went down.,"As widely reported, the hikers reached the summit just before sunset.",0.91,Very High,Same Meaning
135,Sources confirmed that the guests were served a tasty meal that the chef had cooked.,It was noted that the chef prepared a delicious meal for the guests.,0.89,High,Paraphrase
136,"Notably, the city council approved funding for a new public park.",It was noted that new equipment was installed at the factory to cut energy use.,0.01,Very Low,Unrelated
137,Litter along the riverbank was cleared by volunteers last weekend.,"Notably, litter along the riverbank was cleared by volunteers last weekend.",0.9,Very High,Same Meaning
138,It was noted that the bakery started offering gluten-free pastries as a new product line.,"According to the report, the bakery introduced a new line of gluten-free pastries.",0.92,Very High,Same Meaning
139,"Notably, a new gluten-free pastry line was launched by the bakery.",The bakery discontinued its gluten-free pastry line due to low demand.,0.17,Low,Contradiction
140,A delicious meal was made by the chef for the guests.,"As widely reported, the soccer team won the championship after a dramatic final.",0.13,Very Low,Unrelated
141,Sources confirmed that several flights were canceled by the airline because of poor weather conditions.,The city launched a bike-sharing program to reduce traffic congestion.,0.1,Very Low,Unrelated
142,Critics gave the film glowing reviews when it came out.,The lead actor won several awards for the role.,0.64,Medium,Related
143,"According to the report, new equipment was installed at the factory to cut energy use.","As widely reported, the research team released a major study about renewable energy.",0.02,Very Low,Unrelated
144,Sources confirmed that litter along the riverbank was cleared by volunteers last weekend.,It was noted that a delicious meal was made by the chef for the guests.,0.13,Very Low,Unrelated
145,The city council approved funding for a new public park.,Sources confirmed that the city council rejected the proposal for a new public park.,0.32,Low,Contradiction
146,It was noted that the factory upgraded its equipment to reduce energy consumption.,The factory's energy consumption dropped after an equipment upgrade.,0.96,Very High,Same Meaning
147,It was noted that the factory's energy consumption dropped after an equipment upgrade.,It was noted that the upgrade is expected to lower operating costs significantly.,0.62,Medium,Related
148,A moving tribute to the late composer was performed by the orchestra.,"Notably, the orchestra performed a moving tribute to the late composer.",0.99,Very High,Same Meaning
149,"As widely reported, a moving tribute to the late composer was performed by the orchestra.","Notably, the orchestra canceled its planned tribute to the composer.",0.27,Low,Contradiction
150,"According to the report, a delicious meal was made by the chef for the guests.","Notably, the guests were served a tasty meal that the chef had cooked.",0.95,Very High,Same Meaning
151,The championship was won by the soccer team in a thrilling final match.,"Notably, the championship was won by the soccer team in a thrilling final match.",0.78,High,Paraphrase
152,"As widely reported, the guests were served a tasty meal that the chef had cooked.",Sources confirmed that the restaurant received great reviews for its outstanding service.,0.56,Medium,Related
153,An app for monitoring soil health was created by the startup for farmers.,Farmers can now use the startup's app to track soil health.,0.91,Very High,Same Meaning
154,The smartphone's camera has been greatly improved in this new version.,It was noted that reviewers praised the phone's battery life and sleek design.,0.47,Medium,Related
155,"According to the report, the students put in a lot of effort studying for finals.",It was noted that the students barely studied and skipped most of their classes.,0.25,Low,Contradiction
156,"As widely reported, farmers can now use the startup's app to track soil health.","Notably, agricultural experts praised the app's accuracy in the field.",0.6,Medium,Related
157,"Sources confirmed that this quarter, the company reported record breaking profits.","Notably, the company reported a significant loss this quarter.",0.26,Low,Contradiction
158,"Notably, a much better camera is one of the new smartphone's key features.",It was noted that a much better camera is one of the new smartphone's key features.,0.78,High,Paraphrase
159,"Notably, the factory's energy consumption dropped after an equipment upgrade.","Notably, the factory's energy consumption rose after the equipment failed.",0.27,Low,Contradiction
160,"It was noted that to cut down on traffic, the city introduced a bike-sharing program.","To cut down on traffic, the city introduced a bike-sharing program.",0.91,Very High,Same Meaning
161,It was noted that a bike-sharing program was launched by the city to ease traffic congestion.,"According to the report, the city launched a bike-sharing program to reduce traffic congestion.",0.82,High,Paraphrase
162,"Notably, record profits were announced by the company for the current quarter.",Record profits were announced by the company for the current quarter.,0.76,High,Paraphrase
163,It was noted that the students put in a lot of effort studying for finals.,"As widely reported, the teacher offered extra review sessions before the exam period.",0.58,Medium,Related
164,"As widely reported, the airline canceled several flights due to bad weather.",Several flights were canceled by the airline because of poor weather conditions.,0.98,Very High,Same Meaning
165,The museum unveiled a new exhibit on ancient civilizations.,"As widely reported, the museum's latest exhibit focuses on ancient civilizations.",0.96,Very High,Same Meaning
166,Sources confirmed that the group of hikers made it to the top right before the sun went down.,The hikers turned back before reaching the summit.,0.16,Low,Contradiction
167,"Notably, the city launched a bike-sharing program to reduce traffic congestion.",Sources confirmed that the city shut down its bike-sharing program after low usage.,0.28,Low,Contradiction
168,"To cut down on traffic, the city introduced a bike-sharing program.","According to the report, cyclists reported feeling safer thanks to new dedicated bike lanes.",0.62,Medium,Related
169,"As widely reported, last weekend, volunteers spent hours removing litter from the riverbank.",Sources confirmed that the riverbank cleanup event was canceled due to low turnout.,0.19,Low,Contradiction
170,The hospital's new wing focuses on caring for young patients.,It was noted that the hospital's new wing focuses on caring for young patients.,0.95,Very High,Same Meaning
171,"Notably, a moving tribute to the late composer was performed by the orchestra.",It was noted that the orchestra honored the late composer with an emotional performance.,0.78,High,Paraphrase
172,The championship was won by the soccer team in a thrilling final match.,It was noted that the soccer team won the championship after a dramatic final.,0.83,High,Paraphrase
173,"As widely reported, the students studied hard for their final exams.","According to the report, the students put in a lot of effort studying for finals.",0.81,High,Paraphrase
174,"According to the report, this quarter, the company reported record breaking profits.",The company announced record profits this quarter.,0.85,High,Paraphrase
175,"It was noted that after a dramatic final, the soccer team claimed the championship title.",It was noted that thousands of fans celebrated in the streets after the victory.,0.56,Medium,Related
176,The airline canceled several flights due to bad weather.,"Notably, tickets for the tribute concert sold out within hours.",0.12,Very Low,Unrelated
177,Sources confirmed that the factory's energy consumption dropped after an equipment upgrade.,Sources confirmed that new equipment was installed at the factory to cut energy use.,0.95,Very High,Same Meaning
178,"Notably, after a dramatic final, the soccer team claimed the championship title.","Notably, the championship was won by the soccer team in a thrilling final match.",0.85,High,Paraphrase
179,"Notably, this quarter, the company reported record breaking profits.","As widely reported, the company reported a significant loss this quarter.",0.28,Low,Contradiction
180,The city council approved funding for a new public park.,"As widely reported, the event was organized by a local environmental group.",0.05,Very Low,Unrelated
181,The novelist released her long-awaited sequel this spring.,The novelist postponed the release of her sequel indefinitely.,0.25,Low,Contradiction
182,"According to the report, critics gave the film glowing reviews when it came out.","Notably, the film received widespread critical acclaim upon release.",0.79,High,Paraphrase
183,A new pediatric care wing was opened at the hospital.,It was noted that the hospital's new wing focuses on caring for young patients.,0.86,High,Paraphrase
184,"Notably, the orchestra performed a moving tribute to the late composer.","According to the report, the bakery introduced a new line of gluten-free pastries.",0.11,Very Low,Unrelated
185,"According to the report, record profits were announced by the company for the current quarter.",Sources confirmed that the company announced record profits this quarter.,0.9,Very High,Same Meaning
186,Sources confirmed that the city launched a bike-sharing program to reduce traffic congestion.,"As widely reported, to cut down on traffic, the city introduced a bike-sharing program.",0.81,High,Paraphrase
187,The museum unveiled a new exhibit on ancient civilizations.,"According to the report, visitors can attend guided tours of the museum every weekend.",0.64,Medium,Related
188,It was noted that the chef prepared a delicious meal for the guests.,"Notably, a delicious meal was made by the chef for the guests.",0.98,Very High,Same Meaning
189,"According to the report, the scientists published groundbreaking research on renewable energy.",It was noted that groundbreaking research on renewable energy was published by the scientists.,0.87,High,Paraphrase
190,"Notably, the hospital opened a new wing dedicated to pediatric care.","As widely reported, donors contributed generously to fund the hospital's expansion.",0.57,Medium,Related
191,"Notably, the championship was won by the soccer team in a thrilling final match.",Sources confirmed that the council voted to fund the construction of a new public park.,0.01,Very Low,Unrelated
192,"It was noted that just before sunset, the hikers arrived at the summit.",It was noted that the hikers reached the summit just before sunset.,0.91,Very High,Same Meaning
193,"Notably, the factory upgraded its equipment to reduce energy consumption.",Sources confirmed that the factory's energy consumption dropped after an equipment upgrade.,0.94,Very High,Same Meaning
194,"According to the report, critics gave the film glowing reviews when it came out.","Notably, the city council approved funding for a new public park.",0.01,Very Low,Unrelated
195,It was noted that the research team released a major study about renewable energy.,"Notably, the scientists published groundbreaking research on renewable energy.",0.95,Very High,Same Meaning
196,"According to the report, the soccer team won the championship after a dramatic final.",Sources confirmed that thousands of fans celebrated in the streets after the victory.,0.63,Medium,Related
197,"As widely reported, the novelist released her long-awaited sequel this spring.",It was noted that the novelist released her long-awaited sequel this spring.,0.95,Very High,Same Meaning
198,"As widely reported, a new gluten-free pastry line was launched by the bakery.","As widely reported, the bakery started offering gluten-free pastries as a new product line.",0.8,High,Paraphrase
199,"As widely reported, the factory upgraded its equipment to reduce energy consumption.","Upon its release, the film was widely praised by critics.",0.05,Very Low,Unrelated
200,"To cut down on traffic, the city introduced a bike-sharing program.","As widely reported, the hikers reached the summit just before sunset.",0.09,Very Low,Unrelated
201,Sources confirmed that new equipment was installed at the factory to cut energy use.,"As widely reported, the upgrade is expected to lower operating costs significantly.",0.64,Medium,Related
202,The bakery started offering gluten-free pastries as a new product line.,"Notably, a new gluten-free pastry line was launched by the bakery.",0.96,Very High,Same Meaning
203,Sources confirmed that the film received widespread critical acclaim upon release.,"As widely reported, the lead actor won several awards for the role.",0.55,Medium,Related
204,"As widely reported, an app for monitoring soil health was created by the startup for farmers.","According to the report, agricultural experts praised the app's accuracy in the field.",0.56,Medium,Related
205,"It was noted that to cut down on traffic, the city introduced a bike-sharing program.",Sources confirmed that the city launched a bike-sharing program to reduce traffic congestion.,0.78,High,Paraphrase
206,It was noted that the novelist released her long-awaited sequel this spring.,"Notably, this spring, the novelist's long-awaited sequel finally arrived.",0.82,High,Paraphrase
207,The novelist released her long-awaited sequel this spring.,"It was noted that this spring, the novelist's long-awaited sequel finally arrived.",0.83,High,Paraphrase
208,New equipment was installed at the factory to cut energy use.,Sources confirmed that the upgrade is expected to lower operating costs significantly.,0.55,Medium,Related
209,"As widely reported, the hikers reached the summit just before sunset.","According to the report, the trail offered stunning views of the surrounding valley.",0.6,Medium,Related
210,"Notably, record profits were announced by the company for the current quarter.","According to the report, due to bad weather, the airline had to cancel a number of flights.",0.12,Very Low,Unrelated
211,New equipment was installed at the factory to cut energy use.,"As widely reported, the factory's energy consumption dropped after an equipment upgrade.",0.9,Very High,Same Meaning
212,"Notably, funding for a new public park was approved by the city council.",Litter along the riverbank was cleared by volunteers last weekend.,0.1,Very Low,Unrelated
213,"According to the report, the hospital opened a new wing dedicated to pediatric care.","As widely reported, donors contributed generously to fund the hospital's expansion.",0.64,Medium,Related
214,"According to the report, the championship was won by the soccer team in a thrilling final match.","Notably, the soccer team won the championship after a dramatic final.",0.93,Very High,Same Meaning
215,It was noted that the novelist released her long-awaited sequel this spring.,Sources confirmed that donors contributed generously to fund the hospital's expansion.,0.03,Very Low,Unrelated
216,The hospital opened a new wing dedicated to pediatric care.,The hospital closed its pediatric care wing due to budget cuts.,0.24,Low,Contradiction
217,Sources confirmed that funding for a new public park was approved by the city council.,Funding for a new public park was approved by the city council.,0.96,Very High,Same Meaning
218,"Notably, the museum unveiled a new exhibit on ancient civilizations.","According to the report, visitors can attend guided tours of the museum every weekend.",0.45,Medium,Related
219,"According to the report, the startup developed an app that helps farmers monitor soil health.","As widely reported, the museum unveiled a new exhibit on ancient civilizations.",0.0,Very Low,Unrelated
220,"As widely reported, the guests were served a tasty meal that the chef had cooked.",Local residents have long requested more green spaces downtown.,0.03,Very Low,Unrelated
221,The novelist released her long-awaited sequel this spring.,"As widely reported, the novelist released her long-awaited sequel this spring.",0.85,High,Paraphrase
222,Sources confirmed that the film received widespread critical acclaim upon release.,"Upon its release, the film was widely praised by critics.",0.85,High,Paraphrase
223,The airline canceled several flights due to bad weather.,"According to the report, passengers were offered vouchers for future travel after the disruption.",0.52,Medium,Related
224,An app for monitoring soil health was created by the startup for farmers.,Sources confirmed that the startup developed an app that helps farmers monitor soil health.,0.83,High,Paraphrase
225,Sources confirmed that the volunteers cleaned up litter along the riverbank last weekend.,The riverbank cleanup event was canceled due to low turnout.,0.27,Low,Contradiction
226,"As widely reported, new equipment was installed at the factory to cut energy use.","According to the report, new equipment was installed at the factory to cut energy use.",0.99,Very High,Same Meaning
227,"Just before sunset, the hikers arrived at the summit.","As widely reported, the trail offered stunning views of the surrounding valley.",0.47,Medium,Related
228,"According to the report, a new gluten-free pastry line was launched by the bakery.","According to the report, the bakery introduced a new line of gluten-free pastries.",0.83,High,Paraphrase
229,Sources confirmed that a moving tribute to the late composer was performed by the orchestra.,It was noted that tickets for the tribute concert sold out within hours.,0.53,Medium,Related
230,"According to the report, the hikers reached the summit just before sunset.",It was noted that investors reacted positively to the company's latest earnings call.,0.02,Very Low,Unrelated
231,The orchestra honored the late composer with an emotional performance.,"According to the report, the orchestra performed a moving tribute to the late composer.",0.83,High,Paraphrase
232,"As widely reported, the students put in a lot of effort studying for finals.","As widely reported, the students studied hard for their final exams.",0.97,Very High,Same Meaning
233,"Notably, an app for monitoring soil health was created by the startup for farmers.","As widely reported, the startup developed an app that helps farmers monitor soil health.",0.81,High,Paraphrase
234,It was noted that an app for monitoring soil health was created by the startup for farmers.,"Notably, the startup developed an app that helps farmers monitor soil health.",0.92,Very High,Same Meaning
235,New equipment was installed at the factory to cut energy use.,It was noted that the factory's energy consumption rose after the equipment failed.,0.3,Low,Contradiction
236,"As widely reported, the company announced record profits this quarter.","As widely reported, investors reacted positively to the company's latest earnings call.",0.56,Medium,Related
237,The airline canceled several flights due to bad weather.,Sources confirmed that passengers were offered vouchers for future travel after the disruption.,0.55,Medium,Related
238,"Notably, litter along the riverbank was cleared by volunteers last weekend.","Notably, last weekend, volunteers spent hours removing litter from the riverbank.",0.78,High,Paraphrase
239,"According to the report, a much better camera is one of the new smartphone's key features.","According to the report, the new smartphone's camera quality is worse than the previous model.",0.35,Low,Contradiction
240,"Notably, the museum unveiled a new exhibit on ancient civilizations.",The museum closed its ancient civilizations exhibit permanently.,0.16,Low,Contradiction
241,"As widely reported, the hospital's new wing focuses on caring for young patients.","As widely reported, the novelist released her long-awaited sequel this spring.",0.02,Very Low,Unrelated
242,Record profits were announced by the company for the current quarter.,"According to the report, investors reacted positively to the company's latest earnings call.",0.62,Medium,Related
243,It was noted that an app for monitoring soil health was created by the startup for farmers.,It was noted that the startup developed an app that helps farmers monitor soil health.,0.86,High,Paraphrase
244,"According to the report, several flights were canceled by the airline because of poor weather conditions.","As widely reported, the airline operated all its flights on schedule despite the storm.",0.24,Low,Contradiction
245,It was noted that a new exhibit about ancient civilizations opened at the museum.,"As widely reported, the museum closed its ancient civilizations exhibit permanently.",0.19,Low,Contradiction
246,"According to the report, the film received widespread critical acclaim upon release.","Sources confirmed that upon its release, the film was widely praised by critics.",0.92,Very High,Same Meaning
247,"As widely reported, the scientists published groundbreaking research on renewable energy.","As widely reported, the university received a large grant to fund further energy research.",0.46,Medium,Related
248,"According to the report, the orchestra performed a moving tribute to the late composer.",Sources confirmed that the orchestra canceled its planned tribute to the composer.,0.31,Low,Contradiction
249,It was noted that a much better camera is one of the new smartphone's key features.,It was noted that the volunteers cleaned up litter along the riverbank last weekend.,0.01,Very Low,Unrelated
250,"According to the report, the chef prepared a delicious meal for the guests.","According to the report, visitors can attend guided tours of the museum every weekend.",0.03,Very Low,Unrelated
251,It was noted that the students studied hard for their final exams.,It was noted that the students put in a lot of effort studying for finals.,0.85,High,Paraphrase
252,"This quarter, the company reported record breaking profits.",It was noted that investors reacted positively to the company's latest earnings call.,0.64,Medium,Related
253,"Notably, the hikers reached the summit just before sunset.","According to the report, the hikers reached the summit just before sunset.",0.81,High,Paraphrase
254,"Notably, the volunteers cleaned up litter along the riverbank last weekend.","According to the report, this spring, the novelist's long-awaited sequel finally arrived.",0.06,Very Low,Unrelated
255,It was noted that the hospital opened a new wing dedicated to pediatric care.,It was noted that a new pediatric care wing was opened at the hospital.,0.79,High,Paraphrase
256,Sources confirmed that the students put in a lot of effort studying for finals.,"Sources confirmed that for their final exams, the students prepared diligently.",0.88,High,Paraphrase
257,"As widely reported, a moving tribute to the late composer was performed by the orchestra.",It was noted that reviewers praised the phone's battery life and sleek design.,0.09,Very Low,Unrelated
258,The guests were served a tasty meal that the chef had cooked.,"Notably, a delicious meal was made by the chef for the guests.",0.86,High,Paraphrase
259,It was noted that the company announced record profits this quarter.,The company reported a significant loss this quarter.,0.16,Low,Contradiction
260,"Sources confirmed that after a dramatic final, the soccer team claimed the championship title.","Notably, the soccer team lost the championship in a disappointing final.",0.31,Low,Contradiction
261,"According to the report, this spring, the novelist's long-awaited sequel finally arrived.",Fans welcomed the release of the novelist's sequel this spring.,0.93,Very High,Same Meaning
262,"Sources confirmed that last weekend, volunteers spent hours removing litter from the riverbank.",Groundbreaking research on renewable energy was published by the scientists.,0.09,Very Low,Unrelated
263,"Notably, a new gluten-free pastry line was launched by the bakery.","According to the report, the bakery discontinued its gluten-free pastry line due to low demand.",0.28,Low,Contradiction
264,"As widely reported, fans welcomed the release of the novelist's sequel this spring.","As widely reported, the novelist postponed the release of her sequel indefinitely.",0.31,Low,Contradiction
265,"Last weekend, volunteers spent hours removing litter from the riverbank.",Sources confirmed that a new pediatric care wing was opened at the hospital.,0.05,Very Low,Unrelated
266,"According to the report, the factory upgraded its equipment to reduce energy consumption.","Notably, new equipment was installed at the factory to cut energy use.",0.88,High,Paraphrase
267,It was noted that the museum unveiled a new exhibit on ancient civilizations.,Sources confirmed that visitors can attend guided tours of the museum every weekend.,0.47,Medium,Related
268,"Notably, the students studied hard for their final exams.",It was noted that the teacher offered extra review sessions before the exam period.,0.64,Medium,Related
269,"Notably, the group of hikers made it to the top right before the sun went down.",It was noted that the group of hikers made it to the top right before the sun went down.,0.79,High,Paraphrase
270,Sources confirmed that the museum's latest exhibit focuses on ancient civilizations.,"Notably, visitors can attend guided tours of the museum every weekend.",0.56,Medium,Related
271,It was noted that groundbreaking research on renewable energy was published by the scientists.,Sources confirmed that the scientists' research on renewable energy was widely criticized as flawed.,0.15,Low,Contradiction
272,Sources confirmed that a delicious meal was made by the chef for the guests.,"According to the report, the guests were served a tasty meal that the chef had cooked.",0.83,High,Paraphrase
273,Sources confirmed that a much better camera is one of the new smartphone's key features.,It was noted that a much better camera is one of the new smartphone's key features.,0.93,Very High,Same Meaning
274,"Sources confirmed that to cut down on traffic, the city introduced a bike-sharing program.","As widely reported, to cut down on traffic, the city introduced a bike-sharing program.",0.83,High,Paraphrase
275,"According to the report, the hospital's new wing focuses on caring for young patients.",It was noted that the hospital closed its pediatric care wing due to budget cuts.,0.28,Low,Contradiction
276,"As widely reported, to cut down on traffic, the city introduced a bike-sharing program.","Notably, the city shut down its bike-sharing program after low usage.",0.2,Low,Contradiction
277,"Notably, the airline canceled several flights due to bad weather.",It was noted that the airline canceled several flights due to bad weather.,0.8,High,Paraphrase
278,"As widely reported, the council voted to fund the construction of a new public park.","Notably, the city council approved funding for a new public park.",0.87,High,Paraphrase
279,"According to the report, fans welcomed the release of the novelist's sequel this spring.","Sources confirmed that this spring, the novelist's long-awaited sequel finally arrived.",0.85,High,Paraphrase
280,It was noted that litter along the riverbank was cleared by volunteers last weekend.,"Notably, the volunteers cleaned up litter along the riverbank last weekend.",0.88,High,Paraphrase
281,"According to the report, critics gave the film glowing reviews when it came out.","Sources confirmed that for their final exams, the students prepared diligently.",0.07,Very Low,Unrelated
282,"Notably, last weekend, volunteers spent hours removing litter from the riverbank.","As widely reported, litter along the riverbank was cleared by volunteers last weekend.",0.81,High,Paraphrase
283,"According to the report, a much better camera is one of the new smartphone's key features.","According to the report, the airline canceled several flights due to bad weather.",0.05,Very Low,Unrelated
284,The bakery started offering gluten-free pastries as a new product line.,Sources confirmed that the bakery discontinued its gluten-free pastry line due to low demand.,0.28,Low,Contradiction
285,The museum's latest exhibit focuses on ancient civilizations.,"According to the report, the museum unveiled a new exhibit on ancient civilizations.",0.97,Very High,Same Meaning
286,"According to the report, the company announced record profits this quarter.",Sources confirmed that a delicious meal was made by the chef for the guests.,0.06,Very Low,Unrelated
287,"As widely reported, upon its release, the film was widely praised by critics.",Sources confirmed that groundbreaking research on renewable energy was published by the scientists.,0.01,Very Low,Unrelated
288,"Last weekend, volunteers spent hours removing litter from the riverbank.",It was noted that the volunteers cleaned up litter along the riverbank last weekend.,0.93,Very High,Same Meaning
289,"According to the report, the bakery started offering gluten-free pastries as a new product line.",Sources confirmed that the bakery started offering gluten-free pastries as a new product line.,0.85,High,Paraphrase
290,The hikers reached the summit just before sunset.,"As widely reported, the trail offered stunning views of the surrounding valley.",0.51,Medium,Related
291,"Notably, the bakery introduced a new line of gluten-free pastries.",It was noted that the bakery discontinued its gluten-free pastry line due to low demand.,0.29,Low,Contradiction
292,Sources confirmed that the students put in a lot of effort studying for finals.,It was noted that the students barely studied and skipped most of their classes.,0.25,Low,Contradiction
293,"As widely reported, a moving tribute to the late composer was performed by the orchestra.",The orchestra performed a moving tribute to the late composer.,0.75,High,Paraphrase
294,"Sources confirmed that last weekend, volunteers spent hours removing litter from the riverbank.","Notably, litter along the riverbank was cleared by volunteers last weekend.",0.79,High,Paraphrase
295,Sources confirmed that the bakery started offering gluten-free pastries as a new product line.,The bakery introduced a new line of gluten-free pastries.,0.84,High,Paraphrase
296,The new smartphone features a significantly improved camera.,It was noted that the new smartphone features a significantly improved camera.,0.95,Very High,Same Meaning
297,"As widely reported, the startup developed an app that helps farmers monitor soil health.",Sources confirmed that the startup developed an app that helps farmers monitor soil health.,0.85,High,Paraphrase
298,"As widely reported, upon its release, the film was widely praised by critics.","According to the report, an app for monitoring soil health was created by the startup for farmers.",0.12,Very Low,Unrelated
299,It was noted that a much better camera is one of the new smartphone's key features.,"As widely reported, after a dramatic final, the soccer team claimed the championship title.",0.06,Very Low,Unrelated
300,Sources confirmed that the airline canceled several flights due to bad weather.,It was noted that cyclists reported feeling safer thanks to new dedicated bike lanes.,0.11,Very Low,Unrelated
301,It was noted that record profits were announced by the company for the current quarter.,The company announced record profits this quarter.,0.97,Very High,Same Meaning
302,"This quarter, the company reported record breaking profits.","As widely reported, the company announced record profits this quarter.",0.85,High,Paraphrase
303,The group of hikers made it to the top right before the sun went down.,"As widely reported, the factory upgraded its equipment to reduce energy consumption.",0.07,Very Low,Unrelated
304,Sources confirmed that the research team released a major study about renewable energy.,"According to the report, groundbreaking research on renewable energy was published by the scientists.",0.81,High,Paraphrase
305,"Notably, the students studied hard for their final exams.",Sources confirmed that the students put in a lot of effort studying for finals.,0.87,High,Paraphrase
306,"Last weekend, volunteers spent hours removing litter from the riverbank.","As widely reported, the riverbank cleanup event was canceled due to low turnout.",0.31,Low,Contradiction
307,"This quarter, the company reported record breaking profits.","It was noted that this quarter, the company reported record breaking profits.",0.87,High,Paraphrase
308,It was noted that the factory's energy consumption dropped after an equipment upgrade.,"Notably, the factory upgraded its equipment to reduce energy consumption.",0.95,Very High,Same Meaning
309,"As widely reported, to cut down on traffic, the city introduced a bike-sharing program.","Notably, a bike-sharing program was launched by the city to ease traffic congestion.",0.88,High,Paraphrase
310,"According to the report, new equipment was installed at the factory to cut energy use.","Notably, new equipment was installed at the factory to cut energy use.",0.98,Very High,Same Meaning
311,"According to the report, upon its release, the film was widely praised by critics.","Notably, the film was widely panned by critics upon release.",0.31,Low,Contradiction
312,"Notably, the volunteers cleaned up litter along the riverbank last weekend.","Last weekend, volunteers spent hours removing litter from the riverbank.",0.83,High,Paraphrase
313,It was noted that several flights were canceled by the airline because of poor weather conditions.,It was noted that the airline operated all its flights on schedule despite the storm.,0.19,Low,Contradiction
314,"According to the report, the novelist released her long-awaited sequel this spring.","This spring, the novelist's long-awaited sequel finally arrived.",0.91,Very High,Same Meaning
315,It was noted that a delicious meal was made by the chef for the guests.,"According to the report, the restaurant received great reviews for its outstanding service.",0.61,Medium,Related
316,An app for monitoring soil health was created by the startup for farmers.,"As widely reported, farmers can now use the startup's app to track soil health.",0.77,High,Paraphrase
317,It was noted that the smartphone's camera has been greatly improved in this new version.,"As widely reported, reviewers praised the phone's battery life and sleek design.",0.62,Medium,Related
318,Sources confirmed that the championship was won by the soccer team in a thrilling final match.,Thousands of fans celebrated in the streets after the victory.,0.5,Medium,Related
319,"According to the report, a new pediatric care wing was opened at the hospital.","Notably, the orchestra honored the late composer with an emotional performance.",0.1,Very Low,Unrelated
320,Sources confirmed that farmers can now use the startup's app to track soil health.,The startup's soil monitoring app was found to be unreliable.,0.31,Low,Contradiction
321,It was noted that the volunteers cleaned up litter along the riverbank last weekend.,Sources confirmed that the riverbank cleanup event was canceled due to low turnout.,0.23,Low,Contradiction
322,Sources confirmed that a moving tribute to the late composer was performed by the orchestra.,Sources confirmed that the trail offered stunning views of the surrounding valley.,0.03,Very Low,Unrelated
323,"According to the report, funding for a new public park was approved by the city council.","Notably, funding for a new public park was approved by the city council.",0.95,Very High,Same Meaning
324,"As widely reported, the factory upgraded its equipment to reduce energy consumption.","Notably, a much better camera is one of the new smartphone's key features.",0.06,Very Low,Unrelated
325,It was noted that the startup developed an app that helps farmers monitor soil health.,An app for monitoring soil health was created by the startup for farmers.,0.85,High,Paraphrase
326,It was noted that the new smartphone features a significantly improved camera.,The new smartphone's camera quality is worse than the previous model.,0.26,Low,Contradiction
327,"According to the report, funding for a new public park was approved by the city council.",Funding for a new public park was approved by the city council.,0.87,High,Paraphrase
328,"Notably, the guests were served a tasty meal that the chef had cooked.","As widely reported, a delicious meal was made by the chef for the guests.",0.97,Very High,Same Meaning
329,The guests were served a tasty meal that the chef had cooked.,The chef prepared a delicious meal for the guests.,0.77,High,Paraphrase
330,"Notably, the hikers reached the summit just before sunset.","Notably, passengers were offered vouchers for future travel after the disruption.",0.05,Very Low,Unrelated
331,The film received widespread critical acclaim upon release.,"It was noted that upon its release, the film was widely praised by critics.",0.97,Very High,Same Meaning
332,"As widely reported, after a dramatic final, the soccer team claimed the championship title.","According to the report, after a dramatic final, the soccer team claimed the championship title.",0.82,High,Paraphrase
333,"As widely reported, several flights were canceled by the airline because of poor weather conditions.","It was noted that due to bad weather, the airline had to cancel a number of flights.",0.98,Very High,Same Meaning
334,"According to the report, the startup developed an app that helps farmers monitor soil health.","As widely reported, farmers can now use the startup's app to track soil health.",0.83,High,Paraphrase
335,"According to the report, the hospital opened a new wing dedicated to pediatric care.",It was noted that a new pediatric care wing was opened at the hospital.,0.99,Very High,Same Meaning
336,"Notably, the smartphone's camera has been greatly improved in this new version.","According to the report, the guests were served a tasty meal that the chef had cooked.",0.01,Very Low,Unrelated
337,"According to the report, this spring, the novelist's long-awaited sequel finally arrived.","Notably, the book tour will include stops in several major cities.",0.58,Medium,Related
338,"According to the report, the bakery started offering gluten-free pastries as a new product line.","According to the report, a new gluten-free pastry line was launched by the bakery.",0.85,High,Paraphrase
339,"According to the report, the students studied hard for their final exams.","According to the report, the smartphone's camera has been greatly improved in this new version.",0.11,Very Low,Unrelated
340,"As widely reported, the chef prepared a delicious meal for the guests.",Sources confirmed that the factory's energy consumption dropped after an equipment upgrade.,0.01,Very Low,Unrelated
341,The museum unveiled a new exhibit on ancient civilizations.,The museum closed its ancient civilizations exhibit permanently.,0.18,Low,Contradiction
342,"According to the report, a new pediatric care wing was opened at the hospital.","According to the report, the hospital's new wing focuses on caring for young patients.",0.86,High,Paraphrase
343,"Sources confirmed that this spring, the novelist's long-awaited sequel finally arrived.","According to the report, the book tour will include stops in several major cities.",0.6,Medium,Related
344,The guests were served a tasty meal that the chef had cooked.,It was noted that the restaurant received great reviews for its outstanding service.,0.54,Medium,Related
345,It was noted that the smartphone's camera has been greatly improved in this new version.,"According to the report, reviewers praised the phone's battery life and sleek design.",0.49,Medium,Related
346,"It was noted that after a dramatic final, the soccer team claimed the championship title.","Notably, after a dramatic final, the soccer team claimed the championship title.",0.96,Very High,Same Meaning
347,"Notably, a new gluten-free pastry line was launched by the bakery.",Customers have praised the bakery's friendly staff and cozy atmosphere.,0.51,Medium,Related
348,"Notably, the smartphone's camera has been greatly improved in this new version.","According to the report, passengers were offered vouchers for future travel after the disruption.",0.05,Very Low,Unrelated
349,The bakery started offering gluten-free pastries as a new product line.,"Notably, customers have praised the bakery's friendly staff and cozy atmosphere.",0.51,Medium,Related
350,"According to the report, the students put in a lot of effort studying for finals.",The students put in a lot of effort studying for finals.,0.98,Very High,Same Meaning
351,Sources confirmed that the bakery introduced a new line of gluten-free pastries.,"According to the report, customers have praised the bakery's friendly staff and cozy atmosphere.",0.49,Medium,Related
352,Sources confirmed that the museum unveiled a new exhibit on ancient civilizations.,"According to the report, a new exhibit about ancient civilizations opened at the museum.",0.93,Very High,Same Meaning
353,"Sources confirmed that after a dramatic final, the soccer team claimed the championship title.",Sources confirmed that thousands of fans celebrated in the streets after the victory.,0.46,Medium,Related
354,"According to the report, the scientists published groundbreaking research on renewable energy.","As widely reported, the university received a large grant to fund further energy research.",0.65,Medium,Related
355,"Sources confirmed that last weekend, volunteers spent hours removing litter from the riverbank.",Sources confirmed that thousands of fans celebrated in the streets after the victory.,0.12,Very Low,Unrelated
356,Sources confirmed that record profits were announced by the company for the current quarter.,"According to the report, investors reacted positively to the company's latest earnings call.",0.62,Medium,Related
357,"According to the report, for their final exams, the students prepared diligently.",The students studied hard for their final exams.,0.8,High,Paraphrase
358,"Notably, an app for monitoring soil health was created by the startup for farmers.","As widely reported, the startup developed an app that helps farmers monitor soil health.",0.98,Very High,Same Meaning
359,It was noted that fans welcomed the release of the novelist's sequel this spring.,Sources confirmed that the book tour will include stops in several major cities.,0.59,Medium,Related
360,"According to the report, the museum's latest exhibit focuses on ancient civilizations.","According to the report, the museum unveiled a new exhibit on ancient civilizations.",0.91,Very High,Same Meaning
361,"It was noted that last weekend, volunteers spent hours removing litter from the riverbank.","Notably, litter along the riverbank was cleared by volunteers last weekend.",0.97,Very High,Same Meaning
362,Sources confirmed that the research team released a major study about renewable energy.,"Notably, the university received a large grant to fund further energy research.",0.64,Medium,Related
363,"Notably, litter along the riverbank was cleared by volunteers last weekend.",The riverbank cleanup event was canceled due to low turnout.,0.21,Low,Contradiction
364,"According to the report, for their final exams, the students prepared diligently.","According to the report, the students studied hard for their final exams.",0.89,High,Paraphrase
365,It was noted that the film received widespread critical acclaim upon release.,"As widely reported, critics gave the film glowing reviews when it came out.",0.93,Very High,Same Meaning
366,"According to the report, the soccer team won the championship after a dramatic final.","As widely reported, for their final exams, the students prepared diligently.",0.08,Very Low,Unrelated
367,"Notably, the bakery started offering gluten-free pastries as a new product line.","According to the report, customers have praised the bakery's friendly staff and cozy atmosphere.",0.45,Medium,Related
368,"As widely reported, the soccer team won the championship after a dramatic final.","Notably, thousands of fans celebrated in the streets after the victory.",0.64,Medium,Related
369,"Notably, a new exhibit about ancient civilizations opened at the museum.","According to the report, the museum's latest exhibit focuses on ancient civilizations.",0.78,High,Paraphrase
370,The council voted to fund the construction of a new public park.,"According to the report, the city council approved funding for a new public park.",0.85,High,Paraphrase
371,"As widely reported, the orchestra performed a moving tribute to the late composer.",Sources confirmed that tickets for the tribute concert sold out within hours.,0.56,Medium,Related
372,It was noted that the hospital opened a new wing dedicated to pediatric care.,The scientists published groundbreaking research on renewable energy.,0.02,Very Low,Unrelated
373,The airline canceled several flights due to bad weather.,"According to the report, the airline operated all its flights on schedule despite the storm.",0.19,Low,Contradiction
374,"It was noted that after a dramatic final, the soccer team claimed the championship title.","According to the report, after a dramatic final, the soccer team claimed the championship title.",0.86,High,Paraphrase
375,"As widely reported, a moving tribute to the late composer was performed by the orchestra.","Notably, litter along the riverbank was cleared by volunteers last weekend.",0.05,Very Low,Unrelated
376,A much better camera is one of the new smartphone's key features.,"Notably, a much better camera is one of the new smartphone's key features.",0.8,High,Paraphrase
377,"As widely reported, upon its release, the film was widely praised by critics.","Notably, critics gave the film glowing reviews when it came out.",0.97,Very High,Same Meaning
378,"As widely reported, the bakery started offering gluten-free pastries as a new product line.","Notably, a new gluten-free pastry line was launched by the bakery.",0.91,Very High,Same Meaning
379,"Sources confirmed that this spring, the novelist's long-awaited sequel finally arrived.",Sources confirmed that the novelist released her long-awaited sequel this spring.,0.82,High,Paraphrase
380,It was noted that the council voted to fund the construction of a new public park.,"As widely reported, the council voted to fund the construction of a new public park.",0.96,Very High,Same Meaning
381,"According to the report, for their final exams, the students prepared diligently.","According to the report, the teacher offered extra review sessions before the exam period.",0.48,Medium,Related
382,Sources confirmed that the smartphone's camera has been greatly improved in this new version.,"According to the report, reviewers praised the phone's battery life and sleek design.",0.58,Medium,Related
383,The startup developed an app that helps farmers monitor soil health.,"According to the report, an app for monitoring soil health was created by the startup for farmers.",0.96,Very High,Same Meaning
384,Sources confirmed that the city council approved funding for a new public park.,Local residents have long requested more green spaces downtown.,0.64,Medium,Related
385,"Notably, the city launched a bike-sharing program to reduce traffic congestion.","As widely reported, the city launched a bike-sharing program to reduce traffic congestion.",0.96,Very High,Same Meaning
386,"As widely reported, the championship was won by the soccer team in a thrilling final match.","As widely reported, thousands of fans celebrated in the streets after the victory.",0.58,Medium,Related
387,Sources confirmed that a new gluten-free pastry line was launched by the bakery.,It was noted that a new gluten-free pastry line was launched by the bakery.,0.98,Very High,Same Meaning
388,Sources confirmed that litter along the riverbank was cleared by volunteers last weekend.,The event was organized by a local environmental group.,0.58,Medium,Related
389,"According to the report, funding for a new public park was approved by the city council.","According to the report, the council voted to fund the construction of a new public park.",0.95,Very High,Same Meaning
390,"As widely reported, the new smartphone features a significantly improved camera.","Notably, local residents have long requested more green spaces downtown.",0.04,Very Low,Unrelated
391,"According to the report, a much better camera is one of the new smartphone's key features.","As widely reported, a bike-sharing program was launched by the city to ease traffic congestion.",0.06,Very Low,Unrelated
392,"Notably, the bakery introduced a new line of gluten-free pastries.",It was noted that the bakery introduced a new line of gluten-free pastries.,0.79,High,Paraphrase
393,"As widely reported, the guests were served a tasty meal that the chef had cooked.","Notably, a delicious meal was made by the chef for the guests.",0.79,High,Paraphrase
394,"Notably, a new pediatric care wing was opened at the hospital.","Notably, the teacher offered extra review sessions before the exam period.",0.12,Very Low,Unrelated
395,"Notably, the city council approved funding for a new public park.","Notably, the city council rejected the proposal for a new public park.",0.2,Low,Contradiction
396,"As widely reported, new equipment was installed at the factory to cut energy use.","As widely reported, the factory upgraded its equipment to reduce energy consumption.",0.76,High,Paraphrase
397,"As widely reported, the bakery introduced a new line of gluten-free pastries.",A much better camera is one of the new smartphone's key features.,0.04,Very Low,Unrelated
398,The bakery introduced a new line of gluten-free pastries.,Sources confirmed that the bakery started offering gluten-free pastries as a new product line.,0.88,High,Paraphrase
399,Sources confirmed that a new gluten-free pastry line was launched by the bakery.,"According to the report, a new gluten-free pastry line was launched by the bakery.",0.85,High,Paraphrase
400,Sources confirmed that the soccer team won the championship after a dramatic final.,It was noted that the championship was won by the soccer team in a thrilling final match.,0.85,High,Paraphrase
401,The championship was won by the soccer team in a thrilling final match.,"Notably, the chef prepared a delicious meal for the guests.",0.05,Very Low,Unrelated
402,It was noted that litter along the riverbank was cleared by volunteers last weekend.,"According to the report, the riverbank cleanup event was canceled due to low turnout.",0.25,Low,Contradiction
403,The factory's energy consumption dropped after an equipment upgrade.,"Notably, visitors can attend guided tours of the museum every weekend.",0.09,Very Low,Unrelated
404,Sources confirmed that the hikers reached the summit just before sunset.,Sources confirmed that record profits were announced by the company for the current quarter.,0.1,Very Low,Unrelated
405,It was noted that the students studied hard for their final exams.,The students barely studied and skipped most of their classes.,0.21,Low,Contradiction
406,Sources confirmed that the students studied hard for their final exams.,"Notably, the teacher offered extra review sessions before the exam period.",0.57,Medium,Related
407,Sources confirmed that a moving tribute to the late composer was performed by the orchestra.,Several flights were canceled by the airline because of poor weather conditions.,0.0,Very Low,Unrelated
408,"According to the report, the hospital opened a new wing dedicated to pediatric care.",The hospital opened a new wing dedicated to pediatric care.,0.82,High,Paraphrase
409,"As widely reported, the hikers reached the summit just before sunset.","As widely reported, the soccer team won the championship after a dramatic final.",0.13,Very Low,Unrelated
410,"As widely reported, just before sunset, the hikers arrived at the summit.","It was noted that last weekend, volunteers spent hours removing litter from the riverbank.",0.14,Very Low,Unrelated
411,It was noted that new equipment was installed at the factory to cut energy use.,It was noted that the factory's energy consumption rose after the equipment failed.,0.28,Low,Contradiction
412,"Sources confirmed that upon its release, the film was widely praised by critics.",Sources confirmed that the lead actor won several awards for the role.,0.52,Medium,Related
413,"According to the report, the hospital opened a new wing dedicated to pediatric care.","Notably, the hospital opened a new wing dedicated to pediatric care.",0.91,Very High,Same Meaning
414,It was noted that a much better camera is one of the new smartphone's key features.,"Notably, the smartphone's camera has been greatly improved in this new version.",0.95,Very High,Same Meaning
415,"According to the report, the city council approved funding for a new public park.","According to the report, funding for a new public park was approved by the city council.",0.95,Very High,Same Meaning
416,Funding for a new public park was approved by the city council.,It was noted that the council voted to fund the construction of a new public park.,0.84,High,Paraphrase
417,"According to the report, a new exhibit about ancient civilizations opened at the museum.","Notably, the museum closed its ancient civilizations exhibit permanently.",0.16,Low,Contradiction
418,It was noted that the orchestra honored the late composer with an emotional performance.,"Notably, the orchestra honored the late composer with an emotional performance.",0.97,Very High,Same Meaning
419,The orchestra honored the late composer with an emotional performance.,"Notably, tickets for the tribute concert sold out within hours.",0.52,Medium,Related
420,"Notably, the council voted to fund the construction of a new public park.",The city council approved funding for a new public park.,0.83,High,Paraphrase
421,"According to the report, this quarter, the company reported record breaking profits.",Sources confirmed that the guests were served a tasty meal that the chef had cooked.,0.11,Very Low,Unrelated
422,"Notably, the bakery introduced a new line of gluten-free pastries.","According to the report, the guests were served a tasty meal that the chef had cooked.",0.06,Very Low,Unrelated
423,"As widely reported, litter along the riverbank was cleared by volunteers last weekend.","Notably, local residents have long requested more green spaces downtown.",0.09,Very Low,Unrelated
424,"Notably, the company announced record profits this quarter.",It was noted that groundbreaking research on renewable energy was published by the scientists.,0.06,Very Low,Unrelated
425,"As widely reported, the hospital opened a new wing dedicated to pediatric care.",It was noted that the hospital opened a new wing dedicated to pediatric care.,0.93,Very High,Same Meaning
426,Record profits were announced by the company for the current quarter.,"Notably, the company reported a significant loss this quarter.",0.31,Low,Contradiction
427,"According to the report, the scientists published groundbreaking research on renewable energy.",Sources confirmed that the scientists published groundbreaking research on renewable energy.,0.79,High,Paraphrase
428,The city launched a bike-sharing program to reduce traffic congestion.,"Notably, to cut down on traffic, the city introduced a bike-sharing program.",0.81,High,Paraphrase
429,"As widely reported, after a dramatic final, the soccer team claimed the championship title.",Sources confirmed that thousands of fans celebrated in the streets after the victory.,0.58,Medium,Related
430,"As widely reported, a new pediatric care wing was opened at the hospital.","Notably, a new pediatric care wing was opened at the hospital.",0.78,High,Paraphrase
431,"According to the report, the museum's latest exhibit focuses on ancient civilizations.",It was noted that the bakery started offering gluten-free pastries as a new product line.,0.04,Very Low,Unrelated
432,"Sources confirmed that for their final exams, the students prepared diligently.",A bike-sharing program was launched by the city to ease traffic congestion.,0.04,Very Low,Unrelated
433,"As widely reported, due to bad weather, the airline had to cancel a number of flights.",Sources confirmed that the airline operated all its flights on schedule despite the storm.,0.28,Low,Contradiction
434,"Just before sunset, the hikers arrived at the summit.",It was noted that the trail offered stunning views of the surrounding valley.,0.63,Medium,Related
435,"Upon its release, the film was widely praised by critics.","According to the report, the lead actor won several awards for the role.",0.47,Medium,Related
436,It was noted that new equipment was installed at the factory to cut energy use.,"According to the report, reviewers praised the phone's battery life and sleek design.",0.07,Very Low,Unrelated
437,Sources confirmed that critics gave the film glowing reviews when it came out.,The film was widely panned by critics upon release.,0.18,Low,Contradiction
438,"As widely reported, for their final exams, the students prepared diligently.","Notably, the students barely studied and skipped most of their classes.",0.32,Low,Contradiction
439,"As widely reported, to cut down on traffic, the city introduced a bike-sharing program.",It was noted that the city shut down its bike-sharing program after low usage.,0.3,Low,Contradiction
440,It was noted that groundbreaking research on renewable energy was published by the scientists.,"It was noted that last weekend, volunteers spent hours removing litter from the riverbank.",0.12,Very Low,Unrelated
441,"Notably, to cut down on traffic, the city introduced a bike-sharing program.",Sources confirmed that the city launched a bike-sharing program to reduce traffic congestion.,0.84,High,Paraphrase
442,"It was noted that for their final exams, the students prepared diligently.","Notably, a much better camera is one of the new smartphone's key features.",0.11,Very Low,Unrelated
443,It was noted that a new pediatric care wing was opened at the hospital.,"Notably, the hospital closed its pediatric care wing due to budget cuts.",0.22,Low,Contradiction
444,"According to the report, to cut down on traffic, the city introduced a bike-sharing program.",Sources confirmed that the museum's latest exhibit focuses on ancient civilizations.,0.01,Very Low,Unrelated
445,"As widely reported, the new smartphone features a significantly improved camera.",It was noted that the new smartphone features a significantly improved camera.,0.81,High,Paraphrase
446,"According to the report, a bike-sharing program was launched by the city to ease traffic congestion.","Notably, after a dramatic final, the soccer team claimed the championship title.",0.1,Very Low,Unrelated
447,Sources confirmed that a new pediatric care wing was opened at the hospital.,It was noted that the hospital opened a new wing dedicated to pediatric care.,0.78,High,Paraphrase
448,"As widely reported, the soccer team won the championship after a dramatic final.",Thousands of fans celebrated in the streets after the victory.,0.52,Medium,Related
449,"As widely reported, the orchestra performed a moving tribute to the late composer.","According to the report, the orchestra canceled its planned tribute to the composer.",0.2,Low,Contradiction
450,It was noted that critics gave the film glowing reviews when it came out.,"Sources confirmed that upon its release, the film was widely praised by critics.",0.96,Very High,Same Meaning
451,"As widely reported, a new gluten-free pastry line was launched by the bakery.","Notably, the bakery started offering gluten-free pastries as a new product line.",0.75,High,Paraphrase
452,"According to the report, the city launched a bike-sharing program to reduce traffic congestion.","As widely reported, cyclists reported feeling safer thanks to new dedicated bike lanes.",0.58,Medium,Related
453,It was noted that litter along the riverbank was cleared by volunteers last weekend.,Sources confirmed that the event was organized by a local environmental group.,0.45,Medium,Related
454,"According to the report, upon its release, the film was widely praised by critics.","According to the report, the soccer team won the championship after a dramatic final.",0.11,Very Low,Unrelated
455,A new pediatric care wing was opened at the hospital.,"As widely reported, donors contributed generously to fund the hospital's expansion.",0.5,Medium,Related
456,Sources confirmed that farmers can now use the startup's app to track soil health.,Sources confirmed that agricultural experts praised the app's accuracy in the field.,0.54,Medium,Related
457,The startup developed an app that helps farmers monitor soil health.,Sources confirmed that farmers can now use the startup's app to track soil health.,0.84,High,Paraphrase
458,"According to the report, funding for a new public park was approved by the city council.",The council voted to fund the construction of a new public park.,0.79,High,Paraphrase
459,It was noted that the hikers reached the summit just before sunset.,The hikers turned back before reaching the summit.,0.29,Low,Contradiction
460,"Notably, just before sunset, the hikers arrived at the summit.",The hikers turned back before reaching the summit.,0.17,Low,Contradiction
461,"After a dramatic final, the soccer team claimed the championship title.","According to the report, the championship was won by the soccer team in a thrilling final match.",0.84,High,Paraphrase
462,Sources confirmed that several flights were canceled by the airline because of poor weather conditions.,"As widely reported, the airline operated all its flights on schedule despite the storm.",0.25,Low,Contradiction
463,"Notably, new equipment was installed at the factory to cut energy use.","Notably, the factory's energy consumption rose after the equipment failed.",0.17,Low,Contradiction
464,The council voted to fund the construction of a new public park.,"Notably, the council voted to fund the construction of a new public park.",0.79,High,Paraphrase
465,"As widely reported, the hospital's new wing focuses on caring for young patients.",It was noted that the hospital's new wing focuses on caring for young patients.,0.78,High,Paraphrase
466,"As widely reported, a new exhibit about ancient civilizations opened at the museum.","Notably, litter along the riverbank was cleared by volunteers last weekend.",0.01,Very Low,Unrelated
467,It was noted that a much better camera is one of the new smartphone's key features.,"As widely reported, a much better camera is one of the new smartphone's key features.",0.8,High,Paraphrase
468,Sources confirmed that the company announced record profits this quarter.,"As widely reported, the company reported a significant loss this quarter.",0.25,Low,Contradiction
469,Sources confirmed that a new pediatric care wing was opened at the hospital.,"According to the report, the hospital's new wing focuses on caring for young patients.",0.76,High,Paraphrase
470,"According to the report, a new gluten-free pastry line was launched by the bakery.","According to the report, customers have praised the bakery's friendly staff and cozy atmosphere.",0.51,Medium,Related
471,"According to the report, this spring, the novelist's long-awaited sequel finally arrived.","As widely reported, cyclists reported feeling safer thanks to new dedicated bike lanes.",0.02,Very Low,Unrelated
472,"According to the report, the hikers reached the summit just before sunset.",The volunteers cleaned up litter along the riverbank last weekend.,0.04,Very Low,Unrelated
473,An app for monitoring soil health was created by the startup for farmers.,Agricultural experts praised the app's accuracy in the field.,0.56,Medium,Related
474,Sources confirmed that the scientists published groundbreaking research on renewable energy.,Groundbreaking research on renewable energy was published by the scientists.,0.89,High,Paraphrase
475,"Due to bad weather, the airline had to cancel a number of flights.","As widely reported, the airline canceled several flights due to bad weather.",0.97,Very High,Same Meaning
476,Sources confirmed that the soccer team won the championship after a dramatic final.,"As widely reported, the championship was won by the soccer team in a thrilling final match.",0.81,High,Paraphrase
477,"Sources confirmed that upon its release, the film was widely praised by critics.","According to the report, after a dramatic final, the soccer team claimed the championship title.",0.08,Very Low,Unrelated
478,Sources confirmed that the museum unveiled a new exhibit on ancient civilizations.,It was noted that the smartphone's camera has been greatly improved in this new version.,0.14,Very Low,Unrelated
479,It was noted that the film received widespread critical acclaim upon release.,It was noted that critics gave the film glowing reviews when it came out.,0.92,Very High,Same Meaning
480,"It was noted that upon its release, the film was widely praised by critics.",Groundbreaking research on renewable energy was published by the scientists.,0.08,Very Low,Unrelated
481,"According to the report, a delicious meal was made by the chef for the guests.",Sources confirmed that the restaurant received great reviews for its outstanding service.,0.47,Medium,Related
482,"Notably, the airline canceled several flights due to bad weather.","Sources confirmed that due to bad weather, the airline had to cancel a number of flights.",0.96,Very High,Same Meaning
483,The council voted to fund the construction of a new public park.,It was noted that local residents have long requested more green spaces downtown.,0.53,Medium,Related
484,"According to the report, the city council approved funding for a new public park.",The city council approved funding for a new public park.,0.75,High,Paraphrase
485,Sources confirmed that the factory upgraded its equipment to reduce energy consumption.,New equipment was installed at the factory to cut energy use.,0.77,High,Paraphrase
486,Sources confirmed that the research team released a major study about renewable energy.,Groundbreaking research on renewable energy was published by the scientists.,0.86,High,Paraphrase
487,Sources confirmed that the guests were served a tasty meal that the chef had cooked.,"Sources confirmed that last weekend, volunteers spent hours removing litter from the riverbank.",0.05,Very Low,Unrelated
488,"As widely reported, the city launched a bike-sharing program to reduce traffic congestion.",Sources confirmed that cyclists reported feeling safer thanks to new dedicated bike lanes.,0.55,Medium,Related
489,"According to the report, the guests were served a tasty meal that the chef had cooked.",The chef ruined the meal and the guests left disappointed.,0.3,Low,Contradiction
490,Sources confirmed that a delicious meal was made by the chef for the guests.,"As widely reported, the restaurant received great reviews for its outstanding service.",0.61,Medium,Related
491,"Notably, new equipment was installed at the factory to cut energy use.","According to the report, new equipment was installed at the factory to cut energy use.",0.87,High,Paraphrase
492,"Notably, the orchestra performed a moving tribute to the late composer.",Sources confirmed that tickets for the tribute concert sold out within hours.,0.61,Medium,Related
493,"According to the report, farmers can now use the startup's app to track soil health.",An app for monitoring soil health was created by the startup for farmers.,0.81,High,Paraphrase
494,"According to the report, the hospital opened a new wing dedicated to pediatric care.",Sources confirmed that the hospital opened a new wing dedicated to pediatric care.,0.95,Very High,Same Meaning
495,A bike-sharing program was launched by the city to ease traffic congestion.,The city shut down its bike-sharing program after low usage.,0.25,Low,Contradiction
496,"As widely reported, the factory's energy consumption dropped after an equipment upgrade.",It was noted that new equipment was installed at the factory to cut energy use.,0.97,Very High,Same Meaning
497,"It was noted that to cut down on traffic, the city introduced a bike-sharing program.",It was noted that the hikers reached the summit just before sunset.,0.06,Very Low,Unrelated
498,"Sources confirmed that after a dramatic final, the soccer team claimed the championship title.","According to the report, after a dramatic final, the soccer team claimed the championship title.",0.96,Very High,Same Meaning
499,"It was noted that this quarter, the company reported record breaking profits.",Sources confirmed that investors reacted positively to the company's latest earnings call.,0.65,Medium,Related
500,"As widely reported, the orchestra performed a moving tribute to the late composer.","According to the report, the orchestra honored the late composer with an emotional performance.",0.8,High,Paraphrase
501,"As widely reported, the museum unveiled a new exhibit on ancient civilizations.",It was noted that the museum unveiled a new exhibit on ancient civilizations.,0.76,High,Paraphrase
502,"As widely reported, critics gave the film glowing reviews when it came out.","Notably, critics gave the film glowing reviews when it came out.",0.83,High,Paraphrase
503,"As widely reported, the research team released a major study about renewable energy.","As widely reported, the university received a large grant to fund further energy research.",0.49,Medium,Related
504,The city council approved funding for a new public park.,It was noted that the city council approved funding for a new public park.,0.85,High,Paraphrase
505,It was noted that the novelist released her long-awaited sequel this spring.,"Notably, fans welcomed the release of the novelist's sequel this spring.",0.97,Very High,Same Meaning
506,"Notably, this spring, the novelist's long-awaited sequel finally arrived.","Notably, farmers can now use the startup's app to track soil health.",0.12,Very Low,Unrelated
507,"Notably, the smartphone's camera has been greatly improved in this new version.","According to the report, the new smartphone features a significantly improved camera.",0.98,Very High,Same Meaning
508,It was noted that a much better camera is one of the new smartphone's key features.,It was noted that reviewers praised the phone's battery life and sleek design.,0.62,Medium,Related
509,The startup developed an app that helps farmers monitor soil health.,It was noted that agricultural experts praised the app's accuracy in the field.,0.58,Medium,Related
510,"According to the report, for their final exams, the students prepared diligently.",It was noted that the students studied hard for their final exams.,0.96,Very High,Same Meaning
511,A delicious meal was made by the chef for the guests.,"Notably, the chef prepared a delicious meal for the guests.",0.82,High,Paraphrase
512,Sources confirmed that an app for monitoring soil health was created by the startup for farmers.,It was noted that farmers can now use the startup's app to track soil health.,0.75,High,Paraphrase
513,"Notably, record profits were announced by the company for the current quarter.",The hikers reached the summit just before sunset.,0.04,Very Low,Unrelated
514,It was noted that the bakery started offering gluten-free pastries as a new product line.,It was noted that a moving tribute to the late composer was performed by the orchestra.,0.09,Very Low,Unrelated
515,Sources confirmed that the museum's latest exhibit focuses on ancient civilizations.,"Notably, the museum unveiled a new exhibit on ancient civilizations.",0.98,Very High,Same Meaning
516,Several flights were canceled by the airline because of poor weather conditions.,"Notably, the airline operated all its flights on schedule despite the storm.",0.17,Low,Contradiction
517,"Notably, groundbreaking research on renewable energy was published by the scientists.",The scientists published groundbreaking research on renewable energy.,0.92,Very High,Same Meaning
518,"According to the report, several flights were canceled by the airline because of poor weather conditions.",Sources confirmed that the airline operated all its flights on schedule despite the storm.,0.22,Low,Contradiction
519,Critics gave the film glowing reviews when it came out.,"As widely reported, a new pediatric care wing was opened at the hospital.",0.09,Very Low,Unrelated
520,It was noted that the startup developed an app that helps farmers monitor soil health.,"According to the report, the startup's soil monitoring app was found to be unreliable.",0.24,Low,Contradiction
521,Sources confirmed that the airline canceled several flights due to bad weather.,It was noted that the airline canceled several flights due to bad weather.,0.88,High,Paraphrase
522,The factory upgraded its equipment to reduce energy consumption.,"Notably, the factory upgraded its equipment to reduce energy consumption.",0.89,High,Paraphrase
523,A new exhibit about ancient civilizations opened at the museum.,"As widely reported, the museum unveiled a new exhibit on ancient civilizations.",0.94,Very High,Same Meaning
524,Sources confirmed that the museum's latest exhibit focuses on ancient civilizations.,Sources confirmed that a new exhibit about ancient civilizations opened at the museum.,0.85,High,Paraphrase
525,"Notably, just before sunset, the hikers arrived at the summit.","Last weekend, volunteers spent hours removing litter from the riverbank.",0.04,Very Low,Unrelated
526,The film received widespread critical acclaim upon release.,"According to the report, the event was organized by a local environmental group.",0.04,Very Low,Unrelated
527,The airline canceled several flights due to bad weather.,"Notably, the restaurant received great reviews for its outstanding service.",0.07,Very Low,Unrelated
528,A delicious meal was made by the chef for the guests.,"Notably, the guests were served a tasty meal that the chef had cooked.",0.84,High,Paraphrase
529,The volunteers cleaned up litter along the riverbank last weekend.,"As widely reported, last weekend, volunteers spent hours removing litter from the riverbank.",0.95,Very High,Same Meaning
530,It was noted that an app for monitoring soil health was created by the startup for farmers.,"Notably, the startup's soil monitoring app was found to be unreliable.",0.27,Low,Contradiction
531,"According to the report, a delicious meal was made by the chef for the guests.",It was noted that the chef prepared a delicious meal for the guests.,0.91,Very High,Same Meaning
532,Sources confirmed that the hikers reached the summit just before sunset.,Sources confirmed that the trail offered stunning views of the surrounding valley.,0.65,Medium,Related
533,Sources confirmed that the hospital opened a new wing dedicated to pediatric care.,"As widely reported, donors contributed generously to fund the hospital's expansion.",0.51,Medium,Related
534,"Notably, the museum unveiled a new exhibit on ancient civilizations.",It was noted that the scientists published groundbreaking research on renewable energy.,0.13,Very Low,Unrelated
535,"As widely reported, the orchestra honored the late composer with an emotional performance.","According to the report, tickets for the tribute concert sold out within hours.",0.46,Medium,Related
536,"As widely reported, a new pediatric care wing was opened at the hospital.",The hospital closed its pediatric care wing due to budget cuts.,0.23,Low,Contradiction
537,It was noted that groundbreaking research on renewable energy was published by the scientists.,It was noted that the scientists published groundbreaking research on renewable energy.,0.98,Very High,Same Meaning
538,"According to the report, the hospital's new wing focuses on caring for young patients.",The hospital opened a new wing dedicated to pediatric care.,0.81,High,Paraphrase
539,"Notably, the group of hikers made it to the top right before the sun went down.",Sources confirmed that the hikers reached the summit just before sunset.,0.83,High,Paraphrase
540,It was noted that a new gluten-free pastry line was launched by the bakery.,"Notably, a new gluten-free pastry line was launched by the bakery.",0.85,High,Paraphrase
541,It was noted that the soccer team won the championship after a dramatic final.,"As widely reported, the championship was won by the soccer team in a thrilling final match.",0.98,Very High,Same Meaning
542,It was noted that an app for monitoring soil health was created by the startup for farmers.,It was noted that the championship was won by the soccer team in a thrilling final match.,0.09,Very Low,Unrelated
543,"According to the report, the factory upgraded its equipment to reduce energy consumption.",Sources confirmed that the factory's energy consumption rose after the equipment failed.,0.31,Low,Contradiction
544,"As widely reported, the soccer team won the championship after a dramatic final.","It was noted that after a dramatic final, the soccer team claimed the championship title.",0.76,High,Paraphrase
545,"Notably, litter along the riverbank was cleared by volunteers last weekend.",Sources confirmed that the lead actor won several awards for the role.,0.14,Very Low,Unrelated
546,"It was noted that after a dramatic final, the soccer team claimed the championship title.",It was noted that the championship was won by the soccer team in a thrilling final match.,0.88,High,Paraphrase
547,"According to the report, the research team released a major study about renewable energy.","After a dramatic final, the soccer team claimed the championship title.",0.04,Very Low,Unrelated
548,"As widely reported, just before sunset, the hikers arrived at the summit.",Sources confirmed that the group of hikers made it to the top right before the sun went down.,0.93,Very High,Same Meaning
549,"Notably, this quarter, the company reported record breaking profits.","Notably, record profits were announced by the company for the current quarter.",0.9,Very High,Same Meaning
550,The students put in a lot of effort studying for finals.,Sources confirmed that the students studied hard for their final exams.,0.97,Very High,Same Meaning
551,It was noted that the new smartphone features a significantly improved camera.,"According to the report, a delicious meal was made by the chef for the guests.",0.08,Very Low,Unrelated
552,"Notably, the city council approved funding for a new public park.","As widely reported, the city council approved funding for a new public park.",0.9,Very High,Same Meaning
553,"Sources confirmed that for their final exams, the students prepared diligently.",Sources confirmed that the students put in a lot of effort studying for finals.,0.78,High,Paraphrase
554,"According to the report, the orchestra honored the late composer with an emotional performance.","As widely reported, tickets for the tribute concert sold out within hours.",0.46,Medium,Related
555,"Notably, fans welcomed the release of the novelist's sequel this spring.","According to the report, the book tour will include stops in several major cities.",0.46,Medium,Related
556,"According to the report, the factory upgraded its equipment to reduce energy consumption.","According to the report, the upgrade is expected to lower operating costs significantly.",0.5,Medium,Related
557,"As widely reported, the orchestra honored the late composer with an emotional performance.","As widely reported, the orchestra canceled its planned tribute to the composer.",0.25,Low,Contradiction
558,Sources confirmed that the group of hikers made it to the top right before the sun went down.,Sources confirmed that the students put in a lot of effort studying for finals.,0.01,Very Low,Unrelated
559,Sources confirmed that a new pediatric care wing was opened at the hospital.,"As widely reported, the championship was won by the soccer team in a thrilling final match.",0.06,Very Low,Unrelated
560,"According to the report, the smartphone's camera has been greatly improved in this new version.","It was noted that upon its release, the film was widely praised by critics.",0.07,Very Low,Unrelated
561,"Notably, a bike-sharing program was launched by the city to ease traffic congestion.",It was noted that cyclists reported feeling safer thanks to new dedicated bike lanes.,0.62,Medium,Related
562,It was noted that a bike-sharing program was launched by the city to ease traffic congestion.,"Notably, the city launched a bike-sharing program to reduce traffic congestion.",0.97,Very High,Same Meaning
563,An app for monitoring soil health was created by the startup for farmers.,"Notably, farmers can now use the startup's app to track soil health.",0.98,Very High,Same Meaning
564,Sources confirmed that a new exhibit about ancient civilizations opened at the museum.,"As widely reported, a new exhibit about ancient civilizations opened at the museum.",0.77,High,Paraphrase
565,Sources confirmed that a new exhibit about ancient civilizations opened at the museum.,"According to the report, the event was organized by a local environmental group.",0.07,Very Low,Unrelated
566,"According to the report, the smartphone's camera has been greatly improved in this new version.",It was noted that the smartphone's camera has been greatly improved in this new version.,0.76,High,Paraphrase
567,It was noted that several flights were canceled by the airline because of poor weather conditions.,It was noted that the airline canceled several flights due to bad weather.,0.92,Very High,Same Meaning
568,The museum unveiled a new exhibit on ancient civilizations.,"According to the report, a new exhibit about ancient civilizations opened at the museum.",0.93,Very High,Same Meaning
569,"Notably, due to bad weather, the airline had to cancel a number of flights.","Notably, passengers were offered vouchers for future travel after the disruption.",0.59,Medium,Related
570,"Notably, the company announced record profits this quarter.",It was noted that the company reported a significant loss this quarter.,0.23,Low,Contradiction
571,"Sources confirmed that after a dramatic final, the soccer team claimed the championship title.","As widely reported, after a dramatic final, the soccer team claimed the championship title.",0.9,Very High,Same Meaning
572,"According to the report, to cut down on traffic, the city introduced a bike-sharing program.",Sources confirmed that funding for a new public park was approved by the city council.,0.04,Very Low,Unrelated
573,"As widely reported, a much better camera is one of the new smartphone's key features.",Sources confirmed that reviewers praised the phone's battery life and sleek design.,0.48,Medium,Related
574,"As widely reported, the soccer team won the championship after a dramatic final.","Sources confirmed that this quarter, the company reported record breaking profits.",0.04,Very Low,Unrelated
575,"According to the report, the group of hikers made it to the top right before the sun went down.","As widely reported, the hikers turned back before reaching the summit.",0.19,Low,Contradiction
576,"Notably, the hospital's new wing focuses on caring for young patients.","According to the report, donors contributed generously to fund the hospital's expansion.",0.62,Medium,Related
577,"As widely reported, the novelist released her long-awaited sequel this spring.","According to the report, fans welcomed the release of the novelist's sequel this spring.",0.92,Very High,Same Meaning
578,"According to the report, a new gluten-free pastry line was launched by the bakery.",Sources confirmed that the bakery started offering gluten-free pastries as a new product line.,0.98,Very High,Same Meaning
579,Sources confirmed that the hospital's new wing focuses on caring for young patients.,The hospital closed its pediatric care wing due to budget cuts.,0.24,Low,Contradiction
580,"According to the report, the orchestra honored the late composer with an emotional performance.","As widely reported, a moving tribute to the late composer was performed by the orchestra.",0.79,High,Paraphrase
581,It was noted that the film received widespread critical acclaim upon release.,The lead actor won several awards for the role.,0.49,Medium,Related
582,"Upon its release, the film was widely praised by critics.",It was noted that the museum's latest exhibit focuses on ancient civilizations.,0.07,Very Low,Unrelated
583,"As widely reported, the council voted to fund the construction of a new public park.",Sources confirmed that the company announced record profits this quarter.,0.02,Very Low,Unrelated
584,"Notably, the scientists published groundbreaking research on renewable energy.",It was noted that the startup developed an app that helps farmers monitor soil health.,0.03,Very Low,Unrelated
585,It was noted that the championship was won by the soccer team in a thrilling final match.,It was noted that the soccer team won the championship after a dramatic final.,0.79,High,Paraphrase
586,"According to the report, last weekend, volunteers spent hours removing litter from the riverbank.","Last weekend, volunteers spent hours removing litter from the riverbank.",0.76,High,Paraphrase
587,"As widely reported, a delicious meal was made by the chef for the guests.","Notably, the chef ruined the meal and the guests left disappointed.",0.29,Low,Contradiction
588,It was noted that the film received widespread critical acclaim upon release.,It was noted that the lead actor won several awards for the role.,0.6,Medium,Related
589,"According to the report, the smartphone's camera has been greatly improved in this new version.",A much better camera is one of the new smartphone's key features.,0.75,High,Paraphrase
590,It was noted that the startup developed an app that helps farmers monitor soil health.,Farmers can now use the startup's app to track soil health.,0.82,High,Paraphrase
591,It was noted that new equipment was installed at the factory to cut energy use.,"According to the report, the upgrade is expected to lower operating costs significantly.",0.64,Medium,Related
592,"Notably, a new exhibit about ancient civilizations opened at the museum.","Notably, visitors can attend guided tours of the museum every weekend.",0.57,Medium,Related
593,"For their final exams, the students prepared diligently.","According to the report, the students barely studied and skipped most of their classes.",0.22,Low,Contradiction
594,Sources confirmed that the orchestra honored the late composer with an emotional performance.,A moving tribute to the late composer was performed by the orchestra.,0.83,High,Paraphrase
595,"As widely reported, a new gluten-free pastry line was launched by the bakery.",The students studied hard for their final exams.,0.14,Very Low,Unrelated
596,"According to the report, funding for a new public park was approved by the city council.","Notably, the city council rejected the proposal for a new public park.",0.29,Low,Contradiction
597,"Notably, the museum unveiled a new exhibit on ancient civilizations.",The museum unveiled a new exhibit on ancient civilizations.,0.97,Very High,Same Meaning
598,It was noted that the chef prepared a delicious meal for the guests.,"According to the report, new equipment was installed at the factory to cut energy use.",0.05,Very Low,Unrelated
599,"Just before sunset, the hikers arrived at the summit.",The hikers turned back before reaching the summit.,0.28,Low,Contradiction
600,"As widely reported, the city council approved funding for a new public park.",It was noted that investors reacted positively to the company's latest earnings call.,0.05,Very Low,Unrelated
601,"Notably, several flights were canceled by the airline because of poor weather conditions.",It was noted that the airline canceled several flights due to bad weather.,0.78,High,Paraphrase
602,"As widely reported, the city council approved funding for a new public park.",Sources confirmed that local residents have long requested more green spaces downtown.,0.57,Medium,Related
603,"Sources confirmed that due to bad weather, the airline had to cancel a number of flights.","As widely reported, the airline operated all its flights on schedule despite the storm.",0.3,Low,Contradiction
604,The company announced record profits this quarter.,"As widely reported, investors reacted positively to the company's latest earnings call.",0.58,Medium,Related
605,"Notably, the museum's latest exhibit focuses on ancient civilizations.",Visitors can attend guided tours of the museum every weekend.,0.51,Medium,Related
606,"It was noted that this quarter, the company reported record breaking profits.","Notably, record profits were announced by the company for the current quarter.",0.96,Very High,Same Meaning
607,"Notably, a bike-sharing program was launched by the city to ease traffic congestion.",Sources confirmed that a bike-sharing program was launched by the city to ease traffic congestion.,0.77,High,Paraphrase
608,"This spring, the novelist's long-awaited sequel finally arrived.","According to the report, this spring, the novelist's long-awaited sequel finally arrived.",0.98,Very High,Same Meaning
609,"Notably, the new smartphone features a significantly improved camera.",Sources confirmed that several flights were canceled by the airline because of poor weather conditions.,0.06,Very Low,Unrelated
610,The hospital's new wing focuses on caring for young patients.,"Notably, the hospital's new wing focuses on caring for young patients.",0.86,High,Paraphrase
611,"As widely reported, the hikers reached the summit just before sunset.",It was noted that the hikers turned back before reaching the summit.,0.25,Low,Contradiction
612,"Notably, the volunteers cleaned up litter along the riverbank last weekend.","Notably, litter along the riverbank was cleared by volunteers last weekend.",0.96,Very High,Same Meaning
613,The hikers reached the summit just before sunset.,Sources confirmed that thousands of fans celebrated in the streets after the victory.,0.1,Very Low,Unrelated
614,It was noted that the scientists published groundbreaking research on renewable energy.,It was noted that the research team released a major study about renewable energy.,0.84,High,Paraphrase
615,"According to the report, a bike-sharing program was launched by the city to ease traffic congestion.",Cyclists reported feeling safer thanks to new dedicated bike lanes.,0.63,Medium,Related
616,The museum unveiled a new exhibit on ancient civilizations.,"According to the report, new equipment was installed at the factory to cut energy use.",0.07,Very Low,Unrelated
617,"As widely reported, the airline canceled several flights due to bad weather.","It was noted that this quarter, the company reported record breaking profits.",0.1,Very Low,Unrelated
618,It was noted that the bakery started offering gluten-free pastries as a new product line.,"According to the report, the bakery discontinued its gluten-free pastry line due to low demand.",0.3,Low,Contradiction
619,"Notably, the guests were served a tasty meal that the chef had cooked.",The guests were served a tasty meal that the chef had cooked.,0.81,High,Paraphrase
620,The students studied hard for their final exams.,"According to the report, the students barely studied and skipped most of their classes.",0.29,Low,Contradiction
621,The new smartphone features a significantly improved camera.,Sources confirmed that reviewers praised the phone's battery life and sleek design.,0.49,Medium,Related
622,The hikers reached the summit just before sunset.,"Just before sunset, the hikers arrived at the summit.",0.98,Very High,Same Meaning
623,The students studied hard for their final exams.,Sources confirmed that the teacher offered extra review sessions before the exam period.,0.57,Medium,Related
624,The championship was won by the soccer team in a thrilling final match.,"According to the report, after a dramatic final, the soccer team claimed the championship title.",0.87,High,Paraphrase
625,Sources confirmed that the company announced record profits this quarter.,"According to the report, investors reacted positively to the company's latest earnings call.",0.6,Medium,Related
626,"As widely reported, the city council approved funding for a new public park.",The city council approved funding for a new public park.,0.88,High,Paraphrase
627,"As widely reported, the museum unveiled a new exhibit on ancient civilizations.",Sources confirmed that visitors can attend guided tours of the museum every weekend.,0.49,Medium,Related
628,"According to the report, a bike-sharing program was launched by the city to ease traffic congestion.","According to the report, the city shut down its bike-sharing program after low usage.",0.25,Low,Contradiction
629,"According to the report, new equipment was installed at the factory to cut energy use.","As widely reported, just before sunset, the hikers arrived at the summit.",0.0,Very Low,Unrelated
630,The scientists published groundbreaking research on renewable energy.,"As widely reported, the scientists' research on renewable energy was widely criticized as flawed.",0.24,Low,Contradiction
631,Sources confirmed that a new pediatric care wing was opened at the hospital.,"As widely reported, the hospital closed its pediatric care wing due to budget cuts.",0.3,Low,Contradiction
632,Sources confirmed that the hospital opened a new wing dedicated to pediatric care.,"Notably, the hospital's new wing focuses on caring for young patients.",0.85,High,Paraphrase
633,Sources confirmed that the bakery started offering gluten-free pastries as a new product line.,Sources confirmed that customers have praised the bakery's friendly staff and cozy atmosphere.,0.59,Medium,Related
634,"As widely reported, an app for monitoring soil health was created by the startup for farmers.",Sources confirmed that farmers can now use the startup's app to track soil health.,0.85,High,Paraphrase
635,A much better camera is one of the new smartphone's key features.,"According to the report, reviewers praised the phone's battery life and sleek design.",0.54,Medium,Related
636,"Notably, this spring, the novelist's long-awaited sequel finally arrived.",It was noted that the novelist released her long-awaited sequel this spring.,0.77,High,Paraphrase
637,The council voted to fund the construction of a new public park.,"As widely reported, the hospital's new wing focuses on caring for young patients.",0.09,Very Low,Unrelated
638,"According to the report, critics gave the film glowing reviews when it came out.",Sources confirmed that the film was widely panned by critics upon release.,0.33,Low,Contradiction
639,"Notably, the soccer team won the championship after a dramatic final.","According to the report, the scientists published groundbreaking research on renewable energy.",0.02,Very Low,Unrelated
640,"According to the report, the chef prepared a delicious meal for the guests.",A delicious meal was made by the chef for the guests.,0.82,High,Paraphrase
641,"It was noted that due to bad weather, the airline had to cancel a number of flights.","Notably, several flights were canceled by the airline because of poor weather conditions.",0.85,High,Paraphrase
642,"According to the report, this quarter, the company reported record breaking profits.",Sources confirmed that record profits were announced by the company for the current quarter.,0.83,High,Paraphrase
643,It was noted that the company announced record profits this quarter.,Sources confirmed that record profits were announced by the company for the current quarter.,0.82,High,Paraphrase
644,"As widely reported, the new smartphone features a significantly improved camera.","As widely reported, the new smartphone's camera quality is worse than the previous model.",0.26,Low,Contradiction
645,"It was noted that last weekend, volunteers spent hours removing litter from the riverbank.",The event was organized by a local environmental group.,0.62,Medium,Related
646,The startup developed an app that helps farmers monitor soil health.,Sources confirmed that an app for monitoring soil health was created by the startup for farmers.,0.84,High,Paraphrase
647,Sources confirmed that the research team released a major study about renewable energy.,The research team released a major study about renewable energy.,0.82,High,Paraphrase
648,Sources confirmed that the city council approved funding for a new public park.,"As widely reported, the city council rejected the proposal for a new public park.",0.22,Low,Contradiction
649,"Sources confirmed that upon its release, the film was widely praised by critics.",It was noted that the lead actor won several awards for the role.,0.53,Medium,Related
650,The hospital's new wing focuses on caring for young patients.,Sources confirmed that the hospital closed its pediatric care wing due to budget cuts.,0.21,Low,Contradiction
651,The company announced record profits this quarter.,"Notably, the company announced record profits this quarter.",0.99,Very High,Same Meaning
652,Groundbreaking research on renewable energy was published by the scientists.,"According to the report, groundbreaking research on renewable energy was published by the scientists.",0.94,Very High,Same Meaning
653,"According to the report, the factory's energy consumption dropped after an equipment upgrade.","As widely reported, the factory's energy consumption rose after the equipment failed.",0.23,Low,Contradiction
654,"As widely reported, a new gluten-free pastry line was launched by the bakery.","According to the report, the bakery started offering gluten-free pastries as a new product line.",0.9,Very High,Same Meaning
655,"Sources confirmed that this quarter, the company reported record breaking profits.","As widely reported, investors reacted positively to the company's latest earnings call.",0.5,Medium,Related
656,Sources confirmed that the students put in a lot of effort studying for finals.,"Notably, the museum's latest exhibit focuses on ancient civilizations.",0.13,Very Low,Unrelated
657,Sources confirmed that a new pediatric care wing was opened at the hospital.,"As widely reported, passengers were offered vouchers for future travel after the disruption.",0.11,Very Low,Unrelated
658,"As widely reported, the students studied hard for their final exams.","Notably, for their final exams, the students prepared diligently.",0.88,High,Paraphrase
659,"According to the report, groundbreaking research on renewable energy was published by the scientists.","As widely reported, the scientists published groundbreaking research on renewable energy.",0.86,High,Paraphrase
660,"According to the report, the chef prepared a delicious meal for the guests.",Sources confirmed that the restaurant received great reviews for its outstanding service.,0.51,Medium,Related
661,"Sources confirmed that due to bad weather, the airline had to cancel a number of flights.","According to the report, passengers were offered vouchers for future travel after the disruption.",0.53,Medium,Related
662,"According to the report, several flights were canceled by the airline because of poor weather conditions.",It was noted that the airline operated all its flights on schedule despite the storm.,0.22,Low,Contradiction
663,It was noted that the museum unveiled a new exhibit on ancient civilizations.,Sources confirmed that the museum unveiled a new exhibit on ancient civilizations.,0.92,Very High,Same Meaning
664,"Last weekend, volunteers spent hours removing litter from the riverbank.","As widely reported, the event was organized by a local environmental group.",0.49,Medium,Related
665,Sources confirmed that a new gluten-free pastry line was launched by the bakery.,It was noted that the factory's energy consumption dropped after an equipment upgrade.,0.09,Very Low,Unrelated
666,"As widely reported, the students studied hard for their final exams.",Sources confirmed that the students barely studied and skipped most of their classes.,0.27,Low,Contradiction
667,"Notably, the new smartphone features a significantly improved camera.",Sources confirmed that critics gave the film glowing reviews when it came out.,0.12,Very Low,Unrelated
668,Sources confirmed that several flights were canceled by the airline because of poor weather conditions.,"According to the report, the airline operated all its flights on schedule despite the storm.",0.32,Low,Contradiction
669,"As widely reported, just before sunset, the hikers arrived at the summit.","As widely reported, the hikers turned back before reaching the summit.",0.17,Low,Contradiction
670,"According to the report, a new exhibit about ancient civilizations opened at the museum.",Sources confirmed that visitors can attend guided tours of the museum every weekend.,0.46,Medium,Related
671,Sources confirmed that the new smartphone features a significantly improved camera.,"As widely reported, reviewers praised the phone's battery life and sleek design.",0.65,Medium,Related
672,The factory upgraded its equipment to reduce energy consumption.,Sources confirmed that the factory's energy consumption rose after the equipment failed.,0.24,Low,Contradiction
673,The museum's latest exhibit focuses on ancient civilizations.,The museum unveiled a new exhibit on ancient civilizations.,0.9,Very High,Same Meaning
674,The hospital's new wing focuses on caring for young patients.,It was noted that the hospital opened a new wing dedicated to pediatric care.,0.92,Very High,Same Meaning
675,"It was noted that after a dramatic final, the soccer team claimed the championship title.",The soccer team won the championship after a dramatic final.,0.93,Very High,Same Meaning
676,"Notably, to cut down on traffic, the city introduced a bike-sharing program.","As widely reported, a bike-sharing program was launched by the city to ease traffic congestion.",0.76,High,Paraphrase
677,The museum's latest exhibit focuses on ancient civilizations.,The museum unveiled a new exhibit on ancient civilizations.,0.85,High,Paraphrase
678,Funding for a new public park was approved by the city council.,The city council rejected the proposal for a new public park.,0.15,Low,Contradiction
679,Sources confirmed that the students studied hard for their final exams.,The teacher offered extra review sessions before the exam period.,0.45,Medium,Related
680,It was noted that a bike-sharing program was launched by the city to ease traffic congestion.,"As widely reported, the city shut down its bike-sharing program after low usage.",0.16,Low,Contradiction
681,"Upon its release, the film was widely praised by critics.","Notably, critics gave the film glowing reviews when it came out.",0.84,High,Paraphrase
682,It was noted that the council voted to fund the construction of a new public park.,"According to the report, last weekend, volunteers spent hours removing litter from the riverbank.",0.05,Very Low,Unrelated
683,"Sources confirmed that due to bad weather, the airline had to cancel a number of flights.","Upon its release, the film was widely praised by critics.",0.05,Very Low,Unrelated
684,"As widely reported, after a dramatic final, the soccer team claimed the championship title.",Sources confirmed that the soccer team won the championship after a dramatic final.,0.83,High,Paraphrase
685,"Notably, funding for a new public park was approved by the city council.",It was noted that local residents have long requested more green spaces downtown.,0.49,Medium,Related
686,"As widely reported, a much better camera is one of the new smartphone's key features.",It was noted that the students studied hard for their final exams.,0.12,Very Low,Unrelated
687,"As widely reported, the scientists published groundbreaking research on renewable energy.","Notably, groundbreaking research on renewable energy was published by the scientists.",0.91,Very High,Same Meaning
688,"Notably, an app for monitoring soil health was created by the startup for farmers.","As widely reported, the championship was won by the soccer team in a thrilling final match.",0.02,Very Low,Unrelated
689,"Notably, the hospital's new wing focuses on caring for young patients.","According to the report, a bike-sharing program was launched by the city to ease traffic congestion.",0.08,Very Low,Unrelated
690,Sources confirmed that a much better camera is one of the new smartphone's key features.,"As widely reported, the new smartphone features a significantly improved camera.",0.86,High,Paraphrase
691,"According to the report, the city launched a bike-sharing program to reduce traffic congestion.","According to the report, to cut down on traffic, the city introduced a bike-sharing program.",0.92,Very High,Same Meaning
692,It was noted that the bakery started offering gluten-free pastries as a new product line.,Sources confirmed that the research team released a major study about renewable energy.,0.06,Very Low,Unrelated
693,"This spring, the novelist's long-awaited sequel finally arrived.","Notably, the book tour will include stops in several major cities.",0.57,Medium,Related
694,"According to the report, the hospital's new wing focuses on caring for young patients.","Notably, the hospital's new wing focuses on caring for young patients.",0.87,High,Paraphrase
695,"Sources confirmed that for their final exams, the students prepared diligently.",The teacher offered extra review sessions before the exam period.,0.55,Medium,Related
696,Sources confirmed that the hospital's new wing focuses on caring for young patients.,"According to the report, a new pediatric care wing was opened at the hospital.",0.98,Very High,Same Meaning
697,Sources confirmed that the council voted to fund the construction of a new public park.,"As widely reported, local residents have long requested more green spaces downtown.",0.51,Medium,Related
698,"Notably, the students studied hard for their final exams.","Notably, for their final exams, the students prepared diligently.",0.83,High,Paraphrase
699,"According to the report, funding for a new public park was approved by the city council.",The city council rejected the proposal for a new public park.,0.29,Low,Contradiction
700,The hikers reached the summit just before sunset.,"Notably, just before sunset, the hikers arrived at the summit.",0.97,Very High,Same Meaning
701,The company announced record profits this quarter.,It was noted that the company announced record profits this quarter.,0.97,Very High,Same Meaning
702,A delicious meal was made by the chef for the guests.,It was noted that the guests were served a tasty meal that the chef had cooked.,0.84,High,Paraphrase
703,The students put in a lot of effort studying for finals.,"It was noted that for their final exams, the students prepared diligently.",0.9,Very High,Same Meaning
704,"Notably, this spring, the novelist's long-awaited sequel finally arrived.","According to the report, the book tour will include stops in several major cities.",0.54,Medium,Related
705,"As widely reported, to cut down on traffic, the city introduced a bike-sharing program.","Notably, a new gluten-free pastry line was launched by the bakery.",0.05,Very Low,Unrelated
706,"This quarter, the company reported record breaking profits.","This spring, the novelist's long-awaited sequel finally arrived.",0.09,Very Low,Unrelated
707,"As widely reported, the orchestra honored the late composer with an emotional performance.",Sources confirmed that the orchestra honored the late composer with an emotional performance.,0.94,Very High,Same Meaning
708,The students put in a lot of effort studying for finals.,Sources confirmed that the students studied hard for their final exams.,0.87,High,Paraphrase
709,"Notably, upon its release, the film was widely praised by critics.","According to the report, the film received widespread critical acclaim upon release.",0.87,High,Paraphrase
710,"As widely reported, the council voted to fund the construction of a new public park.","As widely reported, funding for a new public park was approved by the city council.",0.83,High,Paraphrase
711,"Notably, record profits were announced by the company for the current quarter.",Sources confirmed that the company reported a significant loss this quarter.,0.19,Low,Contradiction
712,The hospital's new wing focuses on caring for young patients.,"According to the report, donors contributed generously to fund the hospital's expansion.",0.45,Medium,Related
713,It was noted that the students studied hard for their final exams.,"According to the report, the students barely studied and skipped most of their classes.",0.26,Low,Contradiction
714,"According to the report, just before sunset, the hikers arrived at the summit.",It was noted that the group of hikers made it to the top right before the sun went down.,0.8,High,Paraphrase
715,Several flights were canceled by the airline because of poor weather conditions.,"Notably, the airline canceled several flights due to bad weather.",0.96,Very High,Same Meaning
716,"According to the report, this quarter, the company reported record breaking profits.","According to the report, the company announced record profits this quarter.",0.79,High,Paraphrase
717,"According to the report, the students studied hard for their final exams.","For their final exams, the students prepared diligently.",0.77,High,Paraphrase
718,Sources confirmed that fans welcomed the release of the novelist's sequel this spring.,"As widely reported, fans welcomed the release of the novelist's sequel this spring.",0.81,High,Paraphrase
719,"As widely reported, upon its release, the film was widely praised by critics.",The film was widely panned by critics upon release.,0.23,Low,Contradiction
720,"It was noted that last weekend, volunteers spent hours removing litter from the riverbank.","According to the report, the volunteers cleaned up litter along the riverbank last weekend.",0.77,High,Paraphrase
721,Sources confirmed that an app for monitoring soil health was created by the startup for farmers.,It was noted that the startup developed an app that helps farmers monitor soil health.,0.83,High,Paraphrase
722,"Notably, just before sunset, the hikers arrived at the summit.",Sources confirmed that the hikers reached the summit just before sunset.,0.95,Very High,Same Meaning
723,It was noted that the championship was won by the soccer team in a thrilling final match.,The soccer team lost the championship in a disappointing final.,0.18,Low,Contradiction
724,Sources confirmed that the volunteers cleaned up litter along the riverbank last weekend.,It was noted that the event was organized by a local environmental group.,0.55,Medium,Related
725,"It was noted that just before sunset, the hikers arrived at the summit.","As widely reported, the group of hikers made it to the top right before the sun went down.",0.81,High,Paraphrase
726,Sources confirmed that an app for monitoring soil health was created by the startup for farmers.,"According to the report, farmers can now use the startup's app to track soil health.",0.97,Very High,Same Meaning
727,Sources confirmed that a delicious meal was made by the chef for the guests.,The chef ruined the meal and the guests left disappointed.,0.23,Low,Contradiction
728,It was noted that the smartphone's camera has been greatly improved in this new version.,The hikers reached the summit just before sunset.,0.13,Very Low,Unrelated
729,"As widely reported, the orchestra honored the late composer with an emotional performance.","Notably, the orchestra performed a moving tribute to the late composer.",0.88,High,Paraphrase
730,The smartphone's camera has been greatly improved in this new version.,Sources confirmed that the new smartphone features a significantly improved camera.,0.78,High,Paraphrase
731,"As widely reported, for their final exams, the students prepared diligently.",The teacher offered extra review sessions before the exam period.,0.57,Medium,Related
732,"As widely reported, this spring, the novelist's long-awaited sequel finally arrived.","Notably, the book tour will include stops in several major cities.",0.58,Medium,Related
733,"Notably, an app for monitoring soil health was created by the startup for farmers.","According to the report, farmers can now use the startup's app to track soil health.",0.83,High,Paraphrase
734,It was noted that a much better camera is one of the new smartphone's key features.,"As widely reported, the smartphone's camera has been greatly improved in this new version.",0.83,High,Paraphrase
735,"It was noted that to cut down on traffic, the city introduced a bike-sharing program.",A bike-sharing program was launched by the city to ease traffic congestion.,0.96,Very High,Same Meaning
736,It was noted that the orchestra honored the late composer with an emotional performance.,Sources confirmed that the orchestra canceled its planned tribute to the composer.,0.25,Low,Contradiction
737,The company announced record profits this quarter.,"As widely reported, record profits were announced by the company for the current quarter.",0.87,High,Paraphrase
738,The hikers reached the summit just before sunset.,"As widely reported, the hikers reached the summit just before sunset.",0.76,High,Paraphrase
739,"As widely reported, the factory upgraded its equipment to reduce energy consumption.",The film received widespread critical acclaim upon release.,0.08,Very Low,Unrelated
740,Farmers can now use the startup's app to track soil health.,Agricultural experts praised the app's accuracy in the field.,0.59,Medium,Related
741,"Notably, the group of hikers made it to the top right before the sun went down.",The group of hikers made it to the top right before the sun went down.,0.95,Very High,Same Meaning
742,"As widely reported, a new pediatric care wing was opened at the hospital.",It was noted that the hospital opened a new wing dedicated to pediatric care.,0.76,High,Paraphrase
743,"As widely reported, the bakery introduced a new line of gluten-free pastries.","As widely reported, the bakery discontinued its gluten-free pastry line due to low demand.",0.27,Low,Contradiction
744,"As widely reported, fans welcomed the release of the novelist's sequel this spring.","Notably, fans welcomed the release of the novelist's sequel this spring.",0.95,Very High,Same Meaning
745,"According to the report, the novelist released her long-awaited sequel this spring.","As widely reported, this spring, the novelist's long-awaited sequel finally arrived.",0.94,Very High,Same Meaning
746,"According to the report, a much better camera is one of the new smartphone's key features.","According to the report, litter along the riverbank was cleared by volunteers last weekend.",0.12,Very Low,Unrelated
747,Sources confirmed that the championship was won by the soccer team in a thrilling final match.,"According to the report, the championship was won by the soccer team in a thrilling final match.",0.89,High,Paraphrase
748,A delicious meal was made by the chef for the guests.,"As widely reported, the students studied hard for their final exams.",0.11,Very Low,Unrelated
749,It was noted that the museum's latest exhibit focuses on ancient civilizations.,Sources confirmed that the research team released a major study about renewable energy.,0.12,Very Low,Unrelated
750,"Notably, the company announced record profits this quarter.",The company announced record profits this quarter.,0.83,High,Paraphrase
751,"As widely reported, the chef prepared a delicious meal for the guests.","According to the report, this spring, the novelist's long-awaited sequel finally arrived.",0.06,Very Low,Unrelated
752,"As widely reported, record profits were announced by the company for the current quarter.","Notably, the company announced record profits this quarter.",0.81,High,Paraphrase
753,The hikers reached the summit just before sunset.,"Notably, the hikers reached the summit just before sunset.",0.98,Very High,Same Meaning
754,It was noted that the council voted to fund the construction of a new public park.,It was noted that local residents have long requested more green spaces downtown.,0.58,Medium,Related
755,"As widely reported, due to bad weather, the airline had to cancel a number of flights.","According to the report, the film received widespread critical acclaim upon release.",0.01,Very Low,Unrelated
756,"As widely reported, a bike-sharing program was launched by the city to ease traffic congestion.","Notably, a bike-sharing program was launched by the city to ease traffic congestion.",0.79,High,Paraphrase
757,"As widely reported, the startup developed an app that helps farmers monitor soil health.","Notably, the startup developed an app that helps farmers monitor soil health.",0.87,High,Paraphrase
758,It was noted that the factory upgraded its equipment to reduce energy consumption.,The factory's energy consumption rose after the equipment failed.,0.34,Low,Contradiction
759,The students put in a lot of effort studying for finals.,"Notably, the students studied hard for their final exams.",0.96,Very High,Same Meaning
760,"For their final exams, the students prepared diligently.","This quarter, the company reported record breaking profits.",0.03,Very Low,Unrelated
761,It was noted that the hospital's new wing focuses on caring for young patients.,"As widely reported, donors contributed generously to fund the hospital's expansion.",0.45,Medium,Related
762,"Notably, upon its release, the film was widely praised by critics.","Notably, critics gave the film glowing reviews when it came out.",0.83,High,Paraphrase
763,"According to the report, a moving tribute to the late composer was performed by the orchestra.","Notably, the orchestra canceled its planned tribute to the composer.",0.23,Low,Contradiction
764,"Notably, the hospital's new wing focuses on caring for young patients.",It was noted that the hospital's new wing focuses on caring for young patients.,0.94,Very High,Same Meaning
765,Sources confirmed that the factory upgraded its equipment to reduce energy consumption.,Local residents have long requested more green spaces downtown.,0.06,Very Low,Unrelated
766,"Sources confirmed that due to bad weather, the airline had to cancel a number of flights.","As widely reported, passengers were offered vouchers for future travel after the disruption.",0.55,Medium,Related
767,It was noted that the scientists published groundbreaking research on renewable energy.,"As widely reported, groundbreaking research on renewable energy was published by the scientists.",0.95,Very High,Same Meaning
768,"According to the report, several flights were canceled by the airline because of poor weather conditions.","As widely reported, passengers were offered vouchers for future travel after the disruption.",0.51,Medium,Related
769,"Notably, the championship was won by the soccer team in a thrilling final match.",It was noted that the championship was won by the soccer team in a thrilling final match.,0.85,High,Paraphrase
770,The new smartphone features a significantly improved camera.,"Notably, a much better camera is one of the new smartphone's key features.",0.76,High,Paraphrase
771,Sources confirmed that litter along the riverbank was cleared by volunteers last weekend.,"Notably, the event was organized by a local environmental group.",0.53,Medium,Related
772,"According to the report, the bakery introduced a new line of gluten-free pastries.","Notably, customers have praised the bakery's friendly staff and cozy atmosphere.",0.54,Medium,Related
773,"According to the report, the soccer team won the championship after a dramatic final.",Sources confirmed that the soccer team won the championship after a dramatic final.,0.99,Very High,Same Meaning
774,"According to the report, last weekend, volunteers spent hours removing litter from the riverbank.",The volunteers cleaned up litter along the riverbank last weekend.,0.93,Very High,Same Meaning
775,"According to the report, the new smartphone features a significantly improved camera.",It was noted that reviewers praised the phone's battery life and sleek design.,0.55,Medium,Related
776,Sources confirmed that the new smartphone features a significantly improved camera.,It was noted that the new smartphone features a significantly improved camera.,0.94,Very High,Same Meaning
777,"According to the report, the orchestra honored the late composer with an emotional performance.","As widely reported, the orchestra performed a moving tribute to the late composer.",0.8,High,Paraphrase
778,It was noted that the city launched a bike-sharing program to reduce traffic congestion.,"It was noted that to cut down on traffic, the city introduced a bike-sharing program.",0.96,Very High,Same Meaning
779,"To cut down on traffic, the city introduced a bike-sharing program.",It was noted that cyclists reported feeling safer thanks to new dedicated bike lanes.,0.5,Medium,Related
780,"According to the report, the scientists published groundbreaking research on renewable energy.",It was noted that the scientists' research on renewable energy was widely criticized as flawed.,0.29,Low,Contradiction
781,Groundbreaking research on renewable energy was published by the scientists.,"Notably, the university received a large grant to fund further energy research.",0.59,Medium,Related
782,"According to the report, the orchestra performed a moving tribute to the late composer.","As widely reported, the orchestra honored the late composer with an emotional performance.",0.87,High,Paraphrase
783,It was noted that a bike-sharing program was launched by the city to ease traffic congestion.,"As widely reported, cyclists reported feeling safer thanks to new dedicated bike lanes.",0.51,Medium,Related
784,"Notably, the orchestra performed a moving tribute to the late composer.",It was noted that the orchestra honored the late composer with an emotional performance.,0.88,High,Paraphrase
785,Record profits were announced by the company for the current quarter.,"According to the report, new equipment was installed at the factory to cut energy use.",0.03,Very Low,Unrelated
786,It was noted that the city launched a bike-sharing program to reduce traffic congestion.,Sources confirmed that cyclists reported feeling safer thanks to new dedicated bike lanes.,0.5,Medium,Related
787,"Sources confirmed that upon its release, the film was widely praised by critics.","It was noted that upon its release, the film was widely praised by critics.",0.91,Very High,Same Meaning
788,It was noted that the startup developed an app that helps farmers monitor soil health.,"Notably, farmers can now use the startup's app to track soil health.",0.97,Very High,Same Meaning
789,The chef prepared a delicious meal for the guests.,"As widely reported, the guests were served a tasty meal that the chef had cooked.",0.84,High,Paraphrase
790,The soccer team won the championship after a dramatic final.,It was noted that the hikers reached the summit just before sunset.,0.03,Very Low,Unrelated
791,"As widely reported, the research team released a major study about renewable energy.","According to the report, the scientists' research on renewable energy was widely criticized as flawed.",0.3,Low,Contradiction
792,"It was noted that after a dramatic final, the soccer team claimed the championship title.",The championship was won by the soccer team in a thrilling final match.,0.85,High,Paraphrase
793,It was noted that a new gluten-free pastry line was launched by the bakery.,"As widely reported, customers have praised the bakery's friendly staff and cozy atmosphere.",0.45,Medium,Related
794,"It was noted that this quarter, the company reported record breaking profits.","As widely reported, this quarter, the company reported record breaking profits.",0.81,High,Paraphrase
795,Sources confirmed that critics gave the film glowing reviews when it came out.,"As widely reported, critics gave the film glowing reviews when it came out.",0.8,High,Paraphrase
796,The scientists published groundbreaking research on renewable energy.,It was noted that groundbreaking research on renewable energy was published by the scientists.,0.95,Very High,Same Meaning
797,"According to the report, groundbreaking research on renewable energy was published by the scientists.","According to the report, the university received a large grant to fund further energy research.",0.55,Medium,Related
798,"Notably, the bakery started offering gluten-free pastries as a new product line.","Notably, the bakery introduced a new line of gluten-free pastries.",0.82,High,Paraphrase
799,"Notably, the guests were served a tasty meal that the chef had cooked.",Sources confirmed that a delicious meal was made by the chef for the guests.,0.92,Very High,Same Meaning
800,"According to the report, the novelist released her long-awaited sequel this spring.","According to the report, fans welcomed the release of the novelist's sequel this spring.",0.94,Very High,Same Meaning
801,Groundbreaking research on renewable energy was published by the scientists.,"Notably, groundbreaking research on renewable energy was published by the scientists.",0.92,Very High,Same Meaning
802,"As widely reported, a much better camera is one of the new smartphone's key features.",It was noted that the new smartphone's camera quality is worse than the previous model.,0.31,Low,Contradiction
803,The council voted to fund the construction of a new public park.,"Notably, the orchestra performed a moving tribute to the late composer.",0.01,Very Low,Unrelated
804,The volunteers cleaned up litter along the riverbank last weekend.,It was noted that the event was organized by a local environmental group.,0.64,Medium,Related
805,"According to the report, the startup developed an app that helps farmers monitor soil health.",It was noted that agricultural experts praised the app's accuracy in the field.,0.63,Medium,Related
806,"It was noted that after a dramatic final, the soccer team claimed the championship title.","Sources confirmed that after a dramatic final, the soccer team claimed the championship title.",0.95,Very High,Same Meaning
807,"According to the report, the orchestra honored the late composer with an emotional performance.","According to the report, a new exhibit about ancient civilizations opened at the museum.",0.07,Very Low,Unrelated
808,"As widely reported, the students studied hard for their final exams.","Notably, the students put in a lot of effort studying for finals.",0.95,Very High,Same Meaning
809,It was noted that a much better camera is one of the new smartphone's key features.,Sources confirmed that the new smartphone's camera quality is worse than the previous model.,0.33,Low,Contradiction
810,A new gluten-free pastry line was launched by the bakery.,Customers have praised the bakery's friendly staff and cozy atmosphere.,0.55,Medium,Related
811,"According to the report, the hospital's new wing focuses on caring for young patients.","As widely reported, donors contributed generously to fund the hospital's expansion.",0.61,Medium,Related
812,"Notably, fans welcomed the release of the novelist's sequel this spring.",It was noted that the novelist released her long-awaited sequel this spring.,0.96,Very High,Same Meaning
813,"As widely reported, fans welcomed the release of the novelist's sequel this spring.",The novelist released her long-awaited sequel this spring.,0.93,Very High,Same Meaning
814,It was noted that the film received widespread critical acclaim upon release.,The film was widely panned by critics upon release.,0.3,Low,Contradiction
815,"As widely reported, fans welcomed the release of the novelist's sequel this spring.","This spring, the novelist's long-awaited sequel finally arrived.",0.83,High,Paraphrase
816,"Notably, the soccer team won the championship after a dramatic final.",Sources confirmed that the championship was won by the soccer team in a thrilling final match.,0.87,High,Paraphrase
817,A bike-sharing program was launched by the city to ease traffic congestion.,It was noted that a bike-sharing program was launched by the city to ease traffic congestion.,0.82,High,Paraphrase
818,The smartphone's camera has been greatly improved in this new version.,Sources confirmed that the new smartphone's camera quality is worse than the previous model.,0.22,Low,Contradiction
819,"According to the report, the chef prepared a delicious meal for the guests.",It was noted that the restaurant received great reviews for its outstanding service.,0.57,Medium,Related
820,"According to the report, the hikers reached the summit just before sunset.","Notably, the group of hikers made it to the top right before the sun went down.",0.82,High,Paraphrase
821,It was noted that the championship was won by the soccer team in a thrilling final match.,"After a dramatic final, the soccer team claimed the championship title.",0.9,Very High,Same Meaning
822,"Notably, a new gluten-free pastry line was launched by the bakery.",It was noted that the bakery introduced a new line of gluten-free pastries.,0.78,High,Paraphrase
823,"Notably, the students put in a lot of effort studying for finals.",Sources confirmed that the students studied hard for their final exams.,0.91,Very High,Same Meaning
824,It was noted that an app for monitoring soil health was created by the startup for farmers.,Sources confirmed that the startup's soil monitoring app was found to be unreliable.,0.31,Low,Contradiction
825,It was noted that a much better camera is one of the new smartphone's key features.,"According to the report, the new smartphone's camera quality is worse than the previous model.",0.22,Low,Contradiction
826,"Sources confirmed that last weekend, volunteers spent hours removing litter from the riverbank.",The volunteers cleaned up litter along the riverbank last weekend.,0.85,High,Paraphrase
827,"According to the report, for their final exams, the students prepared diligently.","According to the report, critics gave the film glowing reviews when it came out.",0.06,Very Low,Unrelated
828,It was noted that the orchestra performed a moving tribute to the late composer.,Sources confirmed that tickets for the tribute concert sold out within hours.,0.46,Medium,Related
829,"Notably, the students studied hard for their final exams.","This quarter, the company reported record breaking profits.",0.08,Very Low,Unrelated
830,"According to the report, the film received widespread critical acclaim upon release.","As widely reported, the film was widely panned by critics upon release.",0.23,Low,Contradiction
831,"Notably, the museum's latest exhibit focuses on ancient civilizations.",The museum closed its ancient civilizations exhibit permanently.,0.21,Low,Contradiction
832,"According to the report, the students put in a lot of effort studying for finals.","Notably, the students put in a lot of effort studying for finals.",0.91,Very High,Same Meaning
833,"As widely reported, a delicious meal was made by the chef for the guests.",The chef ruined the meal and the guests left disappointed.,0.22,Low,Contradiction
834,"Notably, the airline canceled several flights due to bad weather.",It was noted that the orchestra honored the late composer with an emotional performance.,0.05,Very Low,Unrelated
835,"As widely reported, the smartphone's camera has been greatly improved in this new version.",The orchestra honored the late composer with an emotional performance.,0.12,Very Low,Unrelated
836,"As widely reported, the orchestra performed a moving tribute to the late composer.",It was noted that a moving tribute to the late composer was performed by the orchestra.,0.77,High,Paraphrase
837,"Notably, the bakery started offering gluten-free pastries as a new product line.",The bakery discontinued its gluten-free pastry line due to low demand.,0.18,Low,Contradiction
838,"Sources confirmed that this quarter, the company reported record breaking profits.","According to the report, investors reacted positively to the company's latest earnings call.",0.5,Medium,Related
839,"To cut down on traffic, the city introduced a bike-sharing program.",It was noted that the city council approved funding for a new public park.,0.02,Very Low,Unrelated
840,"According to the report, the students studied hard for their final exams.","Notably, the students studied hard for their final exams.",0.95,Very High,Same Meaning
841,"According to the report, the volunteers cleaned up litter along the riverbank last weekend.","As widely reported, the event was organized by a local environmental group.",0.58,Medium,Related
842,It was noted that the hospital opened a new wing dedicated to pediatric care.,It was noted that the hospital's new wing focuses on caring for young patients.,0.85,High,Paraphrase
843,Groundbreaking research on renewable energy was published by the scientists.,The teacher offered extra review sessions before the exam period.,0.06,Very Low,Unrelated
844,"As widely reported, just before sunset, the hikers arrived at the summit.",The hikers turned back before reaching the summit.,0.25,Low,Contradiction
845,The orchestra performed a moving tribute to the late composer.,"Notably, the orchestra honored the late composer with an emotional performance.",0.81,High,Paraphrase
846,It was noted that the hospital's new wing focuses on caring for young patients.,"According to the report, farmers can now use the startup's app to track soil health.",0.04,Very Low,Unrelated
847,"According to the report, the soccer team won the championship after a dramatic final.",It was noted that the championship was won by the soccer team in a thrilling final match.,0.76,High,Paraphrase
848,It was noted that a new pediatric care wing was opened at the hospital.,It was noted that the hospital opened a new wing dedicated to pediatric care.,0.86,High,Paraphrase
849,Sources confirmed that the hospital opened a new wing dedicated to pediatric care.,Sources confirmed that the hospital closed its pediatric care wing due to budget cuts.,0.25,Low,Contradiction
850,"Sources confirmed that this quarter, the company reported record breaking profits.","According to the report, donors contributed generously to fund the hospital's expansion.",0.11,Very Low,Unrelated
851,Sources confirmed that the new smartphone features a significantly improved camera.,"As widely reported, a much better camera is one of the new smartphone's key features.",0.91,Very High,Same Meaning
852,"Notably, the smartphone's camera has been greatly improved in this new version.",Sources confirmed that the new smartphone features a significantly improved camera.,0.92,Very High,Same Meaning
853,Sources confirmed that the hospital's new wing focuses on caring for young patients.,Donors contributed generously to fund the hospital's expansion.,0.54,Medium,Related
854,"According to the report, the council voted to fund the construction of a new public park.","According to the report, funding for a new public park was approved by the city council.",0.85,High,Paraphrase
855,The museum unveiled a new exhibit on ancient civilizations.,"According to the report, this spring, the novelist's long-awaited sequel finally arrived.",0.01,Very Low,Unrelated
856,"Sources confirmed that just before sunset, the hikers arrived at the summit.",It was noted that the hikers reached the summit just before sunset.,0.91,Very High,Same Meaning
857,"As widely reported, the airline canceled several flights due to bad weather.",The airline operated all its flights on schedule despite the storm.,0.19,Low,Contradiction
858,"Notably, the hospital's new wing focuses on caring for young patients.",The orchestra performed a moving tribute to the late composer.,0.09,Very Low,Unrelated
859,The soccer team won the championship after a dramatic final.,It was noted that the soccer team won the championship after a dramatic final.,0.83,High,Paraphrase
860,"It was noted that due to bad weather, the airline had to cancel a number of flights.","Notably, the airline canceled several flights due to bad weather.",0.84,High,Paraphrase
861,Sources confirmed that the championship was won by the soccer team in a thrilling final match.,"Notably, the championship was won by the soccer team in a thrilling final match.",0.87,High,Paraphrase
862,"Notably, the bakery introduced a new line of gluten-free pastries.",Sources confirmed that the bakery started offering gluten-free pastries as a new product line.,0.93,Very High,Same Meaning
863,"Sources confirmed that for their final exams, the students prepared diligently.",It was noted that the students studied hard for their final exams.,0.97,Very High,Same Meaning
864,"Notably, the scientists published groundbreaking research on renewable energy.","According to the report, the university received a large grant to fund further energy research.",0.54,Medium,Related
865,"Notably, a new exhibit about ancient civilizations opened at the museum.",Visitors can attend guided tours of the museum every weekend.,0.58,Medium,Related
866,"Notably, critics gave the film glowing reviews when it came out.","According to the report, the lead actor won several awards for the role.",0.49,Medium,Related
867,"According to the report, upon its release, the film was widely praised by critics.","Notably, upon its release, the film was widely praised by critics.",0.96,Very High,Same Meaning
868,"Sources confirmed that last weekend, volunteers spent hours removing litter from the riverbank.",It was noted that litter along the riverbank was cleared by volunteers last weekend.,0.76,High,Paraphrase
869,It was noted that the bakery introduced a new line of gluten-free pastries.,The bakery started offering gluten-free pastries as a new product line.,0.89,High,Paraphrase
870,"Notably, this spring, the novelist's long-awaited sequel finally arrived.","Notably, the students put in a lot of effort studying for finals.",0.09,Very Low,Unrelated
871,"As widely reported, the museum unveiled a new exhibit on ancient civilizations.",Several flights were canceled by the airline because of poor weather conditions.,0.06,Very Low,Unrelated
872,Sources confirmed that the bakery introduced a new line of gluten-free pastries.,Sources confirmed that a new gluten-free pastry line was launched by the bakery.,0.77,High,Paraphrase
873,Sources confirmed that the airline canceled several flights due to bad weather.,"After a dramatic final, the soccer team claimed the championship title.",0.04,Very Low,Unrelated
874,"Notably, the factory upgraded its equipment to reduce energy consumption.",It was noted that the factory's energy consumption rose after the equipment failed.,0.2,Low,Contradiction
875,"As widely reported, the airline canceled several flights due to bad weather.","As widely reported, the factory's energy consumption dropped after an equipment upgrade.",0.0,Very Low,Unrelated
876,"Notably, the bakery introduced a new line of gluten-free pastries.",Sources confirmed that the bakery introduced a new line of gluten-free pastries.,0.79,High,Paraphrase
877,Critics gave the film glowing reviews when it came out.,The film was widely panned by critics upon release.,0.31,Low,Contradiction
878,Sources confirmed that the guests were served a tasty meal that the chef had cooked.,"As widely reported, the museum unveiled a new exhibit on ancient civilizations.",0.02,Very Low,Unrelated
879,"As widely reported, a delicious meal was made by the chef for the guests.",Sources confirmed that a delicious meal was made by the chef for the guests.,0.95,Very High,Same Meaning
880,"As widely reported, the hikers reached the summit just before sunset.",The hikers turned back before reaching the summit.,0.18,Low,Contradiction
881,It was noted that the soccer team won the championship after a dramatic final.,"Notably, thousands of fans celebrated in the streets after the victory.",0.55,Medium,Related
882,Sources confirmed that a new exhibit about ancient civilizations opened at the museum.,"Notably, the museum closed its ancient civilizations exhibit permanently.",0.15,Low,Contradiction
883,"According to the report, new equipment was installed at the factory to cut energy use.","According to the report, the upgrade is expected to lower operating costs significantly.",0.53,Medium,Related
884,"Notably, critics gave the film glowing reviews when it came out.","According to the report, an app for monitoring soil health was created by the startup for farmers.",0.01,Very Low,Unrelated
885,It was noted that a new exhibit about ancient civilizations opened at the museum.,"According to the report, a new exhibit about ancient civilizations opened at the museum.",0.92,Very High,Same Meaning
886,Sources confirmed that the museum's latest exhibit focuses on ancient civilizations.,Sources confirmed that a new exhibit about ancient civilizations opened at the museum.,0.91,Very High,Same Meaning
887,The students put in a lot of effort studying for finals.,"According to the report, the students barely studied and skipped most of their classes.",0.28,Low,Contradiction
888,It was noted that the factory's energy consumption dropped after an equipment upgrade.,Passengers were offered vouchers for future travel after the disruption.,0.1,Very Low,Unrelated
889,"According to the report, a new exhibit about ancient civilizations opened at the museum.","According to the report, the scientists published groundbreaking research on renewable energy.",0.02,Very Low,Unrelated
890,"According to the report, the museum's latest exhibit focuses on ancient civilizations.","As widely reported, the event was organized by a local environmental group.",0.05,Very Low,Unrelated
891,Sources confirmed that the hikers reached the summit just before sunset.,"As widely reported, the smartphone's camera has been greatly improved in this new version.",0.01,Very Low,Unrelated
892,Sources confirmed that the students put in a lot of effort studying for finals.,The teacher offered extra review sessions before the exam period.,0.48,Medium,Related
893,"Notably, critics gave the film glowing reviews when it came out.","As widely reported, upon its release, the film was widely praised by critics.",0.85,High,Paraphrase
894,"According to the report, the city launched a bike-sharing program to reduce traffic congestion.","As widely reported, the city shut down its bike-sharing program after low usage.",0.26,Low,Contradiction
895,"Notably, a moving tribute to the late composer was performed by the orchestra.","As widely reported, a moving tribute to the late composer was performed by the orchestra.",0.75,High,Paraphrase
896,"As widely reported, fans welcomed the release of the novelist's sequel this spring.","Notably, the book tour will include stops in several major cities.",0.54,Medium,Related
897,"Notably, the chef prepared a delicious meal for the guests.",The chef ruined the meal and the guests left disappointed.,0.34,Low,Contradiction
898,It was noted that the startup developed an app that helps farmers monitor soil health.,Sources confirmed that agricultural experts praised the app's accuracy in the field.,0.57,Medium,Related
899,"Notably, the hikers reached the summit just before sunset.","Notably, the group of hikers made it to the top right before the sun went down.",0.93,Very High,Same Meaning
900,"According to the report, litter along the riverbank was cleared by volunteers last weekend.","As widely reported, last weekend, volunteers spent hours removing litter from the riverbank.",0.91,Very High,Same Meaning
901,"As widely reported, a much better camera is one of the new smartphone's key features.","As widely reported, the new smartphone's camera quality is worse than the previous model.",0.26,Low,Contradiction
902,"As widely reported, a much better camera is one of the new smartphone's key features.","Notably, reviewers praised the phone's battery life and sleek design.",0.47,Medium,Related
903,Funding for a new public park was approved by the city council.,Sources confirmed that local residents have long requested more green spaces downtown.,0.56,Medium,Related
904,"As widely reported, the orchestra performed a moving tribute to the late composer.","According to the report, groundbreaking research on renewable energy was published by the scientists.",0.06,Very Low,Unrelated
905,"As widely reported, the group of hikers made it to the top right before the sun went down.",It was noted that the group of hikers made it to the top right before the sun went down.,0.94,Very High,Same Meaning
906,"According to the report, the research team released a major study about renewable energy.","Notably, the council voted to fund the construction of a new public park.",0.11,Very Low,Unrelated
907,The students studied hard for their final exams.,"As widely reported, the film received widespread critical acclaim upon release.",0.02,Very Low,Unrelated
908,"As widely reported, the council voted to fund the construction of a new public park.",Sources confirmed that local residents have long requested more green spaces downtown.,0.53,Medium,Related
909,"According to the report, a bike-sharing program was launched by the city to ease traffic congestion.",The city shut down its bike-sharing program after low usage.,0.27,Low,Contradiction
910,"This spring, the novelist's long-awaited sequel finally arrived.","Notably, fans welcomed the release of the novelist's sequel this spring.",0.93,Very High,Same Meaning
911,It was noted that the guests were served a tasty meal that the chef had cooked.,"As widely reported, the chef ruined the meal and the guests left disappointed.",0.27,Low,Contradiction
912,"According to the report, the hospital's new wing focuses on caring for young patients.",Sources confirmed that the hospital's new wing focuses on caring for young patients.,0.98,Very High,Same Meaning
913,"Sources confirmed that last weekend, volunteers spent hours removing litter from the riverbank.","Notably, the volunteers cleaned up litter along the riverbank last weekend.",0.8,High,Paraphrase
914,The company announced record profits this quarter.,"Notably, record profits were announced by the company for the current quarter.",0.98,Very High,Same Meaning
915,"As widely reported, due to bad weather, the airline had to cancel a number of flights.","As widely reported, passengers were offered vouchers for future travel after the disruption.",0.61,Medium,Related
916,"As widely reported, the championship was won by the soccer team in a thrilling final match.","Notably, thousands of fans celebrated in the streets after the victory.",0.47,Medium,Related
917,"According to the report, due to bad weather, the airline had to cancel a number of flights.","As widely reported, the airline operated all its flights on schedule despite the storm.",0.26,Low,Contradiction
918,"As widely reported, a new gluten-free pastry line was launched by the bakery.",Thousands of fans celebrated in the streets after the victory.,0.1,Very Low,Unrelated
919,"As widely reported, a new exhibit about ancient civilizations opened at the museum.","According to the report, visitors can attend guided tours of the museum every weekend.",0.5,Medium,Related
920,"Notably, a new exhibit about ancient civilizations opened at the museum.","According to the report, the museum closed its ancient civilizations exhibit permanently.",0.22,Low,Contradiction
921,"According to the report, the students studied hard for their final exams.",It was noted that the students put in a lot of effort studying for finals.,0.97,Very High,Same Meaning
922,"Notably, due to bad weather, the airline had to cancel a number of flights.",Passengers were offered vouchers for future travel after the disruption.,0.48,Medium,Related
923,It was noted that the startup developed an app that helps farmers monitor soil health.,"Notably, cyclists reported feeling safer thanks to new dedicated bike lanes.",0.05,Very Low,Unrelated
924,A new gluten-free pastry line was launched by the bakery.,"As widely reported, customers have praised the bakery's friendly staff and cozy atmosphere.",0.5,Medium,Related
925,The chef prepared a delicious meal for the guests.,"According to the report, the guests were served a tasty meal that the chef had cooked.",0.82,High,Paraphrase
926,It was noted that the city launched a bike-sharing program to reduce traffic congestion.,Sources confirmed that the startup developed an app that helps farmers monitor soil health.,0.06,Very Low,Unrelated
927,"Notably, a delicious meal was made by the chef for the guests.",Sources confirmed that the chef prepared a delicious meal for the guests.,0.93,Very High,Same Meaning
928,"According to the report, just before sunset, the hikers arrived at the summit.","Notably, just before sunset, the hikers arrived at the summit.",0.76,High,Paraphrase
929,It was noted that the film received widespread critical acclaim upon release.,"As widely reported, the lead actor won several awards for the role.",0.51,Medium,Related
930,"As widely reported, to cut down on traffic, the city introduced a bike-sharing program.","According to the report, the city launched a bike-sharing program to reduce traffic congestion.",0.9,Very High,Same Meaning
931,"As widely reported, for their final exams, the students prepared diligently.",It was noted that record profits were announced by the company for the current quarter.,0.02,Very Low,Unrelated
932,"According to the report, the city launched a bike-sharing program to reduce traffic congestion.",A bike-sharing program was launched by the city to ease traffic congestion.,0.88,High,Paraphrase
933,"Notably, the volunteers cleaned up litter along the riverbank last weekend.",Sources confirmed that the volunteers cleaned up litter along the riverbank last weekend.,0.88,High,Paraphrase
934,Sources confirmed that the company announced record profits this quarter.,It was noted that a delicious meal was made by the chef for the guests.,0.12,Very Low,Unrelated
935,It was noted that the guests were served a tasty meal that the chef had cooked.,"According to the report, the guests were served a tasty meal that the chef had cooked.",0.94,Very High,Same Meaning
936,"According to the report, the guests were served a tasty meal that the chef had cooked.",Sources confirmed that the restaurant received great reviews for its outstanding service.,0.6,Medium,Related
937,Sources confirmed that the startup developed an app that helps farmers monitor soil health.,"As widely reported, the museum's latest exhibit focuses on ancient civilizations.",0.06,Very Low,Unrelated
938,"It was noted that just before sunset, the hikers arrived at the summit.",Sources confirmed that the hikers turned back before reaching the summit.,0.28,Low,Contradiction
939,"As widely reported, the championship was won by the soccer team in a thrilling final match.",The soccer team lost the championship in a disappointing final.,0.2,Low,Contradiction
940,"As widely reported, the startup developed an app that helps farmers monitor soil health.","Notably, this quarter, the company reported record breaking profits.",0.04,Very Low,Unrelated
941,"As widely reported, the city council approved funding for a new public park.",Sources confirmed that funding for a new public park was approved by the city council.,0.86,High,Paraphrase
942,It was noted that fans welcomed the release of the novelist's sequel this spring.,"According to the report, fans welcomed the release of the novelist's sequel this spring.",0.99,Very High,Same Meaning
943,"Notably, an app for monitoring soil health was created by the startup for farmers.",Agricultural experts praised the app's accuracy in the field.,0.51,Medium,Related
944,"According to the report, the championship was won by the soccer team in a thrilling final match.","Notably, the museum's latest exhibit focuses on ancient civilizations.",0.1,Very Low,Unrelated
945,"Notably, the hospital opened a new wing dedicated to pediatric care.","As widely reported, the factory's energy consumption dropped after an equipment upgrade.",0.04,Very Low,Unrelated
946,It was noted that the scientists published groundbreaking research on renewable energy.,"Notably, the university received a large grant to fund further energy research.",0.46,Medium,Related
947,"According to the report, several flights were canceled by the airline because of poor weather conditions.",The airline operated all its flights on schedule despite the storm.,0.2,Low,Contradiction
948,A much better camera is one of the new smartphone's key features.,"As widely reported, to cut down on traffic, the city introduced a bike-sharing program.",0.04,Very Low,Unrelated
949,It was noted that the students put in a lot of effort studying for finals.,The students studied hard for their final exams.,0.75,High,Paraphrase
950,Sources confirmed that the film received widespread critical acclaim upon release.,The lead actor won several awards for the role.,0.58,Medium,Related
951,"According to the report, the city council approved funding for a new public park.","As widely reported, the scientists published groundbreaking research on renewable energy.",0.08,Very Low,Unrelated
952,"As widely reported, this spring, the novelist's long-awaited sequel finally arrived.",It was noted that the novelist postponed the release of her sequel indefinitely.,0.3,Low,Contradiction
953,"As widely reported, the museum unveiled a new exhibit on ancient civilizations.",It was noted that a new exhibit about ancient civilizations opened at the museum.,0.82,High,Paraphrase
954,"As widely reported, the new smartphone features a significantly improved camera.",It was noted that the startup developed an app that helps farmers monitor soil health.,0.02,Very Low,Unrelated
955,"According to the report, the bakery introduced a new line of gluten-free pastries.",It was noted that the bakery introduced a new line of gluten-free pastries.,0.82,High,Paraphrase
956,It was noted that the students put in a lot of effort studying for finals.,"According to the report, the students barely studied and skipped most of their classes.",0.29,Low,Contradiction
957,"Notably, the students put in a lot of effort studying for finals.","Notably, the students barely studied and skipped most of their classes.",0.23,Low,Contradiction
958,Sources confirmed that the research team released a major study about renewable energy.,"According to the report, the university received a large grant to fund further energy research.",0.58,Medium,Related
959,Sources confirmed that fans welcomed the release of the novelist's sequel this spring.,"Notably, the novelist postponed the release of her sequel indefinitely.",0.31,Low,Contradiction
960,New equipment was installed at the factory to cut energy use.,"Notably, the book tour will include stops in several major cities.",0.14,Very Low,Unrelated
961,Sources confirmed that the championship was won by the soccer team in a thrilling final match.,It was noted that the soccer team lost the championship in a disappointing final.,0.32,Low,Contradiction
962,"As widely reported, due to bad weather, the airline had to cancel a number of flights.",It was noted that the airline canceled several flights due to bad weather.,0.79,High,Paraphrase
963,Sources confirmed that the chef prepared a delicious meal for the guests.,It was noted that a delicious meal was made by the chef for the guests.,0.84,High,Paraphrase
964,It was noted that several flights were canceled by the airline because of poor weather conditions.,"Notably, passengers were offered vouchers for future travel after the disruption.",0.59,Medium,Related
965,"According to the report, the guests were served a tasty meal that the chef had cooked.","According to the report, the restaurant received great reviews for its outstanding service.",0.49,Medium,Related
966,"According to the report, the chef prepared a delicious meal for the guests.","As widely reported, the chef ruined the meal and the guests left disappointed.",0.15,Low,Contradiction
967,"According to the report, the airline canceled several flights due to bad weather.","According to the report, passengers were offered vouchers for future travel after the disruption.",0.54,Medium,Related
968,The group of hikers made it to the top right before the sun went down.,"According to the report, the trail offered stunning views of the surrounding valley.",0.58,Medium,Related
969,"According to the report, upon its release, the film was widely praised by critics.","Notably, the chef prepared a delicious meal for the guests.",0.1,Very Low,Unrelated
970,Sources confirmed that the bakery introduced a new line of gluten-free pastries.,A new gluten-free pastry line was launched by the bakery.,0.79,High,Paraphrase
971,Sources confirmed that the students studied hard for their final exams.,Cyclists reported feeling safer thanks to new dedicated bike lanes.,0.03,Very Low,Unrelated
972,"According to the report, the hospital opened a new wing dedicated to pediatric care.","According to the report, donors contributed generously to fund the hospital's expansion.",0.47,Medium,Related
973,Sources confirmed that critics gave the film glowing reviews when it came out.,Local residents have long requested more green spaces downtown.,0.09,Very Low,Unrelated
974,It was noted that the championship was won by the soccer team in a thrilling final match.,"Sources confirmed that after a dramatic final, the soccer team claimed the championship title.",0.99,Very High,Same Meaning
975,Sources confirmed that a much better camera is one of the new smartphone's key features.,Sources confirmed that the new smartphone features a significantly improved camera.,0.86,High,Paraphrase
976,"As widely reported, just before sunset, the hikers arrived at the summit.",The upgrade is expected to lower operating costs significantly.,0.14,Very Low,Unrelated
977,Sources confirmed that a much better camera is one of the new smartphone's key features.,It was noted that reviewers praised the phone's battery life and sleek design.,0.55,Medium,Related
978,"As widely reported, the hospital opened a new wing dedicated to pediatric care.","As widely reported, the hospital's new wing focuses on caring for young patients.",0.77,High,Paraphrase
979,The orchestra performed a moving tribute to the late composer.,Tickets for the tribute concert sold out within hours.,0.57,Medium,Related
980,"According to the report, the factory upgraded its equipment to reduce energy consumption.",New equipment was installed at the factory to cut energy use.,0.95,Very High,Same Meaning
981,It was noted that the championship was won by the soccer team in a thrilling final match.,"According to the report, the soccer team won the championship after a dramatic final.",0.77,High,Paraphrase
982,The championship was won by the soccer team in a thrilling final match.,"Notably, the smartphone's camera has been greatly improved in this new version.",0.06,Very Low,Unrelated
983,"According to the report, the company announced record profits this quarter.",Sources confirmed that the orchestra performed a moving tribute to the late composer.,0.06,Very Low,Unrelated
984,Sources confirmed that record profits were announced by the company for the current quarter.,"Notably, the company reported a significant loss this quarter.",0.2,Low,Contradiction
985,"According to the report, groundbreaking research on renewable energy was published by the scientists.","As widely reported, groundbreaking research on renewable energy was published by the scientists.",0.95,Very High,Same Meaning
986,The airline canceled several flights due to bad weather.,"Sources confirmed that due to bad weather, the airline had to cancel a number of flights.",0.82,High,Paraphrase
987,"As widely reported, this quarter, the company reported record breaking profits.","Notably, the company announced record profits this quarter.",0.94,Very High,Same Meaning
988,The soccer team won the championship after a dramatic final.,Sources confirmed that thousands of fans celebrated in the streets after the victory.,0.55,Medium,Related
989,"Notably, the company announced record profits this quarter.","According to the report, the company reported a significant loss this quarter.",0.16,Low,Contradiction
990,"According to the report, the scientists published groundbreaking research on renewable energy.",The scientists published groundbreaking research on renewable energy.,0.87,High,Paraphrase
991,"According to the report, a new pediatric care wing was opened at the hospital.",Sources confirmed that the airline canceled several flights due to bad weather.,0.05,Very Low,Unrelated
992,"Notably, record profits were announced by the company for the current quarter.","Notably, new equipment was installed at the factory to cut energy use.",0.08,Very Low,Unrelated
993,It was noted that groundbreaking research on renewable energy was published by the scientists.,"It was noted that due to bad weather, the airline had to cancel a number of flights.",0.07,Very Low,Unrelated
994,"Notably, last weekend, volunteers spent hours removing litter from the riverbank.",Sources confirmed that the event was organized by a local environmental group.,0.62,Medium,Related
995,"According to the report, the guests were served a tasty meal that the chef had cooked.","As widely reported, a delicious meal was made by the chef for the guests.",0.77,High,Paraphrase
996,Sources confirmed that the airline canceled several flights due to bad weather.,"According to the report, the airline canceled several flights due to bad weather.",0.98,Very High,Same Meaning
997,It was noted that record profits were announced by the company for the current quarter.,"Notably, the company reported a significant loss this quarter.",0.25,Low,Contradiction
998,"Upon its release, the film was widely praised by critics.",The film received widespread critical acclaim upon release.,0.75,High,Paraphrase
999,"Upon its release, the film was widely praised by critics.","Notably, the lead actor won several awards for the role.",0.48,Medium,Related
1000,"As widely reported, the students put in a lot of effort studying for finals.",It was noted that the students put in a lot of effort studying for finals.,0.92,Very High,Same Meaning
1001,It was noted that the city council approved funding for a new public park.,"Notably, funding for a new public park was approved by the city council.",0.92,Very High,Same Meaning
1002,It was noted that a delicious meal was made by the chef for the guests.,"Notably, the chef prepared a delicious meal for the guests.",0.86,High,Paraphrase
1003,The bakery introduced a new line of gluten-free pastries.,Sources confirmed that customers have praised the bakery's friendly staff and cozy atmosphere.,0.63,Medium,Related
1004,"Notably, due to bad weather, the airline had to cancel a number of flights.",It was noted that several flights were canceled by the airline because of poor weather conditions.,0.79,High,Paraphrase
1005,It was noted that the city launched a bike-sharing program to reduce traffic congestion.,"As widely reported, cyclists reported feeling safer thanks to new dedicated bike lanes.",0.49,Medium,Related
1006,"Notably, the council voted to fund the construction of a new public park.",Sources confirmed that the city council rejected the proposal for a new public park.,0.3,Low,Contradiction
1007,Sources confirmed that the guests were served a tasty meal that the chef had cooked.,"As widely reported, the restaurant received great reviews for its outstanding service.",0.5,Medium,Related
1008,It was noted that the novelist released her long-awaited sequel this spring.,Sources confirmed that the book tour will include stops in several major cities.,0.58,Medium,Related
1009,The museum's latest exhibit focuses on ancient civilizations.,"According to the report, the museum's latest exhibit focuses on ancient civilizations.",0.8,High,Paraphrase
1010,"Notably, last weekend, volunteers spent hours removing litter from the riverbank.","As widely reported, the event was organized by a local environmental group.",0.52,Medium,Related
1011,"Notably, the volunteers cleaned up litter along the riverbank last weekend.",The event was organized by a local environmental group.,0.48,Medium,Related
1012,"Notably, the city council approved funding for a new public park.",It was noted that local residents have long requested more green spaces downtown.,0.57,Medium,Related
1013,"As widely reported, fans welcomed the release of the novelist's sequel this spring.","As widely reported, to cut down on traffic, the city introduced a bike-sharing program.",0.1,Very Low,Unrelated
1014,"Notably, a much better camera is one of the new smartphone's key features.",A much better camera is one of the new smartphone's key features.,0.97,Very High,Same Meaning
1015,The research team released a major study about renewable energy.,"Notably, the research team released a major study about renewable energy.",0.98,Very High,Same Meaning
1016,It was noted that the chef prepared a delicious meal for the guests.,The guests were served a tasty meal that the chef had cooked.,0.91,Very High,Same Meaning
1017,A moving tribute to the late composer was performed by the orchestra.,The orchestra canceled its planned tribute to the composer.,0.2,Low,Contradiction
1018,Sources confirmed that the novelist released her long-awaited sequel this spring.,"Notably, this spring, the novelist's long-awaited sequel finally arrived.",0.8,High,Paraphrase
1019,Sources confirmed that the airline canceled several flights due to bad weather.,"Sources confirmed that due to bad weather, the airline had to cancel a number of flights.",0.88,High,Paraphrase
1020,"Notably, several flights were canceled by the airline because of poor weather conditions.","According to the report, passengers were offered vouchers for future travel after the disruption.",0.47,Medium,Related
1021,"According to the report, the council voted to fund the construction of a new public park.","Notably, the city council approved funding for a new public park.",0.85,High,Paraphrase
1022,"According to the report, the museum unveiled a new exhibit on ancient civilizations.",The novelist released her long-awaited sequel this spring.,0.06,Very Low,Unrelated
1023,Sources confirmed that the startup developed an app that helps farmers monitor soil health.,"According to the report, agricultural experts praised the app's accuracy in the field.",0.6,Medium,Related
1024,"As widely reported, fans welcomed the release of the novelist's sequel this spring.",Sources confirmed that the book tour will include stops in several major cities.,0.52,Medium,Related
1025,Sources confirmed that the championship was won by the soccer team in a thrilling final match.,Sources confirmed that the soccer team lost the championship in a disappointing final.,0.24,Low,Contradiction
1026,"As widely reported, the hospital's new wing focuses on caring for young patients.","As widely reported, the hospital closed its pediatric care wing due to budget cuts.",0.3,Low,Contradiction
1027,Sources confirmed that the orchestra performed a moving tribute to the late composer.,"Notably, tickets for the tribute concert sold out within hours.",0.62,Medium,Related
1028,"Notably, the championship was won by the soccer team in a thrilling final match.",Fans welcomed the release of the novelist's sequel this spring.,0.08,Very Low,Unrelated
1029,It was noted that a bike-sharing program was launched by the city to ease traffic congestion.,"According to the report, a bike-sharing program was launched by the city to ease traffic congestion.",0.97,Very High,Same Meaning
1030,Sources confirmed that the hospital's new wing focuses on caring for young patients.,A new pediatric care wing was opened at the hospital.,0.85,High,Paraphrase
1031,It was noted that the museum's latest exhibit focuses on ancient civilizations.,"According to the report, the museum closed its ancient civilizations exhibit permanently.",0.35,Low,Contradiction
1032,It was noted that a new pediatric care wing was opened at the hospital.,"As widely reported, the hospital closed its pediatric care wing due to budget cuts.",0.35,Low,Contradiction
1033,"As widely reported, the students put in a lot of effort studying for finals.",The students barely studied and skipped most of their classes.,0.34,Low,Contradiction
1034,"According to the report, the city launched a bike-sharing program to reduce traffic congestion.","According to the report, the bakery started offering gluten-free pastries as a new product line.",0.11,Very Low,Unrelated
1035,The airline canceled several flights due to bad weather.,"Notably, the airline operated all its flights on schedule despite the storm.",0.28,Low,Contradiction
1036,"As widely reported, critics gave the film glowing reviews when it came out.","As widely reported, upon its release, the film was widely praised by critics.",0.92,Very High,Same Meaning
1037,It was noted that litter along the riverbank was cleared by volunteers last weekend.,"According to the report, last weekend, volunteers spent hours removing litter from the riverbank.",0.78,High,Paraphrase
1038,Sources confirmed that the airline canceled several flights due to bad weather.,Several flights were canceled by the airline because of poor weather conditions.,0.98,Very High,Same Meaning
1039,"According to the report, record profits were announced by the company for the current quarter.","Notably, the company announced record profits this quarter.",0.93,Very High,Same Meaning
1040,"According to the report, the museum's latest exhibit focuses on ancient civilizations.","As widely reported, visitors can attend guided tours of the museum every weekend.",0.47,Medium,Related
1041,The new smartphone features a significantly improved camera.,It was noted that the new smartphone features a significantly improved camera.,0.79,High,Paraphrase
1042,"Notably, the soccer team won the championship after a dramatic final.",It was noted that the soccer team lost the championship in a disappointing final.,0.2,Low,Contradiction
1043,"Notably, last weekend, volunteers spent hours removing litter from the riverbank.",It was noted that the volunteers cleaned up litter along the riverbank last weekend.,0.76,High,Paraphrase
1044,"As widely reported, an app for monitoring soil health was created by the startup for farmers.",Sources confirmed that an app for monitoring soil health was created by the startup for farmers.,0.98,Very High,Same Meaning
1045,A much better camera is one of the new smartphone's key features.,"According to the report, the trail offered stunning views of the surrounding valley.",0.05,Very Low,Unrelated
1046,"As widely reported, the hospital opened a new wing dedicated to pediatric care.",A new exhibit about ancient civilizations opened at the museum.,0.11,Very Low,Unrelated
1047,Sources confirmed that the museum unveiled a new exhibit on ancient civilizations.,Sources confirmed that the city council approved funding for a new public park.,0.02,Very Low,Unrelated
1048,Groundbreaking research on renewable energy was published by the scientists.,"According to the report, critics gave the film glowing reviews when it came out.",0.05,Very Low,Unrelated
1049,Sources confirmed that the museum unveiled a new exhibit on ancient civilizations.,The volunteers cleaned up litter along the riverbank last weekend.,0.13,Very Low,Unrelated
1050,"Notably, the museum's latest exhibit focuses on ancient civilizations.","As widely reported, the museum's latest exhibit focuses on ancient civilizations.",0.8,High,Paraphrase
1051,It was noted that the chef prepared a delicious meal for the guests.,"Sources confirmed that upon its release, the film was widely praised by critics.",0.09,Very Low,Unrelated
1052,The bakery started offering gluten-free pastries as a new product line.,"As widely reported, the bakery introduced a new line of gluten-free pastries.",0.75,High,Paraphrase
1053,A bike-sharing program was launched by the city to ease traffic congestion.,"As widely reported, the city launched a bike-sharing program to reduce traffic congestion.",0.8,High,Paraphrase
1054,The city launched a bike-sharing program to reduce traffic congestion.,It was noted that cyclists reported feeling safer thanks to new dedicated bike lanes.,0.56,Medium,Related
1055,"According to the report, funding for a new public park was approved by the city council.",Sources confirmed that funding for a new public park was approved by the city council.,0.96,Very High,Same Meaning
1056,"As widely reported, the film received widespread critical acclaim upon release.","Notably, critics gave the film glowing reviews when it came out.",0.86,High,Paraphrase
1057,"Sources confirmed that due to bad weather, the airline had to cancel a number of flights.","Notably, the volunteers cleaned up litter along the riverbank last weekend.",0.03,Very Low,Unrelated
1058,"Notably, this quarter, the company reported record breaking profits.","Notably, the company announced record profits this quarter.",0.8,High,Paraphrase
1059,"Notably, the museum's latest exhibit focuses on ancient civilizations.",Sources confirmed that visitors can attend guided tours of the museum every weekend.,0.56,Medium,Related
1060,It was noted that a new exhibit about ancient civilizations opened at the museum.,Sources confirmed that a new exhibit about ancient civilizations opened at the museum.,0.93,Very High,Same Meaning
1061,"As widely reported, this spring, the novelist's long-awaited sequel finally arrived.","Notably, the novelist postponed the release of her sequel indefinitely.",0.25,Low,Contradiction
1062,"Notably, the company announced record profits this quarter.",Sources confirmed that the company reported a significant loss this quarter.,0.2,Low,Contradiction
1063,"Notably, the museum's latest exhibit focuses on ancient civilizations.","According to the report, the museum's latest exhibit focuses on ancient civilizations.",0.9,Very High,Same Meaning
1064,"As widely reported, the group of hikers made it to the top right before the sun went down.","According to the report, the hikers turned back before reaching the summit.",0.31,Low,Contradiction
1065,It was noted that new equipment was installed at the factory to cut energy use.,Sources confirmed that the factory upgraded its equipment to reduce energy consumption.,0.78,High,Paraphrase
1066,It was noted that the company announced record profits this quarter.,"According to the report, this quarter, the company reported record breaking profits.",0.87,High,Paraphrase
1067,Fans welcomed the release of the novelist's sequel this spring.,It was noted that fans welcomed the release of the novelist's sequel this spring.,0.96,Very High,Same Meaning
1068,"Notably, the city council approved funding for a new public park.","According to the report, the city council approved funding for a new public park.",0.82,High,Paraphrase
1069,Sources confirmed that the chef prepared a delicious meal for the guests.,"As widely reported, the restaurant received great reviews for its outstanding service.",0.64,Medium,Related
1070,It was noted that a bike-sharing program was launched by the city to ease traffic congestion.,The city launched a bike-sharing program to reduce traffic congestion.,0.9,Very High,Same Meaning
1071,"As widely reported, the council voted to fund the construction of a new public park.",Sources confirmed that the council voted to fund the construction of a new public park.,0.89,High,Paraphrase
1072,Sources confirmed that a delicious meal was made by the chef for the guests.,"According to the report, the restaurant received great reviews for its outstanding service.",0.5,Medium,Related
1073,"According to the report, the factory's energy consumption dropped after an equipment upgrade.","According to the report, new equipment was installed at the factory to cut energy use.",0.95,Very High,Same Meaning
1074,"According to the report, the museum unveiled a new exhibit on ancient civilizations.","According to the report, visitors can attend guided tours of the museum every weekend.",0.45,Medium,Related
1075,It was noted that an app for monitoring soil health was created by the startup for farmers.,"Notably, farmers can now use the startup's app to track soil health.",0.83,High,Paraphrase
1076,"Notably, record profits were announced by the company for the current quarter.","According to the report, the company reported a significant loss this quarter.",0.2,Low,Contradiction
1077,It was noted that the factory upgraded its equipment to reduce energy consumption.,"Notably, the upgrade is expected to lower operating costs significantly.",0.63,Medium,Related
1078,"Notably, for their final exams, the students prepared diligently.","As widely reported, tickets for the tribute concert sold out within hours.",0.05,Very Low,Unrelated
1079,The students put in a lot of effort studying for finals.,"As widely reported, the teacher offered extra review sessions before the exam period.",0.53,Medium,Related
1080,"Notably, funding for a new public park was approved by the city council.",The council voted to fund the construction of a new public park.,0.79,High,Paraphrase
1081,The orchestra honored the late composer with an emotional performance.,It was noted that the orchestra canceled its planned tribute to the composer.,0.24,Low,Contradiction
1082,It was noted that a new pediatric care wing was opened at the hospital.,"As widely reported, to cut down on traffic, the city introduced a bike-sharing program.",0.13,Very Low,Unrelated
1083,It was noted that a bike-sharing program was launched by the city to ease traffic congestion.,"Notably, the restaurant received great reviews for its outstanding service.",0.04,Very Low,Unrelated
1084,It was noted that a new pediatric care wing was opened at the hospital.,Donors contributed generously to fund the hospital's expansion.,0.55,Medium,Related
1085,It was noted that the volunteers cleaned up litter along the riverbank last weekend.,"According to the report, the factory upgraded its equipment to reduce energy consumption.",0.11,Very Low,Unrelated
1086,"As widely reported, the volunteers cleaned up litter along the riverbank last weekend.",Sources confirmed that litter along the riverbank was cleared by volunteers last weekend.,0.97,Very High,Same Meaning
1087,It was noted that the city council approved funding for a new public park.,Sources confirmed that the council voted to fund the construction of a new public park.,0.85,High,Paraphrase
1088,Sources confirmed that the guests were served a tasty meal that the chef had cooked.,It was noted that the chef prepared a delicious meal for the guests.,0.91,Very High,Same Meaning
1089,"According to the report, the research team released a major study about renewable energy.",Sources confirmed that the scientists' research on renewable energy was widely criticized as flawed.,0.19,Low,Contradiction
1090,It was noted that a much better camera is one of the new smartphone's key features.,"According to the report, the smartphone's camera has been greatly improved in this new version.",0.99,Very High,Same Meaning
1091,"Notably, a new pediatric care wing was opened at the hospital.",Sources confirmed that cyclists reported feeling safer thanks to new dedicated bike lanes.,0.03,Very Low,Unrelated
1092,"According to the report, an app for monitoring soil health was created by the startup for farmers.","Notably, the startup's soil monitoring app was found to be unreliable.",0.29,Low,Contradiction
1093,Sources confirmed that the championship was won by the soccer team in a thrilling final match.,"Just before sunset, the hikers arrived at the summit.",0.14,Very Low,Unrelated
1094,"Notably, the airline canceled several flights due to bad weather.","Notably, the hospital opened a new wing dedicated to pediatric care.",0.14,Very Low,Unrelated
1095,"Notably, the museum's latest exhibit focuses on ancient civilizations.","As widely reported, a new exhibit about ancient civilizations opened at the museum.",0.9,Very High,Same Meaning
1096,Sources confirmed that the hospital's new wing focuses on caring for young patients.,The hospital's new wing focuses on caring for young patients.,0.91,Very High,Same Meaning
1097,"According to the report, the students put in a lot of effort studying for finals.",Sources confirmed that the teacher offered extra review sessions before the exam period.,0.46,Medium,Related
1098,"Notably, the city launched a bike-sharing program to reduce traffic congestion.","According to the report, a bike-sharing program was launched by the city to ease traffic congestion.",0.93,Very High,Same Meaning
1099,It was noted that a new gluten-free pastry line was launched by the bakery.,"Notably, customers have praised the bakery's friendly staff and cozy atmosphere.",0.6,Medium,Related
1100,It was noted that fans welcomed the release of the novelist's sequel this spring.,"According to the report, the novelist released her long-awaited sequel this spring.",0.98,Very High,Same Meaning
1101,"Notably, record profits were announced by the company for the current quarter.",Sources confirmed that the company announced record profits this quarter.,0.95,Very High,Same Meaning
1102,Record profits were announced by the company for the current quarter.,Sources confirmed that the company reported a significant loss this quarter.,0.16,Low,Contradiction
1103,"Sources confirmed that this quarter, the company reported record breaking profits.",Sources confirmed that groundbreaking research on renewable energy was published by the scientists.,0.02,Very Low,Unrelated
1104,"Notably, an app for monitoring soil health was created by the startup for farmers.",Sources confirmed that the startup developed an app that helps farmers monitor soil health.,0.83,High,Paraphrase
1105,"According to the report, fans welcomed the release of the novelist's sequel this spring.","As widely reported, this spring, the novelist's long-awaited sequel finally arrived.",0.85,High,Paraphrase
1106,"As widely reported, after a dramatic final, the soccer team claimed the championship title.",It was noted that a bike-sharing program was launched by the city to ease traffic congestion.,0.12,Very Low,Unrelated
1107,Sources confirmed that the museum's latest exhibit focuses on ancient civilizations.,"As widely reported, the museum's latest exhibit focuses on ancient civilizations.",0.96,Very High,Same Meaning
1108,Record profits were announced by the company for the current quarter.,It was noted that record profits were announced by the company for the current quarter.,0.85,High,Paraphrase
1109,"According to the report, just before sunset, the hikers arrived at the summit.","As widely reported, the airline canceled several flights due to bad weather.",0.07,Very Low,Unrelated
1110,"According to the report, the museum unveiled a new exhibit on ancient civilizations.",Sources confirmed that visitors can attend guided tours of the museum every weekend.,0.61,Medium,Related
1111,"As widely reported, the hospital opened a new wing dedicated to pediatric care.","According to the report, the hospital opened a new wing dedicated to pediatric care.",0.97,Very High,Same Meaning
1112,Sources confirmed that the novelist released her long-awaited sequel this spring.,Fans welcomed the release of the novelist's sequel this spring.,0.87,High,Paraphrase
1113,"It was noted that this quarter, the company reported record breaking profits.","According to the report, record profits were announced by the company for the current quarter.",0.78,High,Paraphrase
1114,"Notably, the research team released a major study about renewable energy.",It was noted that groundbreaking research on renewable energy was published by the scientists.,0.89,High,Paraphrase
1115,"Notably, the airline canceled several flights due to bad weather.",Funding for a new public park was approved by the city council.,0.09,Very Low,Unrelated
1116,The scientists published groundbreaking research on renewable energy.,"Notably, the university received a large grant to fund further energy research.",0.45,Medium,Related
1117,It was noted that farmers can now use the startup's app to track soil health.,"Notably, the startup's soil monitoring app was found to be unreliable.",0.23,Low,Contradiction
1118,Sources confirmed that the scientists published groundbreaking research on renewable energy.,"Notably, the scientists' research on renewable energy was widely criticized as flawed.",0.31,Low,Contradiction
1119,It was noted that the museum's latest exhibit focuses on ancient civilizations.,It was noted that the museum unveiled a new exhibit on ancient civilizations.,0.79,High,Paraphrase
1120,"As widely reported, the group of hikers made it to the top right before the sun went down.","Notably, the trail offered stunning views of the surrounding valley.",0.46,Medium,Related
1121,It was noted that funding for a new public park was approved by the city council.,Sources confirmed that the council voted to fund the construction of a new public park.,0.92,Very High,Same Meaning
1122,The new smartphone features a significantly improved camera.,"As widely reported, reviewers praised the phone's battery life and sleek design.",0.56,Medium,Related
1123,Fans welcomed the release of the novelist's sequel this spring.,The novelist released her long-awaited sequel this spring.,0.99,Very High,Same Meaning
1124,Sources confirmed that several flights were canceled by the airline because of poor weather conditions.,Passengers were offered vouchers for future travel after the disruption.,0.49,Medium,Related
1125,"Notably, a new pediatric care wing was opened at the hospital.","As widely reported, a new pediatric care wing was opened at the hospital.",0.94,Very High,Same Meaning
1126,"As widely reported, the bakery started offering gluten-free pastries as a new product line.",Sources confirmed that the bakery started offering gluten-free pastries as a new product line.,0.96,Very High,Same Meaning
1127,Sources confirmed that new equipment was installed at the factory to cut energy use.,The factory upgraded its equipment to reduce energy consumption.,0.76,High,Paraphrase
1128,"Notably, several flights were canceled by the airline because of poor weather conditions.","As widely reported, several flights were canceled by the airline because of poor weather conditions.",0.91,Very High,Same Meaning
1129,"Notably, litter along the riverbank was cleared by volunteers last weekend.","Notably, the event was organized by a local environmental group.",0.55,Medium,Related
1130,"Notably, the bakery started offering gluten-free pastries as a new product line.","As widely reported, cyclists reported feeling safer thanks to new dedicated bike lanes.",0.1,Very Low,Unrelated
1131,"According to the report, the factory upgraded its equipment to reduce energy consumption.","As widely reported, thousands of fans celebrated in the streets after the victory.",0.14,Very Low,Unrelated
1132,"Notably, funding for a new public park was approved by the city council.","According to the report, the city council approved funding for a new public park.",0.93,Very High,Same Meaning
1133,Sources confirmed that the factory's energy consumption dropped after an equipment upgrade.,The factory upgraded its equipment to reduce energy consumption.,0.88,High,Paraphrase
1134,"It was noted that upon its release, the film was widely praised by critics.","According to the report, upon its release, the film was widely praised by critics.",0.92,Very High,Same Meaning
1135,"Notably, a new gluten-free pastry line was launched by the bakery.",Sources confirmed that the airline canceled several flights due to bad weather.,0.06,Very Low,Unrelated
1136,"According to the report, a moving tribute to the late composer was performed by the orchestra.","Notably, the orchestra honored the late composer with an emotional performance.",0.85,High,Paraphrase
1137,"Notably, the bakery introduced a new line of gluten-free pastries.","As widely reported, the bakery started offering gluten-free pastries as a new product line.",0.91,Very High,Same Meaning
1138,It was noted that the championship was won by the soccer team in a thrilling final match.,Sources confirmed that the championship was won by the soccer team in a thrilling final match.,0.93,Very High,Same Meaning
1139,Sources confirmed that the museum's latest exhibit focuses on ancient civilizations.,Sources confirmed that the museum unveiled a new exhibit on ancient civilizations.,0.98,Very High,Same Meaning
1140,"According to the report, an app for monitoring soil health was created by the startup for farmers.",Sources confirmed that an app for monitoring soil health was created by the startup for farmers.,0.98,Very High,Same Meaning
1141,"As widely reported, the startup developed an app that helps farmers monitor soil health.",Agricultural experts praised the app's accuracy in the field.,0.47,Medium,Related
1142,"As widely reported, the championship was won by the soccer team in a thrilling final match.","As widely reported, the soccer team lost the championship in a disappointing final.",0.29,Low,Contradiction
1143,The research team released a major study about renewable energy.,"As widely reported, the scientists published groundbreaking research on renewable energy.",0.78,High,Paraphrase
1144,Sources confirmed that the students studied hard for their final exams.,"Notably, the students barely studied and skipped most of their classes.",0.27,Low,Contradiction
1145,"Notably, the hikers reached the summit just before sunset.","According to the report, agricultural experts praised the app's accuracy in the field.",0.14,Very Low,Unrelated
1146,"According to the report, the championship was won by the soccer team in a thrilling final match.","After a dramatic final, the soccer team claimed the championship title.",0.97,Very High,Same Meaning
1147,"Notably, the hospital's new wing focuses on caring for young patients.",Sources confirmed that the hospital's new wing focuses on caring for young patients.,0.8,High,Paraphrase
1148,The research team released a major study about renewable energy.,"Notably, the research team released a major study about renewable energy.",0.82,High,Paraphrase
1149,The hospital's new wing focuses on caring for young patients.,"Notably, several flights were canceled by the airline because of poor weather conditions.",0.14,Very Low,Unrelated
1150,The airline canceled several flights due to bad weather.,"As widely reported, last weekend, volunteers spent hours removing litter from the riverbank.",0.1,Very Low,Unrelated
1151,"It was noted that for their final exams, the students prepared diligently.","As widely reported, the teacher offered extra review sessions before the exam period.",0.65,Medium,Related
1152,It was noted that the city launched a bike-sharing program to reduce traffic congestion.,Sources confirmed that the city launched a bike-sharing program to reduce traffic congestion.,0.92,Very High,Same Meaning
1153,Sources confirmed that the factory's energy consumption dropped after an equipment upgrade.,"As widely reported, the orchestra honored the late composer with an emotional performance.",0.03,Very Low,Unrelated
1154,Sources confirmed that funding for a new public park was approved by the city council.,The city council rejected the proposal for a new public park.,0.33,Low,Contradiction
1155,Sources confirmed that the guests were served a tasty meal that the chef had cooked.,It was noted that the film received widespread critical acclaim upon release.,0.09,Very Low,Unrelated
1156,Sources confirmed that the council voted to fund the construction of a new public park.,"Notably, local residents have long requested more green spaces downtown.",0.5,Medium,Related
1157,"As widely reported, the group of hikers made it to the top right before the sun went down.",Sources confirmed that the hikers turned back before reaching the summit.,0.33,Low,Contradiction
1158,Sources confirmed that the students studied hard for their final exams.,The students put in a lot of effort studying for finals.,0.99,Very High,Same Meaning
1159,Record profits were announced by the company for the current quarter.,Sources confirmed that investors reacted positively to the company's latest earnings call.,0.52,Medium,Related
1160,"According to the report, the hikers reached the summit just before sunset.","As widely reported, the hikers reached the summit just before sunset.",0.98,Very High,Same Meaning
1161,Sources confirmed that the city launched a bike-sharing program to reduce traffic congestion.,"Notably, record profits were announced by the company for the current quarter.",0.11,Very Low,Unrelated
1162,"According to the report, the championship was won by the soccer team in a thrilling final match.",Sources confirmed that local residents have long requested more green spaces downtown.,0.05,Very Low,Unrelated
1163,It was noted that the championship was won by the soccer team in a thrilling final match.,The soccer team won the championship after a dramatic final.,0.92,Very High,Same Meaning
1164,"As widely reported, fans welcomed the release of the novelist's sequel this spring.","According to the report, fans welcomed the release of the novelist's sequel this spring.",0.96,Very High,Same Meaning
1165,"It was noted that this quarter, the company reported record breaking profits.","Notably, investors reacted positively to the company's latest earnings call.",0.51,Medium,Related
1166,Sources confirmed that groundbreaking research on renewable energy was published by the scientists.,"Sources confirmed that due to bad weather, the airline had to cancel a number of flights.",0.02,Very Low,Unrelated
1167,Sources confirmed that a moving tribute to the late composer was performed by the orchestra.,"As widely reported, visitors can attend guided tours of the museum every weekend.",0.05,Very Low,Unrelated
1168,"According to the report, the new smartphone features a significantly improved camera.","Notably, the scientists published groundbreaking research on renewable energy.",0.14,Very Low,Unrelated
1169,"Notably, record profits were announced by the company for the current quarter.","According to the report, record profits were announced by the company for the current quarter.",0.83,High,Paraphrase
1170,It was noted that the city council approved funding for a new public park.,Sources confirmed that funding for a new public park was approved by the city council.,0.84,High,Paraphrase
1171,The smartphone's camera has been greatly improved in this new version.,"Notably, a moving tribute to the late composer was performed by the orchestra.",0.05,Very Low,Unrelated
1172,Sources confirmed that the startup developed an app that helps farmers monitor soil health.,Sources confirmed that agricultural experts praised the app's accuracy in the field.,0.47,Medium,Related
1173,Sources confirmed that the bakery started offering gluten-free pastries as a new product line.,It was noted that a new gluten-free pastry line was launched by the bakery.,0.99,Very High,Same Meaning
1174,"To cut down on traffic, the city introduced a bike-sharing program.","As widely reported, reviewers praised the phone's battery life and sleek design.",0.11,Very Low,Unrelated
1175,It was noted that the scientists published groundbreaking research on renewable energy.,Sources confirmed that a bike-sharing program was launched by the city to ease traffic congestion.,0.06,Very Low,Unrelated
1176,"According to the report, the research team released a major study about renewable energy.","Notably, the scientists' research on renewable energy was widely criticized as flawed.",0.29,Low,Contradiction
1177,Sources confirmed that the volunteers cleaned up litter along the riverbank last weekend.,"Notably, litter along the riverbank was cleared by volunteers last weekend.",0.9,Very High,Same Meaning
1178,It was noted that a moving tribute to the late composer was performed by the orchestra.,"As widely reported, the orchestra honored the late composer with an emotional performance.",0.8,High,Paraphrase
1179,"According to the report, the factory upgraded its equipment to reduce energy consumption.",The factory's energy consumption rose after the equipment failed.,0.26,Low,Contradiction
1180,A new exhibit about ancient civilizations opened at the museum.,It was noted that the volunteers cleaned up litter along the riverbank last weekend.,0.09,Very Low,Unrelated
1181,"According to the report, the hikers reached the summit just before sunset.",The hikers reached the summit just before sunset.,0.83,High,Paraphrase
1182,"This spring, the novelist's long-awaited sequel finally arrived.",The novelist postponed the release of her sequel indefinitely.,0.27,Low,Contradiction
1183,"As widely reported, the bakery introduced a new line of gluten-free pastries.",It was noted that the bakery introduced a new line of gluten-free pastries.,0.75,High,Paraphrase
1184,The hospital opened a new wing dedicated to pediatric care.,Sources confirmed that a new pediatric care wing was opened at the hospital.,0.87,High,Paraphrase
1185,It was noted that the bakery started offering gluten-free pastries as a new product line.,"Notably, the bakery discontinued its gluten-free pastry line due to low demand.",0.17,Low,Contradiction
1186,"As widely reported, the bakery introduced a new line of gluten-free pastries.",The bakery started offering gluten-free pastries as a new product line.,0.76,High,Paraphrase
1187,It was noted that the research team released a major study about renewable energy.,"According to the report, the university received a large grant to fund further energy research.",0.48,Medium,Related
1188,"According to the report, the hikers reached the summit just before sunset.","According to the report, the city council approved funding for a new public park.",0.11,Very Low,Unrelated
1189,"As widely reported, the scientists published groundbreaking research on renewable energy.",It was noted that the research team released a major study about renewable energy.,0.8,High,Paraphrase
1190,"According to the report, the bakery introduced a new line of gluten-free pastries.","According to the report, customers have praised the bakery's friendly staff and cozy atmosphere.",0.55,Medium,Related
1191,It was noted that a new pediatric care wing was opened at the hospital.,"Notably, the hospital opened a new wing dedicated to pediatric care.",0.97,Very High,Same Meaning
1192,It was noted that groundbreaking research on renewable energy was published by the scientists.,"Notably, groundbreaking research on renewable energy was published by the scientists.",0.9,Very High,Same Meaning
1193,Sources confirmed that the orchestra performed a moving tribute to the late composer.,Sources confirmed that the orchestra honored the late composer with an emotional performance.,0.85,High,Paraphrase
1194,"As widely reported, due to bad weather, the airline had to cancel a number of flights.","According to the report, passengers were offered vouchers for future travel after the disruption.",0.51,Medium,Related
1195,"According to the report, due to bad weather, the airline had to cancel a number of flights.",The airline operated all its flights on schedule despite the storm.,0.29,Low,Contradiction
1196,Sources confirmed that a delicious meal was made by the chef for the guests.,"Notably, the restaurant received great reviews for its outstanding service.",0.62,Medium,Related
1197,The students studied hard for their final exams.,"Notably, the teacher offered extra review sessions before the exam period.",0.64,Medium,Related
1198,It was noted that the novelist released her long-awaited sequel this spring.,Sources confirmed that the novelist released her long-awaited sequel this spring.,0.91,Very High,Same Meaning
1199,"Notably, the championship was won by the soccer team in a thrilling final match.","As widely reported, the students studied hard for their final exams.",0.03,Very Low,Unrelated
1200,"Sources confirmed that to cut down on traffic, the city introduced a bike-sharing program.",Cyclists reported feeling safer thanks to new dedicated bike lanes.,0.5,Medium,Related
1201,Sources confirmed that the city council approved funding for a new public park.,It was noted that local residents have long requested more green spaces downtown.,0.56,Medium,Related
1202,It was noted that a new gluten-free pastry line was launched by the bakery.,Sources confirmed that the bakery started offering gluten-free pastries as a new product line.,0.84,High,Paraphrase
1203,The volunteers cleaned up litter along the riverbank last weekend.,"Notably, the volunteers cleaned up litter along the riverbank last weekend.",0.91,Very High,Same Meaning
1204,"As widely reported, the hikers reached the summit just before sunset.","It was noted that just before sunset, the hikers arrived at the summit.",0.78,High,Paraphrase
1205,The bakery started offering gluten-free pastries as a new product line.,Sources confirmed that cyclists reported feeling safer thanks to new dedicated bike lanes.,0.13,Very Low,Unrelated
1206,"As widely reported, the city council approved funding for a new public park.","According to the report, the new smartphone features a significantly improved camera.",0.07,Very Low,Unrelated
1207,The city launched a bike-sharing program to reduce traffic congestion.,"Notably, the city launched a bike-sharing program to reduce traffic congestion.",0.91,Very High,Same Meaning
1208,"Notably, the film received widespread critical acclaim upon release.","According to the report, the lead actor won several awards for the role.",0.55,Medium,Related
1209,"As widely reported, the airline canceled several flights due to bad weather.","As widely reported, this quarter, the company reported record breaking profits.",0.08,Very Low,Unrelated
1210,"According to the report, to cut down on traffic, the city introduced a bike-sharing program.","Notably, cyclists reported feeling safer thanks to new dedicated bike lanes.",0.45,Medium,Related
1211,It was noted that a new gluten-free pastry line was launched by the bakery.,It was noted that the bakery discontinued its gluten-free pastry line due to low demand.,0.25,Low,Contradiction
1212,"Notably, a new exhibit about ancient civilizations opened at the museum.",It was noted that the museum unveiled a new exhibit on ancient civilizations.,0.83,High,Paraphrase
1213,The guests were served a tasty meal that the chef had cooked.,Sources confirmed that the restaurant received great reviews for its outstanding service.,0.46,Medium,Related
1214,"As widely reported, farmers can now use the startup's app to track soil health.",The group of hikers made it to the top right before the sun went down.,0.09,Very Low,Unrelated
1215,"Upon its release, the film was widely praised by critics.","According to the report, a bike-sharing program was launched by the city to ease traffic congestion.",0.14,Very Low,Unrelated
1216,"Notably, a much better camera is one of the new smartphone's key features.",The new smartphone's camera quality is worse than the previous model.,0.24,Low,Contradiction
1217,"As widely reported, for their final exams, the students prepared diligently.",Sources confirmed that the students studied hard for their final exams.,0.98,Very High,Same Meaning
1218,New equipment was installed at the factory to cut energy use.,"Notably, new equipment was installed at the factory to cut energy use.",0.81,High,Paraphrase
1219,Sources confirmed that the bakery started offering gluten-free pastries as a new product line.,"According to the report, a new gluten-free pastry line was launched by the bakery.",0.75,High,Paraphrase
1220,Sources confirmed that the new smartphone features a significantly improved camera.,"Notably, the orchestra performed a moving tribute to the late composer.",0.1,Very Low,Unrelated
1221,"Notably, the championship was won by the soccer team in a thrilling final match.",The book tour will include stops in several major cities.,0.08,Very Low,Unrelated
1222,"Notably, the guests were served a tasty meal that the chef had cooked.","As widely reported, the restaurant received great reviews for its outstanding service.",0.62,Medium,Related
1223,"Notably, the hospital's new wing focuses on caring for young patients.","As widely reported, donors contributed generously to fund the hospital's expansion.",0.54,Medium,Related
1224,"Notably, groundbreaking research on renewable energy was published by the scientists.","According to the report, the university received a large grant to fund further energy research.",0.53,Medium,Related
1225,It was noted that a new gluten-free pastry line was launched by the bakery.,"As widely reported, the lead actor won several awards for the role.",0.06,Very Low,Unrelated
1226,"As widely reported, the novelist released her long-awaited sequel this spring.",It was noted that fans welcomed the release of the novelist's sequel this spring.,0.88,High,Paraphrase
1227,"According to the report, the soccer team won the championship after a dramatic final.",Sources confirmed that the championship was won by the soccer team in a thrilling final match.,0.91,Very High,Same Meaning
1228,"Notably, the group of hikers made it to the top right before the sun went down.","As widely reported, the trail offered stunning views of the surrounding valley.",0.64,Medium,Related
1229,It was noted that groundbreaking research on renewable energy was published by the scientists.,"According to the report, the scientists published groundbreaking research on renewable energy.",0.76,High,Paraphrase
1230,"As widely reported, a new gluten-free pastry line was launched by the bakery.","Notably, the bakery introduced a new line of gluten-free pastries.",0.98,Very High,Same Meaning
1231,Sources confirmed that an app for monitoring soil health was created by the startup for farmers.,"As widely reported, the startup's soil monitoring app was found to be unreliable.",0.24,Low,Contradiction
1232,It was noted that a new gluten-free pastry line was launched by the bakery.,"It was noted that just before sunset, the hikers arrived at the summit.",0.04,Very Low,Unrelated
1233,Sources confirmed that the factory upgraded its equipment to reduce energy consumption.,"Notably, the upgrade is expected to lower operating costs significantly.",0.65,Medium,Related
1234,"According to the report, a new pediatric care wing was opened at the hospital.",Sources confirmed that passengers were offered vouchers for future travel after the disruption.,0.06,Very Low,Unrelated
1235,"According to the report, the students studied hard for their final exams.","As widely reported, the students studied hard for their final exams.",0.95,Very High,Same Meaning
1236,Sources confirmed that the students put in a lot of effort studying for finals.,"As widely reported, the students studied hard for their final exams.",0.82,High,Paraphrase
1237,Sources confirmed that the factory's energy consumption dropped after an equipment upgrade.,It was noted that the bakery started offering gluten-free pastries as a new product line.,0.07,Very Low,Unrelated
1238,It was noted that the scientists published groundbreaking research on renewable energy.,"Notably, the research team released a major study about renewable energy.",0.78,High,Paraphrase
1239,A much better camera is one of the new smartphone's key features.,"As widely reported, a much better camera is one of the new smartphone's key features.",0.93,Very High,Same Meaning
1240,"Notably, litter along the riverbank was cleared by volunteers last weekend.","It was noted that last weekend, volunteers spent hours removing litter from the riverbank.",0.97,Very High,Same Meaning
1241,It was noted that the city council approved funding for a new public park.,"According to the report, funding for a new public park was approved by the city council.",0.98,Very High,Same Meaning
1242,Sources confirmed that the startup developed an app that helps farmers monitor soil health.,"As widely reported, farmers can now use the startup's app to track soil health.",0.86,High,Paraphrase
1243,The research team released a major study about renewable energy.,"Notably, groundbreaking research on renewable energy was published by the scientists.",0.82,High,Paraphrase
1244,It was noted that fans welcomed the release of the novelist's sequel this spring.,"As widely reported, the novelist postponed the release of her sequel indefinitely.",0.21,Low,Contradiction
1245,"Notably, the students studied hard for their final exams.","Notably, for their final exams, the students prepared diligently.",0.96,Very High,Same Meaning
1246,Sources confirmed that the film received widespread critical acclaim upon release.,"According to the report, the lead actor won several awards for the role.",0.63,Medium,Related
1247,"Notably, groundbreaking research on renewable energy was published by the scientists.","Notably, the new smartphone features a significantly improved camera.",0.12,Very Low,Unrelated
1248,"As widely reported, the students put in a lot of effort studying for finals.","According to the report, the students studied hard for their final exams.",0.9,Very High,Same Meaning
1249,It was noted that a new pediatric care wing was opened at the hospital.,Sources confirmed that the hospital closed its pediatric care wing due to budget cuts.,0.2,Low,Contradiction
1250,Sources confirmed that several flights were canceled by the airline because of poor weather conditions.,"Sources confirmed that due to bad weather, the airline had to cancel a number of flights.",0.96,Very High,Same Meaning
1251,"As widely reported, the students studied hard for their final exams.",Sources confirmed that the teacher offered extra review sessions before the exam period.,0.47,Medium,Related
1252,"Notably, the bakery started offering gluten-free pastries as a new product line.","According to the report, the bakery discontinued its gluten-free pastry line due to low demand.",0.19,Low,Contradiction
1253,"As widely reported, just before sunset, the hikers arrived at the summit.","Notably, the council voted to fund the construction of a new public park.",0.04,Very Low,Unrelated
1254,"As widely reported, the group of hikers made it to the top right before the sun went down.","As widely reported, the lead actor won several awards for the role.",0.1,Very Low,Unrelated
1255,"Notably, a much better camera is one of the new smartphone's key features.","Notably, the new smartphone's camera quality is worse than the previous model.",0.25,Low,Contradiction
1256,The hospital opened a new wing dedicated to pediatric care.,"As widely reported, the hospital opened a new wing dedicated to pediatric care.",0.96,Very High,Same Meaning
1257,"Notably, the council voted to fund the construction of a new public park.","Notably, the new smartphone features a significantly improved camera.",0.08,Very Low,Unrelated
1258,"Notably, the new smartphone features a significantly improved camera.","According to the report, the smartphone's camera has been greatly improved in this new version.",0.94,Very High,Same Meaning
1259,"As widely reported, the hikers reached the summit just before sunset.","As widely reported, the group of hikers made it to the top right before the sun went down.",0.89,High,Paraphrase
1260,"According to the report, a new gluten-free pastry line was launched by the bakery.",Sources confirmed that the bakery started offering gluten-free pastries as a new product line.,0.81,High,Paraphrase
1261,"According to the report, last weekend, volunteers spent hours removing litter from the riverbank.","It was noted that this quarter, the company reported record breaking profits.",0.09,Very Low,Unrelated
1262,"As widely reported, the group of hikers made it to the top right before the sun went down.","Notably, just before sunset, the hikers arrived at the summit.",0.81,High,Paraphrase
1263,The research team released a major study about renewable energy.,It was noted that groundbreaking research on renewable energy was published by the scientists.,0.82,High,Paraphrase
1264,"It was noted that upon its release, the film was widely praised by critics.","As widely reported, the film was widely panned by critics upon release.",0.22,Low,Contradiction
1265,It was noted that the orchestra honored the late composer with an emotional performance.,A moving tribute to the late composer was performed by the orchestra.,0.76,High,Paraphrase
1266,"Notably, the bakery introduced a new line of gluten-free pastries.","Notably, the bakery discontinued its gluten-free pastry line due to low demand.",0.16,Low,Contradiction
1267,"Sources confirmed that upon its release, the film was widely praised by critics.","Upon its release, the film was widely praised by critics.",0.94,Very High,Same Meaning
1268,A new exhibit about ancient civilizations opened at the museum.,Sources confirmed that the soccer team won the championship after a dramatic final.,0.01,Very Low,Unrelated
1269,"According to the report, this quarter, the company reported record breaking profits.","As widely reported, this quarter, the company reported record breaking profits.",0.89,High,Paraphrase
1270,Sources confirmed that the championship was won by the soccer team in a thrilling final match.,"According to the report, the orchestra performed a moving tribute to the late composer.",0.07,Very Low,Unrelated
1271,"According to the report, the bakery introduced a new line of gluten-free pastries.",Sources confirmed that customers have praised the bakery's friendly staff and cozy atmosphere.,0.51,Medium,Related
1272,"Last weekend, volunteers spent hours removing litter from the riverbank.",Litter along the riverbank was cleared by volunteers last weekend.,0.93,Very High,Same Meaning
1273,Sources confirmed that new equipment was installed at the factory to cut energy use.,It was noted that the factory's energy consumption dropped after an equipment upgrade.,0.89,High,Paraphrase
1274,"Notably, a bike-sharing program was launched by the city to ease traffic congestion.","As widely reported, the city council approved funding for a new public park.",0.1,Very Low,Unrelated
1275,It was noted that several flights were canceled by the airline because of poor weather conditions.,"According to the report, passengers were offered vouchers for future travel after the disruption.",0.45,Medium,Related
1276,"Notably, upon its release, the film was widely praised by critics.",The lead actor won several awards for the role.,0.51,Medium,Related
1277,A new exhibit about ancient civilizations opened at the museum.,It was noted that the council voted to fund the construction of a new public park.,0.13,Very Low,Unrelated
1278,"Notably, new equipment was installed at the factory to cut energy use.","As widely reported, the upgrade is expected to lower operating costs significantly.",0.6,Medium,Related
1279,"It was noted that to cut down on traffic, the city introduced a bike-sharing program.","According to the report, the airline canceled several flights due to bad weather.",0.11,Very Low,Unrelated
1280,"Notably, a new gluten-free pastry line was launched by the bakery.","As widely reported, the bakery introduced a new line of gluten-free pastries.",0.97,Very High,Same Meaning
1281,"According to the report, an app for monitoring soil health was created by the startup for farmers.",Sources confirmed that the startup's soil monitoring app was found to be unreliable.,0.26,Low,Contradiction
1282,Sources confirmed that fans welcomed the release of the novelist's sequel this spring.,"Notably, fans welcomed the release of the novelist's sequel this spring.",0.75,High,Paraphrase
1283,"According to the report, the smartphone's camera has been greatly improved in this new version.","As widely reported, thousands of fans celebrated in the streets after the victory.",0.01,Very Low,Unrelated
1284,"Notably, the museum unveiled a new exhibit on ancient civilizations.",It was noted that the museum unveiled a new exhibit on ancient civilizations.,0.93,Very High,Same Meaning
1285,"Notably, the film received widespread critical acclaim upon release.","According to the report, the film was widely panned by critics upon release.",0.21,Low,Contradiction
1286,"Sources confirmed that upon its release, the film was widely praised by critics.","As widely reported, a moving tribute to the late composer was performed by the orchestra.",0.05,Very Low,Unrelated
1287,Sources confirmed that a new gluten-free pastry line was launched by the bakery.,The bakery discontinued its gluten-free pastry line due to low demand.,0.24,Low,Contradiction
1288,"Notably, last weekend, volunteers spent hours removing litter from the riverbank.",Sources confirmed that the volunteers cleaned up litter along the riverbank last weekend.,0.84,High,Paraphrase
1289,Sources confirmed that the museum's latest exhibit focuses on ancient civilizations.,It was noted that the museum closed its ancient civilizations exhibit permanently.,0.18,Low,Contradiction
1290,"According to the report, the research team released a major study about renewable energy.","According to the report, groundbreaking research on renewable energy was published by the scientists.",0.81,High,Paraphrase
1291,"Sources confirmed that after a dramatic final, the soccer team claimed the championship title.","According to the report, the soccer team lost the championship in a disappointing final.",0.19,Low,Contradiction
1292,Sources confirmed that the orchestra performed a moving tribute to the late composer.,A moving tribute to the late composer was performed by the orchestra.,0.78,High,Paraphrase
1293,The company announced record profits this quarter.,"According to the report, the airline canceled several flights due to bad weather.",0.08,Very Low,Unrelated
1294,The scientists published groundbreaking research on renewable energy.,The university received a large grant to fund further energy research.,0.54,Medium,Related
1295,"According to the report, funding for a new public park was approved by the city council.","As widely reported, funding for a new public park was approved by the city council.",0.75,High,Paraphrase
1296,"Notably, the students studied hard for their final exams.","According to the report, the students barely studied and skipped most of their classes.",0.29,Low,Contradiction
1297,"As widely reported, for their final exams, the students prepared diligently.",Sources confirmed that the teacher offered extra review sessions before the exam period.,0.54,Medium,Related
1298,"According to the report, the hikers reached the summit just before sunset.",Sources confirmed that the hikers reached the summit just before sunset.,0.85,High,Paraphrase
1299,"Notably, the factory upgraded its equipment to reduce energy consumption.","According to the report, the factory upgraded its equipment to reduce energy consumption.",0.84,High,Paraphrase
1300,The hospital's new wing focuses on caring for young patients.,Sources confirmed that a new pediatric care wing was opened at the hospital.,0.84,High,Paraphrase
1301,"As widely reported, the orchestra honored the late composer with an emotional performance.",It was noted that the orchestra performed a moving tribute to the late composer.,0.76,High,Paraphrase
1302,"According to the report, the airline canceled several flights due to bad weather.","Notably, the airline operated all its flights on schedule despite the storm.",0.21,Low,Contradiction
1303,Sources confirmed that the group of hikers made it to the top right before the sun went down.,Sources confirmed that the restaurant received great reviews for its outstanding service.,0.04,Very Low,Unrelated
1304,"Notably, the hikers reached the summit just before sunset.","Just before sunset, the hikers arrived at the summit.",0.8,High,Paraphrase
1305,Critics gave the film glowing reviews when it came out.,"As widely reported, the guests were served a tasty meal that the chef had cooked.",0.09,Very Low,Unrelated
1306,Sources confirmed that the smartphone's camera has been greatly improved in this new version.,"As widely reported, the smartphone's camera has been greatly improved in this new version.",0.78,High,Paraphrase
1307,"As widely reported, the research team released a major study about renewable energy.","Notably, passengers were offered vouchers for future travel after the disruption.",0.11,Very Low,Unrelated
1308,"According to the report, the hospital's new wing focuses on caring for young patients.","According to the report, donors contributed generously to fund the hospital's expansion.",0.63,Medium,Related
1309,"According to the report, litter along the riverbank was cleared by volunteers last weekend.",The volunteers cleaned up litter along the riverbank last weekend.,0.96,Very High,Same Meaning
1310,"It was noted that this spring, the novelist's long-awaited sequel finally arrived.",Sources confirmed that the novelist postponed the release of her sequel indefinitely.,0.18,Low,Contradiction
1311,"According to the report, the volunteers cleaned up litter along the riverbank last weekend.","Notably, last weekend, volunteers spent hours removing litter from the riverbank.",0.92,Very High,Same Meaning
1312,"It was noted that for their final exams, the students prepared diligently.",Sources confirmed that the students barely studied and skipped most of their classes.,0.29,Low,Contradiction
1313,"As widely reported, new equipment was installed at the factory to cut energy use.",It was noted that a new pediatric care wing was opened at the hospital.,0.11,Very Low,Unrelated
1314,Sources confirmed that the museum unveiled a new exhibit on ancient civilizations.,"As widely reported, a new exhibit about ancient civilizations opened at the museum.",0.98,Very High,Same Meaning
1315,"According to the report, the startup developed an app that helps farmers monitor soil health.",Agricultural experts praised the app's accuracy in the field.,0.57,Medium,Related
1316,Sources confirmed that a new exhibit about ancient civilizations opened at the museum.,"According to the report, the trail offered stunning views of the surrounding valley.",0.05,Very Low,Unrelated
1317,"As widely reported, the bakery introduced a new line of gluten-free pastries.","As widely reported, the bakery started offering gluten-free pastries as a new product line.",0.86,High,Paraphrase
1318,The museum's latest exhibit focuses on ancient civilizations.,"As widely reported, the museum unveiled a new exhibit on ancient civilizations.",0.95,Very High,Same Meaning
1319,"Notably, a new exhibit about ancient civilizations opened at the museum.",Sources confirmed that the museum closed its ancient civilizations exhibit permanently.,0.21,Low,Contradiction
1320,"Notably, the hikers reached the summit just before sunset.","According to the report, just before sunset, the hikers arrived at the summit.",0.82,High,Paraphrase
1321,Sources confirmed that the volunteers cleaned up litter along the riverbank last weekend.,The event was organized by a local environmental group.,0.65,Medium,Related
1322,"As widely reported, the orchestra performed a moving tribute to the late composer.","According to the report, the orchestra performed a moving tribute to the late composer.",0.85,High,Paraphrase
1323,Sources confirmed that the factory's energy consumption dropped after an equipment upgrade.,It was noted that new equipment was installed at the factory to cut energy use.,0.75,High,Paraphrase
1324,"As widely reported, groundbreaking research on renewable energy was published by the scientists.",Sources confirmed that the university received a large grant to fund further energy research.,0.65,Medium,Related
1325,"Sources confirmed that just before sunset, the hikers arrived at the summit.","Just before sunset, the hikers arrived at the summit.",0.78,High,Paraphrase
1326,It was noted that the council voted to fund the construction of a new public park.,Sources confirmed that funding for a new public park was approved by the city council.,0.76,High,Paraphrase
1327,"According to the report, the students put in a lot of effort studying for finals.","As widely reported, for their final exams, the students prepared diligently.",0.79,High,Paraphrase
1328,"According to the report, fans welcomed the release of the novelist's sequel this spring.","According to the report, the novelist released her long-awaited sequel this spring.",0.78,High,Paraphrase
1329,"According to the report, the novelist released her long-awaited sequel this spring.",Sources confirmed that the book tour will include stops in several major cities.,0.52,Medium,Related
1330,"Notably, the volunteers cleaned up litter along the riverbank last weekend.",Sources confirmed that litter along the riverbank was cleared by volunteers last weekend.,0.77,High,Paraphrase
1331,"It was noted that to cut down on traffic, the city introduced a bike-sharing program.",The city shut down its bike-sharing program after low usage.,0.19,Low,Contradiction
1332,"As widely reported, the city council approved funding for a new public park.",It was noted that the city council approved funding for a new public park.,0.93,Very High,Same Meaning
1333,The soccer team won the championship after a dramatic final.,"Sources confirmed that this spring, the novelist's long-awaited sequel finally arrived.",0.06,Very Low,Unrelated
1334,"According to the report, fans welcomed the release of the novelist's sequel this spring.","Notably, record profits were announced by the company for the current quarter.",0.01,Very Low,Unrelated
1335,"Notably, a bike-sharing program was launched by the city to ease traffic congestion.",It was noted that the guests were served a tasty meal that the chef had cooked.,0.11,Very Low,Unrelated
1336,It was noted that the smartphone's camera has been greatly improved in this new version.,"Notably, the smartphone's camera has been greatly improved in this new version.",0.95,Very High,Same Meaning
1337,Farmers can now use the startup's app to track soil health.,It was noted that the hikers reached the summit just before sunset.,0.04,Very Low,Unrelated
1338,Sources confirmed that the orchestra honored the late composer with an emotional performance.,"As widely reported, a moving tribute to the late composer was performed by the orchestra.",0.97,Very High,Same Meaning
1339,"As widely reported, the group of hikers made it to the top right before the sun went down.",The trail offered stunning views of the surrounding valley.,0.47,Medium,Related
1340,"Sources confirmed that just before sunset, the hikers arrived at the summit.",The hikers reached the summit just before sunset.,0.76,High,Paraphrase
1341,"Notably, the city council approved funding for a new public park.",It was noted that funding for a new public park was approved by the city council.,0.93,Very High,Same Meaning
1342,It was noted that the city council approved funding for a new public park.,It was noted that funding for a new public park was approved by the city council.,0.95,Very High,Same Meaning
1343,"According to the report, the soccer team won the championship after a dramatic final.",Groundbreaking research on renewable energy was published by the scientists.,0.13,Very Low,Unrelated
1344,"Notably, the research team released a major study about renewable energy.",Sources confirmed that the bakery started offering gluten-free pastries as a new product line.,0.02,Very Low,Unrelated
1345,"As widely reported, the novelist released her long-awaited sequel this spring.","Notably, the book tour will include stops in several major cities.",0.46,Medium,Related
1346,"Notably, the research team released a major study about renewable energy.",Groundbreaking research on renewable energy was published by the scientists.,0.92,Very High,Same Meaning
1347,The airline canceled several flights due to bad weather.,"Notably, passengers were offered vouchers for future travel after the disruption.",0.63,Medium,Related
1348,Sources confirmed that the new smartphone features a significantly improved camera.,Reviewers praised the phone's battery life and sleek design.,0.56,Medium,Related
1349,"According to the report, fans welcomed the release of the novelist's sequel this spring.","Sources confirmed that this spring, the novelist's long-awaited sequel finally arrived.",0.93,Very High,Same Meaning
1350,"As widely reported, the airline canceled several flights due to bad weather.","Notably, an app for monitoring soil health was created by the startup for farmers.",0.01,Very Low,Unrelated
1351,"As widely reported, for their final exams, the students prepared diligently.","As widely reported, the students studied hard for their final exams.",0.84,High,Paraphrase
1352,"As widely reported, the airline canceled several flights due to bad weather.","According to the report, due to bad weather, the airline had to cancel a number of flights.",0.78,High,Paraphrase
1353,"After a dramatic final, the soccer team claimed the championship title.",Sources confirmed that the soccer team won the championship after a dramatic final.,0.98,Very High,Same Meaning
1354,"Sources confirmed that upon its release, the film was widely praised by critics.","As widely reported, farmers can now use the startup's app to track soil health.",0.12,Very Low,Unrelated
1355,A new gluten-free pastry line was launched by the bakery.,It was noted that the bakery introduced a new line of gluten-free pastries.,0.78,High,Paraphrase
1356,"According to the report, the bakery started offering gluten-free pastries as a new product line.","As widely reported, fans welcomed the release of the novelist's sequel this spring.",0.08,Very Low,Unrelated
1357,"According to the report, a moving tribute to the late composer was performed by the orchestra.",It was noted that the orchestra performed a moving tribute to the late composer.,0.79,High,Paraphrase
1358,"Notably, the factory's energy consumption dropped after an equipment upgrade.","According to the report, the factory upgraded its equipment to reduce energy consumption.",0.77,High,Paraphrase
1359,The film received widespread critical acclaim upon release.,Sources confirmed that critics gave the film glowing reviews when it came out.,0.94,Very High,Same Meaning
1360,The smartphone's camera has been greatly improved in this new version.,A new gluten-free pastry line was launched by the bakery.,0.06,Very Low,Unrelated
1361,"As widely reported, the volunteers cleaned up litter along the riverbank last weekend.","According to the report, the event was organized by a local environmental group.",0.61,Medium,Related
1362,"According to the report, a moving tribute to the late composer was performed by the orchestra.","According to the report, the orchestra performed a moving tribute to the late composer.",0.76,High,Paraphrase
1363,"According to the report, the guests were served a tasty meal that the chef had cooked.","Notably, a delicious meal was made by the chef for the guests.",0.76,High,Paraphrase
1364,"Notably, last weekend, volunteers spent hours removing litter from the riverbank.","According to the report, litter along the riverbank was cleared by volunteers last weekend.",0.84,High,Paraphrase
1365,"Notably, the film received widespread critical acclaim upon release.",It was noted that the lead actor won several awards for the role.,0.52,Medium,Related
1366,"As widely reported, farmers can now use the startup's app to track soil health.","Upon its release, the film was widely praised by critics.",0.1,Very Low,Unrelated
1367,"Notably, the bakery started offering gluten-free pastries as a new product line.","Notably, a new gluten-free pastry line was launched by the bakery.",0.87,High,Paraphrase
1368,"Notably, the museum's latest exhibit focuses on ancient civilizations.",Sources confirmed that the museum closed its ancient civilizations exhibit permanently.,0.34,Low,Contradiction
1369,"According to the report, for their final exams, the students prepared diligently.",The teacher offered extra review sessions before the exam period.,0.52,Medium,Related
1370,"As widely reported, the hikers reached the summit just before sunset.",The hikers reached the summit just before sunset.,0.88,High,Paraphrase
1371,A new exhibit about ancient civilizations opened at the museum.,"According to the report, visitors can attend guided tours of the museum every weekend.",0.54,Medium,Related
1372,"According to the report, the research team released a major study about renewable energy.",The research team released a major study about renewable energy.,0.88,High,Paraphrase
1373,It was noted that the orchestra honored the late composer with an emotional performance.,"As widely reported, a moving tribute to the late composer was performed by the orchestra.",0.78,High,Paraphrase
1374,"Sources confirmed that due to bad weather, the airline had to cancel a number of flights.",The airline canceled several flights due to bad weather.,0.8,High,Paraphrase
1375,"According to the report, the championship was won by the soccer team in a thrilling final match.","As widely reported, the soccer team won the championship after a dramatic final.",0.95,Very High,Same Meaning
1376,"As widely reported, groundbreaking research on renewable energy was published by the scientists.",The university received a large grant to fund further energy research.,0.61,Medium,Related
1377,It was noted that the students studied hard for their final exams.,"Notably, farmers can now use the startup's app to track soil health.",0.01,Very Low,Unrelated
1378,"Notably, critics gave the film glowing reviews when it came out.","According to the report, upon its release, the film was widely praised by critics.",0.97,Very High,Same Meaning
1379,The orchestra honored the late composer with an emotional performance.,The orchestra canceled its planned tribute to the composer.,0.33,Low,Contradiction
1380,"As widely reported, a delicious meal was made by the chef for the guests.",The restaurant received great reviews for its outstanding service.,0.46,Medium,Related
1381,"As widely reported, upon its release, the film was widely praised by critics.",It was noted that the research team released a major study about renewable energy.,0.1,Very Low,Unrelated
1382,It was noted that the city launched a bike-sharing program to reduce traffic congestion.,Sources confirmed that a bike-sharing program was launched by the city to ease traffic congestion.,0.9,Very High,Same Meaning
1383,The factory upgraded its equipment to reduce energy consumption.,"Notably, the upgrade is expected to lower operating costs significantly.",0.62,Medium,Related
1384,"As widely reported, the bakery introduced a new line of gluten-free pastries.",It was noted that customers have praised the bakery's friendly staff and cozy atmosphere.,0.51,Medium,Related
1385,Sources confirmed that litter along the riverbank was cleared by volunteers last weekend.,It was noted that the event was organized by a local environmental group.,0.56,Medium,Related
1386,"According to the report, a delicious meal was made by the chef for the guests.","As widely reported, due to bad weather, the airline had to cancel a number of flights.",0.1,Very Low,Unrelated
1387,"Notably, the airline canceled several flights due to bad weather.",Several flights were canceled by the airline because of poor weather conditions.,0.93,Very High,Same Meaning
1388,Sources confirmed that the hospital opened a new wing dedicated to pediatric care.,It was noted that donors contributed generously to fund the hospital's expansion.,0.47,Medium,Related
1389,It was noted that several flights were canceled by the airline because of poor weather conditions.,"As widely reported, passengers were offered vouchers for future travel after the disruption.",0.54,Medium,Related
1390,Sources confirmed that a much better camera is one of the new smartphone's key features.,Reviewers praised the phone's battery life and sleek design.,0.62,Medium,Related
1391,It was noted that the factory upgraded its equipment to reduce energy consumption.,It was noted that new equipment was installed at the factory to cut energy use.,0.77,High,Paraphrase
1392,Sources confirmed that litter along the riverbank was cleared by volunteers last weekend.,Sources confirmed that a new exhibit about ancient civilizations opened at the museum.,0.07,Very Low,Unrelated
1393,"Notably, the airline canceled several flights due to bad weather.","Sources confirmed that due to bad weather, the airline had to cancel a number of flights.",0.76,High,Paraphrase
1394,It was noted that the factory upgraded its equipment to reduce energy consumption.,"As widely reported, the factory's energy consumption rose after the equipment failed.",0.16,Low,Contradiction
1395,Sources confirmed that a new pediatric care wing was opened at the hospital.,"Notably, the hospital's new wing focuses on caring for young patients.",0.8,High,Paraphrase
1396,It was noted that a much better camera is one of the new smartphone's key features.,"As widely reported, a much better camera is one of the new smartphone's key features.",0.94,Very High,Same Meaning
1397,"As widely reported, the company announced record profits this quarter.",Record profits were announced by the company for the current quarter.,0.97,Very High,Same Meaning
1398,"As widely reported, this spring, the novelist's long-awaited sequel finally arrived.",Sources confirmed that a bike-sharing program was launched by the city to ease traffic congestion.,0.05,Very Low,Unrelated
1399,"Notably, the factory's energy consumption dropped after an equipment upgrade.","As widely reported, the factory's energy consumption dropped after an equipment upgrade.",0.76,High,Paraphrase
1400,"According to the report, the museum unveiled a new exhibit on ancient civilizations.",Sources confirmed that litter along the riverbank was cleared by volunteers last weekend.,0.07,Very Low,Unrelated
1401,"It was noted that due to bad weather, the airline had to cancel a number of flights.","This spring, the novelist's long-awaited sequel finally arrived.",0.11,Very Low,Unrelated
1402,"Notably, the scientists published groundbreaking research on renewable energy.",It was noted that groundbreaking research on renewable energy was published by the scientists.,0.91,Very High,Same Meaning
1403,"As widely reported, record profits were announced by the company for the current quarter.","Sources confirmed that this quarter, the company reported record breaking profits.",0.9,Very High,Same Meaning
1404,"As widely reported, the chef prepared a delicious meal for the guests.","As widely reported, a delicious meal was made by the chef for the guests.",0.8,High,Paraphrase
1405,"According to the report, the council voted to fund the construction of a new public park.","As widely reported, the council voted to fund the construction of a new public park.",0.99,Very High,Same Meaning
1406,"Notably, critics gave the film glowing reviews when it came out.","As widely reported, a bike-sharing program was launched by the city to ease traffic congestion.",0.13,Very Low,Unrelated
1407,"Notably, upon its release, the film was widely praised by critics.","According to the report, critics gave the film glowing reviews when it came out.",0.79,High,Paraphrase
1408,"As widely reported, the museum unveiled a new exhibit on ancient civilizations.",It was noted that visitors can attend guided tours of the museum every weekend.,0.58,Medium,Related
1409,"Notably, a bike-sharing program was launched by the city to ease traffic congestion.",It was noted that a bike-sharing program was launched by the city to ease traffic congestion.,0.76,High,Paraphrase
1410,"Notably, the museum's latest exhibit focuses on ancient civilizations.","Notably, the museum unveiled a new exhibit on ancient civilizations.",0.9,Very High,Same Meaning
1411,"According to the report, the new smartphone features a significantly improved camera.",It was noted that the hikers reached the summit just before sunset.,0.13,Very Low,Unrelated
1412,"It was noted that this spring, the novelist's long-awaited sequel finally arrived.",It was noted that the book tour will include stops in several major cities.,0.6,Medium,Related
1413,"According to the report, the hospital's new wing focuses on caring for young patients.",The hospital closed its pediatric care wing due to budget cuts.,0.3,Low,Contradiction
1414,"Due to bad weather, the airline had to cancel a number of flights.","Notably, due to bad weather, the airline had to cancel a number of flights.",0.77,High,Paraphrase
1415,"Sources confirmed that to cut down on traffic, the city introduced a bike-sharing program.","As widely reported, the city shut down its bike-sharing program after low usage.",0.17,Low,Contradiction
1416,Sources confirmed that the startup developed an app that helps farmers monitor soil health.,"As widely reported, the startup's soil monitoring app was found to be unreliable.",0.19,Low,Contradiction
1417,"As widely reported, to cut down on traffic, the city introduced a bike-sharing program.","To cut down on traffic, the city introduced a bike-sharing program.",0.91,Very High,Same Meaning
1418,The company announced record profits this quarter.,"As widely reported, this quarter, the company reported record breaking profits.",0.83,High,Paraphrase
1419,Sources confirmed that the city council approved funding for a new public park.,Sources confirmed that the city council rejected the proposal for a new public park.,0.28,Low,Contradiction
1420,It was noted that the orchestra performed a moving tribute to the late composer.,"Notably, tickets for the tribute concert sold out within hours.",0.5,Medium,Related
1421,"As widely reported, funding for a new public park was approved by the city council.",It was noted that the council voted to fund the construction of a new public park.,0.83,High,Paraphrase
1422,"Sources confirmed that last weekend, volunteers spent hours removing litter from the riverbank.",The volunteers cleaned up litter along the riverbank last weekend.,0.97,Very High,Same Meaning
1423,"As widely reported, to cut down on traffic, the city introduced a bike-sharing program.","Notably, cyclists reported feeling safer thanks to new dedicated bike lanes.",0.63,Medium,Related
1424,"As widely reported, an app for monitoring soil health was created by the startup for farmers.",The startup developed an app that helps farmers monitor soil health.,0.86,High,Paraphrase
1425,"According to the report, the hikers reached the summit just before sunset.","It was noted that just before sunset, the hikers arrived at the summit.",0.76,High,Paraphrase
1426,Sources confirmed that a new pediatric care wing was opened at the hospital.,A new pediatric care wing was opened at the hospital.,0.84,High,Paraphrase
1427,The bakery started offering gluten-free pastries as a new product line.,"Notably, the bakery introduced a new line of gluten-free pastries.",0.91,Very High,Same Meaning
1428,The students put in a lot of effort studying for finals.,It was noted that the teacher offered extra review sessions before the exam period.,0.59,Medium,Related
1429,"Sources confirmed that to cut down on traffic, the city introduced a bike-sharing program.",It was noted that cyclists reported feeling safer thanks to new dedicated bike lanes.,0.51,Medium,Related
1430,Several flights were canceled by the airline because of poor weather conditions.,"According to the report, passengers were offered vouchers for future travel after the disruption.",0.54,Medium,Related
1431,"As widely reported, the scientists published groundbreaking research on renewable energy.","According to the report, the scientists' research on renewable energy was widely criticized as flawed.",0.27,Low,Contradiction
1432,The city launched a bike-sharing program to reduce traffic congestion.,Sources confirmed that the event was organized by a local environmental group.,0.02,Very Low,Unrelated
1433,"This spring, the novelist's long-awaited sequel finally arrived.","According to the report, the city launched a bike-sharing program to reduce traffic congestion.",0.01,Very Low,Unrelated
1434,Sources confirmed that the company announced record profits this quarter.,Investors reacted positively to the company's latest earnings call.,0.63,Medium,Related
1435,Sources confirmed that the museum unveiled a new exhibit on ancient civilizations.,"Notably, the museum unveiled a new exhibit on ancient civilizations.",0.92,Very High,Same Meaning
1436,Sources confirmed that the students studied hard for their final exams.,"It was noted that for their final exams, the students prepared diligently.",0.83,High,Paraphrase
1437,"Notably, the scientists published groundbreaking research on renewable energy.",The scientists published groundbreaking research on renewable energy.,0.97,Very High,Same Meaning
1438,It was noted that litter along the riverbank was cleared by volunteers last weekend.,"It was noted that last weekend, volunteers spent hours removing litter from the riverbank.",0.84,High,Paraphrase
1439,The novelist released her long-awaited sequel this spring.,Sources confirmed that the book tour will include stops in several major cities.,0.5,Medium,Related
1440,"Notably, the orchestra performed a moving tribute to the late composer.",The orchestra canceled its planned tribute to the composer.,0.25,Low,Contradiction
1441,"Notably, the students put in a lot of effort studying for finals.","It was noted that for their final exams, the students prepared diligently.",0.91,Very High,Same Meaning
1442,Sources confirmed that the airline canceled several flights due to bad weather.,"As widely reported, several flights were canceled by the airline because of poor weather conditions.",0.91,Very High,Same Meaning
1443,"Sources confirmed that this quarter, the company reported record breaking profits.","According to the report, the company reported a significant loss this quarter.",0.3,Low,Contradiction
1444,The students put in a lot of effort studying for finals.,"According to the report, the teacher offered extra review sessions before the exam period.",0.5,Medium,Related
1445,It was noted that record profits were announced by the company for the current quarter.,"As widely reported, to cut down on traffic, the city introduced a bike-sharing program.",0.04,Very Low,Unrelated
1446,Sources confirmed that several flights were canceled by the airline because of poor weather conditions.,Sources confirmed that the airline operated all its flights on schedule despite the storm.,0.2,Low,Contradiction
1447,"According to the report, the group of hikers made it to the top right before the sun went down.","Notably, the group of hikers made it to the top right before the sun went down.",0.8,High,Paraphrase
1448,"According to the report, the new smartphone features a significantly improved camera.",It was noted that the smartphone's camera has been greatly improved in this new version.,0.92,Very High,Same Meaning
1449,"As widely reported, a delicious meal was made by the chef for the guests.",The chef prepared a delicious meal for the guests.,0.83,High,Paraphrase
1450,"Notably, the research team released a major study about renewable energy.",Sources confirmed that the scientists published groundbreaking research on renewable energy.,0.78,High,Paraphrase
1451,"According to the report, the research team released a major study about renewable energy.","As widely reported, the scientists published groundbreaking research on renewable energy.",0.92,Very High,Same Meaning
1452,"According to the report, farmers can now use the startup's app to track soil health.","According to the report, agricultural experts praised the app's accuracy in the field.",0.59,Medium,Related
1453,Sources confirmed that critics gave the film glowing reviews when it came out.,"Notably, funding for a new public park was approved by the city council.",0.11,Very Low,Unrelated
1454,Sources confirmed that the city council approved funding for a new public park.,Sources confirmed that the council voted to fund the construction of a new public park.,0.81,High,Paraphrase
1455,"It was noted that for their final exams, the students prepared diligently.",The students put in a lot of effort studying for finals.,0.84,High,Paraphrase
1456,Record profits were announced by the company for the current quarter.,"As widely reported, this quarter, the company reported record breaking profits.",0.95,Very High,Same Meaning
1457,Sources confirmed that the startup developed an app that helps farmers monitor soil health.,Agricultural experts praised the app's accuracy in the field.,0.5,Medium,Related
1458,"Due to bad weather, the airline had to cancel a number of flights.","According to the report, the airline canceled several flights due to bad weather.",0.92,Very High,Same Meaning
1459,"To cut down on traffic, the city introduced a bike-sharing program.","As widely reported, cyclists reported feeling safer thanks to new dedicated bike lanes.",0.63,Medium,Related
1460,Sources confirmed that record profits were announced by the company for the current quarter.,It was noted that investors reacted positively to the company's latest earnings call.,0.53,Medium,Related
1461,It was noted that the bakery introduced a new line of gluten-free pastries.,"As widely reported, the bakery discontinued its gluten-free pastry line due to low demand.",0.22,Low,Contradiction
1462,"As widely reported, critics gave the film glowing reviews when it came out.",Sources confirmed that the film received widespread critical acclaim upon release.,0.92,Very High,Same Meaning
1463,It was noted that the hospital opened a new wing dedicated to pediatric care.,Sources confirmed that reviewers praised the phone's battery life and sleek design.,0.02,Very Low,Unrelated
1464,"According to the report, the students put in a lot of effort studying for finals.",Sources confirmed that record profits were announced by the company for the current quarter.,0.03,Very Low,Unrelated
1465,"This quarter, the company reported record breaking profits.",It was noted that the company announced record profits this quarter.,0.78,High,Paraphrase
1466,"As widely reported, the hospital's new wing focuses on caring for young patients.",It was noted that donors contributed generously to fund the hospital's expansion.,0.62,Medium,Related
1467,"Sources confirmed that upon its release, the film was widely praised by critics.",It was noted that record profits were announced by the company for the current quarter.,0.13,Very Low,Unrelated
1468,It was noted that groundbreaking research on renewable energy was published by the scientists.,Groundbreaking research on renewable energy was published by the scientists.,0.92,Very High,Same Meaning
1469,"Notably, record profits were announced by the company for the current quarter.",It was noted that record profits were announced by the company for the current quarter.,0.87,High,Paraphrase
1470,Sources confirmed that fans welcomed the release of the novelist's sequel this spring.,"As widely reported, this spring, the novelist's long-awaited sequel finally arrived.",0.84,High,Paraphrase
1471,"This quarter, the company reported record breaking profits.","According to the report, investors reacted positively to the company's latest earnings call.",0.45,Medium,Related
1472,Sources confirmed that the research team released a major study about renewable energy.,"According to the report, the scientists' research on renewable energy was widely criticized as flawed.",0.23,Low,Contradiction
1473,The group of hikers made it to the top right before the sun went down.,The hikers turned back before reaching the summit.,0.27,Low,Contradiction
1474,"Notably, critics gave the film glowing reviews when it came out.","It was noted that upon its release, the film was widely praised by critics.",0.91,Very High,Same Meaning
1475,"According to the report, new equipment was installed at the factory to cut energy use.",Sources confirmed that the upgrade is expected to lower operating costs significantly.,0.61,Medium,Related
1476,"According to the report, the orchestra honored the late composer with an emotional performance.",Sources confirmed that tickets for the tribute concert sold out within hours.,0.59,Medium,Related
1477,"Notably, the hospital's new wing focuses on caring for young patients.","According to the report, litter along the riverbank was cleared by volunteers last weekend.",0.05,Very Low,Unrelated
1478,"Notably, the championship was won by the soccer team in a thrilling final match.",It was noted that the soccer team won the championship after a dramatic final.,0.76,High,Paraphrase
1479,"As widely reported, the soccer team won the championship after a dramatic final.",Sources confirmed that the championship was won by the soccer team in a thrilling final match.,0.82,High,Paraphrase
1480,"As widely reported, the airline canceled several flights due to bad weather.","It was noted that last weekend, volunteers spent hours removing litter from the riverbank.",0.13,Very Low,Unrelated
1481,It was noted that the city launched a bike-sharing program to reduce traffic congestion.,"Notably, a bike-sharing program was launched by the city to ease traffic congestion.",0.76,High,Paraphrase
1482,It was noted that the students put in a lot of effort studying for finals.,It was noted that the teacher offered extra review sessions before the exam period.,0.6,Medium,Related
1483,"According to the report, the city council approved funding for a new public park.",Sources confirmed that local residents have long requested more green spaces downtown.,0.55,Medium,Related
1484,"It was noted that to cut down on traffic, the city introduced a bike-sharing program.","According to the report, cyclists reported feeling safer thanks to new dedicated bike lanes.",0.49,Medium,Related
1485,A delicious meal was made by the chef for the guests.,It was noted that the guests were served a tasty meal that the chef had cooked.,0.94,Very High,Same Meaning
1486,Sources confirmed that the group of hikers made it to the top right before the sun went down.,Sources confirmed that the hikers turned back before reaching the summit.,0.31,Low,Contradiction
1487,It was noted that the company announced record profits this quarter.,"Notably, the company announced record profits this quarter.",0.98,Very High,Same Meaning
1488,The startup developed an app that helps farmers monitor soil health.,"As widely reported, new equipment was installed at the factory to cut energy use.",0.11,Very Low,Unrelated
1489,Sources confirmed that the guests were served a tasty meal that the chef had cooked.,"According to the report, the chef ruined the meal and the guests left disappointed.",0.29,Low,Contradiction
1490,"Notably, this quarter, the company reported record breaking profits.",It was noted that a new gluten-free pastry line was launched by the bakery.,0.06,Very Low,Unrelated
1491,"According to the report, the chef prepared a delicious meal for the guests.","As widely reported, the chef prepared a delicious meal for the guests.",0.98,Very High,Same Meaning
1492,"Notably, an app for monitoring soil health was created by the startup for farmers.",The startup's soil monitoring app was found to be unreliable.,0.26,Low,Contradiction
1493,"Notably, an app for monitoring soil health was created by the startup for farmers.","As widely reported, the startup's soil monitoring app was found to be unreliable.",0.24,Low,Contradiction
1494,It was noted that the hikers reached the summit just before sunset.,"Notably, the trail offered stunning views of the surrounding valley.",0.5,Medium,Related
1495,It was noted that the new smartphone features a significantly improved camera.,Sources confirmed that the new smartphone's camera quality is worse than the previous model.,0.32,Low,Contradiction
1496,"According to the report, the airline canceled several flights due to bad weather.",Sources confirmed that the students studied hard for their final exams.,0.0,Very Low,Unrelated
1497,"As widely reported, the museum's latest exhibit focuses on ancient civilizations.",It was noted that visitors can attend guided tours of the museum every weekend.,0.6,Medium,Related
1498,"Notably, record profits were announced by the company for the current quarter.","As widely reported, the company reported a significant loss this quarter.",0.16,Low,Contradiction
1499,"According to the report, new equipment was installed at the factory to cut energy use.",Sources confirmed that the factory upgraded its equipment to reduce energy consumption.,0.92,Very High,Same Meaning
1500,The scientists published groundbreaking research on renewable energy.,"As widely reported, groundbreaking research on renewable energy was published by the scientists.",0.94,Very High,Same Meaning
1501,"Notably, the hospital opened a new wing dedicated to pediatric care.",It was noted that thousands of fans celebrated in the streets after the victory.,0.01,Very Low,Unrelated
1502,"According to the report, several flights were canceled by the airline because of poor weather conditions.",Sources confirmed that several flights were canceled by the airline because of poor weather conditions.,0.92,Very High,Same Meaning
1503,It was noted that the research team released a major study about renewable energy.,"Notably, groundbreaking research on renewable energy was published by the scientists.",0.75,High,Paraphrase
1504,"According to the report, after a dramatic final, the soccer team claimed the championship title.",It was noted that the university received a large grant to fund further energy research.,0.07,Very Low,Unrelated
1505,"As widely reported, the hikers reached the summit just before sunset.","According to the report, the hikers turned back before reaching the summit.",0.3,Low,Contradiction
1506,"As widely reported, the factory upgraded its equipment to reduce energy consumption.",The upgrade is expected to lower operating costs significantly.,0.56,Medium,Related
1507,"Notably, a new pediatric care wing was opened at the hospital.","According to the report, a new gluten-free pastry line was launched by the bakery.",0.03,Very Low,Unrelated
1508,"Notably, for their final exams, the students prepared diligently.","According to the report, the teacher offered extra review sessions before the exam period.",0.49,Medium,Related
1509,"For their final exams, the students prepared diligently.","As widely reported, the teacher offered extra review sessions before the exam period.",0.53,Medium,Related
1510,Sources confirmed that funding for a new public park was approved by the city council.,It was noted that the council voted to fund the construction of a new public park.,0.78,High,Paraphrase
1511,"As widely reported, the scientists published groundbreaking research on renewable energy.","According to the report, the university received a large grant to fund further energy research.",0.5,Medium,Related
1512,It was noted that the museum unveiled a new exhibit on ancient civilizations.,"Notably, a new exhibit about ancient civilizations opened at the museum.",0.9,Very High,Same Meaning
1513,"As widely reported, farmers can now use the startup's app to track soil health.","Notably, several flights were canceled by the airline because of poor weather conditions.",0.06,Very Low,Unrelated
1514,"Sources confirmed that for their final exams, the students prepared diligently.",Sources confirmed that the students studied hard for their final exams.,0.98,Very High,Same Meaning
1515,"According to the report, the hospital opened a new wing dedicated to pediatric care.","According to the report, the hospital's new wing focuses on caring for young patients.",0.75,High,Paraphrase
1516,"Notably, several flights were canceled by the airline because of poor weather conditions.",Passengers were offered vouchers for future travel after the disruption.,0.52,Medium,Related
1517,"According to the report, litter along the riverbank was cleared by volunteers last weekend.","Last weekend, volunteers spent hours removing litter from the riverbank.",0.95,Very High,Same Meaning
1518,Sources confirmed that fans welcomed the release of the novelist's sequel this spring.,Funding for a new public park was approved by the city council.,0.04,Very Low,Unrelated
1519,"It was noted that after a dramatic final, the soccer team claimed the championship title.","According to the report, the soccer team lost the championship in a disappointing final.",0.26,Low,Contradiction
1520,"Notably, a new exhibit about ancient civilizations opened at the museum.","As widely reported, a much better camera is one of the new smartphone's key features.",0.12,Very Low,Unrelated
1521,Sources confirmed that a new pediatric care wing was opened at the hospital.,It was noted that the hospital's new wing focuses on caring for young patients.,0.95,Very High,Same Meaning
1522,"It was noted that just before sunset, the hikers arrived at the summit.","Notably, the group of hikers made it to the top right before the sun went down.",0.82,High,Paraphrase
1523,Record profits were announced by the company for the current quarter.,It was noted that the airline canceled several flights due to bad weather.,0.01,Very Low,Unrelated
1524,Sources confirmed that a delicious meal was made by the chef for the guests.,It was noted that the chef ruined the meal and the guests left disappointed.,0.27,Low,Contradiction
1525,"Notably, a much better camera is one of the new smartphone's key features.","According to the report, a much better camera is one of the new smartphone's key features.",0.9,Very High,Same Meaning
1526,The hospital's new wing focuses on caring for young patients.,It was noted that a new pediatric care wing was opened at the hospital.,0.96,Very High,Same Meaning
1527,Several flights were canceled by the airline because of poor weather conditions.,Passengers were offered vouchers for future travel after the disruption.,0.55,Medium,Related
1528,"As widely reported, the film received widespread critical acclaim upon release.",The lead actor won several awards for the role.,0.49,Medium,Related
1529,It was noted that the council voted to fund the construction of a new public park.,Funding for a new public park was approved by the city council.,0.99,Very High,Same Meaning
1530,"As widely reported, last weekend, volunteers spent hours removing litter from the riverbank.","As widely reported, to cut down on traffic, the city introduced a bike-sharing program.",0.07,Very Low,Unrelated
1531,The smartphone's camera has been greatly improved in this new version.,"According to the report, the new smartphone's camera quality is worse than the previous model.",0.22,Low,Contradiction
1532,It was noted that farmers can now use the startup's app to track soil health.,It was noted that the startup developed an app that helps farmers monitor soil health.,0.77,High,Paraphrase
1533,"Notably, for their final exams, the students prepared diligently.","According to the report, the students studied hard for their final exams.",0.95,Very High,Same Meaning
1534,"According to the report, the museum unveiled a new exhibit on ancient civilizations.","As widely reported, a new exhibit about ancient civilizations opened at the museum.",0.96,Very High,Same Meaning
1535,"Notably, the scientists published groundbreaking research on renewable energy.","According to the report, groundbreaking research on renewable energy was published by the scientists.",0.87,High,Paraphrase
1536,"As widely reported, the orchestra honored the late composer with an emotional performance.",Sources confirmed that tickets for the tribute concert sold out within hours.,0.56,Medium,Related
1537,It was noted that the orchestra performed a moving tribute to the late composer.,"As widely reported, a moving tribute to the late composer was performed by the orchestra.",0.84,High,Paraphrase
1538,"Notably, the guests were served a tasty meal that the chef had cooked.",Sources confirmed that the restaurant received great reviews for its outstanding service.,0.47,Medium,Related
1539,"According to the report, an app for monitoring soil health was created by the startup for farmers.","According to the report, the upgrade is expected to lower operating costs significantly.",0.09,Very Low,Unrelated
1540,It was noted that the novelist released her long-awaited sequel this spring.,Fans welcomed the release of the novelist's sequel this spring.,0.79,High,Paraphrase
1541,"According to the report, an app for monitoring soil health was created by the startup for farmers.",Local residents have long requested more green spaces downtown.,0.09,Very Low,Unrelated
1542,"As widely reported, the soccer team won the championship after a dramatic final.",It was noted that thousands of fans celebrated in the streets after the victory.,0.55,Medium,Related
1543,"This quarter, the company reported record breaking profits.",Investors reacted positively to the company's latest earnings call.,0.56,Medium,Related
1544,"Notably, the guests were served a tasty meal that the chef had cooked.","As widely reported, passengers were offered vouchers for future travel after the disruption.",0.09,Very Low,Unrelated
1545,"Notably, a new pediatric care wing was opened at the hospital.","Notably, the hospital closed its pediatric care wing due to budget cuts.",0.18,Low,Contradiction
1546,"As widely reported, farmers can now use the startup's app to track soil health.","According to the report, investors reacted positively to the company's latest earnings call.",0.0,Very Low,Unrelated
1547,"Notably, this spring, the novelist's long-awaited sequel finally arrived.","Notably, the novelist released her long-awaited sequel this spring.",0.76,High,Paraphrase
1548,"As widely reported, the hikers reached the summit just before sunset.","Sources confirmed that just before sunset, the hikers arrived at the summit.",0.84,High,Paraphrase
1549,"As widely reported, a moving tribute to the late composer was performed by the orchestra.",It was noted that tickets for the tribute concert sold out within hours.,0.56,Medium,Related
1550,The bakery started offering gluten-free pastries as a new product line.,"Notably, the new smartphone features a significantly improved camera.",0.1,Very Low,Unrelated
1551,The smartphone's camera has been greatly improved in this new version.,"According to the report, the new smartphone features a significantly improved camera.",0.92,Very High,Same Meaning
1552,"As widely reported, last weekend, volunteers spent hours removing litter from the riverbank.",A new pediatric care wing was opened at the hospital.,0.03,Very Low,Unrelated
1553,"Sources confirmed that to cut down on traffic, the city introduced a bike-sharing program.","According to the report, the city shut down its bike-sharing program after low usage.",0.18,Low,Contradiction
1554,The factory's energy consumption dropped after an equipment upgrade.,"As widely reported, new equipment was installed at the factory to cut energy use.",0.91,Very High,Same Meaning
1555,Sources confirmed that the soccer team won the championship after a dramatic final.,"Notably, thousands of fans celebrated in the streets after the victory.",0.61,Medium,Related
1556,"As widely reported, after a dramatic final, the soccer team claimed the championship title.","Notably, the soccer team lost the championship in a disappointing final.",0.3,Low,Contradiction
1557,"As widely reported, the soccer team won the championship after a dramatic final.",It was noted that the soccer team lost the championship in a disappointing final.,0.22,Low,Contradiction
1558,"According to the report, the factory upgraded its equipment to reduce energy consumption.","According to the report, the factory's energy consumption dropped after an equipment upgrade.",0.86,High,Paraphrase
1559,"According to the report, a much better camera is one of the new smartphone's key features.","Notably, the new smartphone features a significantly improved camera.",0.88,High,Paraphrase
1560,The city council approved funding for a new public park.,It was noted that local residents have long requested more green spaces downtown.,0.6,Medium,Related
1561,Sources confirmed that funding for a new public park was approved by the city council.,Sources confirmed that the city council approved funding for a new public park.,0.93,Very High,Same Meaning
1562,A delicious meal was made by the chef for the guests.,It was noted that a delicious meal was made by the chef for the guests.,0.95,Very High,Same Meaning
1563,"It was noted that this spring, the novelist's long-awaited sequel finally arrived.",It was noted that donors contributed generously to fund the hospital's expansion.,0.08,Very Low,Unrelated
1564,"As widely reported, critics gave the film glowing reviews when it came out.",Sources confirmed that reviewers praised the phone's battery life and sleek design.,0.03,Very Low,Unrelated
1565,"Notably, fans welcomed the release of the novelist's sequel this spring.",The novelist released her long-awaited sequel this spring.,0.91,Very High,Same Meaning
1566,The startup developed an app that helps farmers monitor soil health.,"Notably, an app for monitoring soil health was created by the startup for farmers.",0.86,High,Paraphrase
1567,It was noted that a new exhibit about ancient civilizations opened at the museum.,It was noted that the museum unveiled a new exhibit on ancient civilizations.,0.95,Very High,Same Meaning
1568,"According to the report, the factory upgraded its equipment to reduce energy consumption.","It was noted that this spring, the novelist's long-awaited sequel finally arrived.",0.02,Very Low,Unrelated
1569,"Notably, the startup developed an app that helps farmers monitor soil health.",Sources confirmed that an app for monitoring soil health was created by the startup for farmers.,0.92,Very High,Same Meaning
1570,The airline canceled several flights due to bad weather.,It was noted that the teacher offered extra review sessions before the exam period.,0.02,Very Low,Unrelated
1571,"As widely reported, upon its release, the film was widely praised by critics.","Upon its release, the film was widely praised by critics.",0.96,Very High,Same Meaning
1572,"Notably, the new smartphone features a significantly improved camera.","Notably, litter along the riverbank was cleared by volunteers last weekend.",0.07,Very Low,Unrelated
1573,"As widely reported, the startup developed an app that helps farmers monitor soil health.","Notably, the startup developed an app that helps farmers monitor soil health.",0.9,Very High,Same Meaning
1574,"As widely reported, the smartphone's camera has been greatly improved in this new version.","Notably, the smartphone's camera has been greatly improved in this new version.",0.84,High,Paraphrase
1575,"Notably, fans welcomed the release of the novelist's sequel this spring.","According to the report, the novelist released her long-awaited sequel this spring.",0.87,High,Paraphrase
1576,Sources confirmed that record profits were announced by the company for the current quarter.,It was noted that the company reported a significant loss this quarter.,0.33,Low,Contradiction
1577,"Notably, the research team released a major study about renewable energy.",Sources confirmed that groundbreaking research on renewable energy was published by the scientists.,0.83,High,Paraphrase
1578,"As widely reported, a new exhibit about ancient civilizations opened at the museum.","As widely reported, visitors can attend guided tours of the museum every weekend.",0.57,Medium,Related
1579,The novelist released her long-awaited sequel this spring.,"As widely reported, fans welcomed the release of the novelist's sequel this spring.",0.92,Very High,Same Meaning
1580,"As widely reported, the film received widespread critical acclaim upon release.","As widely reported, critics gave the film glowing reviews when it came out.",0.88,High,Paraphrase
1581,It was noted that the new smartphone features a significantly improved camera.,Reviewers praised the phone's battery life and sleek design.,0.59,Medium,Related
1582,Fans welcomed the release of the novelist's sequel this spring.,It was noted that fans welcomed the release of the novelist's sequel this spring.,0.86,High,Paraphrase
1583,"Notably, the factory upgraded its equipment to reduce energy consumption.","Notably, the factory's energy consumption rose after the equipment failed.",0.21,Low,Contradiction
1584,It was noted that several flights were canceled by the airline because of poor weather conditions.,"As widely reported, just before sunset, the hikers arrived at the summit.",0.11,Very Low,Unrelated
1585,Sources confirmed that the students studied hard for their final exams.,Sources confirmed that the students barely studied and skipped most of their classes.,0.29,Low,Contradiction
1586,"As widely reported, the museum unveiled a new exhibit on ancient civilizations.","According to the report, visitors can attend guided tours of the museum every weekend.",0.54,Medium,Related
1587,Several flights were canceled by the airline because of poor weather conditions.,Sources confirmed that the airline operated all its flights on schedule despite the storm.,0.18,Low,Contradiction
1588,The hospital opened a new wing dedicated to pediatric care.,"Notably, the hospital's new wing focuses on caring for young patients.",0.81,High,Paraphrase
1589,The guests were served a tasty meal that the chef had cooked.,"According to the report, the guests were served a tasty meal that the chef had cooked.",0.78,High,Paraphrase
1590,"Notably, farmers can now use the startup's app to track soil health.","As widely reported, agricultural experts praised the app's accuracy in the field.",0.51,Medium,Related
1591,"As widely reported, groundbreaking research on renewable energy was published by the scientists.",It was noted that the university received a large grant to fund further energy research.,0.51,Medium,Related
1592,"Notably, the council voted to fund the construction of a new public park.",The city council approved funding for a new public park.,0.98,Very High,Same Meaning
1593,"Notably, a new exhibit about ancient civilizations opened at the museum.",Sources confirmed that a new exhibit about ancient civilizations opened at the museum.,0.83,High,Paraphrase
1594,"To cut down on traffic, the city introduced a bike-sharing program.",A much better camera is one of the new smartphone's key features.,0.13,Very Low,Unrelated
1595,"It was noted that this quarter, the company reported record breaking profits.",It was noted that the company announced record profits this quarter.,0.87,High,Paraphrase
1596,"As widely reported, the orchestra honored the late composer with an emotional performance.","As widely reported, tickets for the tribute concert sold out within hours.",0.6,Medium,Related
1597,"Notably, just before sunset, the hikers arrived at the summit.","As widely reported, the trail offered stunning views of the surrounding valley.",0.46,Medium,Related
1598,It was noted that a moving tribute to the late composer was performed by the orchestra.,Tickets for the tribute concert sold out within hours.,0.65,Medium,Related
1599,"Notably, the soccer team won the championship after a dramatic final.",The soccer team won the championship after a dramatic final.,0.88,High,Paraphrase
1600,Sources confirmed that record profits were announced by the company for the current quarter.,Record profits were announced by the company for the current quarter.,0.91,Very High,Same Meaning
1601,"According to the report, the museum's latest exhibit focuses on ancient civilizations.","According to the report, the chef prepared a delicious meal for the guests.",0.02,Very Low,Unrelated
1602,"As widely reported, the scientists published groundbreaking research on renewable energy.","It was noted that this quarter, the company reported record breaking profits.",0.11,Very Low,Unrelated
1603,"According to the report, the city council approved funding for a new public park.",It was noted that funding for a new public park was approved by the city council.,0.97,Very High,Same Meaning
1604,"As widely reported, the smartphone's camera has been greatly improved in this new version.",Reviewers praised the phone's battery life and sleek design.,0.48,Medium,Related
1605,It was noted that a new exhibit about ancient civilizations opened at the museum.,"According to the report, the upgrade is expected to lower operating costs significantly.",0.0,Very Low,Unrelated
1606,"As widely reported, a new gluten-free pastry line was launched by the bakery.","According to the report, customers have praised the bakery's friendly staff and cozy atmosphere.",0.57,Medium,Related
1607,"As widely reported, the city council approved funding for a new public park.",The city council rejected the proposal for a new public park.,0.2,Low,Contradiction
1608,"Notably, due to bad weather, the airline had to cancel a number of flights.",It was noted that the trail offered stunning views of the surrounding valley.,0.04,Very Low,Unrelated
1609,The orchestra honored the late composer with an emotional performance.,"According to the report, tickets for the tribute concert sold out within hours.",0.65,Medium,Related
1610,"As widely reported, the chef prepared a delicious meal for the guests.",It was noted that the chef ruined the meal and the guests left disappointed.,0.3,Low,Contradiction
1611,Sources confirmed that the bakery started offering gluten-free pastries as a new product line.,"As widely reported, the bakery introduced a new line of gluten-free pastries.",0.78,High,Paraphrase
1612,"It was noted that this quarter, the company reported record breaking profits.",Sources confirmed that record profits were announced by the company for the current quarter.,0.78,High,Paraphrase
1613,The research team released a major study about renewable energy.,The scientists' research on renewable energy was widely criticized as flawed.,0.21,Low,Contradiction
1614,"According to the report, the film received widespread critical acclaim upon release.","As widely reported, the airline canceled several flights due to bad weather.",0.03,Very Low,Unrelated
1615,Sources confirmed that farmers can now use the startup's app to track soil health.,The startup developed an app that helps farmers monitor soil health.,0.92,Very High,Same Meaning
1616,"According to the report, the startup developed an app that helps farmers monitor soil health.",Sources confirmed that fans welcomed the release of the novelist's sequel this spring.,0.14,Very Low,Unrelated
1617,"According to the report, a delicious meal was made by the chef for the guests.","According to the report, the restaurant received great reviews for its outstanding service.",0.53,Medium,Related
1618,"According to the report, last weekend, volunteers spent hours removing litter from the riverbank.",Sources confirmed that the hospital's new wing focuses on caring for young patients.,0.08,Very Low,Unrelated
1619,"It was noted that due to bad weather, the airline had to cancel a number of flights.",Sources confirmed that groundbreaking research on renewable energy was published by the scientists.,0.04,Very Low,Unrelated
1620,Sources confirmed that the museum unveiled a new exhibit on ancient civilizations.,A new exhibit about ancient civilizations opened at the museum.,0.86,High,Paraphrase
1621,"Notably, the hospital's new wing focuses on caring for young patients.",Sources confirmed that a new pediatric care wing was opened at the hospital.,0.97,Very High,Same Meaning
1622,"As widely reported, the museum's latest exhibit focuses on ancient civilizations.",It was noted that the museum closed its ancient civilizations exhibit permanently.,0.28,Low,Contradiction
1623,It was noted that the volunteers cleaned up litter along the riverbank last weekend.,"Sources confirmed that last weekend, volunteers spent hours removing litter from the riverbank.",0.81,High,Paraphrase
1624,"According to the report, the novelist released her long-awaited sequel this spring.",It was noted that the book tour will include stops in several major cities.,0.58,Medium,Related
1625,It was noted that the students put in a lot of effort studying for finals.,"As widely reported, the students studied hard for their final exams.",0.86,High,Paraphrase
1626,Sources confirmed that the city launched a bike-sharing program to reduce traffic congestion.,"To cut down on traffic, the city introduced a bike-sharing program.",0.96,Very High,Same Meaning
1627,"Notably, last weekend, volunteers spent hours removing litter from the riverbank.",It was noted that the group of hikers made it to the top right before the sun went down.,0.08,Very Low,Unrelated
1628,Sources confirmed that the bakery started offering gluten-free pastries as a new product line.,"As widely reported, the bakery started offering gluten-free pastries as a new product line.",0.81,High,Paraphrase
1629,"As widely reported, the guests were served a tasty meal that the chef had cooked.","As widely reported, the chef prepared a delicious meal for the guests.",0.97,Very High,Same Meaning
1630,"According to the report, funding for a new public park was approved by the city council.",It was noted that the city council rejected the proposal for a new public park.,0.3,Low,Contradiction
1631,It was noted that the new smartphone features a significantly improved camera.,It was noted that the smartphone's camera has been greatly improved in this new version.,0.98,Very High,Same Meaning
1632,"According to the report, this quarter, the company reported record breaking profits.","As widely reported, record profits were announced by the company for the current quarter.",0.78,High,Paraphrase
1633,"According to the report, the museum unveiled a new exhibit on ancient civilizations.","Notably, visitors can attend guided tours of the museum every weekend.",0.64,Medium,Related
1634,"According to the report, this spring, the novelist's long-awaited sequel finally arrived.",It was noted that the book tour will include stops in several major cities.,0.57,Medium,Related
1635,Sources confirmed that the factory upgraded its equipment to reduce energy consumption.,It was noted that new equipment was installed at the factory to cut energy use.,0.88,High,Paraphrase
1636,"Notably, the orchestra performed a moving tribute to the late composer.",The orchestra performed a moving tribute to the late composer.,0.77,High,Paraphrase
1637,It was noted that the students put in a lot of effort studying for finals.,Sources confirmed that the students put in a lot of effort studying for finals.,0.86,High,Paraphrase
1638,The hospital opened a new wing dedicated to pediatric care.,It was noted that a new pediatric care wing was opened at the hospital.,0.96,Very High,Same Meaning
1639,"According to the report, upon its release, the film was widely praised by critics.",Sources confirmed that critics gave the film glowing reviews when it came out.,0.85,High,Paraphrase
1640,"As widely reported, record profits were announced by the company for the current quarter.","As widely reported, investors reacted positively to the company's latest earnings call.",0.64,Medium,Related
1641,"It was noted that this spring, the novelist's long-awaited sequel finally arrived.","As widely reported, the novelist postponed the release of her sequel indefinitely.",0.28,Low,Contradiction
1642,The group of hikers made it to the top right before the sun went down.,"As widely reported, just before sunset, the hikers arrived at the summit.",0.87,High,Paraphrase
1643,"Notably, critics gave the film glowing reviews when it came out.",It was noted that critics gave the film glowing reviews when it came out.,0.88,High,Paraphrase
1644,"According to the report, a new pediatric care wing was opened at the hospital.","As widely reported, donors contributed generously to fund the hospital's expansion.",0.61,Medium,Related
1645,"Notably, the hospital's new wing focuses on caring for young patients.","According to the report, the bakery started offering gluten-free pastries as a new product line.",0.13,Very Low,Unrelated
1646,"Due to bad weather, the airline had to cancel a number of flights.",Passengers were offered vouchers for future travel after the disruption.,0.49,Medium,Related
1647,Sources confirmed that groundbreaking research on renewable energy was published by the scientists.,The scientists published groundbreaking research on renewable energy.,0.77,High,Paraphrase
1648,It was noted that funding for a new public park was approved by the city council.,"As widely reported, the council voted to fund the construction of a new public park.",0.86,High,Paraphrase
1649,It was noted that a delicious meal was made by the chef for the guests.,The trail offered stunning views of the surrounding valley.,0.11,Very Low,Unrelated
1650,"Notably, upon its release, the film was widely praised by critics.","Notably, the film received widespread critical acclaim upon release.",0.96,Very High,Same Meaning
1651,"According to the report, the council voted to fund the construction of a new public park.",Sources confirmed that local residents have long requested more green spaces downtown.,0.53,Medium,Related
1652,It was noted that the council voted to fund the construction of a new public park.,The city council approved funding for a new public park.,0.98,Very High,Same Meaning
1653,The orchestra performed a moving tribute to the late composer.,"According to the report, the teacher offered extra review sessions before the exam period.",0.01,Very Low,Unrelated
1654,"It was noted that this quarter, the company reported record breaking profits.",Sources confirmed that the company announced record profits this quarter.,0.94,Very High,Same Meaning
1655,"According to the report, a new pediatric care wing was opened at the hospital.","Notably, the hospital opened a new wing dedicated to pediatric care.",0.9,Very High,Same Meaning
1656,"As widely reported, due to bad weather, the airline had to cancel a number of flights.",The guests were served a tasty meal that the chef had cooked.,0.07,Very Low,Unrelated
1657,"Notably, to cut down on traffic, the city introduced a bike-sharing program.","As widely reported, to cut down on traffic, the city introduced a bike-sharing program.",0.79,High,Paraphrase
1658,"Sources confirmed that this spring, the novelist's long-awaited sequel finally arrived.",It was noted that the novelist released her long-awaited sequel this spring.,0.96,Very High,Same Meaning
1659,"As widely reported, the factory's energy consumption dropped after an equipment upgrade.","According to the report, the upgrade is expected to lower operating costs significantly.",0.62,Medium,Related
1660,"As widely reported, the bakery started offering gluten-free pastries as a new product line.","According to the report, the hikers reached the summit just before sunset.",0.06,Very Low,Unrelated
1661,"According to the report, the museum's latest exhibit focuses on ancient civilizations.",It was noted that the museum's latest exhibit focuses on ancient civilizations.,0.87,High,Paraphrase
1662,Sources confirmed that the group of hikers made it to the top right before the sun went down.,It was noted that the hikers reached the summit just before sunset.,0.86,High,Paraphrase
1663,"As widely reported, the hospital opened a new wing dedicated to pediatric care.",Sources confirmed that the hospital's new wing focuses on caring for young patients.,0.97,Very High,Same Meaning
1664,"Notably, critics gave the film glowing reviews when it came out.","Notably, this spring, the novelist's long-awaited sequel finally arrived.",0.09,Very Low,Unrelated
1665,"Notably, new equipment was installed at the factory to cut energy use.",It was noted that the city council approved funding for a new public park.,0.06,Very Low,Unrelated
1666,"Notably, a new pediatric care wing was opened at the hospital.",Donors contributed generously to fund the hospital's expansion.,0.59,Medium,Related
1667,"As widely reported, groundbreaking research on renewable energy was published by the scientists.",It was noted that the scientists published groundbreaking research on renewable energy.,0.81,High,Paraphrase
1668,"According to the report, a new exhibit about ancient civilizations opened at the museum.","According to the report, the museum closed its ancient civilizations exhibit permanently.",0.21,Low,Contradiction
1669,The startup developed an app that helps farmers monitor soil health.,"According to the report, farmers can now use the startup's app to track soil health.",0.93,Very High,Same Meaning
1670,Sources confirmed that record profits were announced by the company for the current quarter.,"According to the report, the company reported a significant loss this quarter.",0.24,Low,Contradiction
1671,"As widely reported, the students studied hard for their final exams.",It was noted that the students studied hard for their final exams.,0.97,Very High,Same Meaning
1672,The soccer team won the championship after a dramatic final.,It was noted that the soccer team lost the championship in a disappointing final.,0.18,Low,Contradiction
1673,The hospital's new wing focuses on caring for young patients.,It was noted that the hospital closed its pediatric care wing due to budget cuts.,0.22,Low,Contradiction
1674,"Just before sunset, the hikers arrived at the summit.","As widely reported, last weekend, volunteers spent hours removing litter from the riverbank.",0.08,Very Low,Unrelated
1675,Sources confirmed that fans welcomed the release of the novelist's sequel this spring.,"Notably, the book tour will include stops in several major cities.",0.55,Medium,Related
1676,The soccer team won the championship after a dramatic final.,"According to the report, after a dramatic final, the soccer team claimed the championship title.",0.91,Very High,Same Meaning
1677,"Notably, the startup developed an app that helps farmers monitor soil health.","According to the report, cyclists reported feeling safer thanks to new dedicated bike lanes.",0.12,Very Low,Unrelated
1678,Sources confirmed that the city council approved funding for a new public park.,"Notably, the city council approved funding for a new public park.",0.78,High,Paraphrase
1679,Sources confirmed that the bakery introduced a new line of gluten-free pastries.,"Notably, the bakery started offering gluten-free pastries as a new product line.",0.75,High,Paraphrase
1680,"Notably, groundbreaking research on renewable energy was published by the scientists.",Sources confirmed that the smartphone's camera has been greatly improved in this new version.,0.0,Very Low,Unrelated
1681,"According to the report, the museum's latest exhibit focuses on ancient civilizations.",It was noted that a new exhibit about ancient civilizations opened at the museum.,0.88,High,Paraphrase
1682,The startup developed an app that helps farmers monitor soil health.,"As widely reported, a moving tribute to the late composer was performed by the orchestra.",0.14,Very Low,Unrelated
1683,"According to the report, the research team released a major study about renewable energy.",Sources confirmed that the lead actor won several awards for the role.,0.05,Very Low,Unrelated
1684,Sources confirmed that the chef prepared a delicious meal for the guests.,Sources confirmed that the restaurant received great reviews for its outstanding service.,0.58,Medium,Related
1685,"As widely reported, critics gave the film glowing reviews when it came out.",It was noted that critics gave the film glowing reviews when it came out.,0.87,High,Paraphrase
1686,"As widely reported, the city council approved funding for a new public park.",Sources confirmed that the council voted to fund the construction of a new public park.,0.86,High,Paraphrase
1687,"According to the report, funding for a new public park was approved by the city council.","Notably, the teacher offered extra review sessions before the exam period.",0.12,Very Low,Unrelated
1688,"It was noted that upon its release, the film was widely praised by critics.","Notably, critics gave the film glowing reviews when it came out.",0.83,High,Paraphrase
1689,"According to the report, the bakery introduced a new line of gluten-free pastries.","Notably, the bakery introduced a new line of gluten-free pastries.",0.86,High,Paraphrase
1690,"Notably, the factory's energy consumption dropped after an equipment upgrade.",Sources confirmed that the factory's energy consumption rose after the equipment failed.,0.16,Low,Contradiction
1691,"According to the report, several flights were canceled by the airline because of poor weather conditions.","Due to bad weather, the airline had to cancel a number of flights.",0.91,Very High,Same Meaning
1692,The city council approved funding for a new public park.,Sources confirmed that local residents have long requested more green spaces downtown.,0.49,Medium,Related
1693,Sources confirmed that the championship was won by the soccer team in a thrilling final match.,"Notably, the soccer team won the championship after a dramatic final.",0.97,Very High,Same Meaning
1694,The factory's energy consumption dropped after an equipment upgrade.,"Notably, the upgrade is expected to lower operating costs significantly.",0.53,Medium,Related
1695,A moving tribute to the late composer was performed by the orchestra.,"As widely reported, the orchestra honored the late composer with an emotional performance.",0.77,High,Paraphrase
1696,Farmers can now use the startup's app to track soil health.,"According to the report, agricultural experts praised the app's accuracy in the field.",0.54,Medium,Related
1697,Sources confirmed that the chef prepared a delicious meal for the guests.,"As widely reported, a delicious meal was made by the chef for the guests.",0.93,Very High,Same Meaning
1698,Sources confirmed that fans welcomed the release of the novelist's sequel this spring.,"Notably, a new exhibit about ancient civilizations opened at the museum.",0.07,Very Low,Unrelated
1699,"As widely reported, the factory upgraded its equipment to reduce energy consumption.",It was noted that a new pediatric care wing was opened at the hospital.,0.02,Very Low,Unrelated
1700,It was noted that the students studied hard for their final exams.,Sources confirmed that the students studied hard for their final exams.,0.8,High,Paraphrase
1701,It was noted that farmers can now use the startup's app to track soil health.,"According to the report, the startup developed an app that helps farmers monitor soil health.",0.93,Very High,Same Meaning
1702,Sources confirmed that the city launched a bike-sharing program to reduce traffic congestion.,"As widely reported, the city launched a bike-sharing program to reduce traffic congestion.",0.93,Very High,Same Meaning
1703,It was noted that the city council approved funding for a new public park.,"According to the report, the city council rejected the proposal for a new public park.",0.32,Low,Contradiction
1704,Sources confirmed that the council voted to fund the construction of a new public park.,"As widely reported, the city council approved funding for a new public park.",0.81,High,Paraphrase
1705,"According to the report, a much better camera is one of the new smartphone's key features.","Notably, the smartphone's camera has been greatly improved in this new version.",0.91,Very High,Same Meaning
1706,"As widely reported, a moving tribute to the late composer was performed by the orchestra.",Sources confirmed that tickets for the tribute concert sold out within hours.,0.6,Medium,Related
1707,"As widely reported, just before sunset, the hikers arrived at the summit.","Notably, the hikers reached the summit just before sunset.",0.8,High,Paraphrase
1708,The museum unveiled a new exhibit on ancient civilizations.,It was noted that the museum unveiled a new exhibit on ancient civilizations.,0.75,High,Paraphrase
1709,"According to the report, funding for a new public park was approved by the city council.","According to the report, local residents have long requested more green spaces downtown.",0.65,Medium,Related
1710,"As widely reported, the group of hikers made it to the top right before the sun went down.","Notably, the city launched a bike-sharing program to reduce traffic congestion.",0.07,Very Low,Unrelated
1711,"Notably, the novelist released her long-awaited sequel this spring.","Notably, fans welcomed the release of the novelist's sequel this spring.",0.82,High,Paraphrase
1712,"As widely reported, the novelist released her long-awaited sequel this spring.","As widely reported, the book tour will include stops in several major cities.",0.57,Medium,Related
1713,It was noted that a delicious meal was made by the chef for the guests.,It was noted that the guests were served a tasty meal that the chef had cooked.,0.98,Very High,Same Meaning
1714,"Notably, the hospital opened a new wing dedicated to pediatric care.",It was noted that the hospital closed its pediatric care wing due to budget cuts.,0.33,Low,Contradiction
1715,Sources confirmed that several flights were canceled by the airline because of poor weather conditions.,"It was noted that due to bad weather, the airline had to cancel a number of flights.",0.9,Very High,Same Meaning
1716,The bakery started offering gluten-free pastries as a new product line.,The airline canceled several flights due to bad weather.,0.06,Very Low,Unrelated
1717,"Due to bad weather, the airline had to cancel a number of flights.",Sources confirmed that the airline canceled several flights due to bad weather.,0.85,High,Paraphrase
1718,"According to the report, the museum unveiled a new exhibit on ancient civilizations.","Notably, a new exhibit about ancient civilizations opened at the museum.",0.97,Very High,Same Meaning
1719,"It was noted that this spring, the novelist's long-awaited sequel finally arrived.","As widely reported, the book tour will include stops in several major cities.",0.5,Medium,Related
1720,Sources confirmed that the guests were served a tasty meal that the chef had cooked.,The restaurant received great reviews for its outstanding service.,0.54,Medium,Related
1721,"Notably, the factory's energy consumption dropped after an equipment upgrade.","Notably, upon its release, the film was widely praised by critics.",0.12,Very Low,Unrelated
1722,"According to the report, this quarter, the company reported record breaking profits.","Notably, investors reacted positively to the company's latest earnings call.",0.52,Medium,Related
1723,The championship was won by the soccer team in a thrilling final match.,It was noted that the soccer team won the championship after a dramatic final.,0.96,Very High,Same Meaning
1724,"Notably, the research team released a major study about renewable energy.","According to the report, the university received a large grant to fund further energy research.",0.5,Medium,Related
1725,"As widely reported, last weekend, volunteers spent hours removing litter from the riverbank.","Notably, litter along the riverbank was cleared by volunteers last weekend.",0.97,Very High,Same Meaning
1726,Funding for a new public park was approved by the city council.,The city council approved funding for a new public park.,0.87,High,Paraphrase
1727,It was noted that the bakery started offering gluten-free pastries as a new product line.,Sources confirmed that the bakery started offering gluten-free pastries as a new product line.,0.92,Very High,Same Meaning
1728,Sources confirmed that the bakery introduced a new line of gluten-free pastries.,Customers have praised the bakery's friendly staff and cozy atmosphere.,0.55,Medium,Related
1729,"According to the report, to cut down on traffic, the city introduced a bike-sharing program.","As widely reported, the city launched a bike-sharing program to reduce traffic congestion.",0.91,Very High,Same Meaning
1730,"According to the report, the city launched a bike-sharing program to reduce traffic congestion.","Notably, cyclists reported feeling safer thanks to new dedicated bike lanes.",0.64,Medium,Related
1731,"It was noted that just before sunset, the hikers arrived at the summit.","Notably, the hikers reached the summit just before sunset.",0.96,Very High,Same Meaning
1732,"As widely reported, the airline canceled several flights due to bad weather.","Notably, passengers were offered vouchers for future travel after the disruption.",0.56,Medium,Related
1733,Sources confirmed that a new pediatric care wing was opened at the hospital.,It was noted that a new pediatric care wing was opened at the hospital.,0.95,Very High,Same Meaning
1734,"According to the report, the orchestra performed a moving tribute to the late composer.",Sources confirmed that a moving tribute to the late composer was performed by the orchestra.,0.79,High,Paraphrase
1735,"According to the report, the startup developed an app that helps farmers monitor soil health.",Sources confirmed that visitors can attend guided tours of the museum every weekend.,0.11,Very Low,Unrelated
1736,The city council approved funding for a new public park.,"According to the report, local residents have long requested more green spaces downtown.",0.57,Medium,Related
1737,"According to the report, a delicious meal was made by the chef for the guests.","Notably, the restaurant received great reviews for its outstanding service.",0.63,Medium,Related
1738,The hospital's new wing focuses on caring for young patients.,It was noted that a new pediatric care wing was opened at the hospital.,0.78,High,Paraphrase
1739,The group of hikers made it to the top right before the sun went down.,"As widely reported, the hikers turned back before reaching the summit.",0.19,Low,Contradiction
1740,"As widely reported, the smartphone's camera has been greatly improved in this new version.","Notably, the new smartphone features a significantly improved camera.",0.96,Very High,Same Meaning
1741,It was noted that the research team released a major study about renewable energy.,Sources confirmed that the research team released a major study about renewable energy.,0.96,Very High,Same Meaning
1742,"As widely reported, the city launched a bike-sharing program to reduce traffic congestion.","Notably, the city shut down its bike-sharing program after low usage.",0.34,Low,Contradiction
1743,"As widely reported, the factory's energy consumption dropped after an equipment upgrade.","According to the report, the factory's energy consumption dropped after an equipment upgrade.",0.86,High,Paraphrase
1744,"As widely reported, a moving tribute to the late composer was performed by the orchestra.",The orchestra canceled its planned tribute to the composer.,0.16,Low,Contradiction
1745,It was noted that the hospital's new wing focuses on caring for young patients.,"According to the report, the museum's latest exhibit focuses on ancient civilizations.",0.07,Very Low,Unrelated
1746,It was noted that the hospital opened a new wing dedicated to pediatric care.,"Notably, the museum's latest exhibit focuses on ancient civilizations.",0.03,Very Low,Unrelated
1747,"As widely reported, the city council approved funding for a new public park.","According to the report, the city council rejected the proposal for a new public park.",0.22,Low,Contradiction
1748,"Sources confirmed that due to bad weather, the airline had to cancel a number of flights.",The airline operated all its flights on schedule despite the storm.,0.23,Low,Contradiction
1749,"Notably, the students studied hard for their final exams.",An app for monitoring soil health was created by the startup for farmers.,0.0,Very Low,Unrelated
1750,A new gluten-free pastry line was launched by the bakery.,"According to the report, the bakery introduced a new line of gluten-free pastries.",0.84,High,Paraphrase
1751,"As widely reported, the guests were served a tasty meal that the chef had cooked.","Notably, a delicious meal was made by the chef for the guests.",0.93,Very High,Same Meaning
1752,It was noted that the group of hikers made it to the top right before the sun went down.,It was noted that the trail offered stunning views of the surrounding valley.,0.46,Medium,Related
1753,"Sources confirmed that upon its release, the film was widely praised by critics.","As widely reported, the lead actor won several awards for the role.",0.46,Medium,Related
1754,"According to the report, the guests were served a tasty meal that the chef had cooked.","As widely reported, the guests were served a tasty meal that the chef had cooked.",0.76,High,Paraphrase
1755,"Sources confirmed that this quarter, the company reported record breaking profits.","As widely reported, a much better camera is one of the new smartphone's key features.",0.12,Very Low,Unrelated
1756,"According to the report, the orchestra performed a moving tribute to the late composer.","According to the report, the orchestra honored the late composer with an emotional performance.",0.8,High,Paraphrase
1757,"As widely reported, the championship was won by the soccer team in a thrilling final match.",The students put in a lot of effort studying for finals.,0.08,Very Low,Unrelated
1758,It was noted that fans welcomed the release of the novelist's sequel this spring.,"Notably, fans welcomed the release of the novelist's sequel this spring.",0.86,High,Paraphrase
1759,The soccer team won the championship after a dramatic final.,"As widely reported, after a dramatic final, the soccer team claimed the championship title.",0.81,High,Paraphrase
1760,The city council approved funding for a new public park.,The council voted to fund the construction of a new public park.,0.79,High,Paraphrase
1761,It was noted that new equipment was installed at the factory to cut energy use.,"As widely reported, the teacher offered extra review sessions before the exam period.",0.06,Very Low,Unrelated
1762,"As widely reported, the hospital's new wing focuses on caring for young patients.","As widely reported, the hospital opened a new wing dedicated to pediatric care.",0.84,High,Paraphrase
1763,The orchestra performed a moving tribute to the late composer.,Sources confirmed that the orchestra honored the late composer with an emotional performance.,0.82,High,Paraphrase
1764,It was noted that the smartphone's camera has been greatly improved in this new version.,"Notably, the orchestra performed a moving tribute to the late composer.",0.07,Very Low,Unrelated
1765,"As widely reported, the students put in a lot of effort studying for finals.",Sources confirmed that the students studied hard for their final exams.,0.83,High,Paraphrase
1766,It was noted that the guests were served a tasty meal that the chef had cooked.,"It was noted that just before sunset, the hikers arrived at the summit.",0.03,Very Low,Unrelated
1767,It was noted that the bakery started offering gluten-free pastries as a new product line.,"Notably, the bakery started offering gluten-free pastries as a new product line.",0.98,Very High,Same Meaning
1768,"Notably, the city launched a bike-sharing program to reduce traffic congestion.","According to the report, cyclists reported feeling safer thanks to new dedicated bike lanes.",0.63,Medium,Related
1769,It was noted that the scientists published groundbreaking research on renewable energy.,The research team released a major study about renewable energy.,0.93,Very High,Same Meaning
1770,The chef prepared a delicious meal for the guests.,Sources confirmed that the restaurant received great reviews for its outstanding service.,0.59,Medium,Related
1771,Fans welcomed the release of the novelist's sequel this spring.,"It was noted that this spring, the novelist's long-awaited sequel finally arrived.",0.98,Very High,Same Meaning
1772,New equipment was installed at the factory to cut energy use.,"According to the report, due to bad weather, the airline had to cancel a number of flights.",0.1,Very Low,Unrelated
1773,It was noted that the orchestra performed a moving tribute to the late composer.,The startup developed an app that helps farmers monitor soil health.,0.1,Very Low,Unrelated
1774,Sources confirmed that new equipment was installed at the factory to cut energy use.,"As widely reported, new equipment was installed at the factory to cut energy use.",0.84,High,Paraphrase
1775,"As widely reported, the factory's energy consumption dropped after an equipment upgrade.",It was noted that the new smartphone features a significantly improved camera.,0.0,Very Low,Unrelated
1776,"According to the report, the museum's latest exhibit focuses on ancient civilizations.",The museum's latest exhibit focuses on ancient civilizations.,0.96,Very High,Same Meaning
1777,"According to the report, the airline canceled several flights due to bad weather.","According to the report, the airline operated all its flights on schedule despite the storm.",0.19,Low,Contradiction
1778,"As widely reported, the company announced record profits this quarter.",The company reported a significant loss this quarter.,0.29,Low,Contradiction
1779,"According to the report, due to bad weather, the airline had to cancel a number of flights.",Sources confirmed that the airline canceled several flights due to bad weather.,0.92,Very High,Same Meaning
1780,"Notably, upon its release, the film was widely praised by critics.",Sources confirmed that the film was widely panned by critics upon release.,0.26,Low,Contradiction
1781,A new exhibit about ancient civilizations opened at the museum.,The museum unveiled a new exhibit on ancient civilizations.,0.84,High,Paraphrase
1782,"According to the report, just before sunset, the hikers arrived at the summit.","Notably, the hikers turned back before reaching the summit.",0.28,Low,Contradiction
1783,"As widely reported, a moving tribute to the late composer was performed by the orchestra.","As widely reported, tickets for the tribute concert sold out within hours.",0.47,Medium,Related
1784,It was noted that a moving tribute to the late composer was performed by the orchestra.,The orchestra honored the late composer with an emotional performance.,0.76,High,Paraphrase
1785,"As widely reported, the film received widespread critical acclaim upon release.","As widely reported, the film was widely panned by critics upon release.",0.3,Low,Contradiction
1786,"As widely reported, the city council approved funding for a new public park.","Notably, the city council approved funding for a new public park.",0.91,Very High,Same Meaning
1787,It was noted that the soccer team won the championship after a dramatic final.,Sources confirmed that the soccer team lost the championship in a disappointing final.,0.3,Low,Contradiction
1788,The scientists published groundbreaking research on renewable energy.,"Notably, groundbreaking research on renewable energy was published by the scientists.",0.91,Very High,Same Meaning
1789,"As widely reported, the factory's energy consumption dropped after an equipment upgrade.",Sources confirmed that the bakery started offering gluten-free pastries as a new product line.,0.03,Very Low,Unrelated
1790,"Notably, for their final exams, the students prepared diligently.","According to the report, the championship was won by the soccer team in a thrilling final match.",0.02,Very Low,Unrelated
1791,It was noted that the chef prepared a delicious meal for the guests.,Sources confirmed that the smartphone's camera has been greatly improved in this new version.,0.12,Very Low,Unrelated
1792,Sources confirmed that the city council approved funding for a new public park.,"Notably, the council voted to fund the construction of a new public park.",0.88,High,Paraphrase
1793,It was noted that the students studied hard for their final exams.,"As widely reported, the students studied hard for their final exams.",0.97,Very High,Same Meaning
1794,"According to the report, the council voted to fund the construction of a new public park.",The council voted to fund the construction of a new public park.,0.77,High,Paraphrase
1795,The city council approved funding for a new public park.,The council voted to fund the construction of a new public park.,0.9,Very High,Same Meaning
1796,It was noted that the new smartphone features a significantly improved camera.,"As widely reported, the new smartphone's camera quality is worse than the previous model.",0.34,Low,Contradiction
1797,It was noted that the smartphone's camera has been greatly improved in this new version.,Sources confirmed that reviewers praised the phone's battery life and sleek design.,0.54,Medium,Related
1798,"As widely reported, this quarter, the company reported record breaking profits.",It was noted that investors reacted positively to the company's latest earnings call.,0.54,Medium,Related
1799,"Last weekend, volunteers spent hours removing litter from the riverbank.","Notably, the event was organized by a local environmental group.",0.55,Medium,Related
1800,Sources confirmed that a delicious meal was made by the chef for the guests.,"Notably, a delicious meal was made by the chef for the guests.",0.78,High,Paraphrase
1801,The council voted to fund the construction of a new public park.,"According to the report, the guests were served a tasty meal that the chef had cooked.",0.05,Very Low,Unrelated
1802,It was noted that the hospital's new wing focuses on caring for young patients.,It was noted that donors contributed generously to fund the hospital's expansion.,0.48,Medium,Related
1803,It was noted that the film received widespread critical acclaim upon release.,Sources confirmed that the film received widespread critical acclaim upon release.,0.82,High,Paraphrase
1804,"Notably, the orchestra honored the late composer with an emotional performance.",The orchestra honored the late composer with an emotional performance.,0.98,Very High,Same Meaning
1805,"According to the report, the soccer team won the championship after a dramatic final.","As widely reported, the bakery introduced a new line of gluten-free pastries.",0.03,Very Low,Unrelated
1806,"Notably, the scientists published groundbreaking research on renewable energy.","Notably, the research team released a major study about renewable energy.",0.78,High,Paraphrase
1807,Sources confirmed that a new exhibit about ancient civilizations opened at the museum.,It was noted that the museum closed its ancient civilizations exhibit permanently.,0.24,Low,Contradiction
1808,"Notably, the hikers reached the summit just before sunset.",The hikers reached the summit just before sunset.,0.91,Very High,Same Meaning
1809,"As widely reported, the orchestra honored the late composer with an emotional performance.",Tickets for the tribute concert sold out within hours.,0.59,Medium,Related
1810,Sources confirmed that the smartphone's camera has been greatly improved in this new version.,The new smartphone's camera quality is worse than the previous model.,0.2,Low,Contradiction
1811,It was noted that a delicious meal was made by the chef for the guests.,Sources confirmed that the factory upgraded its equipment to reduce energy consumption.,0.01,Very Low,Unrelated
1812,"Notably, a new pediatric care wing was opened at the hospital.",Sources confirmed that the hospital closed its pediatric care wing due to budget cuts.,0.29,Low,Contradiction
1813,"According to the report, the novelist released her long-awaited sequel this spring.","Notably, the city council approved funding for a new public park.",0.1,Very Low,Unrelated
1814,The students studied hard for their final exams.,The teacher offered extra review sessions before the exam period.,0.5,Medium,Related
1815,Sources confirmed that the new smartphone features a significantly improved camera.,"According to the report, a much better camera is one of the new smartphone's key features.",0.9,Very High,Same Meaning
1816,"According to the report, several flights were canceled by the airline because of poor weather conditions.","It was noted that due to bad weather, the airline had to cancel a number of flights.",0.76,High,Paraphrase
1817,"According to the report, a new exhibit about ancient civilizations opened at the museum.","According to the report, tickets for the tribute concert sold out within hours.",0.09,Very Low,Unrelated
1818,"According to the report, the orchestra performed a moving tribute to the late composer.",Sources confirmed that tickets for the tribute concert sold out within hours.,0.48,Medium,Related
1819,It was noted that the factory's energy consumption dropped after an equipment upgrade.,"According to the report, new equipment was installed at the factory to cut energy use.",0.76,High,Paraphrase
1820,"As widely reported, to cut down on traffic, the city introduced a bike-sharing program.",A bike-sharing program was launched by the city to ease traffic congestion.,0.9,Very High,Same Meaning
1821,A moving tribute to the late composer was performed by the orchestra.,It was noted that a moving tribute to the late composer was performed by the orchestra.,0.99,Very High,Same Meaning
1822,"Notably, the soccer team won the championship after a dramatic final.","As widely reported, thousands of fans celebrated in the streets after the victory.",0.5,Medium,Related
1823,"According to the report, litter along the riverbank was cleared by volunteers last weekend.","According to the report, the riverbank cleanup event was canceled due to low turnout.",0.27,Low,Contradiction
1824,"According to the report, groundbreaking research on renewable energy was published by the scientists.",The university received a large grant to fund further energy research.,0.65,Medium,Related
1825,"Notably, a moving tribute to the late composer was performed by the orchestra.",It was noted that the orchestra canceled its planned tribute to the composer.,0.34,Low,Contradiction
1826,"Notably, this spring, the novelist's long-awaited sequel finally arrived.","Sources confirmed that this spring, the novelist's long-awaited sequel finally arrived.",0.87,High,Paraphrase
1827,"As widely reported, the bakery introduced a new line of gluten-free pastries.","According to the report, the bakery started offering gluten-free pastries as a new product line.",0.76,High,Paraphrase
1828,The museum's latest exhibit focuses on ancient civilizations.,"As widely reported, the museum's latest exhibit focuses on ancient civilizations.",0.94,Very High,Same Meaning
1829,"According to the report, the new smartphone features a significantly improved camera.",A much better camera is one of the new smartphone's key features.,0.75,High,Paraphrase
1830,"According to the report, the volunteers cleaned up litter along the riverbank last weekend.",Sources confirmed that litter along the riverbank was cleared by volunteers last weekend.,0.91,Very High,Same Meaning
1831,Sources confirmed that the students studied hard for their final exams.,"Notably, the research team released a major study about renewable energy.",0.05,Very Low,Unrelated
1832,The orchestra honored the late composer with an emotional performance.,"As widely reported, the orchestra performed a moving tribute to the late composer.",0.86,High,Paraphrase
1833,"Notably, the museum unveiled a new exhibit on ancient civilizations.","Notably, the museum closed its ancient civilizations exhibit permanently.",0.22,Low,Contradiction
1834,"According to the report, the championship was won by the soccer team in a thrilling final match.",It was noted that the championship was won by the soccer team in a thrilling final match.,0.87,High,Paraphrase
1835,Sources confirmed that the smartphone's camera has been greatly improved in this new version.,"As widely reported, the new smartphone's camera quality is worse than the previous model.",0.3,Low,Contradiction
1836,Sources confirmed that groundbreaking research on renewable energy was published by the scientists.,It was noted that the scientists' research on renewable energy was widely criticized as flawed.,0.22,Low,Contradiction
1837,It was noted that a bike-sharing program was launched by the city to ease traffic congestion.,"To cut down on traffic, the city introduced a bike-sharing program.",0.95,Very High,Same Meaning
1838,The chef prepared a delicious meal for the guests.,Sources confirmed that a delicious meal was made by the chef for the guests.,0.86,High,Paraphrase
1839,Sources confirmed that funding for a new public park was approved by the city council.,Local residents have long requested more green spaces downtown.,0.59,Medium,Related
1840,"Notably, the hospital opened a new wing dedicated to pediatric care.","Notably, the hospital closed its pediatric care wing due to budget cuts.",0.31,Low,Contradiction
1841,Sources confirmed that the company announced record profits this quarter.,Sources confirmed that the event was organized by a local environmental group.,0.05,Very Low,Unrelated
1842,"Notably, for their final exams, the students prepared diligently.","Notably, the teacher offered extra review sessions before the exam period.",0.52,Medium,Related
1843,The new smartphone features a significantly improved camera.,"According to the report, a much better camera is one of the new smartphone's key features.",0.89,High,Paraphrase
1844,Sources confirmed that the startup developed an app that helps farmers monitor soil health.,Sources confirmed that an app for monitoring soil health was created by the startup for farmers.,0.75,High,Paraphrase
1845,"As widely reported, for their final exams, the students prepared diligently.",It was noted that the students put in a lot of effort studying for finals.,0.98,Very High,Same Meaning
1846,Sources confirmed that the orchestra honored the late composer with an emotional performance.,"According to the report, the orchestra canceled its planned tribute to the composer.",0.2,Low,Contradiction
1847,"According to the report, upon its release, the film was widely praised by critics.",Sources confirmed that a much better camera is one of the new smartphone's key features.,0.08,Very Low,Unrelated
1848,"As widely reported, the film received widespread critical acclaim upon release.",It was noted that the film was widely panned by critics upon release.,0.32,Low,Contradiction
1849,The council voted to fund the construction of a new public park.,Funding for a new public park was approved by the city council.,0.87,High,Paraphrase
1850,"Sources confirmed that just before sunset, the hikers arrived at the summit.","As widely reported, the hikers reached the summit just before sunset.",0.81,High,Paraphrase
1851,It was noted that fans welcomed the release of the novelist's sequel this spring.,"Notably, the book tour will include stops in several major cities.",0.6,Medium,Related
1852,Sources confirmed that the startup developed an app that helps farmers monitor soil health.,"According to the report, the startup developed an app that helps farmers monitor soil health.",0.83,High,Paraphrase
1853,"Notably, the new smartphone features a significantly improved camera.","According to the report, the new smartphone's camera quality is worse than the previous model.",0.18,Low,Contradiction
1854,It was noted that a new exhibit about ancient civilizations opened at the museum.,"According to the report, visitors can attend guided tours of the museum every weekend.",0.59,Medium,Related
1855,"Notably, funding for a new public park was approved by the city council.",The council voted to fund the construction of a new public park.,0.91,Very High,Same Meaning
1856,It was noted that the orchestra performed a moving tribute to the late composer.,Sources confirmed that the orchestra performed a moving tribute to the late composer.,0.79,High,Paraphrase
1857,"As widely reported, the orchestra honored the late composer with an emotional performance.",A moving tribute to the late composer was performed by the orchestra.,0.97,Very High,Same Meaning
1858,"Notably, the museum's latest exhibit focuses on ancient civilizations.",It was noted that visitors can attend guided tours of the museum every weekend.,0.58,Medium,Related
1859,Sources confirmed that the championship was won by the soccer team in a thrilling final match.,"According to the report, the startup developed an app that helps farmers monitor soil health.",0.01,Very Low,Unrelated
1860,It was noted that the guests were served a tasty meal that the chef had cooked.,It was noted that the chef ruined the meal and the guests left disappointed.,0.29,Low,Contradiction
1861,"Notably, the orchestra honored the late composer with an emotional performance.",It was noted that tickets for the tribute concert sold out within hours.,0.64,Medium,Related
1862,It was noted that the volunteers cleaned up litter along the riverbank last weekend.,It was noted that the event was organized by a local environmental group.,0.52,Medium,Related
1863,The volunteers cleaned up litter along the riverbank last weekend.,Sources confirmed that the event was organized by a local environmental group.,0.51,Medium,Related
1864,"According to the report, critics gave the film glowing reviews when it came out.","Notably, the lead actor won several awards for the role.",0.57,Medium,Related
1865,The championship was won by the soccer team in a thrilling final match.,"According to the report, the soccer team won the championship after a dramatic final.",0.93,Very High,Same Meaning
1866,Sources confirmed that a moving tribute to the late composer was performed by the orchestra.,"It was noted that after a dramatic final, the soccer team claimed the championship title.",0.09,Very Low,Unrelated
1867,The students studied hard for their final exams.,"Notably, the students studied hard for their final exams.",0.91,Very High,Same Meaning
1868,"It was noted that last weekend, volunteers spent hours removing litter from the riverbank.","Last weekend, volunteers spent hours removing litter from the riverbank.",0.78,High,Paraphrase
1869,"According to the report, upon its release, the film was widely praised by critics.",It was noted that the film was widely panned by critics upon release.,0.25,Low,Contradiction
1870,A new gluten-free pastry line was launched by the bakery.,"As widely reported, the bakery introduced a new line of gluten-free pastries.",0.94,Very High,Same Meaning
1871,A moving tribute to the late composer was performed by the orchestra.,It was noted that the orchestra honored the late composer with an emotional performance.,0.93,Very High,Same Meaning
1872,"According to the report, the city launched a bike-sharing program to reduce traffic congestion.","To cut down on traffic, the city introduced a bike-sharing program.",0.75,High,Paraphrase
1873,"Notably, the chef prepared a delicious meal for the guests.","As widely reported, fans welcomed the release of the novelist's sequel this spring.",0.05,Very Low,Unrelated
1874,Sources confirmed that the hikers reached the summit just before sunset.,"Notably, the trail offered stunning views of the surrounding valley.",0.61,Medium,Related
1875,"Notably, to cut down on traffic, the city introduced a bike-sharing program.",Sources confirmed that the city shut down its bike-sharing program after low usage.,0.26,Low,Contradiction
1876,It was noted that the novelist released her long-awaited sequel this spring.,Sources confirmed that the hospital opened a new wing dedicated to pediatric care.,0.06,Very Low,Unrelated
1877,The students put in a lot of effort studying for finals.,"According to the report, the students put in a lot of effort studying for finals.",0.99,Very High,Same Meaning
1878,"Sources confirmed that after a dramatic final, the soccer team claimed the championship title.","As widely reported, the soccer team lost the championship in a disappointing final.",0.25,Low,Contradiction
1879,"Notably, the hikers reached the summit just before sunset.",Sources confirmed that the trail offered stunning views of the surrounding valley.,0.53,Medium,Related
1880,A new pediatric care wing was opened at the hospital.,The hospital's new wing focuses on caring for young patients.,0.93,Very High,Same Meaning
1881,The championship was won by the soccer team in a thrilling final match.,"As widely reported, the championship was won by the soccer team in a thrilling final match.",0.89,High,Paraphrase
1882,Sources confirmed that the smartphone's camera has been greatly improved in this new version.,Reviewers praised the phone's battery life and sleek design.,0.49,Medium,Related
1883,The film received widespread critical acclaim upon release.,"As widely reported, upon its release, the film was widely praised by critics.",0.94,Very High,Same Meaning
1884,"Due to bad weather, the airline had to cancel a number of flights.",Sources confirmed that passengers were offered vouchers for future travel after the disruption.,0.46,Medium,Related
1885,"Notably, the scientists published groundbreaking research on renewable energy.",It was noted that the scientists published groundbreaking research on renewable energy.,0.88,High,Paraphrase
1886,"As widely reported, after a dramatic final, the soccer team claimed the championship title.",The championship was won by the soccer team in a thrilling final match.,0.84,High,Paraphrase
1887,"According to the report, a new gluten-free pastry line was launched by the bakery.","Notably, the novelist released her long-awaited sequel this spring.",0.09,Very Low,Unrelated
1888,The city council approved funding for a new public park.,Local residents have long requested more green spaces downtown.,0.58,Medium,Related
1889,"According to the report, critics gave the film glowing reviews when it came out.",It was noted that critics gave the film glowing reviews when it came out.,0.88,High,Paraphrase
1890,It was noted that a bike-sharing program was launched by the city to ease traffic congestion.,Sources confirmed that new equipment was installed at the factory to cut energy use.,0.05,Very Low,Unrelated
1891,"As widely reported, a new exhibit about ancient civilizations opened at the museum.","Notably, the museum unveiled a new exhibit on ancient civilizations.",0.96,Very High,Same Meaning
1892,"As widely reported, a much better camera is one of the new smartphone's key features.","According to the report, reviewers praised the phone's battery life and sleek design.",0.6,Medium,Related
1893,"According to the report, the chef prepared a delicious meal for the guests.","According to the report, the chef ruined the meal and the guests left disappointed.",0.16,Low,Contradiction
1894,"As widely reported, critics gave the film glowing reviews when it came out.","Notably, upon its release, the film was widely praised by critics.",0.82,High,Paraphrase
1895,"Notably, the orchestra honored the late composer with an emotional performance.","According to the report, due to bad weather, the airline had to cancel a number of flights.",0.04,Very Low,Unrelated
1896,"According to the report, the guests were served a tasty meal that the chef had cooked.",It was noted that a delicious meal was made by the chef for the guests.,0.77,High,Paraphrase
1897,It was noted that the smartphone's camera has been greatly improved in this new version.,"According to the report, a much better camera is one of the new smartphone's key features.",0.96,Very High,Same Meaning
1898,"Notably, the bakery started offering gluten-free pastries as a new product line.",It was noted that the bakery introduced a new line of gluten-free pastries.,0.98,Very High,Same Meaning
1899,The factory upgraded its equipment to reduce energy consumption.,Sources confirmed that investors reacted positively to the company's latest earnings call.,0.09,Very Low,Unrelated
1900,"As widely reported, new equipment was installed at the factory to cut energy use.",Sources confirmed that the upgrade is expected to lower operating costs significantly.,0.61,Medium,Related
1901,It was noted that the chef prepared a delicious meal for the guests.,The guests were served a tasty meal that the chef had cooked.,0.82,High,Paraphrase
1902,The soccer team won the championship after a dramatic final.,It was noted that the championship was won by the soccer team in a thrilling final match.,0.93,Very High,Same Meaning
1903,Funding for a new public park was approved by the city council.,Sources confirmed that the council voted to fund the construction of a new public park.,0.96,Very High,Same Meaning
1904,"According to the report, the novelist released her long-awaited sequel this spring.","Notably, this spring, the novelist's long-awaited sequel finally arrived.",0.84,High,Paraphrase
1905,Sources confirmed that the group of hikers made it to the top right before the sun went down.,Sources confirmed that the hikers reached the summit just before sunset.,0.98,Very High,Same Meaning
1906,The city launched a bike-sharing program to reduce traffic congestion.,It was noted that the city shut down its bike-sharing program after low usage.,0.18,Low,Contradiction
1907,"It was noted that for their final exams, the students prepared diligently.",It was noted that the teacher offered extra review sessions before the exam period.,0.57,Medium,Related
1908,"According to the report, several flights were canceled by the airline because of poor weather conditions.",It was noted that the bakery started offering gluten-free pastries as a new product line.,0.1,Very Low,Unrelated
1909,"Notably, upon its release, the film was widely praised by critics.",The film was widely panned by critics upon release.,0.31,Low,Contradiction
1910,"Notably, the championship was won by the soccer team in a thrilling final match.","As widely reported, the factory upgraded its equipment to reduce energy consumption.",0.13,Very Low,Unrelated
1911,"Notably, the scientists published groundbreaking research on renewable energy.",Sources confirmed that the scientists published groundbreaking research on renewable energy.,0.93,Very High,Same Meaning
1912,It was noted that litter along the riverbank was cleared by volunteers last weekend.,The riverbank cleanup event was canceled due to low turnout.,0.2,Low,Contradiction
1913,"According to the report, the film received widespread critical acclaim upon release.",It was noted that critics gave the film glowing reviews when it came out.,0.88,High,Paraphrase
1914,"Notably, this spring, the novelist's long-awaited sequel finally arrived.","As widely reported, the factory upgraded its equipment to reduce energy consumption.",0.01,Very Low,Unrelated
1915,"Notably, the museum unveiled a new exhibit on ancient civilizations.","As widely reported, visitors can attend guided tours of the museum every weekend.",0.6,Medium,Related
1916,It was noted that the hospital's new wing focuses on caring for young patients.,Donors contributed generously to fund the hospital's expansion.,0.57,Medium,Related
1917,"As widely reported, to cut down on traffic, the city introduced a bike-sharing program.","According to the report, a bike-sharing program was launched by the city to ease traffic congestion.",0.83,High,Paraphrase
1918,"Notably, farmers can now use the startup's app to track soil health.","Notably, an app for monitoring soil health was created by the startup for farmers.",0.99,Very High,Same Meaning
1919,It was noted that groundbreaking research on renewable energy was published by the scientists.,It was noted that an app for monitoring soil health was created by the startup for farmers.,0.13,Very Low,Unrelated
1920,"According to the report, a moving tribute to the late composer was performed by the orchestra.",It was noted that tickets for the tribute concert sold out within hours.,0.61,Medium,Related
1921,It was noted that the council voted to fund the construction of a new public park.,"According to the report, the council voted to fund the construction of a new public park.",0.91,Very High,Same Meaning
1922,"According to the report, groundbreaking research on renewable energy was published by the scientists.",Groundbreaking research on renewable energy was published by the scientists.,0.8,High,Paraphrase
1923,Sources confirmed that the museum unveiled a new exhibit on ancient civilizations.,"As widely reported, visitors can attend guided tours of the museum every weekend.",0.53,Medium,Related
1924,The factory's energy consumption dropped after an equipment upgrade.,The factory's energy consumption rose after the equipment failed.,0.19,Low,Contradiction
1925,"As widely reported, the hospital's new wing focuses on caring for young patients.","Notably, the hospital opened a new wing dedicated to pediatric care.",0.78,High,Paraphrase
1926,Sources confirmed that several flights were canceled by the airline because of poor weather conditions.,It was noted that several flights were canceled by the airline because of poor weather conditions.,0.95,Very High,Same Meaning
1927,It was noted that the city launched a bike-sharing program to reduce traffic congestion.,"It was noted that upon its release, the film was widely praised by critics.",0.07,Very Low,Unrelated
1928,The championship was won by the soccer team in a thrilling final match.,"As widely reported, just before sunset, the hikers arrived at the summit.",0.04,Very Low,Unrelated
1929,"Notably, upon its release, the film was widely praised by critics.",The museum unveiled a new exhibit on ancient civilizations.,0.05,Very Low,Unrelated
1930,New equipment was installed at the factory to cut energy use.,"Notably, new equipment was installed at the factory to cut energy use.",0.98,Very High,Same Meaning
1931,"Notably, the chef prepared a delicious meal for the guests.",It was noted that the chef prepared a delicious meal for the guests.,0.84,High,Paraphrase
1932,"As widely reported, the championship was won by the soccer team in a thrilling final match.","Notably, the championship was won by the soccer team in a thrilling final match.",0.77,High,Paraphrase
1933,"Notably, the museum's latest exhibit focuses on ancient civilizations.",The startup developed an app that helps farmers monitor soil health.,0.02,Very Low,Unrelated
1934,It was noted that the museum unveiled a new exhibit on ancient civilizations.,Sources confirmed that the museum's latest exhibit focuses on ancient civilizations.,0.82,High,Paraphrase
1935,"According to the report, the museum unveiled a new exhibit on ancient civilizations.",Groundbreaking research on renewable energy was published by the scientists.,0.08,Very Low,Unrelated
1936,A new gluten-free pastry line was launched by the bakery.,Sources confirmed that customers have praised the bakery's friendly staff and cozy atmosphere.,0.62,Medium,Related
1937,"As widely reported, due to bad weather, the airline had to cancel a number of flights.",Passengers were offered vouchers for future travel after the disruption.,0.49,Medium,Related
1938,"According to the report, the new smartphone features a significantly improved camera.",Sources confirmed that a much better camera is one of the new smartphone's key features.,0.79,High,Paraphrase
1939,"Just before sunset, the hikers arrived at the summit.","Notably, the trail offered stunning views of the surrounding valley.",0.47,Medium,Related
1940,Sources confirmed that the factory's energy consumption dropped after an equipment upgrade.,Sources confirmed that the factory's energy consumption rose after the equipment failed.,0.29,Low,Contradiction
1941,"Notably, the new smartphone features a significantly improved camera.","As widely reported, the new smartphone features a significantly improved camera.",0.85,High,Paraphrase
1942,"Notably, a moving tribute to the late composer was performed by the orchestra.",Tickets for the tribute concert sold out within hours.,0.62,Medium,Related
1943,"Notably, an app for monitoring soil health was created by the startup for farmers.",It was noted that farmers can now use the startup's app to track soil health.,0.8,High,Paraphrase
1944,It was noted that the research team released a major study about renewable energy.,"According to the report, the novelist released her long-awaited sequel this spring.",0.12,Very Low,Unrelated
1945,"Notably, litter along the riverbank was cleared by volunteers last weekend.","According to the report, the event was organized by a local environmental group.",0.48,Medium,Related
1946,Sources confirmed that the chef prepared a delicious meal for the guests.,It was noted that the guests were served a tasty meal that the chef had cooked.,0.88,High,Paraphrase
1947,Sources confirmed that the smartphone's camera has been greatly improved in this new version.,It was noted that the smartphone's camera has been greatly improved in this new version.,0.79,High,Paraphrase
1948,"According to the report, the novelist released her long-awaited sequel this spring.",It was noted that the orchestra honored the late composer with an emotional performance.,0.05,Very Low,Unrelated
1949,Sources confirmed that the startup developed an app that helps farmers monitor soil health.,It was noted that the startup's soil monitoring app was found to be unreliable.,0.16,Low,Contradiction
1950,"According to the report, groundbreaking research on renewable energy was published by the scientists.",It was noted that the scientists' research on renewable energy was widely criticized as flawed.,0.17,Low,Contradiction
1951,It was noted that the city council approved funding for a new public park.,Sources confirmed that the city council approved funding for a new public park.,0.91,Very High,Same Meaning
1952,"As widely reported, the group of hikers made it to the top right before the sun went down.","According to the report, just before sunset, the hikers arrived at the summit.",0.77,High,Paraphrase
1953,"According to the report, the group of hikers made it to the top right before the sun went down.","As widely reported, the trail offered stunning views of the surrounding valley.",0.49,Medium,Related
1954,It was noted that an app for monitoring soil health was created by the startup for farmers.,Sources confirmed that agricultural experts praised the app's accuracy in the field.,0.57,Medium,Related
1955,"Sources confirmed that after a dramatic final, the soccer team claimed the championship title.",The novelist released her long-awaited sequel this spring.,0.09,Very Low,Unrelated
1956,"As widely reported, the orchestra performed a moving tribute to the late composer.","As widely reported, a moving tribute to the late composer was performed by the orchestra.",0.98,Very High,Same Meaning
1957,"According to the report, to cut down on traffic, the city introduced a bike-sharing program.","According to the report, cyclists reported feeling safer thanks to new dedicated bike lanes.",0.52,Medium,Related
1958,"According to the report, an app for monitoring soil health was created by the startup for farmers.","According to the report, the startup developed an app that helps farmers monitor soil health.",0.94,Very High,Same Meaning
1959,Sources confirmed that the students studied hard for their final exams.,Sources confirmed that the teacher offered extra review sessions before the exam period.,0.5,Medium,Related
1960,"Notably, the students put in a lot of effort studying for finals.","According to the report, the students put in a lot of effort studying for finals.",0.8,High,Paraphrase
1961,Litter along the riverbank was cleared by volunteers last weekend.,"Last weekend, volunteers spent hours removing litter from the riverbank.",0.77,High,Paraphrase
1962,"As widely reported, just before sunset, the hikers arrived at the summit.","Notably, agricultural experts praised the app's accuracy in the field.",0.05,Very Low,Unrelated
1963,Sources confirmed that the smartphone's camera has been greatly improved in this new version.,It was noted that reviewers praised the phone's battery life and sleek design.,0.45,Medium,Related
1964,"For their final exams, the students prepared diligently.",Sources confirmed that the teacher offered extra review sessions before the exam period.,0.52,Medium,Related
1965,It was noted that the factory's energy consumption dropped after an equipment upgrade.,"As widely reported, the factory's energy consumption dropped after an equipment upgrade.",0.91,Very High,Same Meaning
1966,"As widely reported, the hospital's new wing focuses on caring for young patients.",Sources confirmed that the hospital opened a new wing dedicated to pediatric care.,0.98,Very High,Same Meaning
1967,Litter along the riverbank was cleared by volunteers last weekend.,"As widely reported, the volunteers cleaned up litter along the riverbank last weekend.",0.89,High,Paraphrase
1968,Sources confirmed that groundbreaking research on renewable energy was published by the scientists.,Groundbreaking research on renewable energy was published by the scientists.,0.81,High,Paraphrase
1969,"It was noted that upon its release, the film was widely praised by critics.","According to the report, the film received widespread critical acclaim upon release.",0.85,High,Paraphrase
1970,The hospital's new wing focuses on caring for young patients.,"According to the report, the hospital's new wing focuses on caring for young patients.",0.77,High,Paraphrase
1971,"As widely reported, to cut down on traffic, the city introduced a bike-sharing program.","As widely reported, a bike-sharing program was launched by the city to ease traffic congestion.",0.87,High,Paraphrase
1972,"According to the report, to cut down on traffic, the city introduced a bike-sharing program.","As widely reported, the restaurant received great reviews for its outstanding service.",0.09,Very Low,Unrelated
1973,"Notably, fans welcomed the release of the novelist's sequel this spring.","According to the report, fans welcomed the release of the novelist's sequel this spring.",0.83,High,Paraphrase
1974,"Notably, the students studied hard for their final exams.","As widely reported, the students barely studied and skipped most of their classes.",0.27,Low,Contradiction
1975,It was noted that a moving tribute to the late composer was performed by the orchestra.,The orchestra canceled its planned tribute to the composer.,0.3,Low,Contradiction
1976,It was noted that the museum unveiled a new exhibit on ancient civilizations.,A new exhibit about ancient civilizations opened at the museum.,0.81,High,Paraphrase
1977,"According to the report, critics gave the film glowing reviews when it came out.","According to the report, the film received widespread critical acclaim upon release.",0.91,Very High,Same Meaning
1978,"As widely reported, the new smartphone features a significantly improved camera.","According to the report, reviewers praised the phone's battery life and sleek design.",0.59,Medium,Related
1979,"Notably, a moving tribute to the late composer was performed by the orchestra.",Sources confirmed that the orchestra honored the late composer with an emotional performance.,0.82,High,Paraphrase
1980,Sources confirmed that the students put in a lot of effort studying for finals.,"It was noted that for their final exams, the students prepared diligently.",0.78,High,Paraphrase
1981,"Notably, the airline canceled several flights due to bad weather.","As widely reported, due to bad weather, the airline had to cancel a number of flights.",0.79,High,Paraphrase
1982,"Notably, the new smartphone features a significantly improved camera.","According to the report, reviewers praised the phone's battery life and sleek design.",0.57,Medium,Related
1983,"Notably, the research team released a major study about renewable energy.",It was noted that the university received a large grant to fund further energy research.,0.56,Medium,Related
1984,"After a dramatic final, the soccer team claimed the championship title.",Sources confirmed that the championship was won by the soccer team in a thrilling final match.,0.8,High,Paraphrase
1985,"As widely reported, the city council approved funding for a new public park.",It was noted that the council voted to fund the construction of a new public park.,0.99,Very High,Same Meaning
1986,Sources confirmed that the orchestra performed a moving tribute to the late composer.,"According to the report, the orchestra performed a moving tribute to the late composer.",0.93,Very High,Same Meaning
1987,"According to the report, the factory upgraded its equipment to reduce energy consumption.",Sources confirmed that reviewers praised the phone's battery life and sleek design.,0.09,Very Low,Unrelated
1988,"According to the report, record profits were announced by the company for the current quarter.",It was noted that the upgrade is expected to lower operating costs significantly.,0.0,Very Low,Unrelated
1989,"As widely reported, a moving tribute to the late composer was performed by the orchestra.",Sources confirmed that the orchestra canceled its planned tribute to the composer.,0.26,Low,Contradiction
1990,"According to the report, the students studied hard for their final exams.","Notably, the teacher offered extra review sessions before the exam period.",0.65,Medium,Related
1991,"According to the report, a delicious meal was made by the chef for the guests.","As widely reported, a delicious meal was made by the chef for the guests.",0.95,Very High,Same Meaning
1992,Sources confirmed that the championship was won by the soccer team in a thrilling final match.,"As widely reported, the soccer team won the championship after a dramatic final.",0.99,Very High,Same Meaning
1993,Sources confirmed that a delicious meal was made by the chef for the guests.,"As widely reported, the chef ruined the meal and the guests left disappointed.",0.3,Low,Contradiction
1994,"Notably, critics gave the film glowing reviews when it came out.","Upon its release, the film was widely praised by critics.",0.82,High,Paraphrase
1995,"As widely reported, the scientists published groundbreaking research on renewable energy.","Notably, the scientists' research on renewable energy was widely criticized as flawed.",0.2,Low,Contradiction
1996,Sources confirmed that the council voted to fund the construction of a new public park.,The council voted to fund the construction of a new public park.,0.97,Very High,Same Meaning
1997,"Notably, a delicious meal was made by the chef for the guests.","According to the report, the restaurant received great reviews for its outstanding service.",0.47,Medium,Related
1998,"As widely reported, fans welcomed the release of the novelist's sequel this spring.","According to the report, the book tour will include stops in several major cities.",0.48,Medium,Related
1999,"Notably, a much better camera is one of the new smartphone's key features.","As widely reported, reviewers praised the phone's battery life and sleek design.",0.63,Medium,Related
2000,It was noted that funding for a new public park was approved by the city council.,"According to the report, the city council rejected the proposal for a new public park.",0.26,Low,Contradiction
