id,text,task,input_type,expected_output,difficulty
1,Input sample: The festival attracts more than fifty thousand visitors each year.|How many visitors does the festival attract each year?,Question Answering,Context + Question,more than fifty thousand,Advanced
2,Take the following text: The recipe requires two cups of flour and a teaspoon of salt.|How much flour does the recipe require?,Question Answering,Context + Question,two cups,Intermediate
3,Review this input: The company reported strong quarterly earnings.|Quarterly earnings for the company were strong.,Text Similarity,Sentence Pair,High similarity (paraphrase),Beginner
4,Review this input: Critics praised the director's bold approach to the classic story.,Text Classification,Single Sentence,Entertainment,Advanced
5,"See below: The city council held a lengthy meeting to discuss the proposed transit expansion, hearing feedback from dozens of residents before ultimately postponing the vote until next month.",Text Summarization,Paragraph,City council postpones vote on transit expansion after resident feedback.,Intermediate
6,Example: The bridge took nearly six years to construct.|How long did the bridge take to construct?,Question Answering,Context + Question,nearly six years,Advanced
7,Example: Photosynthesis allows plants to convert sunlight into energy.|What does photosynthesis allow plants to do?,Question Answering,Context + Question,convert sunlight into energy,Intermediate
8,"Overall, the online course was reliable based on my recent experience.",Sentiment Analysis,Single Sentence,Positive,Intermediate
9,Please review: A new study found that students who participated in peer tutoring programs showed measurable improvement in both grades and confidence over a single semester.,Text Summarization,Paragraph,Study links peer tutoring to improved grades and confidence.,Beginner
10,"Example: Researchers at the university tracked bird migration patterns for over a decade, finding that changing climate conditions have shifted the timing of seasonal movement significantly.",Text Summarization,Paragraph,Decade-long study finds climate change shifting bird migration timing.,Intermediate
11,"Review this input: Following months of negotiation, the two companies finalized a merger that industry analysts believe will reshape the competitive landscape of the logistics sector.",Text Summarization,Paragraph,Two companies finalize merger reshaping the logistics industry.,Beginner
12,"Please review: The film studio confirmed that production on the long-awaited sequel will begin next spring, with much of the original cast expected to return for the project.",Text Summarization,Paragraph,Studio confirms sequel production will begin next spring.,Intermediate
13,Review this input: Ibrahim Smith was appointed as the new director at Blue Horizon Airlines.,Named Entity Recognition,Single Sentence,"PERSON: Ibrahim Smith, ORG: Blue Horizon Airlines",Beginner
14,"Consider the following: Overall, the customer support agent was impressive based on my recent experience.",Sentiment Analysis,Single Sentence,Positive,Intermediate
15,The Eiffel Tower was completed in 1889 and stands in Paris.|What year was the Eiffel Tower completed?,Question Answering,Context + Question,1889,Beginner
16,The satellite was launched into orbit in early 2021.|When was the satellite launched into orbit?,Question Answering,Context + Question,early 2021,Intermediate
17,Example: Write a short introduction for a blog post about sustainable travel.,Text Generation,Prompt,Sustainable travel focuses on exploring the world while minimizing environmental impact.,Beginner
18,"Input sample: Volunteers spent the weekend restoring a historic trail damaged by recent storms, clearing debris and repairing several washed-out sections.",Text Summarization,Paragraph,Volunteers restore storm-damaged historic trail over the weekend.,Beginner
19,"Reference text: Researchers at the university tracked bird migration patterns for over a decade, finding that changing climate conditions have shifted the timing of seasonal movement significantly.",Text Summarization,Paragraph,Decade-long study finds climate change shifting bird migration timing.,Intermediate
20,Please review: Generate a short caption for a photo of a bustling night market.,Text Generation,Prompt,"Lights, aromas, and laughter fill the air at the city's favorite night market.",Beginner
21,Example: The clinic expanded telehealth services for rural communities.,Text Classification,Single Sentence,Health,Beginner
22,"Case in point: Following months of negotiation, the two companies finalized a merger that industry analysts believe will reshape the competitive landscape of the logistics sector.",Text Summarization,Paragraph,Two companies finalize merger reshaping the logistics industry.,Beginner
23,"Consider the following: Overall, the flight was impressive based on my recent experience.",Sentiment Analysis,Single Sentence,Positive,Intermediate
24,Take the following text: The soccer team won the championship after a dramatic final.|The soccer team lost the championship in a disappointing final.,Text Similarity,Sentence Pair,Low similarity (contradiction),Advanced
25,Please review: The farmer checked the soil before planting the [MASK].,Masked Language Modeling,Masked Sentence,seeds,Advanced
26,Case in point: The comet will not be visible again for another seventy years.|When will the comet be visible again?,Question Answering,Context + Question,in another seventy years,Beginner
27,Case in point: Generate a short caption for a photo of an autumn forest trail.,Text Generation,Prompt,Crisp air and golden leaves make this trail impossible to resist in autumn.,Beginner
28,"As an example, The company launched a new [MASK] to attract younger customers.",Masked Language Modeling,Masked Sentence,campaign,Beginner
29,Task input: Global Trade Partners announced a new office opening in Dublin.,Named Entity Recognition,Single Sentence,"ORG: Global Trade Partners, GPE: Dublin",Beginner
30,"Take the following text: The city council held a lengthy meeting to discuss the proposed transit expansion, hearing feedback from dozens of residents before ultimately postponing the vote until next month.",Text Summarization,Paragraph,City council postpones vote on transit expansion after resident feedback.,Intermediate
31,Example: The film's soundtrack topped the charts within a week of release.,Text Classification,Single Sentence,Entertainment,Advanced
32,"Case in point: Overall, the restaurant was unreliable based on my recent experience.",Sentiment Analysis,Single Sentence,Negative,Beginner
33,The home team secured a narrow victory in the final minutes.,Text Classification,Single Sentence,Sports,Beginner
34,Take the following text: Crescent Media Group announced a new office opening in Vancouver.,Named Entity Recognition,Single Sentence,"ORG: Crescent Media Group, GPE: Vancouver",Intermediate
35,See below: The library was renovated using funds from a private donor.|How was the library's renovation funded?,Question Answering,Context + Question,funds from a private donor,Intermediate
36,Take the following text: The vaccine trial included over five thousand volunteers worldwide.|How many volunteers were included in the vaccine trial?,Question Answering,Context + Question,over five thousand,Advanced
37,"As an example, The marathon route passes through five historic neighborhoods.|How many historic neighborhoods does the marathon route pass through?",Question Answering,Context + Question,five,Beginner
38,Example: The startup raised a new round of funding.|The startup's funding round was widely reported as unsuccessful.,Text Similarity,Sentence Pair,Low similarity (contradiction),Beginner
39,Consider the following: The pilot announced a delay because of the [MASK].,Masked Language Modeling,Masked Sentence,weather,Intermediate
40,Sample input: The athlete stretched carefully before the [MASK].,Masked Language Modeling,Masked Sentence,race,Advanced
41,"For instance, The factory upgraded its equipment to save energy.|The factory's energy use increased after equipment failed.",Text Similarity,Sentence Pair,Low similarity (contradiction),Advanced
42,Take the following text: Nutritionists recommended simple changes to daily eating habits.,Text Classification,Single Sentence,Health,Intermediate
43,Note the following: Write a short pitch for a language-learning app.,Text Generation,Prompt,Learn a new language in minutes a day with lessons built around real conversations.,Intermediate
44,Case in point: Scientists discovered a new species in the rainforest canopy.,Text Classification,Single Sentence,Science,Advanced
45,Example: Hana Dubois was appointed as the new director at Maple Street School District.,Named Entity Recognition,Single Sentence,"PERSON: Hana Dubois, ORG: Maple Street School District",Beginner
46,Input sample: Write an opening line for a mystery novel set in a small coastal town.,Text Generation,Prompt,No one in the small coastal town expected the tide to bring back more than driftwood.,Intermediate
47,Case in point: The vaccination campaign reached thousands of families this month.,Text Classification,Single Sentence,Health,Advanced
48,Review this input: The concert featured a surprise duet that thrilled the crowd.,Text Classification,Single Sentence,Entertainment,Beginner
49,Please review: The striker scored twice in the second half of the match.,Text Classification,Single Sentence,Sports,Advanced
50,Sample input: The hikers packed extra water before reaching the [MASK].,Masked Language Modeling,Masked Sentence,summit,Beginner
51,Consider the following: The novel was translated into twelve languages after its release.|Into how many languages was the novel translated?,Question Answering,Context + Question,twelve,Intermediate
52,Consider the following: Continue the story: The archivist found a letter that had never been opened...,Text Generation,Prompt,...its wax seal was still intact after more than a century.,Advanced
53,Case in point: The company was founded by two engineers in a small garage.|Who founded the company?,Question Answering,Context + Question,two engineers,Beginner
54,Take the following text: The company reported strong quarterly earnings.|Quarterly earnings for the company were strong.,Text Similarity,Sentence Pair,High similarity (paraphrase),Beginner
55,Task input: The school introduced a new coding elective for ninth graders.,Text Classification,Single Sentence,Education,Intermediate
56,Review this input: Quantum Innovations announced a new office opening in Helsinki.,Named Entity Recognition,Single Sentence,"ORG: Quantum Innovations, GPE: Helsinki",Advanced
57,"Sample input: Overall, the software update was impressive based on my recent experience.",Sentiment Analysis,Single Sentence,Positive,Beginner
58,Case in point: Sofia Taylor was appointed as the new director at Redstone Consulting.,Named Entity Recognition,Single Sentence,"PERSON: Sofia Taylor, ORG: Redstone Consulting",Beginner
59,Input sample: The startup secured additional funding to scale its operations abroad.,Text Classification,Single Sentence,Business,Beginner
60,"Reference text: Overall, the software update was impressive based on my recent experience.",Sentiment Analysis,Single Sentence,Positive,Beginner
61,See below: The train journey between the two cities takes about four hours.|How long does the train journey take?,Question Answering,Context + Question,about four hours,Beginner
62,The soccer team won the championship after a dramatic final.|The soccer team lost the championship in a disappointing final.,Text Similarity,Sentence Pair,Low similarity (contradiction),Beginner
63,See below: The home team secured a narrow victory in the final minutes.,Text Classification,Single Sentence,Sports,Intermediate
64,"Here is a case to review: Overall, the customer support agent was reliable based on my recent experience.",Sentiment Analysis,Single Sentence,Positive,Intermediate
65,Note the following: Continue the story: The old bookstore had one rule that no customer ever questioned...,Text Generation,Prompt,...every book had to be returned to the exact shelf it came from.,Beginner
66,Example: The city unveiled a new walking trail along the historic waterfront.,Text Classification,Single Sentence,Travel,Intermediate
67,"Take the following text: Overall, the new laptop was efficient based on my recent experience.",Sentiment Analysis,Single Sentence,Positive,Beginner
68,Review this input: The students submitted their assignments before the [MASK].,Masked Language Modeling,Masked Sentence,deadline,Beginner
69,Take the following text: The factory upgraded its equipment to save energy.|The factory's energy use increased after equipment failed.,Text Similarity,Sentence Pair,Low similarity (contradiction),Intermediate
70,Case in point: The vaccine trial included over five thousand volunteers worldwide.|How many volunteers were included in the vaccine trial?,Question Answering,Context + Question,over five thousand,Intermediate
71,Input sample: Elena Hall was appointed as the new director at Lakeside Medical Center.,Named Entity Recognition,Single Sentence,"PERSON: Elena Hall, ORG: Lakeside Medical Center",Advanced
72,See below: The hikers reached the summit just before sunset.|The group of hikers made it to the top right before sunset.,Text Similarity,Sentence Pair,High similarity (paraphrase),Beginner
73,"Take the following text: Overall, the flight was reliable based on my recent experience.",Sentiment Analysis,Single Sentence,Positive,Beginner
74,Reference text: The volunteers cleaned up litter along the riverbank.|Litter along the riverbank was cleared by volunteers.,Text Similarity,Sentence Pair,High similarity (paraphrase),Advanced
75,Task input: Carlos Lewis was appointed as the new director at Summit Robotics Inc..,Named Entity Recognition,Single Sentence,"PERSON: Carlos Lewis, ORG: Summit Robotics Inc.",Intermediate
76,Note the following: The bridge took nearly six years to construct.|How long did the bridge take to construct?,Question Answering,Context + Question,nearly six years,Intermediate
77,Note the following: Priya Müller was appointed as the new director at Lakeside Medical Center.,Named Entity Recognition,Single Sentence,"PERSON: Priya Müller, ORG: Lakeside Medical Center",Beginner
78,"Reference text: The airline unveiled a redesigned cabin layout intended to improve passenger comfort on long-haul flights, including wider seats and more legroom.",Text Summarization,Paragraph,Airline redesigns cabin layout to improve long-haul passenger comfort.,Advanced
79,Reference text: The architect sketched the building's [MASK] on the whiteboard.,Masked Language Modeling,Masked Sentence,layout,Beginner
80,Please review: The mechanic inspected the car's [MASK] before the road trip.,Masked Language Modeling,Masked Sentence,engine,Beginner
81,Sample input: The orchestra rehearsed for weeks before the [MASK].,Masked Language Modeling,Masked Sentence,concert,Intermediate
82,"Case in point: Overall, the software update was acceptable based on my recent experience.",Sentiment Analysis,Single Sentence,Neutral,Intermediate
83,"As an example, Write a short introduction for a blog post about sustainable travel.",Text Generation,Prompt,Sustainable travel focuses on exploring the world while minimizing environmental impact.,Intermediate
84,"See below: The observatory captured unprecedented images of a distant nebula after upgrading its imaging equipment, giving astronomers new insight into star formation.",Text Summarization,Paragraph,Observatory captures new images of nebula after equipment upgrade.,Beginner
85,Here is a case to review: The orchestra rehearsed for weeks before the [MASK].,Masked Language Modeling,Masked Sentence,concert,Intermediate
86,Note the following: The teacher handed out the [MASK] at the start of class.,Masked Language Modeling,Masked Sentence,worksheet,Intermediate
87,Reference text: The museum closed its ancient exhibit permanently.|The startup's app is available in over forty countries.,Text Similarity,Sentence Pair,Low similarity (unrelated),Intermediate
88,Input sample: The recipe requires two cups of flour and a teaspoon of salt.|How much flour does the recipe require?,Question Answering,Context + Question,two cups,Beginner
89,Example: Write an opening sentence for a cooking blog post about seasonal produce.,Text Generation,Prompt,"Nothing captures the flavor of the season quite like fresh, locally grown produce.",Intermediate
90,The company reduced its carbon emissions by thirty percent last year.|By how much did the company reduce its carbon emissions?,Question Answering,Context + Question,thirty percent,Intermediate
91,Note the following: The pilot announced a delay because of the [MASK].,Masked Language Modeling,Masked Sentence,weather,Beginner
92,Please review: Fatima Okafor joined Vertex Analytics in Berlin last year.,Named Entity Recognition,Single Sentence,"PERSON: Fatima Okafor, ORG: Vertex Analytics, GPE: Berlin",Advanced
93,See below: The company launched a new [MASK] to attract younger customers.,Masked Language Modeling,Masked Sentence,campaign,Intermediate
94,"For instance, The scientists' research was widely criticized as flawed.|The scientists published groundbreaking, well-received research.",Text Similarity,Sentence Pair,Low similarity (contradiction),Beginner
95,"Take the following text: Overall, the fitness tracker was acceptable based on my recent experience.",Sentiment Analysis,Single Sentence,Neutral,Intermediate
96,Take the following text: Continue the story: The archivist found a letter that had never been opened...,Text Generation,Prompt,...its wax seal was still intact after more than a century.,Beginner
97,"Case in point: Overall, the fitness tracker was excellent based on my recent experience.",Sentiment Analysis,Single Sentence,Positive,Beginner
98,Here is a case to review: Generate a product description for a reusable water bottle.,Text Generation,Prompt,"This durable, eco-friendly water bottle keeps drinks cold for hours at a time.",Advanced
99,"As an example, Travelers shared tips for finding affordable flights this year.",Text Classification,Single Sentence,Travel,Beginner
100,Sample input: Write an opening sentence for a cooking blog post about seasonal produce.,Text Generation,Prompt,"Nothing captures the flavor of the season quite like fresh, locally grown produce.",Intermediate
101,Please review: The clinic expanded telehealth services for rural communities.,Text Classification,Single Sentence,Health,Intermediate
102,See below: The company reduced its carbon emissions by thirty percent last year.|By how much did the company reduce its carbon emissions?,Question Answering,Context + Question,thirty percent,Beginner
103,See below: The tourism board launched a campaign promoting off-season visits.,Text Classification,Single Sentence,Travel,Beginner
104,Please review: Developers released an open-source library for data analysis.,Text Classification,Single Sentence,Technology,Advanced
105,Reference text: The marathon route passed through the old town center.,Text Classification,Single Sentence,Sports,Intermediate
106,Review this input: The chef prepared a delicious meal.|The weather was sunny all week.,Text Similarity,Sentence Pair,Low similarity (unrelated),Intermediate
107,Sample input: Teachers attended a workshop on integrating technology into lessons.,Text Classification,Single Sentence,Education,Intermediate
108,"Sample input: Overall, the flight was excellent based on my recent experience.",Sentiment Analysis,Single Sentence,Positive,Beginner
109,Consider the following: Pioneer Research Institute announced a new office opening in Dublin.,Named Entity Recognition,Single Sentence,"ORG: Pioneer Research Institute, GPE: Dublin",Advanced
110,Task input: Generate a short caption for a photo of an autumn forest trail.,Text Generation,Prompt,Crisp air and golden leaves make this trail impossible to resist in autumn.,Beginner
111,"Overall, the customer support agent was satisfying based on my recent experience.",Sentiment Analysis,Single Sentence,Positive,Beginner
112,Input sample: Draft a short announcement about a community cleanup event.,Text Generation,Prompt,Join your neighbors this Saturday for a community cleanup event at the riverside park.,Intermediate
113,Input sample: Summit Robotics Inc. announced a new office opening in Cape Town.,Named Entity Recognition,Single Sentence,"ORG: Summit Robotics Inc., GPE: Cape Town",Intermediate
114,"Please review: Overall, the fitness tracker was unreliable based on my recent experience.",Sentiment Analysis,Single Sentence,Negative,Beginner
115,Sample input: The home team secured a narrow victory in the final minutes.,Text Classification,Single Sentence,Sports,Advanced
116,Case in point: The airline introduced a new nonstop route between major cities.,Text Classification,Single Sentence,Travel,Beginner
117,Input sample: The library was renovated using funds from a private donor.|How was the library's renovation funded?,Question Answering,Context + Question,funds from a private donor,Beginner
118,Reference text: Draft a short announcement about a community cleanup event.,Text Generation,Prompt,Join your neighbors this Saturday for a community cleanup event at the riverside park.,Beginner
119,Note the following: Amara Okafor joined Pioneer Research Institute in Wellington last year.,Named Entity Recognition,Single Sentence,"PERSON: Amara Okafor, ORG: Pioneer Research Institute, GPE: Wellington",Intermediate
120,The factory upgraded its equipment to save energy.|The factory's energy use increased after equipment failed.,Text Similarity,Sentence Pair,Low similarity (contradiction),Beginner
121,Here is a case to review: Ibrahim King was appointed as the new director at Golden Gate Retailers.,Named Entity Recognition,Single Sentence,"PERSON: Ibrahim King, ORG: Golden Gate Retailers",Advanced
122,Review this input: The factory upgraded its equipment to save energy.|The factory's energy use increased after equipment failed.,Text Similarity,Sentence Pair,Low similarity (contradiction),Beginner
123,"As an example, The young athlete broke the regional record in the sprint.",Text Classification,Single Sentence,Sports,Intermediate
124,Sample input: The volunteers cleaned up litter along the riverbank.|Litter along the riverbank was cleared by volunteers.,Text Similarity,Sentence Pair,High similarity (paraphrase),Intermediate
125,"Sample input: After years of research, scientists announced a new method for recycling plastic that uses significantly less energy than traditional processes, potentially transforming the recycling industry.",Text Summarization,Paragraph,Scientists develop energy-efficient plastic recycling method.,Advanced
126,"Reference text: After years of research, scientists announced a new method for recycling plastic that uses significantly less energy than traditional processes, potentially transforming the recycling industry.",Text Summarization,Paragraph,Scientists develop energy-efficient plastic recycling method.,Intermediate
127,See below: The factory upgraded its equipment to save energy.|The factory's energy use increased after equipment failed.,Text Similarity,Sentence Pair,Low similarity (contradiction),Advanced
128,Summit Robotics Inc. announced a new office opening in Jakarta.,Named Entity Recognition,Single Sentence,"ORG: Summit Robotics Inc., GPE: Jakarta",Beginner
129,Reference text: Chemists developed a more efficient method for producing clean fuel.,Text Classification,Single Sentence,Science,Beginner
130,"Take the following text: The scientists' research was widely criticized as flawed.|The scientists published groundbreaking, well-received research.",Text Similarity,Sentence Pair,Low similarity (contradiction),Advanced
131,Consider the following: Ingrid Brown joined Union Manufacturing Corp. in Wellington last year.,Named Entity Recognition,Single Sentence,"PERSON: Ingrid Brown, ORG: Union Manufacturing Corp., GPE: Wellington",Beginner
132,Task input: Redstone Consulting announced a new office opening in Osaka.,Named Entity Recognition,Single Sentence,"ORG: Redstone Consulting, GPE: Osaka",Advanced
133,Input sample: Write an opening sentence for a cooking blog post about seasonal produce.,Text Generation,Prompt,"Nothing captures the flavor of the season quite like fresh, locally grown produce.",Intermediate
134,"Here is a case to review: The city's water utility completed a multi-year project to replace aging pipes, reducing leaks and improving water quality for thousands of households.",Text Summarization,Paragraph,"City completes pipe replacement project, improving water quality.",Advanced
135,Case in point: Write a short pitch for a language-learning app.,Text Generation,Prompt,Learn a new language in minutes a day with lessons built around real conversations.,Beginner
136,Example: The young athlete broke the regional record in the sprint.,Text Classification,Single Sentence,Sports,Intermediate
137,See below: A critical vulnerability was patched in the latest software update.,Text Classification,Single Sentence,Technology,Intermediate
138,Task input: Draft a short thank-you message for event volunteers.,Text Generation,Prompt,Thank you to every volunteer who made this year's event possible.,Advanced
139,"Consider the following: Volunteers spent the weekend restoring a historic trail damaged by recent storms, clearing debris and repairing several washed-out sections.",Text Summarization,Paragraph,Volunteers restore storm-damaged historic trail over the weekend.,Intermediate
140,Input sample: The startup's app is available in over forty countries.|In how many countries is the startup's app available?,Question Answering,Context + Question,over forty,Intermediate
141,"Review this input: The city's water utility completed a multi-year project to replace aging pipes, reducing leaks and improving water quality for thousands of households.",Text Summarization,Paragraph,"City completes pipe replacement project, improving water quality.",Beginner
142,Sample input: The startup raised a new round of funding.|The startup's funding round was widely reported as unsuccessful.,Text Similarity,Sentence Pair,Low similarity (contradiction),Beginner
143,Note the following: The students submitted their assignments before the [MASK].,Masked Language Modeling,Masked Sentence,deadline,Intermediate
144,Input sample: The streaming series became a global sensation within weeks.,Text Classification,Single Sentence,Entertainment,Advanced
145,Here is a case to review: Oakwood Publishing House announced a new office opening in Toronto.,Named Entity Recognition,Single Sentence,"ORG: Oakwood Publishing House, GPE: Toronto",Advanced
146,Reference text: Ibrahim Wright was appointed as the new director at NextGen Software Labs.,Named Entity Recognition,Single Sentence,"PERSON: Ibrahim Wright, ORG: NextGen Software Labs",Beginner
147,Please review: Investors reacted positively to the firm's expansion into new markets.,Text Classification,Single Sentence,Business,Intermediate
148,Example: The novel was translated into twelve languages after its release.|Into how many languages was the novel translated?,Question Answering,Context + Question,twelve,Advanced
149,Please review: The pilot announced a delay because of the [MASK].,Masked Language Modeling,Masked Sentence,weather,Beginner
150,"For instance, Draft a short thank-you message for event volunteers.",Text Generation,Prompt,Thank you to every volunteer who made this year's event possible.,Intermediate
151,Input sample: The museum unveiled a new exhibit on ancient history.|A new ancient history exhibit opened at the museum.,Text Similarity,Sentence Pair,High similarity (paraphrase),Intermediate
152,Input sample: The city unveiled a new walking trail along the historic waterfront.,Text Classification,Single Sentence,Travel,Beginner
153,Input sample: Maria Costa joined NextGen Software Labs in Manila last year.,Named Entity Recognition,Single Sentence,"PERSON: Maria Costa, ORG: NextGen Software Labs, GPE: Manila",Intermediate
154,Here is a case to review: Continue the story: The old bookstore had one rule that no customer ever questioned...,Text Generation,Prompt,...every book had to be returned to the exact shelf it came from.,Beginner
155,"Overall, the restaurant was standard based on my recent experience.",Sentiment Analysis,Single Sentence,Neutral,Beginner
156,See below: Peter Baker joined Evergreen Energy Co. in Toronto last year.,Named Entity Recognition,Single Sentence,"PERSON: Peter Baker, ORG: Evergreen Energy Co., GPE: Toronto",Intermediate
157,Note the following: Chen Suzuki was appointed as the new director at Union Manufacturing Corp..,Named Entity Recognition,Single Sentence,"PERSON: Chen Suzuki, ORG: Union Manufacturing Corp.",Beginner
158,Sample input: The train journey between the two cities takes about four hours.|How long does the train journey take?,Question Answering,Context + Question,about four hours,Intermediate
159,"Input sample: Following months of negotiation, the two companies finalized a merger that industry analysts believe will reshape the competitive landscape of the logistics sector.",Text Summarization,Paragraph,Two companies finalize merger reshaping the logistics industry.,Beginner
160,Here is a case to review: Draft a short announcement about a community cleanup event.,Text Generation,Prompt,Join your neighbors this Saturday for a community cleanup event at the riverside park.,Advanced
161,"Case in point: Overall, the online course was average based on my recent experience.",Sentiment Analysis,Single Sentence,Neutral,Intermediate
162,"Task input: The city's new bike-sharing program has already logged tens of thousands of rides in its first month, with officials crediting expanded lanes and lower fares for the early success.",Text Summarization,Paragraph,City's new bike-sharing program sees strong early adoption.,Advanced
163,Note the following: Generate a short caption for a photo of a mountain sunrise.,Text Generation,Prompt,Golden light spills over the peaks as another day begins in the highlands.,Advanced
164,Consider the following: The festival attracts more than fifty thousand visitors each year.|How many visitors does the festival attract each year?,Question Answering,Context + Question,more than fifty thousand,Intermediate
165,Here is a case to review: The farmer checked the soil before planting the [MASK].,Masked Language Modeling,Masked Sentence,seeds,Advanced
166,Reference text: Sara Smith was appointed as the new director at Skyline Real Estate.,Named Entity Recognition,Single Sentence,"PERSON: Sara Smith, ORG: Skyline Real Estate",Intermediate
167,"Review this input: Overall, the software update was acceptable based on my recent experience.",Sentiment Analysis,Single Sentence,Neutral,Advanced
168,Here is a case to review: Crescent Media Group announced a new office opening in Cape Town.,Named Entity Recognition,Single Sentence,"ORG: Crescent Media Group, GPE: Cape Town",Advanced
169,Please review: Chen Suzuki joined BrightFuture Foundation in Osaka last year.,Named Entity Recognition,Single Sentence,"PERSON: Chen Suzuki, ORG: BrightFuture Foundation, GPE: Osaka",Beginner
170,Consider the following: The chef prepared a delicious meal.|The weather was sunny all week.,Text Similarity,Sentence Pair,Low similarity (unrelated),Advanced
171,Example: The orchestra rehearsed for weeks before the [MASK].,Masked Language Modeling,Masked Sentence,concert,Intermediate
172,Please review: Maria Novak was appointed as the new director at Aurora Data Systems.,Named Entity Recognition,Single Sentence,"PERSON: Maria Novak, ORG: Aurora Data Systems",Beginner
173,"For instance, Overall, the fitness tracker was frustrating based on my recent experience.",Sentiment Analysis,Single Sentence,Negative,Beginner
174,"Example: The airline unveiled a redesigned cabin layout intended to improve passenger comfort on long-haul flights, including wider seats and more legroom.",Text Summarization,Paragraph,Airline redesigns cabin layout to improve long-haul passenger comfort.,Beginner
175,Consider the following: The company was founded by two engineers in a small garage.|Who founded the company?,Question Answering,Context + Question,two engineers,Intermediate
176,Review this input: Mount Everest is the tallest mountain above sea level on Earth.|What is the tallest mountain above sea level?,Question Answering,Context + Question,Mount Everest,Advanced
177,Consider the following: Olivia Brown was appointed as the new director at Delta Cloud Services.,Named Entity Recognition,Single Sentence,"PERSON: Olivia Brown, ORG: Delta Cloud Services",Intermediate
178,"Case in point: Researchers at the university tracked bird migration patterns for over a decade, finding that changing climate conditions have shifted the timing of seasonal movement significantly.",Text Summarization,Paragraph,Decade-long study finds climate change shifting bird migration timing.,Beginner
179,Note the following: The volunteers cleaned up litter along the riverbank.|Litter along the riverbank was cleared by volunteers.,Text Similarity,Sentence Pair,High similarity (paraphrase),Intermediate
180,Review this input: Write a short introduction for a blog post about sustainable travel.,Text Generation,Prompt,Sustainable travel focuses on exploring the world while minimizing environmental impact.,Beginner
181,Input sample: The scientist conducted an experiment in the [MASK].,Masked Language Modeling,Masked Sentence,laboratory,Intermediate
182,"As an example, Ravi Silva joined Zenith Pharmaceuticals in Manila last year.",Named Entity Recognition,Single Sentence,"PERSON: Ravi Silva, ORG: Zenith Pharmaceuticals, GPE: Manila",Beginner
183,"Note the following: The city's water utility completed a multi-year project to replace aging pipes, reducing leaks and improving water quality for thousands of households.",Text Summarization,Paragraph,"City completes pipe replacement project, improving water quality.",Intermediate
184,Consider the following: Ironwood Steel Works announced a new office opening in Vancouver.,Named Entity Recognition,Single Sentence,"ORG: Ironwood Steel Works, GPE: Vancouver",Beginner
185,Task input: Vertex Analytics announced a new office opening in Denver.,Named Entity Recognition,Single Sentence,"ORG: Vertex Analytics, GPE: Denver",Intermediate
186,See below: Ahmed Kim was appointed as the new director at Falcon Logistics.,Named Entity Recognition,Single Sentence,"PERSON: Ahmed Kim, ORG: Falcon Logistics",Advanced
187,"As an example, The photographer waited for the perfect [MASK] to take the shot.",Masked Language Modeling,Masked Sentence,light,Beginner
188,"As an example, The team celebrated their championship victory.|The team lost the championship final.",Text Similarity,Sentence Pair,Low similarity (contradiction),Advanced
189,Please review: The hikers packed extra water before reaching the [MASK].,Masked Language Modeling,Masked Sentence,summit,Advanced
190,Consider the following: Leila Novak joined Riverside Bank in Marrakesh last year.,Named Entity Recognition,Single Sentence,"PERSON: Leila Novak, ORG: Riverside Bank, GPE: Marrakesh",Advanced
191,The museum closed its ancient exhibit permanently.|The startup's app is available in over forty countries.,Text Similarity,Sentence Pair,Low similarity (unrelated),Beginner
192,"Please review: The observatory captured unprecedented images of a distant nebula after upgrading its imaging equipment, giving astronomers new insight into star formation.",Text Summarization,Paragraph,Observatory captures new images of nebula after equipment upgrade.,Advanced
193,Case in point: The scientist conducted an experiment in the [MASK].,Masked Language Modeling,Masked Sentence,laboratory,Advanced
194,Case in point: The concert featured a surprise duet that thrilled the crowd.,Text Classification,Single Sentence,Entertainment,Beginner
195,See below: The company reported strong quarterly earnings.|Quarterly earnings for the company were strong.,Text Similarity,Sentence Pair,High similarity (paraphrase),Advanced
196,Reference text: The city approved funding for a new park.|Funding for a new park was approved by the city.,Text Similarity,Sentence Pair,High similarity (paraphrase),Intermediate
197,Case in point: The company launched a new [MASK] to attract younger customers.,Masked Language Modeling,Masked Sentence,campaign,Intermediate
198,Please review: The doctor recommended more rest and a balanced [MASK].,Masked Language Modeling,Masked Sentence,diet,Advanced
199,Here is a case to review: A new study found that students who participated in peer tutoring programs showed measurable improvement in both grades and confidence over a single semester.,Text Summarization,Paragraph,Study links peer tutoring to improved grades and confidence.,Beginner
200,See below: Grace Smith was appointed as the new director at Summit Robotics Inc..,Named Entity Recognition,Single Sentence,"PERSON: Grace Smith, ORG: Summit Robotics Inc.",Intermediate
201,See below: The museum closed its ancient exhibit permanently.|The startup's app is available in over forty countries.,Text Similarity,Sentence Pair,Low similarity (unrelated),Intermediate
202,"Review this input: A local nonprofit distributed thousands of winter coats to families in need, relying entirely on community donations and volunteer coordination.",Text Summarization,Paragraph,Nonprofit distributes winter coats to families through community donations.,Advanced
203,"Case in point: A local nonprofit distributed thousands of winter coats to families in need, relying entirely on community donations and volunteer coordination.",Text Summarization,Paragraph,Nonprofit distributes winter coats to families through community donations.,Advanced
204,Example: Wei Fernandez joined Oakwood Publishing House in Edinburgh last year.,Named Entity Recognition,Single Sentence,"PERSON: Wei Fernandez, ORG: Oakwood Publishing House, GPE: Edinburgh",Advanced
205,Case in point: The mechanic inspected the car's [MASK] before the road trip.,Masked Language Modeling,Masked Sentence,engine,Beginner
206,"For instance, Kevin Haddad joined Ironwood Steel Works in Bangkok last year.",Named Entity Recognition,Single Sentence,"PERSON: Kevin Haddad, ORG: Ironwood Steel Works, GPE: Bangkok",Beginner
207,Reference text: The barista prepared a fresh cup of [MASK] for the customer.,Masked Language Modeling,Masked Sentence,coffee,Beginner
208,"Case in point: Overall, the hotel stay was impressive based on my recent experience.",Sentiment Analysis,Single Sentence,Positive,Intermediate
209,Consider the following: The engineer reviewed the blueprint before the [MASK].,Masked Language Modeling,Masked Sentence,construction,Intermediate
210,Take the following text: The hikers packed extra water before reaching the [MASK].,Masked Language Modeling,Masked Sentence,summit,Intermediate
211,Here is a case to review: The Eiffel Tower was completed in 1889 and stands in Paris.|What year was the Eiffel Tower completed?,Question Answering,Context + Question,1889,Advanced
212,"Please review: Overall, the online course was slow based on my recent experience.",Sentiment Analysis,Single Sentence,Negative,Beginner
213,Review this input: Continue the story: The old lighthouse had been abandoned for decades until...,Text Generation,Prompt,...a young sailor discovered a hidden journal inside its rusted walls.,Advanced
214,"As an example, Chen Kim was appointed as the new director at Northfield University.",Named Entity Recognition,Single Sentence,"PERSON: Chen Kim, ORG: Northfield University",Beginner
215,Note the following: The scientist conducted an experiment in the [MASK].,Masked Language Modeling,Masked Sentence,laboratory,Advanced
216,"Example: Overall, the customer service team was frustrating based on my recent experience.",Sentiment Analysis,Single Sentence,Negative,Advanced
217,"Take the following text: Overall, the hotel stay was disappointing based on my recent experience.",Sentiment Analysis,Single Sentence,Negative,Intermediate
218,Example: The orchestra performed a piece composed specifically for the occasion.|What kind of piece did the orchestra perform?,Question Answering,Context + Question,a piece composed specifically for the occasion,Beginner
219,Sample input: James Young joined Delta Cloud Services in Nairobi last year.,Named Entity Recognition,Single Sentence,"PERSON: James Young, ORG: Delta Cloud Services, GPE: Nairobi",Beginner
220,Note the following: Isabella Yamamoto was appointed as the new director at Aurora Data Systems.,Named Entity Recognition,Single Sentence,"PERSON: Isabella Yamamoto, ORG: Aurora Data Systems",Advanced
221,"As an example, Lucas Moore was appointed as the new director at Meridian Financial Group.",Named Entity Recognition,Single Sentence,"PERSON: Lucas Moore, ORG: Meridian Financial Group",Intermediate
222,Task input: Scientists discovered a new species in the rainforest canopy.,Text Classification,Single Sentence,Science,Beginner
223,Note the following: The airline canceled several flights due to weather.|The library added new titles to its collection.,Text Similarity,Sentence Pair,Low similarity (unrelated),Advanced
224,Carlos Petrov joined Quantum Innovations in Prague last year.,Named Entity Recognition,Single Sentence,"PERSON: Carlos Petrov, ORG: Quantum Innovations, GPE: Prague",Intermediate
225,"As an example, The train journey between the two cities takes about four hours.|How long does the train journey take?",Question Answering,Context + Question,about four hours,Beginner
226,"As an example, The concert featured a surprise duet that thrilled the crowd.",Text Classification,Single Sentence,Entertainment,Intermediate
227,"As an example, The pilot announced a delay because of the [MASK].",Masked Language Modeling,Masked Sentence,weather,Beginner
228,Consider the following: Write a tagline for a new fitness app.,Text Generation,Prompt,"Track your progress, build your habits, and reach your goals every day.",Beginner
229,"Consider the following: Overall, the fitness tracker was impressive based on my recent experience.",Sentiment Analysis,Single Sentence,Positive,Intermediate
230,Consider the following: Draft a short welcome message for new employees.,Text Generation,Prompt,Welcome to the team; we're excited to have you join us on this journey.,Advanced
231,Reference text: Critics praised the director's bold approach to the classic story.,Text Classification,Single Sentence,Entertainment,Advanced
232,Reference text: A critical vulnerability was patched in the latest software update.,Text Classification,Single Sentence,Technology,Beginner
233,See below: The airline canceled several flights due to weather.|The library added new titles to its collection.,Text Similarity,Sentence Pair,Low similarity (unrelated),Advanced
234,Reference text: The city unveiled a new walking trail along the historic waterfront.,Text Classification,Single Sentence,Travel,Beginner
235,"For instance, The pilot announced a delay because of the [MASK].",Masked Language Modeling,Masked Sentence,weather,Intermediate
236,"Note the following: Researchers at the university tracked bird migration patterns for over a decade, finding that changing climate conditions have shifted the timing of seasonal movement significantly.",Text Summarization,Paragraph,Decade-long study finds climate change shifting bird migration timing.,Beginner
237,The photographer waited for the perfect [MASK] to take the shot.,Masked Language Modeling,Masked Sentence,light,Intermediate
238,Please review: Critics praised the director's bold approach to the classic story.,Text Classification,Single Sentence,Entertainment,Intermediate
239,"Review this input: The city's new bike-sharing program has already logged tens of thousands of rides in its first month, with officials crediting expanded lanes and lower fares for the early success.",Text Summarization,Paragraph,City's new bike-sharing program sees strong early adoption.,Advanced
240,"Note the following: Overall, the online course was reliable based on my recent experience.",Sentiment Analysis,Single Sentence,Positive,Intermediate
241,Nadia Kowalski was appointed as the new director at Coastal Insurance Co..,Named Entity Recognition,Single Sentence,"PERSON: Nadia Kowalski, ORG: Coastal Insurance Co.",Advanced
242,Input sample: The company reduced its carbon emissions by thirty percent last year.|By how much did the company reduce its carbon emissions?,Question Answering,Context + Question,thirty percent,Intermediate
243,"Please review: Overall, the customer support agent was efficient based on my recent experience.",Sentiment Analysis,Single Sentence,Positive,Advanced
244,"Sample input: A local nonprofit distributed thousands of winter coats to families in need, relying entirely on community donations and volunteer coordination.",Text Summarization,Paragraph,Nonprofit distributes winter coats to families through community donations.,Intermediate
245,"For instance, The city's new bike-sharing program has already logged tens of thousands of rides in its first month, with officials crediting expanded lanes and lower fares for the early success.",Text Summarization,Paragraph,City's new bike-sharing program sees strong early adoption.,Beginner
246,Note the following: The wearable device tracks sleep patterns and syncs with an app.,Text Classification,Single Sentence,Technology,Intermediate
247,Task input: Continue the story: The scientist stared at the readings in disbelief because...,Text Generation,Prompt,...the numbers suggested something no experiment had ever recorded before.,Advanced
248,"Overall, the new laptop was disappointing based on my recent experience.",Sentiment Analysis,Single Sentence,Negative,Beginner
249,Note the following: Crescent Media Group announced a new office opening in Denver.,Named Entity Recognition,Single Sentence,"ORG: Crescent Media Group, GPE: Denver",Advanced
250,Consider the following: The museum closed its ancient exhibit permanently.|The startup's app is available in over forty countries.,Text Similarity,Sentence Pair,Low similarity (unrelated),Intermediate
251,Sample input: The tech firm rolled out a privacy update giving users more control over how their data is shared with third-party advertisers.,Text Summarization,Paragraph,Tech firm gives users more control over data sharing with new update.,Intermediate
252,"As an example, Coaches emphasized endurance training ahead of the tournament.",Text Classification,Single Sentence,Sports,Beginner
253,Here is a case to review: George Clark was appointed as the new director at Pioneer Research Institute.,Named Entity Recognition,Single Sentence,"PERSON: George Clark, ORG: Pioneer Research Institute",Intermediate
254,Consider the following: Write an opening line for a memoir about growing up near the coast.,Text Generation,Prompt,"The ocean was the first sound I remember, and it never really left me.",Intermediate
255,Case in point: Engineers unveiled a chip that doubles processing speed.,Text Classification,Single Sentence,Technology,Advanced
256,Case in point: Write an opening sentence for a cooking blog post about seasonal produce.,Text Generation,Prompt,"Nothing captures the flavor of the season quite like fresh, locally grown produce.",Advanced
257,Reference text: Write a short introduction for a blog post about sustainable travel.,Text Generation,Prompt,Sustainable travel focuses on exploring the world while minimizing environmental impact.,Advanced
258,"As an example, Generate a product description for a reusable water bottle.",Text Generation,Prompt,"This durable, eco-friendly water bottle keeps drinks cold for hours at a time.",Intermediate
259,Take the following text: Investors reacted positively to the firm's expansion into new markets.,Text Classification,Single Sentence,Business,Intermediate
260,Consider the following: Continue the story: The old bookstore had one rule that no customer ever questioned...,Text Generation,Prompt,...every book had to be returned to the exact shelf it came from.,Intermediate
261,Review this input: The airline canceled several flights due to weather.|The library added new titles to its collection.,Text Similarity,Sentence Pair,Low similarity (unrelated),Intermediate
262,Reference text: The chef prepared a delicious meal.|The weather was sunny all week.,Text Similarity,Sentence Pair,Low similarity (unrelated),Intermediate
263,Review this input: Global Trade Partners announced a new office opening in Helsinki.,Named Entity Recognition,Single Sentence,"ORG: Global Trade Partners, GPE: Helsinki",Advanced
264,"See below: The city's water utility completed a multi-year project to replace aging pipes, reducing leaks and improving water quality for thousands of households.",Text Summarization,Paragraph,"City completes pipe replacement project, improving water quality.",Beginner
265,See below: Write an opening line for a memoir about growing up near the coast.,Text Generation,Prompt,"The ocean was the first sound I remember, and it never really left me.",Beginner
266,"The startup's latest app allows users to track their carbon footprint by analyzing daily habits such as transportation, diet, and energy use, offering personalized suggestions for reducing emissions.",Text Summarization,Paragraph,New app helps users track and reduce their carbon footprint.,Beginner
267,Please review: Coaches emphasized endurance training ahead of the tournament.,Text Classification,Single Sentence,Sports,Intermediate
268,Input sample: Nutritionists recommended simple changes to daily eating habits.,Text Classification,Single Sentence,Health,Intermediate
269,Note the following: The train journey between the two cities takes about four hours.|How long does the train journey take?,Question Answering,Context + Question,about four hours,Beginner
270,Sample input: The airline introduced a new nonstop route between major cities.,Text Classification,Single Sentence,Travel,Advanced
271,"As an example, The chef prepared a delicious meal.|The weather was sunny all week.",Text Similarity,Sentence Pair,Low similarity (unrelated),Beginner
272,"A local nonprofit distributed thousands of winter coats to families in need, relying entirely on community donations and volunteer coordination.",Text Summarization,Paragraph,Nonprofit distributes winter coats to families through community donations.,Advanced
273,Review this input: Write a short pitch for a language-learning app.,Text Generation,Prompt,Learn a new language in minutes a day with lessons built around real conversations.,Beginner
274,Consider the following: The students submitted their assignments before the [MASK].,Masked Language Modeling,Masked Sentence,deadline,Beginner
275,"Sample input: Overall, the fitness tracker was typical based on my recent experience.",Sentiment Analysis,Single Sentence,Neutral,Beginner
276,Case in point: Donors contributed generously to the hospital's expansion.|The hospital's expansion was funded by generous donors.,Text Similarity,Sentence Pair,High similarity (paraphrase),Intermediate
277,Consider the following: Ethan Anderson was appointed as the new director at Union Manufacturing Corp..,Named Entity Recognition,Single Sentence,"PERSON: Ethan Anderson, ORG: Union Manufacturing Corp.",Intermediate
278,The pilot announced a delay because of the [MASK].,Masked Language Modeling,Masked Sentence,weather,Advanced
279,Task input: The college expanded its online course catalog significantly.,Text Classification,Single Sentence,Education,Beginner
280,"As an example, The film studio confirmed that production on the long-awaited sequel will begin next spring, with much of the original cast expected to return for the project.",Text Summarization,Paragraph,Studio confirms sequel production will begin next spring.,Advanced
281,"For instance, Generate a product description for a reusable water bottle.",Text Generation,Prompt,"This durable, eco-friendly water bottle keeps drinks cold for hours at a time.",Intermediate
282,Task input: Donors contributed generously to the hospital's expansion.|The hospital's expansion was funded by generous donors.,Text Similarity,Sentence Pair,High similarity (paraphrase),Advanced
283,"For instance, George Wilson was appointed as the new director at Redstone Consulting.",Named Entity Recognition,Single Sentence,"PERSON: George Wilson, ORG: Redstone Consulting",Intermediate
284,"Case in point: Overall, the delivery was slow based on my recent experience.",Sentiment Analysis,Single Sentence,Negative,Advanced
285,"The hospital opened a new pediatric wing this week, funded largely through community donations, aiming to reduce wait times and improve care for young patients across the region.",Text Summarization,Paragraph,Hospital opens community-funded pediatric wing to improve care.,Advanced
286,Task input: The concert featured a surprise duet that thrilled the crowd.,Text Classification,Single Sentence,Entertainment,Beginner
287,"Case in point: The hospital opened a new pediatric wing this week, funded largely through community donations, aiming to reduce wait times and improve care for young patients across the region.",Text Summarization,Paragraph,Hospital opens community-funded pediatric wing to improve care.,Intermediate
288,Reference text: The mechanic inspected the car's [MASK] before the road trip.,Masked Language Modeling,Masked Sentence,engine,Intermediate
289,Reference text: The company reported strong quarterly earnings.|Quarterly earnings for the company were strong.,Text Similarity,Sentence Pair,High similarity (paraphrase),Intermediate
290,The engineer reviewed the blueprint before the [MASK].,Masked Language Modeling,Masked Sentence,construction,Advanced
291,"As an example, Overall, the printer was disappointing based on my recent experience.",Sentiment Analysis,Single Sentence,Negative,Intermediate
292,Input sample: The hospital expanded its emergency department.|Doctors recommended more sleep for better memory.,Text Similarity,Sentence Pair,Low similarity (unrelated),Advanced
293,The bike-sharing program was launched to ease congestion.|The novelist postponed her sequel's release indefinitely.,Text Similarity,Sentence Pair,Low similarity (unrelated),Beginner
294,Sample input: The marathon route passes through five historic neighborhoods.|How many historic neighborhoods does the marathon route pass through?,Question Answering,Context + Question,five,Intermediate
295,"Please review: Overall, the mobile app was frustrating based on my recent experience.",Sentiment Analysis,Single Sentence,Negative,Beginner
296,"Task input: Following months of negotiation, the two companies finalized a merger that industry analysts believe will reshape the competitive landscape of the logistics sector.",Text Summarization,Paragraph,Two companies finalize merger reshaping the logistics industry.,Beginner
297,Example: The tech firm rolled out a privacy update giving users more control over how their data is shared with third-party advertisers.,Text Summarization,Paragraph,Tech firm gives users more control over data sharing with new update.,Intermediate
298,See below: Generate a short caption for a photo of an autumn forest trail.,Text Generation,Prompt,Crisp air and golden leaves make this trail impossible to resist in autumn.,Beginner
299,"As an example, Write an opening line for a memoir about growing up near the coast.",Text Generation,Prompt,"The ocean was the first sound I remember, and it never really left me.",Beginner
300,Note the following: The district approved funding for updated classroom technology.,Text Classification,Single Sentence,Education,Advanced
301,"Sample input: The university announced a new scholarship program aimed at supporting first-generation college students, covering tuition, housing, and textbook costs for qualifying applicants.",Text Summarization,Paragraph,University launches scholarship for first-generation students.,Intermediate
302,"Take the following text: Overall, the printer was typical based on my recent experience.",Sentiment Analysis,Single Sentence,Neutral,Intermediate
303,Please review: The museum closed its ancient exhibit permanently.|The startup's app is available in over forty countries.,Text Similarity,Sentence Pair,Low similarity (unrelated),Advanced
304,See below: The chef added a pinch of salt to the [MASK].,Masked Language Modeling,Masked Sentence,soup,Intermediate
305,Consider the following: Write a short introduction for a blog post about sustainable travel.,Text Generation,Prompt,Sustainable travel focuses on exploring the world while minimizing environmental impact.,Intermediate
306,"For instance, Overall, the online course was ordinary based on my recent experience.",Sentiment Analysis,Single Sentence,Neutral,Advanced
307,Take the following text: The professor's research focuses on renewable energy storage.|What does the professor's research focus on?,Question Answering,Context + Question,renewable energy storage,Intermediate
308,Take the following text: Generate a short caption for a photo of an autumn forest trail.,Text Generation,Prompt,Crisp air and golden leaves make this trail impossible to resist in autumn.,Intermediate
309,Case in point: The architect sketched the building's [MASK] on the whiteboard.,Masked Language Modeling,Masked Sentence,layout,Intermediate
310,Reference text: The chef added a pinch of salt to the [MASK].,Masked Language Modeling,Masked Sentence,soup,Advanced
311,Case in point: The satellite was launched into orbit in early 2021.|When was the satellite launched into orbit?,Question Answering,Context + Question,early 2021,Advanced
312,"Task input: The startup's latest app allows users to track their carbon footprint by analyzing daily habits such as transportation, diet, and energy use, offering personalized suggestions for reducing emissions.",Text Summarization,Paragraph,New app helps users track and reduce their carbon footprint.,Beginner
313,Sample input: Generate a product description for a reusable water bottle.,Text Generation,Prompt,"This durable, eco-friendly water bottle keeps drinks cold for hours at a time.",Advanced
314,Input sample: James Wright was appointed as the new director at NextGen Software Labs.,Named Entity Recognition,Single Sentence,"PERSON: James Wright, ORG: NextGen Software Labs",Advanced
315,Please review: The film's soundtrack topped the charts within a week of release.,Text Classification,Single Sentence,Entertainment,Advanced
316,"Reference text: Overall, the customer support agent was unreliable based on my recent experience.",Sentiment Analysis,Single Sentence,Negative,Intermediate
317,Here is a case to review: The airline canceled several flights due to weather.|The library added new titles to its collection.,Text Similarity,Sentence Pair,Low similarity (unrelated),Beginner
318,Take the following text: A new study found that students who participated in peer tutoring programs showed measurable improvement in both grades and confidence over a single semester.,Text Summarization,Paragraph,Study links peer tutoring to improved grades and confidence.,Intermediate
319,"As an example, Photosynthesis allows plants to convert sunlight into energy.|What does photosynthesis allow plants to do?",Question Answering,Context + Question,convert sunlight into energy,Advanced
320,Please review: The engineer reviewed the blueprint before the [MASK].,Masked Language Modeling,Masked Sentence,construction,Intermediate
321,Task input: The chef prepared a delicious meal.|The weather was sunny all week.,Text Similarity,Sentence Pair,Low similarity (unrelated),Beginner
322,"For instance, The company launched a new [MASK] to attract younger customers.",Masked Language Modeling,Masked Sentence,campaign,Intermediate
323,Review this input: The photographer waited for the perfect [MASK] to take the shot.,Masked Language Modeling,Masked Sentence,light,Beginner
324,Please review: Continue the story: The archivist found a letter that had never been opened...,Text Generation,Prompt,...its wax seal was still intact after more than a century.,Intermediate
325,Engineers unveiled a chip that doubles processing speed.,Text Classification,Single Sentence,Technology,Beginner
326,Take the following text: The museum unveiled a new exhibit on ancient history.|A new ancient history exhibit opened at the museum.,Text Similarity,Sentence Pair,High similarity (paraphrase),Beginner
327,See below: The festival attracts more than fifty thousand visitors each year.|How many visitors does the festival attract each year?,Question Answering,Context + Question,more than fifty thousand,Intermediate
328,"Task input: The city council held a lengthy meeting to discuss the proposed transit expansion, hearing feedback from dozens of residents before ultimately postponing the vote until next month.",Text Summarization,Paragraph,City council postpones vote on transit expansion after resident feedback.,Intermediate
329,Case in point: The orchestra performed a piece composed specifically for the occasion.|What kind of piece did the orchestra perform?,Question Answering,Context + Question,a piece composed specifically for the occasion,Beginner
330,Review this input: The startup released an app that tracks personal energy usage.,Text Classification,Single Sentence,Technology,Advanced
331,Review this input: The company was founded by two engineers in a small garage.|Who founded the company?,Question Answering,Context + Question,two engineers,Intermediate
332,Please review: Researchers discovered a new species in the rainforest.|A new species was discovered in the rainforest by researchers.,Text Similarity,Sentence Pair,High similarity (paraphrase),Advanced
333,Task input: The bridge took nearly six years to construct.|How long did the bridge take to construct?,Question Answering,Context + Question,nearly six years,Advanced
334,Here is a case to review: Pioneer Research Institute announced a new office opening in Denver.,Named Entity Recognition,Single Sentence,"ORG: Pioneer Research Institute, GPE: Denver",Beginner
335,"For instance, Generate a short caption for a photo of a mountain sunrise.",Text Generation,Prompt,Golden light spills over the peaks as another day begins in the highlands.,Beginner
336,See below: Engineers unveiled a chip that doubles processing speed.,Text Classification,Single Sentence,Technology,Beginner
337,"Note the following: The university announced a new scholarship program aimed at supporting first-generation college students, covering tuition, housing, and textbook costs for qualifying applicants.",Text Summarization,Paragraph,University launches scholarship for first-generation students.,Beginner
338,Reference text: The college expanded its online course catalog significantly.,Text Classification,Single Sentence,Education,Intermediate
339,Note the following: Coaches emphasized endurance training ahead of the tournament.,Text Classification,Single Sentence,Sports,Intermediate
340,"Case in point: Overall, the customer support agent was standard based on my recent experience.",Sentiment Analysis,Single Sentence,Neutral,Intermediate
341,Task input: The startup raised a new round of funding.|The startup's funding round was widely reported as unsuccessful.,Text Similarity,Sentence Pair,Low similarity (contradiction),Advanced
342,"For instance, The barista prepared a fresh cup of [MASK] for the customer.",Masked Language Modeling,Masked Sentence,coffee,Beginner
343,Example: The company launched a new [MASK] to attract younger customers.,Masked Language Modeling,Masked Sentence,campaign,Advanced
344,Take the following text: Write a tagline for a new fitness app.,Text Generation,Prompt,"Track your progress, build your habits, and reach your goals every day.",Beginner
345,"Take the following text: The university announced a new scholarship program aimed at supporting first-generation college students, covering tuition, housing, and textbook costs for qualifying applicants.",Text Summarization,Paragraph,University launches scholarship for first-generation students.,Intermediate
346,Please review: The vaccine trial included over five thousand volunteers worldwide.|How many volunteers were included in the vaccine trial?,Question Answering,Context + Question,over five thousand,Beginner
347,Sample input: The factory upgraded its equipment to save energy.|The factory's energy use increased after equipment failed.,Text Similarity,Sentence Pair,Low similarity (contradiction),Intermediate
348,Input sample: The barista prepared a fresh cup of [MASK] for the customer.,Masked Language Modeling,Masked Sentence,coffee,Intermediate
349,The professor's research focuses on renewable energy storage.|What does the professor's research focus on?,Question Answering,Context + Question,renewable energy storage,Advanced
350,"Note the following: The hospital opened a new pediatric wing this week, funded largely through community donations, aiming to reduce wait times and improve care for young patients across the region.",Text Summarization,Paragraph,Hospital opens community-funded pediatric wing to improve care.,Beginner
351,Take the following text: The farmer checked the soil before planting the [MASK].,Masked Language Modeling,Masked Sentence,seeds,Advanced
352,"Overall, the fitness tracker was standard based on my recent experience.",Sentiment Analysis,Single Sentence,Neutral,Advanced
353,Continue the story: The old lighthouse had been abandoned for decades until...,Text Generation,Prompt,...a young sailor discovered a hidden journal inside its rusted walls.,Advanced
354,The library was renovated using funds from a private donor.|How was the library's renovation funded?,Question Answering,Context + Question,funds from a private donor,Beginner
355,Example: The video game studio revealed footage for its upcoming release.,Text Classification,Single Sentence,Entertainment,Beginner
356,See below: The barista prepared a fresh cup of [MASK] for the customer.,Masked Language Modeling,Masked Sentence,coffee,Intermediate
357,Input sample: The company was founded by two engineers in a small garage.|Who founded the company?,Question Answering,Context + Question,two engineers,Advanced
358,Task input: The committee reviewed each [MASK] before making a decision.,Masked Language Modeling,Masked Sentence,proposal,Advanced
359,Write a short introduction for a blog post about sustainable travel.,Text Generation,Prompt,Sustainable travel focuses on exploring the world while minimizing environmental impact.,Beginner
360,See below: Leila Walker was appointed as the new director at Coastal Insurance Co..,Named Entity Recognition,Single Sentence,"PERSON: Leila Walker, ORG: Coastal Insurance Co.",Intermediate
361,Example: She bought a ticket to catch the early morning [MASK].,Masked Language Modeling,Masked Sentence,train,Intermediate
362,Review this input: The district approved funding for updated classroom technology.,Text Classification,Single Sentence,Education,Advanced
363,See below: The company was founded by two engineers in a small garage.|Who founded the company?,Question Answering,Context + Question,two engineers,Beginner
364,"Sample input: Volunteers spent the weekend restoring a historic trail damaged by recent storms, clearing debris and repairing several washed-out sections.",Text Summarization,Paragraph,Volunteers restore storm-damaged historic trail over the weekend.,Intermediate
365,Case in point: The orchestra performed a tribute to the late composer.|A tribute to the late composer was performed by the orchestra.,Text Similarity,Sentence Pair,High similarity (paraphrase),Intermediate
366,Note the following: Researchers published new findings about deep-sea ecosystems.,Text Classification,Single Sentence,Science,Intermediate
367,Please review: The architect sketched the building's [MASK] on the whiteboard.,Masked Language Modeling,Masked Sentence,layout,Advanced
368,"Note the following: The observatory captured unprecedented images of a distant nebula after upgrading its imaging equipment, giving astronomers new insight into star formation.",Text Summarization,Paragraph,Observatory captures new images of nebula after equipment upgrade.,Beginner
369,Task input: The volunteers cleaned up litter along the riverbank.|Litter along the riverbank was cleared by volunteers.,Text Similarity,Sentence Pair,High similarity (paraphrase),Intermediate
370,Case in point: The gardener watered the plants every [MASK] morning.,Masked Language Modeling,Masked Sentence,single,Intermediate
371,Please review: Generate a product description for a reusable water bottle.,Text Generation,Prompt,"This durable, eco-friendly water bottle keeps drinks cold for hours at a time.",Beginner
372,Input sample: Travelers shared tips for finding affordable flights this year.,Text Classification,Single Sentence,Travel,Intermediate
373,"Task input: Overall, the hotel stay was impressive based on my recent experience.",Sentiment Analysis,Single Sentence,Positive,Beginner
374,Consider the following: The company reported strong quarterly earnings.|Quarterly earnings for the company were strong.,Text Similarity,Sentence Pair,High similarity (paraphrase),Intermediate
375,"As an example, A new study found that students who participated in peer tutoring programs showed measurable improvement in both grades and confidence over a single semester.",Text Summarization,Paragraph,Study links peer tutoring to improved grades and confidence.,Intermediate
376,"For instance, A new study found that students who participated in peer tutoring programs showed measurable improvement in both grades and confidence over a single semester.",Text Summarization,Paragraph,Study links peer tutoring to improved grades and confidence.,Advanced
377,"Take the following text: Overall, the online course was unreliable based on my recent experience.",Sentiment Analysis,Single Sentence,Negative,Intermediate
378,Case in point: Write a short introduction for a blog post about sustainable travel.,Text Generation,Prompt,Sustainable travel focuses on exploring the world while minimizing environmental impact.,Beginner
379,"Review this input: Overall, the customer support agent was frustrating based on my recent experience.",Sentiment Analysis,Single Sentence,Negative,Intermediate
380,See below: Leila Silva joined Golden Gate Retailers in Stockholm last year.,Named Entity Recognition,Single Sentence,"PERSON: Leila Silva, ORG: Golden Gate Retailers, GPE: Stockholm",Beginner
381,Take the following text: The volunteers cleaned up litter along the riverbank.|Litter along the riverbank was cleared by volunteers.,Text Similarity,Sentence Pair,High similarity (paraphrase),Beginner
382,Sample input: Continue the story: The archivist found a letter that had never been opened...,Text Generation,Prompt,...its wax seal was still intact after more than a century.,Beginner
383,"For instance, The young athlete broke the regional record in the sprint.",Text Classification,Single Sentence,Sports,Intermediate
384,Please review: Wei Baker was appointed as the new director at Falcon Logistics.,Named Entity Recognition,Single Sentence,"PERSON: Wei Baker, ORG: Falcon Logistics",Advanced
385,Task input: Photosynthesis allows plants to convert sunlight into energy.|What does photosynthesis allow plants to do?,Question Answering,Context + Question,convert sunlight into energy,Intermediate
386,Sample input: Donors contributed generously to the hospital's expansion.|The hospital's expansion was funded by generous donors.,Text Similarity,Sentence Pair,High similarity (paraphrase),Advanced
387,Sample input: The company reported quarterly earnings above analyst expectations.,Text Classification,Single Sentence,Business,Intermediate
388,Please review: Grace Dubois joined Skyline Real Estate in Melbourne last year.,Named Entity Recognition,Single Sentence,"PERSON: Grace Dubois, ORG: Skyline Real Estate, GPE: Melbourne",Intermediate
389,Task input: A new study found that students who participated in peer tutoring programs showed measurable improvement in both grades and confidence over a single semester.,Text Summarization,Paragraph,Study links peer tutoring to improved grades and confidence.,Beginner
390,Note the following: The satellite was launched into orbit in early 2021.|When was the satellite launched into orbit?,Question Answering,Context + Question,early 2021,Beginner
391,"Reference text: Overall, the restaurant was average based on my recent experience.",Sentiment Analysis,Single Sentence,Neutral,Beginner
392,Consider the following: The company launched a new [MASK] to attract younger customers.,Masked Language Modeling,Masked Sentence,campaign,Intermediate
393,Case in point: The soccer team won the championship after a dramatic final.|The soccer team lost the championship in a disappointing final.,Text Similarity,Sentence Pair,Low similarity (contradiction),Intermediate
394,Example: The recipe requires two cups of flour and a teaspoon of salt.|How much flour does the recipe require?,Question Answering,Context + Question,two cups,Beginner
395,Review this input: Zainab Chen was appointed as the new director at Zenith Pharmaceuticals.,Named Entity Recognition,Single Sentence,"PERSON: Zainab Chen, ORG: Zenith Pharmaceuticals",Advanced
396,Note the following: The novel was translated into twelve languages after its release.|Into how many languages was the novel translated?,Question Answering,Context + Question,twelve,Beginner
397,"Task input: After years of research, scientists announced a new method for recycling plastic that uses significantly less energy than traditional processes, potentially transforming the recycling industry.",Text Summarization,Paragraph,Scientists develop energy-efficient plastic recycling method.,Beginner
398,Sample input: The boutique hotel chain expanded into three coastal destinations.,Text Classification,Single Sentence,Travel,Intermediate
399,"For instance, The engineer reviewed the blueprint before the [MASK].",Masked Language Modeling,Masked Sentence,construction,Advanced
400,Please review: The university launched a mentorship program for graduates.,Text Classification,Single Sentence,Education,Beginner
401,"Please review: A regional theater group staged a modern retelling of a classic play, drawing praise for its inventive set design and a diverse young cast.",Text Summarization,Paragraph,Theater group praised for modern retelling of a classic play.,Intermediate
402,Consider the following: The farmer checked the soil before planting the [MASK].,Masked Language Modeling,Masked Sentence,seeds,Beginner
403,"Reference text: The startup's latest app allows users to track their carbon footprint by analyzing daily habits such as transportation, diet, and energy use, offering personalized suggestions for reducing emissions.",Text Summarization,Paragraph,New app helps users track and reduce their carbon footprint.,Advanced
404,"Reference text: Overall, the software update was average based on my recent experience.",Sentiment Analysis,Single Sentence,Neutral,Intermediate
405,Take the following text: The airline canceled several flights due to weather.|The library added new titles to its collection.,Text Similarity,Sentence Pair,Low similarity (unrelated),Beginner
406,Task input: Anna Smith was appointed as the new director at Brightline Technologies.,Named Entity Recognition,Single Sentence,"PERSON: Anna Smith, ORG: Brightline Technologies",Intermediate
407,"Input sample: Overall, the customer support agent was unreliable based on my recent experience.",Sentiment Analysis,Single Sentence,Negative,Advanced
408,"For instance, The hikers reached the summit just before sunset.|The group of hikers made it to the top right before sunset.",Text Similarity,Sentence Pair,High similarity (paraphrase),Intermediate
409,Input sample: The teacher handed out the [MASK] at the start of class.,Masked Language Modeling,Masked Sentence,worksheet,Intermediate
410,"As an example, The hospital expanded its emergency department.|Doctors recommended more sleep for better memory.",Text Similarity,Sentence Pair,Low similarity (unrelated),Beginner
411,Consider the following: Donors contributed generously to the hospital's expansion.|The hospital's expansion was funded by generous donors.,Text Similarity,Sentence Pair,High similarity (paraphrase),Intermediate
412,"Reference text: Overall, the software update was satisfying based on my recent experience.",Sentiment Analysis,Single Sentence,Positive,Intermediate
413,Example: The company reported quarterly earnings above analyst expectations.,Text Classification,Single Sentence,Business,Beginner
414,See below: The novel was translated into twelve languages after its release.|Into how many languages was the novel translated?,Question Answering,Context + Question,twelve,Intermediate
415,"Volunteers spent the weekend restoring a historic trail damaged by recent storms, clearing debris and repairing several washed-out sections.",Text Summarization,Paragraph,Volunteers restore storm-damaged historic trail over the weekend.,Beginner
416,"Input sample: After years of research, scientists announced a new method for recycling plastic that uses significantly less energy than traditional processes, potentially transforming the recycling industry.",Text Summarization,Paragraph,Scientists develop energy-efficient plastic recycling method.,Beginner
417,"Please review: Overall, the mobile app was ordinary based on my recent experience.",Sentiment Analysis,Single Sentence,Neutral,Beginner
418,Note the following: The company reported strong quarterly earnings.|Quarterly earnings for the company were strong.,Text Similarity,Sentence Pair,High similarity (paraphrase),Advanced
419,Reference text: The museum unveiled a new exhibit on ancient history.|A new ancient history exhibit opened at the museum.,Text Similarity,Sentence Pair,High similarity (paraphrase),Intermediate
420,"For instance, Coastal Insurance Co. announced a new office opening in Bangkok.",Named Entity Recognition,Single Sentence,"ORG: Coastal Insurance Co., GPE: Bangkok",Intermediate
421,"Note the following: The airline unveiled a redesigned cabin layout intended to improve passenger comfort on long-haul flights, including wider seats and more legroom.",Text Summarization,Paragraph,Airline redesigns cabin layout to improve long-haul passenger comfort.,Intermediate
422,Take the following text: Chen King joined Quantum Innovations in Nairobi last year.,Named Entity Recognition,Single Sentence,"PERSON: Chen King, ORG: Quantum Innovations, GPE: Nairobi",Advanced
423,Review this input: The pilot announced a delay because of the [MASK].,Masked Language Modeling,Masked Sentence,weather,Advanced
424,Here is a case to review: Researchers published findings on the link between sleep and memory.,Text Classification,Single Sentence,Health,Beginner
425,"Case in point: The city's water utility completed a multi-year project to replace aging pipes, reducing leaks and improving water quality for thousands of households.",Text Summarization,Paragraph,"City completes pipe replacement project, improving water quality.",Beginner
426,Take the following text: The engineer reviewed the blueprint before the [MASK].,Masked Language Modeling,Masked Sentence,construction,Beginner
427,Take the following text: Summit Robotics Inc. announced a new office opening in Osaka.,Named Entity Recognition,Single Sentence,"ORG: Summit Robotics Inc., GPE: Osaka",Advanced
428,"Take the following text: Overall, the delivery was average based on my recent experience.",Sentiment Analysis,Single Sentence,Neutral,Advanced
429,Here is a case to review: The engineer reviewed the blueprint before the [MASK].,Masked Language Modeling,Masked Sentence,construction,Advanced
430,"Input sample: The film studio confirmed that production on the long-awaited sequel will begin next spring, with much of the original cast expected to return for the project.",Text Summarization,Paragraph,Studio confirms sequel production will begin next spring.,Intermediate
431,Sample input: The company reported strong quarterly earnings.|Quarterly earnings for the company were strong.,Text Similarity,Sentence Pair,High similarity (paraphrase),Intermediate
432,Example: The tourists took photos of the historic [MASK].,Masked Language Modeling,Masked Sentence,landmark,Beginner
433,Input sample: The nurse recorded the patient's [MASK] every hour.,Masked Language Modeling,Masked Sentence,temperature,Advanced
434,Example: The chef prepared a delicious meal.|The weather was sunny all week.,Text Similarity,Sentence Pair,Low similarity (unrelated),Intermediate
435,Consider the following: The merger created one of the largest logistics providers in the region.,Text Classification,Single Sentence,Business,Beginner
436,See below: The mechanic inspected the car's [MASK] before the road trip.,Masked Language Modeling,Masked Sentence,engine,Beginner
437,"As an example, The comet will not be visible again for another seventy years.|When will the comet be visible again?",Question Answering,Context + Question,in another seventy years,Intermediate
438,Please review: The hospital expanded its emergency department.|Doctors recommended more sleep for better memory.,Text Similarity,Sentence Pair,Low similarity (unrelated),Intermediate
439,Please review: Adaeze Wright was appointed as the new director at Ironwood Steel Works.,Named Entity Recognition,Single Sentence,"PERSON: Adaeze Wright, ORG: Ironwood Steel Works",Intermediate
440,Here is a case to review: Ethan Suzuki joined Northfield University in Cairo last year.,Named Entity Recognition,Single Sentence,"PERSON: Ethan Suzuki, ORG: Northfield University, GPE: Cairo",Intermediate
441,Review this input: The museum's newest exhibit focuses on ancient trade routes.|What does the museum's newest exhibit focus on?,Question Answering,Context + Question,ancient trade routes,Intermediate
442,"For instance, The company was founded by two engineers in a small garage.|Who founded the company?",Question Answering,Context + Question,two engineers,Beginner
443,Here is a case to review: The barista prepared a fresh cup of [MASK] for the customer.,Masked Language Modeling,Masked Sentence,coffee,Intermediate
444,"The city's new bike-sharing program has already logged tens of thousands of rides in its first month, with officials crediting expanded lanes and lower fares for the early success.",Text Summarization,Paragraph,City's new bike-sharing program sees strong early adoption.,Beginner
445,"Please review: Following months of negotiation, the two companies finalized a merger that industry analysts believe will reshape the competitive landscape of the logistics sector.",Text Summarization,Paragraph,Two companies finalize merger reshaping the logistics industry.,Intermediate
446,"Reference text: Overall, the flight was frustrating based on my recent experience.",Sentiment Analysis,Single Sentence,Negative,Intermediate
447,"Input sample: Overall, the printer was satisfying based on my recent experience.",Sentiment Analysis,Single Sentence,Positive,Beginner
448,Case in point: The film's soundtrack topped the charts within a week of release.,Text Classification,Single Sentence,Entertainment,Beginner
449,"Overall, the new laptop was outstanding based on my recent experience.",Sentiment Analysis,Single Sentence,Positive,Advanced
450,Sample input: Write a short pitch for a new budgeting app.,Text Generation,Prompt,Take control of your spending with an app that makes budgeting simple and stress-free.,Advanced
451,See below: The committee reviewed each [MASK] before making a decision.,Masked Language Modeling,Masked Sentence,proposal,Advanced
452,Case in point: Continue the story: The scientist stared at the readings in disbelief because...,Text Generation,Prompt,...the numbers suggested something no experiment had ever recorded before.,Advanced
453,Input sample: Anna Wright was appointed as the new director at Zenith Pharmaceuticals.,Named Entity Recognition,Single Sentence,"PERSON: Anna Wright, ORG: Zenith Pharmaceuticals",Beginner
454,Example: The pilot announced a delay because of the [MASK].,Masked Language Modeling,Masked Sentence,weather,Intermediate
455,Sample input: Generate a short caption for a photo of a mountain sunrise.,Text Generation,Prompt,Golden light spills over the peaks as another day begins in the highlands.,Intermediate
456,Take the following text: The students submitted their assignments before the [MASK].,Masked Language Modeling,Masked Sentence,deadline,Advanced
457,"For instance, The students submitted their assignments before the [MASK].",Masked Language Modeling,Masked Sentence,deadline,Intermediate
458,Olivia Silva joined Pioneer Research Institute in Edinburgh last year.,Named Entity Recognition,Single Sentence,"PERSON: Olivia Silva, ORG: Pioneer Research Institute, GPE: Edinburgh",Beginner
459,Sample input: The soccer team won the championship after a dramatic final.|The soccer team lost the championship in a disappointing final.,Text Similarity,Sentence Pair,Low similarity (contradiction),Beginner
460,Here is a case to review: The committee reviewed each [MASK] before making a decision.,Masked Language Modeling,Masked Sentence,proposal,Beginner
461,"As an example, The farmer checked the soil before planting the [MASK].",Masked Language Modeling,Masked Sentence,seeds,Advanced
462,Input sample: Continue the story: The old lighthouse had been abandoned for decades until...,Text Generation,Prompt,...a young sailor discovered a hidden journal inside its rusted walls.,Intermediate
463,"Reference text: Overall, the flight was slow based on my recent experience.",Sentiment Analysis,Single Sentence,Negative,Beginner
464,Here is a case to review: Daniel Hall joined Silverline Motors in Amsterdam last year.,Named Entity Recognition,Single Sentence,"PERSON: Daniel Hall, ORG: Silverline Motors, GPE: Amsterdam",Beginner
465,Note the following: Draft a short thank-you message for event volunteers.,Text Generation,Prompt,Thank you to every volunteer who made this year's event possible.,Advanced
466,Take the following text: The orchestra performed a tribute to the late composer.|A tribute to the late composer was performed by the orchestra.,Text Similarity,Sentence Pair,High similarity (paraphrase),Intermediate
467,Reference text: The committee reviewed each [MASK] before making a decision.,Masked Language Modeling,Masked Sentence,proposal,Intermediate
468,See below: The merger created one of the largest logistics providers in the region.,Text Classification,Single Sentence,Business,Intermediate
469,Note the following: The orchestra performed a tribute to the late composer.|A tribute to the late composer was performed by the orchestra.,Text Similarity,Sentence Pair,High similarity (paraphrase),Intermediate
470,"Overall, the printer was poor based on my recent experience.",Sentiment Analysis,Single Sentence,Negative,Beginner
471,"Sample input: Overall, the customer service team was outstanding based on my recent experience.",Sentiment Analysis,Single Sentence,Positive,Advanced
472,"As an example, The observatory captured unprecedented images of a distant nebula after upgrading its imaging equipment, giving astronomers new insight into star formation.",Text Summarization,Paragraph,Observatory captures new images of nebula after equipment upgrade.,Advanced
473,Consider the following: Felix Garcia joined Delta Cloud Services in Jakarta last year.,Named Entity Recognition,Single Sentence,"PERSON: Felix Garcia, ORG: Delta Cloud Services, GPE: Jakarta",Intermediate
474,See below: The bike-sharing program was launched to ease congestion.|The novelist postponed her sequel's release indefinitely.,Text Similarity,Sentence Pair,Low similarity (unrelated),Beginner
475,"For instance, Maple Street School District announced a new office opening in Edinburgh.",Named Entity Recognition,Single Sentence,"ORG: Maple Street School District, GPE: Edinburgh",Intermediate
476,Sample input: Mount Everest is the tallest mountain above sea level on Earth.|What is the tallest mountain above sea level?,Question Answering,Context + Question,Mount Everest,Advanced
477,Case in point: The company reported strong quarterly earnings.|Quarterly earnings for the company were strong.,Text Similarity,Sentence Pair,High similarity (paraphrase),Advanced
478,"As an example, The city's water utility completed a multi-year project to replace aging pipes, reducing leaks and improving water quality for thousands of households.",Text Summarization,Paragraph,"City completes pipe replacement project, improving water quality.",Intermediate
479,Note the following: The committee reviewed each [MASK] before making a decision.,Masked Language Modeling,Masked Sentence,proposal,Intermediate
480,Input sample: The startup raised a new round of funding.|The startup's funding round was widely reported as unsuccessful.,Text Similarity,Sentence Pair,Low similarity (contradiction),Intermediate
481,"Here is a case to review: Overall, the delivery was outstanding based on my recent experience.",Sentiment Analysis,Single Sentence,Positive,Intermediate
482,"Reference text: Overall, the customer support agent was satisfying based on my recent experience.",Sentiment Analysis,Single Sentence,Positive,Intermediate
483,"Example: The hospital opened a new pediatric wing this week, funded largely through community donations, aiming to reduce wait times and improve care for young patients across the region.",Text Summarization,Paragraph,Hospital opens community-funded pediatric wing to improve care.,Intermediate
484,See below: The orchestra rehearsed for weeks before the [MASK].,Masked Language Modeling,Masked Sentence,concert,Beginner
485,"As an example, Draft a short welcome message for new employees.",Text Generation,Prompt,Welcome to the team; we're excited to have you join us on this journey.,Beginner
486,"Review this input: The hospital opened a new pediatric wing this week, funded largely through community donations, aiming to reduce wait times and improve care for young patients across the region.",Text Summarization,Paragraph,Hospital opens community-funded pediatric wing to improve care.,Intermediate
487,"Please review: The city council held a lengthy meeting to discuss the proposed transit expansion, hearing feedback from dozens of residents before ultimately postponing the vote until next month.",Text Summarization,Paragraph,City council postpones vote on transit expansion after resident feedback.,Advanced
488,"As an example, The startup raised a new round of funding.|The startup's funding round was widely reported as unsuccessful.",Text Similarity,Sentence Pair,Low similarity (contradiction),Advanced
489,Here is a case to review: The museum closed its ancient exhibit permanently.|The startup's app is available in over forty countries.,Text Similarity,Sentence Pair,Low similarity (unrelated),Intermediate
490,Consider the following: The committee reviewed each [MASK] before making a decision.,Masked Language Modeling,Masked Sentence,proposal,Beginner
491,"As an example, The orchestra performed a piece composed specifically for the occasion.|What kind of piece did the orchestra perform?",Question Answering,Context + Question,a piece composed specifically for the occasion,Advanced
492,Task input: The soccer team won the championship after a dramatic final.|The soccer team lost the championship in a disappointing final.,Text Similarity,Sentence Pair,Low similarity (contradiction),Beginner
493,Take the following text: The home team secured a narrow victory in the final minutes.,Text Classification,Single Sentence,Sports,Beginner
494,See below: Continue the story: The old lighthouse had been abandoned for decades until...,Text Generation,Prompt,...a young sailor discovered a hidden journal inside its rusted walls.,Beginner
495,Case in point: Sofia Moore was appointed as the new director at Zenith Pharmaceuticals.,Named Entity Recognition,Single Sentence,"PERSON: Sofia Moore, ORG: Zenith Pharmaceuticals",Intermediate
496,Please review: Victor Scott was appointed as the new director at NextGen Software Labs.,Named Entity Recognition,Single Sentence,"PERSON: Victor Scott, ORG: NextGen Software Labs",Advanced
497,Please review: The hospital adopted new technology to speed up emergency triage.,Text Classification,Single Sentence,Health,Beginner
498,"For instance, Photosynthesis allows plants to convert sunlight into energy.|What does photosynthesis allow plants to do?",Question Answering,Context + Question,convert sunlight into energy,Intermediate
499,"For instance, Write a short introduction for a blog post about sustainable travel.",Text Generation,Prompt,Sustainable travel focuses on exploring the world while minimizing environmental impact.,Intermediate
500,See below: Ravi Kim was appointed as the new director at Skyline Real Estate.,Named Entity Recognition,Single Sentence,"PERSON: Ravi Kim, ORG: Skyline Real Estate",Intermediate
501,Take the following text: Researchers discovered a new species in the rainforest.|A new species was discovered in the rainforest by researchers.,Text Similarity,Sentence Pair,High similarity (paraphrase),Intermediate
502,"For instance, The city council held a lengthy meeting to discuss the proposed transit expansion, hearing feedback from dozens of residents before ultimately postponing the vote until next month.",Text Summarization,Paragraph,City council postpones vote on transit expansion after resident feedback.,Intermediate
503,"As an example, Brightline Technologies announced a new office opening in Zurich.",Named Entity Recognition,Single Sentence,"ORG: Brightline Technologies, GPE: Zurich",Advanced
504,Sample input: The comet will not be visible again for another seventy years.|When will the comet be visible again?,Question Answering,Context + Question,in another seventy years,Intermediate
505,"Task input: The city's water utility completed a multi-year project to replace aging pipes, reducing leaks and improving water quality for thousands of households.",Text Summarization,Paragraph,"City completes pipe replacement project, improving water quality.",Intermediate
506,Reference text: The video game studio revealed footage for its upcoming release.,Text Classification,Single Sentence,Entertainment,Beginner
507,"As an example, The librarian organized the books by [MASK].",Masked Language Modeling,Masked Sentence,genre,Intermediate
508,Example: BrightFuture Foundation announced a new office opening in Jakarta.,Named Entity Recognition,Single Sentence,"ORG: BrightFuture Foundation, GPE: Jakarta",Beginner
509,Case in point: The athlete stretched carefully before the [MASK].,Masked Language Modeling,Masked Sentence,race,Intermediate
510,Note the following: The festival attracts more than fifty thousand visitors each year.|How many visitors does the festival attract each year?,Question Answering,Context + Question,more than fifty thousand,Beginner
511,Sample input: The engineer reviewed the blueprint before the [MASK].,Masked Language Modeling,Masked Sentence,construction,Beginner
512,Case in point: The hikers reached the summit just before sunset.|The group of hikers made it to the top right before sunset.,Text Similarity,Sentence Pair,High similarity (paraphrase),Advanced
513,The startup's app is available in over forty countries.|In how many countries is the startup's app available?,Question Answering,Context + Question,over forty,Advanced
514,Input sample: Researchers discovered a new species in the rainforest.|A new species was discovered in the rainforest by researchers.,Text Similarity,Sentence Pair,High similarity (paraphrase),Intermediate
515,"See below: The startup's latest app allows users to track their carbon footprint by analyzing daily habits such as transportation, diet, and energy use, offering personalized suggestions for reducing emissions.",Text Summarization,Paragraph,New app helps users track and reduce their carbon footprint.,Intermediate
516,"Input sample: The city's new bike-sharing program has already logged tens of thousands of rides in its first month, with officials crediting expanded lanes and lower fares for the early success.",Text Summarization,Paragraph,City's new bike-sharing program sees strong early adoption.,Advanced
517,"A regional theater group staged a modern retelling of a classic play, drawing praise for its inventive set design and a diverse young cast.",Text Summarization,Paragraph,Theater group praised for modern retelling of a classic play.,Intermediate
518,"Review this input: The city council held a lengthy meeting to discuss the proposed transit expansion, hearing feedback from dozens of residents before ultimately postponing the vote until next month.",Text Summarization,Paragraph,City council postpones vote on transit expansion after resident feedback.,Beginner
519,"See below: A local nonprofit distributed thousands of winter coats to families in need, relying entirely on community donations and volunteer coordination.",Text Summarization,Paragraph,Nonprofit distributes winter coats to families through community donations.,Advanced
520,Note the following: Charlotte Fernandez was appointed as the new director at Oakwood Publishing House.,Named Entity Recognition,Single Sentence,"PERSON: Charlotte Fernandez, ORG: Oakwood Publishing House",Intermediate
521,Example: The concert featured a surprise duet that thrilled the crowd.,Text Classification,Single Sentence,Entertainment,Advanced
522,Consider the following: Write an opening line for a mystery novel set in a small coastal town.,Text Generation,Prompt,No one in the small coastal town expected the tide to bring back more than driftwood.,Intermediate
523,"Please review: Overall, the hotel stay was impressive based on my recent experience.",Sentiment Analysis,Single Sentence,Positive,Beginner
524,Write an opening line for a memoir about growing up near the coast.,Text Generation,Prompt,"The ocean was the first sound I remember, and it never really left me.",Intermediate
525,See below: The city approved funding for a new park.|Funding for a new park was approved by the city.,Text Similarity,Sentence Pair,High similarity (paraphrase),Beginner
526,"Note the following: Overall, the delivery was efficient based on my recent experience.",Sentiment Analysis,Single Sentence,Positive,Intermediate
527,"As an example, Priya Haddad joined Brightline Technologies in Lisbon last year.",Named Entity Recognition,Single Sentence,"PERSON: Priya Haddad, ORG: Brightline Technologies, GPE: Lisbon",Intermediate
528,Case in point: Continue the story: The old lighthouse had been abandoned for decades until...,Text Generation,Prompt,...a young sailor discovered a hidden journal inside its rusted walls.,Beginner
529,Researchers published findings on the link between sleep and memory.,Text Classification,Single Sentence,Health,Intermediate
530,"For instance, The airline canceled several flights due to weather.|The library added new titles to its collection.",Text Similarity,Sentence Pair,Low similarity (unrelated),Beginner
531,Case in point: Chemists developed a more efficient method for producing clean fuel.,Text Classification,Single Sentence,Science,Beginner
532,"Take the following text: Overall, the flight was efficient based on my recent experience.",Sentiment Analysis,Single Sentence,Positive,Beginner
533,Note the following: Executives outlined a plan to reduce costs without cutting jobs.,Text Classification,Single Sentence,Business,Beginner
534,Reference text: Draft a short thank-you message for event volunteers.,Text Generation,Prompt,Thank you to every volunteer who made this year's event possible.,Beginner
535,Task input: The engineer reviewed the blueprint before the [MASK].,Masked Language Modeling,Masked Sentence,construction,Beginner
536,Continue the story: The old bookstore had one rule that no customer ever questioned...,Text Generation,Prompt,...every book had to be returned to the exact shelf it came from.,Beginner
537,The orchestra rehearsed for weeks before the [MASK].,Masked Language Modeling,Masked Sentence,concert,Beginner
538,Take the following text: Aurora Data Systems announced a new office opening in Berlin.,Named Entity Recognition,Single Sentence,"ORG: Aurora Data Systems, GPE: Berlin",Advanced
539,Case in point: The clinic expanded telehealth services for rural communities.,Text Classification,Single Sentence,Health,Intermediate
540,"See below: Overall, the flight was satisfying based on my recent experience.",Sentiment Analysis,Single Sentence,Positive,Intermediate
541,"As an example, Write a short pitch for a new budgeting app.",Text Generation,Prompt,Take control of your spending with an app that makes budgeting simple and stress-free.,Intermediate
542,Example: The hospital adopted new technology to speed up emergency triage.,Text Classification,Single Sentence,Health,Intermediate
543,Note the following: The soccer team won the championship after a dramatic final.|The soccer team lost the championship in a disappointing final.,Text Similarity,Sentence Pair,Low similarity (contradiction),Intermediate
544,"Please review: The city's new bike-sharing program has already logged tens of thousands of rides in its first month, with officials crediting expanded lanes and lower fares for the early success.",Text Summarization,Paragraph,City's new bike-sharing program sees strong early adoption.,Beginner
545,See below: The marathon route passes through five historic neighborhoods.|How many historic neighborhoods does the marathon route pass through?,Question Answering,Context + Question,five,Intermediate
546,"Input sample: Overall, the software update was standard based on my recent experience.",Sentiment Analysis,Single Sentence,Neutral,Intermediate
547,"Note the following: Following months of negotiation, the two companies finalized a merger that industry analysts believe will reshape the competitive landscape of the logistics sector.",Text Summarization,Paragraph,Two companies finalize merger reshaping the logistics industry.,Beginner
548,See below: The tech firm rolled out a privacy update giving users more control over how their data is shared with third-party advertisers.,Text Summarization,Paragraph,Tech firm gives users more control over data sharing with new update.,Advanced
549,"For instance, The tech firm rolled out a privacy update giving users more control over how their data is shared with third-party advertisers.",Text Summarization,Paragraph,Tech firm gives users more control over data sharing with new update.,Intermediate
550,"See below: The hospital opened a new pediatric wing this week, funded largely through community donations, aiming to reduce wait times and improve care for young patients across the region.",Text Summarization,Paragraph,Hospital opens community-funded pediatric wing to improve care.,Beginner
551,Here is a case to review: The factory upgraded its equipment to save energy.|The factory's energy use increased after equipment failed.,Text Similarity,Sentence Pair,Low similarity (contradiction),Intermediate
552,"Case in point: Overall, the printer was typical based on my recent experience.",Sentiment Analysis,Single Sentence,Neutral,Advanced
553,Example: The photographer waited for the perfect [MASK] to take the shot.,Masked Language Modeling,Masked Sentence,light,Beginner
554,Please review: Amara Wright was appointed as the new director at Summit Robotics Inc..,Named Entity Recognition,Single Sentence,"PERSON: Amara Wright, ORG: Summit Robotics Inc.",Intermediate
555,"The film studio confirmed that production on the long-awaited sequel will begin next spring, with much of the original cast expected to return for the project.",Text Summarization,Paragraph,Studio confirms sequel production will begin next spring.,Advanced
556,"Here is a case to review: After years of research, scientists announced a new method for recycling plastic that uses significantly less energy than traditional processes, potentially transforming the recycling industry.",Text Summarization,Paragraph,Scientists develop energy-efficient plastic recycling method.,Intermediate
557,Input sample: The hikers packed extra water before reaching the [MASK].,Masked Language Modeling,Masked Sentence,summit,Advanced
558,Consider the following: The clinic expanded telehealth services for rural communities.,Text Classification,Single Sentence,Health,Beginner
559,Input sample: The farmer checked the soil before planting the [MASK].,Masked Language Modeling,Masked Sentence,seeds,Beginner
560,Reference text: The film's soundtrack topped the charts within a week of release.,Text Classification,Single Sentence,Entertainment,Advanced
561,The company launched a new [MASK] to attract younger customers.,Masked Language Modeling,Masked Sentence,campaign,Intermediate
562,"Review this input: Overall, the mobile app was reliable based on my recent experience.",Sentiment Analysis,Single Sentence,Positive,Advanced
563,Consider the following: Nutritionists recommended simple changes to daily eating habits.,Text Classification,Single Sentence,Health,Beginner
564,Example: The scientist conducted an experiment in the [MASK].,Masked Language Modeling,Masked Sentence,laboratory,Intermediate
565,Review this input: Draft a short thank-you message for event volunteers.,Text Generation,Prompt,Thank you to every volunteer who made this year's event possible.,Beginner
566,"Input sample: The airline unveiled a redesigned cabin layout intended to improve passenger comfort on long-haul flights, including wider seats and more legroom.",Text Summarization,Paragraph,Airline redesigns cabin layout to improve long-haul passenger comfort.,Intermediate
567,See below: The soccer team won the championship after a dramatic final.|The soccer team lost the championship in a disappointing final.,Text Similarity,Sentence Pair,Low similarity (contradiction),Beginner
568,Task input: The museum unveiled a new exhibit on ancient history.|A new ancient history exhibit opened at the museum.,Text Similarity,Sentence Pair,High similarity (paraphrase),Intermediate
569,Task input: The tourists took photos of the historic [MASK].,Masked Language Modeling,Masked Sentence,landmark,Intermediate
570,The airline canceled several flights due to weather.|The library added new titles to its collection.,Text Similarity,Sentence Pair,Low similarity (unrelated),Advanced
571,Input sample: The novelist released her long-awaited sequel.|The bakery introduced gluten-free pastries.,Text Similarity,Sentence Pair,Low similarity (unrelated),Advanced
572,Note the following: Mount Everest is the tallest mountain above sea level on Earth.|What is the tallest mountain above sea level?,Question Answering,Context + Question,Mount Everest,Advanced
573,"Reference text: The hospital opened a new pediatric wing this week, funded largely through community donations, aiming to reduce wait times and improve care for young patients across the region.",Text Summarization,Paragraph,Hospital opens community-funded pediatric wing to improve care.,Intermediate
574,Consider the following: Draft a short thank-you message for event volunteers.,Text Generation,Prompt,Thank you to every volunteer who made this year's event possible.,Advanced
575,"Take the following text: Overall, the mobile app was impressive based on my recent experience.",Sentiment Analysis,Single Sentence,Positive,Beginner
576,"For instance, The recipe requires two cups of flour and a teaspoon of salt.|How much flour does the recipe require?",Question Answering,Context + Question,two cups,Advanced
577,Sample input: The city unveiled a new walking trail along the historic waterfront.,Text Classification,Single Sentence,Travel,Intermediate
578,Review this input: Write an opening line for a mystery novel set in a small coastal town.,Text Generation,Prompt,No one in the small coastal town expected the tide to bring back more than driftwood.,Beginner
579,Here is a case to review: Photosynthesis allows plants to convert sunlight into energy.|What does photosynthesis allow plants to do?,Question Answering,Context + Question,convert sunlight into energy,Intermediate
580,"Example: The observatory captured unprecedented images of a distant nebula after upgrading its imaging equipment, giving astronomers new insight into star formation.",Text Summarization,Paragraph,Observatory captures new images of nebula after equipment upgrade.,Advanced
581,Here is a case to review: The students submitted their assignments before the [MASK].,Masked Language Modeling,Masked Sentence,deadline,Advanced
582,See below: The engineer reviewed the blueprint before the [MASK].,Masked Language Modeling,Masked Sentence,construction,Beginner
583,"As an example, Chen Kim was appointed as the new director at Falcon Logistics.",Named Entity Recognition,Single Sentence,"PERSON: Chen Kim, ORG: Falcon Logistics",Intermediate
584,"Reference text: Following months of negotiation, the two companies finalized a merger that industry analysts believe will reshape the competitive landscape of the logistics sector.",Text Summarization,Paragraph,Two companies finalize merger reshaping the logistics industry.,Beginner
585,Example: Continue the story: The old bookstore had one rule that no customer ever questioned...,Text Generation,Prompt,...every book had to be returned to the exact shelf it came from.,Intermediate
586,Take the following text: Adaeze Larsen was appointed as the new director at Riverside Bank.,Named Entity Recognition,Single Sentence,"PERSON: Adaeze Larsen, ORG: Riverside Bank",Advanced
587,Review this input: The hikers reached the summit just before sunset.|The group of hikers made it to the top right before sunset.,Text Similarity,Sentence Pair,High similarity (paraphrase),Beginner
588,"As an example, Yuki Müller joined Union Manufacturing Corp. in Nairobi last year.",Named Entity Recognition,Single Sentence,"PERSON: Yuki Müller, ORG: Union Manufacturing Corp., GPE: Nairobi",Beginner
589,Here is a case to review: The mechanic inspected the car's [MASK] before the road trip.,Masked Language Modeling,Masked Sentence,engine,Intermediate
590,Take the following text: The doctor recommended more rest and a balanced [MASK].,Masked Language Modeling,Masked Sentence,diet,Beginner
591,Grace Baker was appointed as the new director at Evergreen Energy Co..,Named Entity Recognition,Single Sentence,"PERSON: Grace Baker, ORG: Evergreen Energy Co.",Intermediate
592,Here is a case to review: Nutritionists recommended simple changes to daily eating habits.,Text Classification,Single Sentence,Health,Advanced
593,Case in point: The bike-sharing program was launched to ease congestion.|The novelist postponed her sequel's release indefinitely.,Text Similarity,Sentence Pair,Low similarity (unrelated),Advanced
594,"Here is a case to review: The startup's latest app allows users to track their carbon footprint by analyzing daily habits such as transportation, diet, and energy use, offering personalized suggestions for reducing emissions.",Text Summarization,Paragraph,New app helps users track and reduce their carbon footprint.,Intermediate
595,"Input sample: A local nonprofit distributed thousands of winter coats to families in need, relying entirely on community donations and volunteer coordination.",Text Summarization,Paragraph,Nonprofit distributes winter coats to families through community donations.,Advanced
596,Sample input: Generate a short caption for a photo of an autumn forest trail.,Text Generation,Prompt,Crisp air and golden leaves make this trail impossible to resist in autumn.,Advanced
597,Note the following: Continue the story: The old lighthouse had been abandoned for decades until...,Text Generation,Prompt,...a young sailor discovered a hidden journal inside its rusted walls.,Beginner
598,Input sample: A new study found that students who participated in peer tutoring programs showed measurable improvement in both grades and confidence over a single semester.,Text Summarization,Paragraph,Study links peer tutoring to improved grades and confidence.,Intermediate
599,Example: Zenith Pharmaceuticals announced a new office opening in Jakarta.,Named Entity Recognition,Single Sentence,"ORG: Zenith Pharmaceuticals, GPE: Jakarta",Intermediate
600,"Sample input: Overall, the customer service team was average based on my recent experience.",Sentiment Analysis,Single Sentence,Neutral,Beginner
601,Review this input: Generate a product description for a reusable water bottle.,Text Generation,Prompt,"This durable, eco-friendly water bottle keeps drinks cold for hours at a time.",Beginner
602,"Input sample: The city's water utility completed a multi-year project to replace aging pipes, reducing leaks and improving water quality for thousands of households.",Text Summarization,Paragraph,"City completes pipe replacement project, improving water quality.",Intermediate
603,Input sample: Generate a product description for a reusable water bottle.,Text Generation,Prompt,"This durable, eco-friendly water bottle keeps drinks cold for hours at a time.",Intermediate
604,Note the following: The novelist released her long-awaited sequel.|The bakery introduced gluten-free pastries.,Text Similarity,Sentence Pair,Low similarity (unrelated),Beginner
605,Please review: The museum unveiled a new exhibit on ancient history.|A new ancient history exhibit opened at the museum.,Text Similarity,Sentence Pair,High similarity (paraphrase),Intermediate
606,"Review this input: Overall, the mobile app was impressive based on my recent experience.",Sentiment Analysis,Single Sentence,Positive,Beginner
607,Sample input: Engineers unveiled a chip that doubles processing speed.,Text Classification,Single Sentence,Technology,Intermediate
608,Please review: Draft a short announcement about a community cleanup event.,Text Generation,Prompt,Join your neighbors this Saturday for a community cleanup event at the riverside park.,Intermediate
609,Here is a case to review: Redstone Consulting announced a new office opening in Amsterdam.,Named Entity Recognition,Single Sentence,"ORG: Redstone Consulting, GPE: Amsterdam",Intermediate
610,Consider the following: Researchers published findings on the link between sleep and memory.,Text Classification,Single Sentence,Health,Advanced
611,"See below: Researchers at the university tracked bird migration patterns for over a decade, finding that changing climate conditions have shifted the timing of seasonal movement significantly.",Text Summarization,Paragraph,Decade-long study finds climate change shifting bird migration timing.,Advanced
612,Here is a case to review: Wei Anderson was appointed as the new director at Maple Street School District.,Named Entity Recognition,Single Sentence,"PERSON: Wei Anderson, ORG: Maple Street School District",Beginner
613,Take the following text: Ingrid Nguyen was appointed as the new director at Pioneer Research Institute.,Named Entity Recognition,Single Sentence,"PERSON: Ingrid Nguyen, ORG: Pioneer Research Institute",Advanced
614,Input sample: The mechanic inspected the car's [MASK] before the road trip.,Masked Language Modeling,Masked Sentence,engine,Intermediate
615,Consider the following: The comet will not be visible again for another seventy years.|When will the comet be visible again?,Question Answering,Context + Question,in another seventy years,Beginner
616,Case in point: Mei Ivanov joined Zenith Pharmaceuticals in Austin last year.,Named Entity Recognition,Single Sentence,"PERSON: Mei Ivanov, ORG: Zenith Pharmaceuticals, GPE: Austin",Advanced
617,Input sample: The orchestra performed a tribute to the late composer.|A tribute to the late composer was performed by the orchestra.,Text Similarity,Sentence Pair,High similarity (paraphrase),Intermediate
618,"Case in point: The city council held a lengthy meeting to discuss the proposed transit expansion, hearing feedback from dozens of residents before ultimately postponing the vote until next month.",Text Summarization,Paragraph,City council postpones vote on transit expansion after resident feedback.,Intermediate
619,Here is a case to review: The orchestra performed a tribute to the late composer.|A tribute to the late composer was performed by the orchestra.,Text Similarity,Sentence Pair,High similarity (paraphrase),Intermediate
620,Case in point: Draft a short welcome message for new employees.,Text Generation,Prompt,Welcome to the team; we're excited to have you join us on this journey.,Beginner
621,Review this input: The marathon route passes through five historic neighborhoods.|How many historic neighborhoods does the marathon route pass through?,Question Answering,Context + Question,five,Beginner
622,"Task input: Overall, the new laptop was standard based on my recent experience.",Sentiment Analysis,Single Sentence,Neutral,Beginner
623,Reference text: Generate a short caption for a photo of a mountain sunrise.,Text Generation,Prompt,Golden light spills over the peaks as another day begins in the highlands.,Advanced
624,"As an example, Aisha Silva was appointed as the new director at Coastal Insurance Co..",Named Entity Recognition,Single Sentence,"PERSON: Aisha Silva, ORG: Coastal Insurance Co.",Intermediate
625,Here is a case to review: The nurse recorded the patient's [MASK] every hour.,Masked Language Modeling,Masked Sentence,temperature,Intermediate
626,Task input: Write a short introduction for a blog post about sustainable travel.,Text Generation,Prompt,Sustainable travel focuses on exploring the world while minimizing environmental impact.,Intermediate
627,See below: The comet will not be visible again for another seventy years.|When will the comet be visible again?,Question Answering,Context + Question,in another seventy years,Beginner
628,Here is a case to review: The company was founded by two engineers in a small garage.|Who founded the company?,Question Answering,Context + Question,two engineers,Beginner
629,"Task input: Overall, the software update was subpar based on my recent experience.",Sentiment Analysis,Single Sentence,Negative,Intermediate
630,The striker scored twice in the second half of the match.,Text Classification,Single Sentence,Sports,Beginner
631,"For instance, The museum's newest exhibit focuses on ancient trade routes.|What does the museum's newest exhibit focus on?",Question Answering,Context + Question,ancient trade routes,Beginner
632,Review this input: The tech firm rolled out a privacy update giving users more control over how their data is shared with third-party advertisers.,Text Summarization,Paragraph,Tech firm gives users more control over data sharing with new update.,Intermediate
633,Nutritionists recommended simple changes to daily eating habits.,Text Classification,Single Sentence,Health,Advanced
634,Example: The train journey between the two cities takes about four hours.|How long does the train journey take?,Question Answering,Context + Question,about four hours,Beginner
635,Task input: The wearable device tracks sleep patterns and syncs with an app.,Text Classification,Single Sentence,Technology,Beginner
636,Here is a case to review: The teacher handed out the [MASK] at the start of class.,Masked Language Modeling,Masked Sentence,worksheet,Intermediate
637,Sample input: Tom Green was appointed as the new director at Lakeside Medical Center.,Named Entity Recognition,Single Sentence,"PERSON: Tom Green, ORG: Lakeside Medical Center",Intermediate
638,"For instance, The film studio confirmed that production on the long-awaited sequel will begin next spring, with much of the original cast expected to return for the project.",Text Summarization,Paragraph,Studio confirms sequel production will begin next spring.,Beginner
639,Here is a case to review: The striker scored twice in the second half of the match.,Text Classification,Single Sentence,Sports,Beginner
640,"As an example, The merger created one of the largest logistics providers in the region.",Text Classification,Single Sentence,Business,Intermediate
641,"Please review: Overall, the printer was average based on my recent experience.",Sentiment Analysis,Single Sentence,Neutral,Beginner
642,"For instance, The bike-sharing program was launched to ease congestion.|The novelist postponed her sequel's release indefinitely.",Text Similarity,Sentence Pair,Low similarity (unrelated),Intermediate
643,Please review: Nutritionists recommended simple changes to daily eating habits.,Text Classification,Single Sentence,Health,Advanced
644,Please review: Generate a short caption for a photo of an autumn forest trail.,Text Generation,Prompt,Crisp air and golden leaves make this trail impossible to resist in autumn.,Beginner
645,Input sample: Riverside Bank announced a new office opening in Helsinki.,Named Entity Recognition,Single Sentence,"ORG: Riverside Bank, GPE: Helsinki",Advanced
646,Task input: Continue the story: The archivist found a letter that had never been opened...,Text Generation,Prompt,...its wax seal was still intact after more than a century.,Beginner
647,"Please review: The scientists' research was widely criticized as flawed.|The scientists published groundbreaking, well-received research.",Text Similarity,Sentence Pair,Low similarity (contradiction),Beginner
648,Sample input: The streaming series became a global sensation within weeks.,Text Classification,Single Sentence,Entertainment,Intermediate
649,See below: Draft a short welcome message for new employees.,Text Generation,Prompt,Welcome to the team; we're excited to have you join us on this journey.,Beginner
650,Sample input: The pilot announced a delay because of the [MASK].,Masked Language Modeling,Masked Sentence,weather,Beginner
651,Input sample: The company reported strong quarterly earnings.|Quarterly earnings for the company were strong.,Text Similarity,Sentence Pair,High similarity (paraphrase),Intermediate
652,"Example: Overall, the new laptop was disappointing based on my recent experience.",Sentiment Analysis,Single Sentence,Negative,Intermediate
653,"Input sample: Overall, the printer was slow based on my recent experience.",Sentiment Analysis,Single Sentence,Negative,Advanced
654,Review this input: The company launched a new [MASK] to attract younger customers.,Masked Language Modeling,Masked Sentence,campaign,Intermediate
655,"Here is a case to review: Overall, the hotel stay was impressive based on my recent experience.",Sentiment Analysis,Single Sentence,Positive,Intermediate
656,"For instance, The professor's research focuses on renewable energy storage.|What does the professor's research focus on?",Question Answering,Context + Question,renewable energy storage,Beginner
657,Mei Wilson was appointed as the new director at Vertex Analytics.,Named Entity Recognition,Single Sentence,"PERSON: Mei Wilson, ORG: Vertex Analytics",Intermediate
658,"For instance, The vaccine trial included over five thousand volunteers worldwide.|How many volunteers were included in the vaccine trial?",Question Answering,Context + Question,over five thousand,Intermediate
659,"For instance, Draft a short announcement about a community cleanup event.",Text Generation,Prompt,Join your neighbors this Saturday for a community cleanup event at the riverside park.,Advanced
660,Review this input: The train journey between the two cities takes about four hours.|How long does the train journey take?,Question Answering,Context + Question,about four hours,Beginner
661,Here is a case to review: Cedar Grove Hospital announced a new office opening in Warsaw.,Named Entity Recognition,Single Sentence,"ORG: Cedar Grove Hospital, GPE: Warsaw",Advanced
662,Example: The mechanic inspected the car's [MASK] before the road trip.,Masked Language Modeling,Masked Sentence,engine,Advanced
663,Sample input: Zainab Okafor was appointed as the new director at Zenith Pharmaceuticals.,Named Entity Recognition,Single Sentence,"PERSON: Zainab Okafor, ORG: Zenith Pharmaceuticals",Beginner
664,Task input: Golden Gate Retailers announced a new office opening in Cairo.,Named Entity Recognition,Single Sentence,"ORG: Golden Gate Retailers, GPE: Cairo",Intermediate
665,Case in point: Ahmed Lewis was appointed as the new director at Crescent Media Group.,Named Entity Recognition,Single Sentence,"PERSON: Ahmed Lewis, ORG: Crescent Media Group",Beginner
666,Review this input: Scientists discovered a new species in the rainforest canopy.,Text Classification,Single Sentence,Science,Intermediate
667,The company reported strong quarterly earnings.|Quarterly earnings for the company were strong.,Text Similarity,Sentence Pair,High similarity (paraphrase),Beginner
668,Task input: The athlete stretched carefully before the [MASK].,Masked Language Modeling,Masked Sentence,race,Beginner
669,Please review: The festival attracts more than fifty thousand visitors each year.|How many visitors does the festival attract each year?,Question Answering,Context + Question,more than fifty thousand,Beginner
670,Please review: Write a short pitch for a language-learning app.,Text Generation,Prompt,Learn a new language in minutes a day with lessons built around real conversations.,Intermediate
671,Union Manufacturing Corp. announced a new office opening in Toronto.,Named Entity Recognition,Single Sentence,"ORG: Union Manufacturing Corp., GPE: Toronto",Intermediate
672,Take the following text: The chef prepared a delicious meal.|The weather was sunny all week.,Text Similarity,Sentence Pair,Low similarity (unrelated),Intermediate
673,Case in point: Write a short pitch for a new budgeting app.,Text Generation,Prompt,Take control of your spending with an app that makes budgeting simple and stress-free.,Beginner
674,Reference text: The company was founded by two engineers in a small garage.|Who founded the company?,Question Answering,Context + Question,two engineers,Beginner
675,Review this input: Summit Robotics Inc. announced a new office opening in Denver.,Named Entity Recognition,Single Sentence,"ORG: Summit Robotics Inc., GPE: Denver",Beginner
676,"For instance, The startup's app is available in over forty countries.|In how many countries is the startup's app available?",Question Answering,Context + Question,over forty,Intermediate
677,Note the following: The chef prepared a delicious meal.|The weather was sunny all week.,Text Similarity,Sentence Pair,Low similarity (unrelated),Beginner
678,The volunteers cleaned up litter along the riverbank.|Litter along the riverbank was cleared by volunteers.,Text Similarity,Sentence Pair,High similarity (paraphrase),Advanced
679,Example: Researchers published findings on the link between sleep and memory.,Text Classification,Single Sentence,Health,Beginner
680,Reference text: Sara Novak was appointed as the new director at Pioneer Research Institute.,Named Entity Recognition,Single Sentence,"PERSON: Sara Novak, ORG: Pioneer Research Institute",Intermediate
681,"Sample input: The hospital opened a new pediatric wing this week, funded largely through community donations, aiming to reduce wait times and improve care for young patients across the region.",Text Summarization,Paragraph,Hospital opens community-funded pediatric wing to improve care.,Beginner
682,"Review this input: Volunteers spent the weekend restoring a historic trail damaged by recent storms, clearing debris and repairing several washed-out sections.",Text Summarization,Paragraph,Volunteers restore storm-damaged historic trail over the weekend.,Intermediate
683,"The airline unveiled a redesigned cabin layout intended to improve passenger comfort on long-haul flights, including wider seats and more legroom.",Text Summarization,Paragraph,Airline redesigns cabin layout to improve long-haul passenger comfort.,Intermediate
684,Sample input: The company was founded by two engineers in a small garage.|Who founded the company?,Question Answering,Context + Question,two engineers,Beginner
685,"For instance, A local nonprofit distributed thousands of winter coats to families in need, relying entirely on community donations and volunteer coordination.",Text Summarization,Paragraph,Nonprofit distributes winter coats to families through community donations.,Intermediate
686,Review this input: Felix Moore was appointed as the new director at Oakwood Publishing House.,Named Entity Recognition,Single Sentence,"PERSON: Felix Moore, ORG: Oakwood Publishing House",Beginner
687,"For instance, The photographer waited for the perfect [MASK] to take the shot.",Masked Language Modeling,Masked Sentence,light,Beginner
688,Note the following: Continue the story: The scientist stared at the readings in disbelief because...,Text Generation,Prompt,...the numbers suggested something no experiment had ever recorded before.,Intermediate
689,Example: The company reduced its carbon emissions by thirty percent last year.|By how much did the company reduce its carbon emissions?,Question Answering,Context + Question,thirty percent,Intermediate
690,"Note the following: After years of research, scientists announced a new method for recycling plastic that uses significantly less energy than traditional processes, potentially transforming the recycling industry.",Text Summarization,Paragraph,Scientists develop energy-efficient plastic recycling method.,Advanced
691,Here is a case to review: The hikers reached the summit just before sunset.|The group of hikers made it to the top right before sunset.,Text Similarity,Sentence Pair,High similarity (paraphrase),Beginner
692,Task input: The hikers packed extra water before reaching the [MASK].,Masked Language Modeling,Masked Sentence,summit,Intermediate
693,Example: The hikers reached the summit just before sunset.|The group of hikers made it to the top right before sunset.,Text Similarity,Sentence Pair,High similarity (paraphrase),Beginner
694,"Consider the following: Overall, the mobile app was outstanding based on my recent experience.",Sentiment Analysis,Single Sentence,Positive,Intermediate
695,"For instance, The Eiffel Tower was completed in 1889 and stands in Paris.|What year was the Eiffel Tower completed?",Question Answering,Context + Question,1889,Advanced
696,Review this input: The engineer reviewed the blueprint before the [MASK].,Masked Language Modeling,Masked Sentence,construction,Beginner
697,Note the following: Skyline Real Estate announced a new office opening in Nairobi.,Named Entity Recognition,Single Sentence,"ORG: Skyline Real Estate, GPE: Nairobi",Intermediate
698,Reference text: Noah Rossi was appointed as the new director at NextGen Software Labs.,Named Entity Recognition,Single Sentence,"PERSON: Noah Rossi, ORG: NextGen Software Labs",Beginner
699,"For instance, The bridge took nearly six years to construct.|How long did the bridge take to construct?",Question Answering,Context + Question,nearly six years,Beginner
700,Here is a case to review: The tech firm rolled out a privacy update giving users more control over how their data is shared with third-party advertisers.,Text Summarization,Paragraph,Tech firm gives users more control over data sharing with new update.,Advanced
701,Please review: The wearable device tracks sleep patterns and syncs with an app.,Text Classification,Single Sentence,Technology,Advanced
702,"Review this input: Researchers at the university tracked bird migration patterns for over a decade, finding that changing climate conditions have shifted the timing of seasonal movement significantly.",Text Summarization,Paragraph,Decade-long study finds climate change shifting bird migration timing.,Beginner
703,See below: The photographer waited for the perfect [MASK] to take the shot.,Masked Language Modeling,Masked Sentence,light,Intermediate
704,"Sample input: Overall, the online course was impressive based on my recent experience.",Sentiment Analysis,Single Sentence,Positive,Beginner
705,"See below: The airline unveiled a redesigned cabin layout intended to improve passenger comfort on long-haul flights, including wider seats and more legroom.",Text Summarization,Paragraph,Airline redesigns cabin layout to improve long-haul passenger comfort.,Beginner
706,Note the following: Lakeside Medical Center announced a new office opening in Copenhagen.,Named Entity Recognition,Single Sentence,"ORG: Lakeside Medical Center, GPE: Copenhagen",Advanced
707,The ancient ruins were discovered by a team of archaeologists in 1974.|Who discovered the ancient ruins?,Question Answering,Context + Question,a team of archaeologists,Beginner
708,"Sample input: Overall, the new laptop was outstanding based on my recent experience.",Sentiment Analysis,Single Sentence,Positive,Beginner
709,"Here is a case to review: Overall, the fitness tracker was efficient based on my recent experience.",Sentiment Analysis,Single Sentence,Positive,Intermediate
710,Note the following: Write an opening line for a memoir about growing up near the coast.,Text Generation,Prompt,"The ocean was the first sound I remember, and it never really left me.",Intermediate
711,"Here is a case to review: The city council held a lengthy meeting to discuss the proposed transit expansion, hearing feedback from dozens of residents before ultimately postponing the vote until next month.",Text Summarization,Paragraph,City council postpones vote on transit expansion after resident feedback.,Intermediate
712,Here is a case to review: Write an opening line for a memoir about growing up near the coast.,Text Generation,Prompt,"The ocean was the first sound I remember, and it never really left me.",Intermediate
713,Please review: The company reported quarterly earnings above analyst expectations.,Text Classification,Single Sentence,Business,Beginner
714,Here is a case to review: Aurora Data Systems announced a new office opening in Wellington.,Named Entity Recognition,Single Sentence,"ORG: Aurora Data Systems, GPE: Wellington",Advanced
715,"Take the following text: Overall, the restaurant was outstanding based on my recent experience.",Sentiment Analysis,Single Sentence,Positive,Beginner
716,"For instance, Overall, the new laptop was subpar based on my recent experience.",Sentiment Analysis,Single Sentence,Negative,Beginner
717,Input sample: The tourists took photos of the historic [MASK].,Masked Language Modeling,Masked Sentence,landmark,Intermediate
718,"The scientists' research was widely criticized as flawed.|The scientists published groundbreaking, well-received research.",Text Similarity,Sentence Pair,Low similarity (contradiction),Advanced
719,Draft a short thank-you message for event volunteers.,Text Generation,Prompt,Thank you to every volunteer who made this year's event possible.,Intermediate
720,"Review this input: Overall, the online course was standard based on my recent experience.",Sentiment Analysis,Single Sentence,Neutral,Beginner
721,"As an example, Volunteers spent the weekend restoring a historic trail damaged by recent storms, clearing debris and repairing several washed-out sections.",Text Summarization,Paragraph,Volunteers restore storm-damaged historic trail over the weekend.,Intermediate
722,Take the following text: The library was renovated using funds from a private donor.|How was the library's renovation funded?,Question Answering,Context + Question,funds from a private donor,Beginner
723,"Here is a case to review: A regional theater group staged a modern retelling of a classic play, drawing praise for its inventive set design and a diverse young cast.",Text Summarization,Paragraph,Theater group praised for modern retelling of a classic play.,Advanced
724,"For instance, The architect sketched the building's [MASK] on the whiteboard.",Masked Language Modeling,Masked Sentence,layout,Intermediate
725,Note the following: The farmer checked the soil before planting the [MASK].,Masked Language Modeling,Masked Sentence,seeds,Advanced
726,Example: Draft a short thank-you message for event volunteers.,Text Generation,Prompt,Thank you to every volunteer who made this year's event possible.,Intermediate
727,"Consider the following: The observatory captured unprecedented images of a distant nebula after upgrading its imaging equipment, giving astronomers new insight into star formation.",Text Summarization,Paragraph,Observatory captures new images of nebula after equipment upgrade.,Beginner
728,Case in point: The photographer waited for the perfect [MASK] to take the shot.,Masked Language Modeling,Masked Sentence,light,Intermediate
729,Example: Physicists confirmed a new particle interaction in the experiment.,Text Classification,Single Sentence,Science,Beginner
730,Review this input: Researchers discovered a new species in the rainforest.|A new species was discovered in the rainforest by researchers.,Text Similarity,Sentence Pair,High similarity (paraphrase),Beginner
731,See below: The company reported quarterly earnings above analyst expectations.,Text Classification,Single Sentence,Business,Beginner
732,See below: Fatima Costa was appointed as the new director at Coastal Insurance Co..,Named Entity Recognition,Single Sentence,"PERSON: Fatima Costa, ORG: Coastal Insurance Co.",Intermediate
733,Task input: Crescent Media Group announced a new office opening in Cape Town.,Named Entity Recognition,Single Sentence,"ORG: Crescent Media Group, GPE: Cape Town",Intermediate
734,"Case in point: After years of research, scientists announced a new method for recycling plastic that uses significantly less energy than traditional processes, potentially transforming the recycling industry.",Text Summarization,Paragraph,Scientists develop energy-efficient plastic recycling method.,Beginner
735,"For instance, The gardener watered the plants every [MASK] morning.",Masked Language Modeling,Masked Sentence,single,Advanced
736,Task input: The train journey between the two cities takes about four hours.|How long does the train journey take?,Question Answering,Context + Question,about four hours,Beginner
737,See below: The bridge took nearly six years to construct.|How long did the bridge take to construct?,Question Answering,Context + Question,nearly six years,Intermediate
738,"As an example, The mechanic inspected the car's [MASK] before the road trip.",Masked Language Modeling,Masked Sentence,engine,Beginner
739,Sample input: Draft a short welcome message for new employees.,Text Generation,Prompt,Welcome to the team; we're excited to have you join us on this journey.,Advanced
740,See below: Chemists developed a more efficient method for producing clean fuel.,Text Classification,Single Sentence,Science,Advanced
741,Sample input: The festival attracts more than fifty thousand visitors each year.|How many visitors does the festival attract each year?,Question Answering,Context + Question,more than fifty thousand,Intermediate
742,See below: The students submitted their assignments before the [MASK].,Masked Language Modeling,Masked Sentence,deadline,Intermediate
743,Sample input: Victor Khan was appointed as the new director at Lakeside Medical Center.,Named Entity Recognition,Single Sentence,"PERSON: Victor Khan, ORG: Lakeside Medical Center",Intermediate
744,"As an example, The library was renovated using funds from a private donor.|How was the library's renovation funded?",Question Answering,Context + Question,funds from a private donor,Beginner
745,Review this input: The chef added a pinch of salt to the [MASK].,Masked Language Modeling,Masked Sentence,soup,Intermediate
746,Consider the following: Write a short pitch for a new budgeting app.,Text Generation,Prompt,Take control of your spending with an app that makes budgeting simple and stress-free.,Beginner
747,Note the following: The vaccination campaign reached thousands of families this month.,Text Classification,Single Sentence,Health,Advanced
748,"As an example, The tourism board launched a campaign promoting off-season visits.",Text Classification,Single Sentence,Travel,Advanced
749,Here is a case to review: Teachers attended a workshop on integrating technology into lessons.,Text Classification,Single Sentence,Education,Intermediate
750,Task input: Hassan Clark joined Global Trade Partners in Manila last year.,Named Entity Recognition,Single Sentence,"PERSON: Hassan Clark, ORG: Global Trade Partners, GPE: Manila",Intermediate
751,Example: Union Manufacturing Corp. announced a new office opening in Copenhagen.,Named Entity Recognition,Single Sentence,"ORG: Union Manufacturing Corp., GPE: Copenhagen",Intermediate
752,Review this input: Donors contributed generously to the hospital's expansion.|The hospital's expansion was funded by generous donors.,Text Similarity,Sentence Pair,High similarity (paraphrase),Beginner
753,Consider the following: The vaccine trial included over five thousand volunteers worldwide.|How many volunteers were included in the vaccine trial?,Question Answering,Context + Question,over five thousand,Beginner
754,Example: The vaccine trial included over five thousand volunteers worldwide.|How many volunteers were included in the vaccine trial?,Question Answering,Context + Question,over five thousand,Advanced
755,Here is a case to review: Generate a short caption for a photo of a mountain sunrise.,Text Generation,Prompt,Golden light spills over the peaks as another day begins in the highlands.,Intermediate
756,Case in point: Write an opening line for a travel guide about a mountain village.,Text Generation,Prompt,"Tucked between two peaks, this quiet mountain village feels frozen in time.",Beginner
757,"Review this input: Overall, the restaurant was poor based on my recent experience.",Sentiment Analysis,Single Sentence,Negative,Advanced
758,The vaccine trial included over five thousand volunteers worldwide.|How many volunteers were included in the vaccine trial?,Question Answering,Context + Question,over five thousand,Intermediate
759,Review this input: The wearable device tracks sleep patterns and syncs with an app.,Text Classification,Single Sentence,Technology,Beginner
760,Consider the following: She bought a ticket to catch the early morning [MASK].,Masked Language Modeling,Masked Sentence,train,Beginner
761,Reference text: Grace Suzuki was appointed as the new director at Vertex Analytics.,Named Entity Recognition,Single Sentence,"PERSON: Grace Suzuki, ORG: Vertex Analytics",Advanced
762,"Sample input: The film studio confirmed that production on the long-awaited sequel will begin next spring, with much of the original cast expected to return for the project.",Text Summarization,Paragraph,Studio confirms sequel production will begin next spring.,Intermediate
763,"As an example, The company reported strong quarterly earnings.|Quarterly earnings for the company were strong.",Text Similarity,Sentence Pair,High similarity (paraphrase),Intermediate
764,Take the following text: The orchestra performed a piece composed specifically for the occasion.|What kind of piece did the orchestra perform?,Question Answering,Context + Question,a piece composed specifically for the occasion,Intermediate
765,Here is a case to review: Grace Müller joined Global Trade Partners in Seoul last year.,Named Entity Recognition,Single Sentence,"PERSON: Grace Müller, ORG: Global Trade Partners, GPE: Seoul",Beginner
766,Scientists discovered a new species in the rainforest canopy.,Text Classification,Single Sentence,Science,Beginner
767,Here is a case to review: Critics praised the director's bold approach to the classic story.,Text Classification,Single Sentence,Entertainment,Advanced
768,Review this input: The doctor recommended more rest and a balanced [MASK].,Masked Language Modeling,Masked Sentence,diet,Intermediate
769,"Reference text: Overall, the mobile app was outstanding based on my recent experience.",Sentiment Analysis,Single Sentence,Positive,Intermediate
770,Task input: The tech firm rolled out a privacy update giving users more control over how their data is shared with third-party advertisers.,Text Summarization,Paragraph,Tech firm gives users more control over data sharing with new update.,Beginner
771,"For instance, The museum unveiled a new exhibit on ancient history.|A new ancient history exhibit opened at the museum.",Text Similarity,Sentence Pair,High similarity (paraphrase),Beginner
772,Example: The chef added a pinch of salt to the [MASK].,Masked Language Modeling,Masked Sentence,soup,Advanced
773,Review this input: The school introduced a new coding elective for ninth graders.,Text Classification,Single Sentence,Education,Beginner
774,"Example: A local nonprofit distributed thousands of winter coats to families in need, relying entirely on community donations and volunteer coordination.",Text Summarization,Paragraph,Nonprofit distributes winter coats to families through community donations.,Intermediate
775,Reference text: The pilot announced a delay because of the [MASK].,Masked Language Modeling,Masked Sentence,weather,Intermediate
776,Here is a case to review: The hikers packed extra water before reaching the [MASK].,Masked Language Modeling,Masked Sentence,summit,Intermediate
777,Input sample: She bought a ticket to catch the early morning [MASK].,Masked Language Modeling,Masked Sentence,train,Advanced
778,Review this input: Adaeze Fernandez joined Northfield University in Manila last year.,Named Entity Recognition,Single Sentence,"PERSON: Adaeze Fernandez, ORG: Northfield University, GPE: Manila",Beginner
779,Reference text: The librarian organized the books by [MASK].,Masked Language Modeling,Masked Sentence,genre,Beginner
780,"As an example, Skyline Real Estate announced a new office opening in Buenos Aires.",Named Entity Recognition,Single Sentence,"ORG: Skyline Real Estate, GPE: Buenos Aires",Beginner
781,"As an example, The university announced a new scholarship program aimed at supporting first-generation college students, covering tuition, housing, and textbook costs for qualifying applicants.",Text Summarization,Paragraph,University launches scholarship for first-generation students.,Beginner
782,Reference text: Leila Johansson was appointed as the new director at Aurora Data Systems.,Named Entity Recognition,Single Sentence,"PERSON: Leila Johansson, ORG: Aurora Data Systems",Beginner
783,Aisha Wright was appointed as the new director at Falcon Logistics.,Named Entity Recognition,Single Sentence,"PERSON: Aisha Wright, ORG: Falcon Logistics",Advanced
784,Review this input: A new study found that students who participated in peer tutoring programs showed measurable improvement in both grades and confidence over a single semester.,Text Summarization,Paragraph,Study links peer tutoring to improved grades and confidence.,Advanced
785,"Example: Overall, the software update was acceptable based on my recent experience.",Sentiment Analysis,Single Sentence,Neutral,Beginner
786,See below: The librarian organized the books by [MASK].,Masked Language Modeling,Masked Sentence,genre,Advanced
787,Note the following: Researchers discovered a new species in the rainforest.|A new species was discovered in the rainforest by researchers.,Text Similarity,Sentence Pair,High similarity (paraphrase),Intermediate
788,The marathon route passes through five historic neighborhoods.|How many historic neighborhoods does the marathon route pass through?,Question Answering,Context + Question,five,Beginner
789,"As an example, Draft a short announcement about a community cleanup event.",Text Generation,Prompt,Join your neighbors this Saturday for a community cleanup event at the riverside park.,Advanced
790,"Review this input: Overall, the printer was poor based on my recent experience.",Sentiment Analysis,Single Sentence,Negative,Beginner
791,See below: Write a short pitch for a new budgeting app.,Text Generation,Prompt,Take control of your spending with an app that makes budgeting simple and stress-free.,Intermediate
792,"See below: Overall, the new laptop was frustrating based on my recent experience.",Sentiment Analysis,Single Sentence,Negative,Advanced
793,"Case in point: Overall, the delivery was impressive based on my recent experience.",Sentiment Analysis,Single Sentence,Positive,Beginner
794,Sample input: Investors reacted positively to the firm's expansion into new markets.,Text Classification,Single Sentence,Business,Beginner
795,"Take the following text: Overall, the software update was unreliable based on my recent experience.",Sentiment Analysis,Single Sentence,Negative,Intermediate
796,Take the following text: Continue the story: The old lighthouse had been abandoned for decades until...,Text Generation,Prompt,...a young sailor discovered a hidden journal inside its rusted walls.,Intermediate
797,Sample input: The city approved funding for a new park.|Funding for a new park was approved by the city.,Text Similarity,Sentence Pair,High similarity (paraphrase),Advanced
798,Review this input: The teacher handed out the [MASK] at the start of class.,Masked Language Modeling,Masked Sentence,worksheet,Intermediate
799,See below: The orchestra performed a tribute to the late composer.|A tribute to the late composer was performed by the orchestra.,Text Similarity,Sentence Pair,High similarity (paraphrase),Advanced
800,See below: Write a short pitch for a language-learning app.,Text Generation,Prompt,Learn a new language in minutes a day with lessons built around real conversations.,Intermediate
801,"As an example, The architect sketched the building's [MASK] on the whiteboard.",Masked Language Modeling,Masked Sentence,layout,Advanced
802,"Here is a case to review: Overall, the flight was subpar based on my recent experience.",Sentiment Analysis,Single Sentence,Negative,Advanced
803,"As an example, The hospital opened a new pediatric wing this week, funded largely through community donations, aiming to reduce wait times and improve care for young patients across the region.",Text Summarization,Paragraph,Hospital opens community-funded pediatric wing to improve care.,Beginner
804,Review this input: Golden Gate Retailers announced a new office opening in Santiago.,Named Entity Recognition,Single Sentence,"ORG: Golden Gate Retailers, GPE: Santiago",Advanced
805,Input sample: A critical vulnerability was patched in the latest software update.,Text Classification,Single Sentence,Technology,Intermediate
806,"As an example, The hikers reached the summit just before sunset.|The group of hikers made it to the top right before sunset.",Text Similarity,Sentence Pair,High similarity (paraphrase),Beginner
807,"Consider the following: Overall, the hotel stay was outstanding based on my recent experience.",Sentiment Analysis,Single Sentence,Positive,Intermediate
808,Please review: NextGen Software Labs announced a new office opening in Edinburgh.,Named Entity Recognition,Single Sentence,"ORG: NextGen Software Labs, GPE: Edinburgh",Intermediate
809,Please review: The orchestra rehearsed for weeks before the [MASK].,Masked Language Modeling,Masked Sentence,concert,Intermediate
810,"For instance, Generate a short caption for a photo of a bustling night market.",Text Generation,Prompt,"Lights, aromas, and laughter fill the air at the city's favorite night market.",Intermediate
811,Review this input: The company reduced its carbon emissions by thirty percent last year.|By how much did the company reduce its carbon emissions?,Question Answering,Context + Question,thirty percent,Intermediate
812,Review this input: The gardener watered the plants every [MASK] morning.,Masked Language Modeling,Masked Sentence,single,Advanced
813,Task input: The company reported strong quarterly earnings.|Quarterly earnings for the company were strong.,Text Similarity,Sentence Pair,High similarity (paraphrase),Beginner
814,The novel was translated into twelve languages after its release.|Into how many languages was the novel translated?,Question Answering,Context + Question,twelve,Intermediate
815,Case in point: Continue the story: The old bookstore had one rule that no customer ever questioned...,Text Generation,Prompt,...every book had to be returned to the exact shelf it came from.,Beginner
816,Here is a case to review: The marathon route passed through the old town center.,Text Classification,Single Sentence,Sports,Beginner
817,"For instance, Lakeside Medical Center announced a new office opening in Osaka.",Named Entity Recognition,Single Sentence,"ORG: Lakeside Medical Center, GPE: Osaka",Advanced
818,Note the following: The team celebrated their championship victory.|The team lost the championship final.,Text Similarity,Sentence Pair,Low similarity (contradiction),Beginner
819,"Task input: Researchers at the university tracked bird migration patterns for over a decade, finding that changing climate conditions have shifted the timing of seasonal movement significantly.",Text Summarization,Paragraph,Decade-long study finds climate change shifting bird migration timing.,Beginner
820,"Here is a case to review: The city's new bike-sharing program has already logged tens of thousands of rides in its first month, with officials crediting expanded lanes and lower fares for the early success.",Text Summarization,Paragraph,City's new bike-sharing program sees strong early adoption.,Intermediate
821,Sample input: Charlotte Taylor was appointed as the new director at BrightFuture Foundation.,Named Entity Recognition,Single Sentence,"PERSON: Charlotte Taylor, ORG: BrightFuture Foundation",Beginner
822,"Input sample: Overall, the new laptop was slow based on my recent experience.",Sentiment Analysis,Single Sentence,Negative,Intermediate
823,Consider the following: Write an opening sentence for a cooking blog post about seasonal produce.,Text Generation,Prompt,"Nothing captures the flavor of the season quite like fresh, locally grown produce.",Beginner
824,Note the following: Chen Müller joined Summit Robotics Inc. in Dublin last year.,Named Entity Recognition,Single Sentence,"PERSON: Chen Müller, ORG: Summit Robotics Inc., GPE: Dublin",Intermediate
825,Silverline Motors announced a new office opening in Lisbon.,Named Entity Recognition,Single Sentence,"ORG: Silverline Motors, GPE: Lisbon",Beginner
826,Example: The architect sketched the building's [MASK] on the whiteboard.,Masked Language Modeling,Masked Sentence,layout,Intermediate
827,"See below: Following months of negotiation, the two companies finalized a merger that industry analysts believe will reshape the competitive landscape of the logistics sector.",Text Summarization,Paragraph,Two companies finalize merger reshaping the logistics industry.,Beginner
828,"Consider the following: Overall, the fitness tracker was reliable based on my recent experience.",Sentiment Analysis,Single Sentence,Positive,Intermediate
829,"Overall, the printer was excellent based on my recent experience.",Sentiment Analysis,Single Sentence,Positive,Intermediate
830,Task input: The team celebrated their championship victory.|The team lost the championship final.,Text Similarity,Sentence Pair,Low similarity (contradiction),Intermediate
831,"As an example, Isabella Novak was appointed as the new director at Golden Gate Retailers.",Named Entity Recognition,Single Sentence,"PERSON: Isabella Novak, ORG: Golden Gate Retailers",Advanced
832,"Here is a case to review: Researchers at the university tracked bird migration patterns for over a decade, finding that changing climate conditions have shifted the timing of seasonal movement significantly.",Text Summarization,Paragraph,Decade-long study finds climate change shifting bird migration timing.,Intermediate
833,See below: Draft a short announcement about a community cleanup event.,Text Generation,Prompt,Join your neighbors this Saturday for a community cleanup event at the riverside park.,Beginner
834,Task input: The orchestra performed a tribute to the late composer.|A tribute to the late composer was performed by the orchestra.,Text Similarity,Sentence Pair,High similarity (paraphrase),Beginner
835,Case in point: The hikers packed extra water before reaching the [MASK].,Masked Language Modeling,Masked Sentence,summit,Advanced
836,Task input: Chemists developed a more efficient method for producing clean fuel.,Text Classification,Single Sentence,Science,Intermediate
837,"Sample input: The scientists' research was widely criticized as flawed.|The scientists published groundbreaking, well-received research.",Text Similarity,Sentence Pair,Low similarity (contradiction),Advanced
838,Take the following text: The architect sketched the building's [MASK] on the whiteboard.,Masked Language Modeling,Masked Sentence,layout,Advanced
839,Note the following: The vaccine trial included over five thousand volunteers worldwide.|How many volunteers were included in the vaccine trial?,Question Answering,Context + Question,over five thousand,Intermediate
840,"Task input: Overall, the hotel stay was standard based on my recent experience.",Sentiment Analysis,Single Sentence,Neutral,Intermediate
841,Sample input: The chef prepared a delicious meal.|The weather was sunny all week.,Text Similarity,Sentence Pair,Low similarity (unrelated),Beginner
842,"Example: Overall, the restaurant was efficient based on my recent experience.",Sentiment Analysis,Single Sentence,Positive,Intermediate
843,Note the following: A critical vulnerability was patched in the latest software update.,Text Classification,Single Sentence,Technology,Beginner
844,"Here is a case to review: Overall, the customer service team was average based on my recent experience.",Sentiment Analysis,Single Sentence,Neutral,Beginner
845,"As an example, Emma Young was appointed as the new director at BrightFuture Foundation.",Named Entity Recognition,Single Sentence,"PERSON: Emma Young, ORG: BrightFuture Foundation",Intermediate
846,Take the following text: Write an opening line for a travel guide about a mountain village.,Text Generation,Prompt,"Tucked between two peaks, this quiet mountain village feels frozen in time.",Beginner
847,Reference text: The train journey between the two cities takes about four hours.|How long does the train journey take?,Question Answering,Context + Question,about four hours,Advanced
848,Example: The soccer team won the championship after a dramatic final.|The soccer team lost the championship in a disappointing final.,Text Similarity,Sentence Pair,Low similarity (contradiction),Beginner
849,Take the following text: Continue the story: The old bookstore had one rule that no customer ever questioned...,Text Generation,Prompt,...every book had to be returned to the exact shelf it came from.,Beginner
850,Example: The college expanded its online course catalog significantly.,Text Classification,Single Sentence,Education,Beginner
851,Example: Researchers discovered a new species in the rainforest.|A new species was discovered in the rainforest by researchers.,Text Similarity,Sentence Pair,High similarity (paraphrase),Beginner
852,Review this input: The festival attracts more than fifty thousand visitors each year.|How many visitors does the festival attract each year?,Question Answering,Context + Question,more than fifty thousand,Advanced
853,"Here is a case to review: Volunteers spent the weekend restoring a historic trail damaged by recent storms, clearing debris and repairing several washed-out sections.",Text Summarization,Paragraph,Volunteers restore storm-damaged historic trail over the weekend.,Advanced
854,"Case in point: Overall, the software update was impressive based on my recent experience.",Sentiment Analysis,Single Sentence,Positive,Beginner
855,Task input: The company was founded by two engineers in a small garage.|Who founded the company?,Question Answering,Context + Question,two engineers,Advanced
856,"As an example, The teacher handed out the [MASK] at the start of class.",Masked Language Modeling,Masked Sentence,worksheet,Intermediate
857,See below: Generate a short caption for a photo of a bustling night market.,Text Generation,Prompt,"Lights, aromas, and laughter fill the air at the city's favorite night market.",Beginner
858,"For instance, Overall, the online course was disappointing based on my recent experience.",Sentiment Analysis,Single Sentence,Negative,Advanced
859,See below: Mark Chen joined Northfield University in Amsterdam last year.,Named Entity Recognition,Single Sentence,"PERSON: Mark Chen, ORG: Northfield University, GPE: Amsterdam",Beginner
860,"As an example, A regional theater group staged a modern retelling of a classic play, drawing praise for its inventive set design and a diverse young cast.",Text Summarization,Paragraph,Theater group praised for modern retelling of a classic play.,Advanced
861,"Example: Overall, the new laptop was efficient based on my recent experience.",Sentiment Analysis,Single Sentence,Positive,Beginner
862,Delta Cloud Services announced a new office opening in Warsaw.,Named Entity Recognition,Single Sentence,"ORG: Delta Cloud Services, GPE: Warsaw",Intermediate
863,"As an example, Generate a short caption for a photo of an autumn forest trail.",Text Generation,Prompt,Crisp air and golden leaves make this trail impossible to resist in autumn.,Advanced
864,Sample input: Continue the story: The old lighthouse had been abandoned for decades until...,Text Generation,Prompt,...a young sailor discovered a hidden journal inside its rusted walls.,Advanced
865,"Take the following text: The startup's latest app allows users to track their carbon footprint by analyzing daily habits such as transportation, diet, and energy use, offering personalized suggestions for reducing emissions.",Text Summarization,Paragraph,New app helps users track and reduce their carbon footprint.,Advanced
866,Example: The museum unveiled a new exhibit on ancient history.|A new ancient history exhibit opened at the museum.,Text Similarity,Sentence Pair,High similarity (paraphrase),Beginner
867,Case in point: The tourists took photos of the historic [MASK].,Masked Language Modeling,Masked Sentence,landmark,Advanced
868,"Note the following: The city's new bike-sharing program has already logged tens of thousands of rides in its first month, with officials crediting expanded lanes and lower fares for the early success.",Text Summarization,Paragraph,City's new bike-sharing program sees strong early adoption.,Intermediate
869,The museum's newest exhibit focuses on ancient trade routes.|What does the museum's newest exhibit focus on?,Question Answering,Context + Question,ancient trade routes,Beginner
870,Here is a case to review: The boutique hotel chain expanded into three coastal destinations.,Text Classification,Single Sentence,Travel,Beginner
871,"Example: Overall, the delivery was poor based on my recent experience.",Sentiment Analysis,Single Sentence,Negative,Intermediate
872,Sample input: Nutritionists recommended simple changes to daily eating habits.,Text Classification,Single Sentence,Health,Intermediate
873,Input sample: The professor's research focuses on renewable energy storage.|What does the professor's research focus on?,Question Answering,Context + Question,renewable energy storage,Beginner
874,Review this input: The hikers packed extra water before reaching the [MASK].,Masked Language Modeling,Masked Sentence,summit,Intermediate
875,Sample input: BrightFuture Foundation announced a new office opening in Santiago.,Named Entity Recognition,Single Sentence,"ORG: BrightFuture Foundation, GPE: Santiago",Intermediate
876,Take the following text: Crescent Media Group announced a new office opening in Dublin.,Named Entity Recognition,Single Sentence,"ORG: Crescent Media Group, GPE: Dublin",Advanced
877,"Consider the following: The startup's latest app allows users to track their carbon footprint by analyzing daily habits such as transportation, diet, and energy use, offering personalized suggestions for reducing emissions.",Text Summarization,Paragraph,New app helps users track and reduce their carbon footprint.,Intermediate
878,Please review: Daniel Garcia was appointed as the new director at Union Manufacturing Corp..,Named Entity Recognition,Single Sentence,"PERSON: Daniel Garcia, ORG: Union Manufacturing Corp.",Beginner
879,"For instance, The startup raised a new round of funding.|The startup's funding round was widely reported as unsuccessful.",Text Similarity,Sentence Pair,Low similarity (contradiction),Intermediate
880,Take the following text: The tourism board launched a campaign promoting off-season visits.,Text Classification,Single Sentence,Travel,Beginner
881,See below: Critics praised the director's bold approach to the classic story.,Text Classification,Single Sentence,Entertainment,Advanced
882,Review this input: Generate a short caption for a photo of a mountain sunrise.,Text Generation,Prompt,Golden light spills over the peaks as another day begins in the highlands.,Beginner
883,"Consider the following: Overall, the new laptop was satisfying based on my recent experience.",Sentiment Analysis,Single Sentence,Positive,Intermediate
884,Reference text: The gardener watered the plants every [MASK] morning.,Masked Language Modeling,Masked Sentence,single,Intermediate
885,Reference text: Riverside Bank announced a new office opening in Lisbon.,Named Entity Recognition,Single Sentence,"ORG: Riverside Bank, GPE: Lisbon",Advanced
886,Take the following text: The company reduced its carbon emissions by thirty percent last year.|By how much did the company reduce its carbon emissions?,Question Answering,Context + Question,thirty percent,Intermediate
887,Please review: The athlete stretched carefully before the [MASK].,Masked Language Modeling,Masked Sentence,race,Intermediate
888,Take the following text: The bike-sharing program was launched to ease congestion.|The novelist postponed her sequel's release indefinitely.,Text Similarity,Sentence Pair,Low similarity (unrelated),Intermediate
889,"For instance, The hikers packed extra water before reaching the [MASK].",Masked Language Modeling,Masked Sentence,summit,Intermediate
890,Donors contributed generously to the hospital's expansion.|The hospital's expansion was funded by generous donors.,Text Similarity,Sentence Pair,High similarity (paraphrase),Intermediate
891,Take the following text: Generate a short caption for a photo of a mountain sunrise.,Text Generation,Prompt,Golden light spills over the peaks as another day begins in the highlands.,Advanced
892,Example: Generate a product description for a reusable water bottle.,Text Generation,Prompt,"This durable, eco-friendly water bottle keeps drinks cold for hours at a time.",Intermediate
893,Here is a case to review: Generate a short caption for a photo of an autumn forest trail.,Text Generation,Prompt,Crisp air and golden leaves make this trail impossible to resist in autumn.,Intermediate
894,"Example: Overall, the restaurant was unreliable based on my recent experience.",Sentiment Analysis,Single Sentence,Negative,Intermediate
895,Case in point: The company reported quarterly earnings above analyst expectations.,Text Classification,Single Sentence,Business,Intermediate
896,"For instance, She bought a ticket to catch the early morning [MASK].",Masked Language Modeling,Masked Sentence,train,Beginner
897,Consider the following: The volunteers cleaned up litter along the riverbank.|Litter along the riverbank was cleared by volunteers.,Text Similarity,Sentence Pair,High similarity (paraphrase),Intermediate
898,Please review: The satellite was launched into orbit in early 2021.|When was the satellite launched into orbit?,Question Answering,Context + Question,early 2021,Beginner
899,Note the following: Write an opening sentence for a cooking blog post about seasonal produce.,Text Generation,Prompt,"Nothing captures the flavor of the season quite like fresh, locally grown produce.",Intermediate
900,Reference text: The tech firm rolled out a privacy update giving users more control over how their data is shared with third-party advertisers.,Text Summarization,Paragraph,Tech firm gives users more control over data sharing with new update.,Beginner
901,Consider the following: The professor's research focuses on renewable energy storage.|What does the professor's research focus on?,Question Answering,Context + Question,renewable energy storage,Intermediate
902,Here is a case to review: Silverline Motors announced a new office opening in Osaka.,Named Entity Recognition,Single Sentence,"ORG: Silverline Motors, GPE: Osaka",Beginner
903,"As an example, The bridge took nearly six years to construct.|How long did the bridge take to construct?",Question Answering,Context + Question,nearly six years,Advanced
904,Here is a case to review: Evergreen Energy Co. announced a new office opening in Manila.,Named Entity Recognition,Single Sentence,"ORG: Evergreen Energy Co., GPE: Manila",Intermediate
905,Here is a case to review: The scientist conducted an experiment in the [MASK].,Masked Language Modeling,Masked Sentence,laboratory,Intermediate
906,Task input: The university launched a mentorship program for graduates.,Text Classification,Single Sentence,Education,Advanced
907,Case in point: The boutique hotel chain expanded into three coastal destinations.,Text Classification,Single Sentence,Travel,Beginner
908,The doctor recommended more rest and a balanced [MASK].,Masked Language Modeling,Masked Sentence,diet,Beginner
909,Note the following: Nutritionists recommended simple changes to daily eating habits.,Text Classification,Single Sentence,Health,Advanced
910,Take the following text: Write a short pitch for a new budgeting app.,Text Generation,Prompt,Take control of your spending with an app that makes budgeting simple and stress-free.,Beginner
911,Consider the following: The observatory captured detailed images of a distant galaxy.,Text Classification,Single Sentence,Science,Intermediate
912,The barista prepared a fresh cup of [MASK] for the customer.,Masked Language Modeling,Masked Sentence,coffee,Intermediate
913,Note the following: The company reported quarterly earnings above analyst expectations.,Text Classification,Single Sentence,Business,Intermediate
914,Task input: The festival attracts more than fifty thousand visitors each year.|How many visitors does the festival attract each year?,Question Answering,Context + Question,more than fifty thousand,Intermediate
915,"As an example, The chef added a pinch of salt to the [MASK].",Masked Language Modeling,Masked Sentence,soup,Beginner
916,Please review: The bike-sharing program was launched to ease congestion.|The novelist postponed her sequel's release indefinitely.,Text Similarity,Sentence Pair,Low similarity (unrelated),Beginner
917,Sample input: The committee reviewed each [MASK] before making a decision.,Masked Language Modeling,Masked Sentence,proposal,Advanced
918,Consider the following: Draft a short announcement about a community cleanup event.,Text Generation,Prompt,Join your neighbors this Saturday for a community cleanup event at the riverside park.,Advanced
919,"Review this input: The startup's latest app allows users to track their carbon footprint by analyzing daily habits such as transportation, diet, and energy use, offering personalized suggestions for reducing emissions.",Text Summarization,Paragraph,New app helps users track and reduce their carbon footprint.,Beginner
920,Please review: The hikers reached the summit just before sunset.|The group of hikers made it to the top right before sunset.,Text Similarity,Sentence Pair,High similarity (paraphrase),Intermediate
921,Input sample: Grace Petrov joined Meridian Financial Group in Osaka last year.,Named Entity Recognition,Single Sentence,"PERSON: Grace Petrov, ORG: Meridian Financial Group, GPE: Osaka",Intermediate
922,Example: Generate a short caption for a photo of a bustling night market.,Text Generation,Prompt,"Lights, aromas, and laughter fill the air at the city's favorite night market.",Beginner
923,Sample input: The museum closed its ancient exhibit permanently.|The startup's app is available in over forty countries.,Text Similarity,Sentence Pair,Low similarity (unrelated),Intermediate
924,"As an example, The scientists' research was widely criticized as flawed.|The scientists published groundbreaking, well-received research.",Text Similarity,Sentence Pair,Low similarity (contradiction),Advanced
925,Note the following: Photosynthesis allows plants to convert sunlight into energy.|What does photosynthesis allow plants to do?,Question Answering,Context + Question,convert sunlight into energy,Intermediate
926,Sample input: Maria Taylor was appointed as the new director at Quantum Innovations.,Named Entity Recognition,Single Sentence,"PERSON: Maria Taylor, ORG: Quantum Innovations",Advanced
927,Sample input: Draft a short announcement about a community cleanup event.,Text Generation,Prompt,Join your neighbors this Saturday for a community cleanup event at the riverside park.,Beginner
928,"Please review: After years of research, scientists announced a new method for recycling plastic that uses significantly less energy than traditional processes, potentially transforming the recycling industry.",Text Summarization,Paragraph,Scientists develop energy-efficient plastic recycling method.,Intermediate
929,"After years of research, scientists announced a new method for recycling plastic that uses significantly less energy than traditional processes, potentially transforming the recycling industry.",Text Summarization,Paragraph,Scientists develop energy-efficient plastic recycling method.,Beginner
930,Input sample: The airline introduced a new nonstop route between major cities.,Text Classification,Single Sentence,Travel,Intermediate
931,"As an example, Write a short pitch for a language-learning app.",Text Generation,Prompt,Learn a new language in minutes a day with lessons built around real conversations.,Intermediate
932,Note the following: Researchers published findings on the link between sleep and memory.,Text Classification,Single Sentence,Health,Intermediate
933,Task input: Summit Robotics Inc. announced a new office opening in Manila.,Named Entity Recognition,Single Sentence,"ORG: Summit Robotics Inc., GPE: Manila",Intermediate
934,Sample input: Researchers published new findings about deep-sea ecosystems.,Text Classification,Single Sentence,Science,Intermediate
935,Reference text: The recipe requires two cups of flour and a teaspoon of salt.|How much flour does the recipe require?,Question Answering,Context + Question,two cups,Beginner
936,Take the following text: Photosynthesis allows plants to convert sunlight into energy.|What does photosynthesis allow plants to do?,Question Answering,Context + Question,convert sunlight into energy,Intermediate
937,Input sample: The volunteers cleaned up litter along the riverbank.|Litter along the riverbank was cleared by volunteers.,Text Similarity,Sentence Pair,High similarity (paraphrase),Beginner
938,Case in point: The tech firm rolled out a privacy update giving users more control over how their data is shared with third-party advertisers.,Text Summarization,Paragraph,Tech firm gives users more control over data sharing with new update.,Intermediate
939,Consider the following: The orchestra performed a tribute to the late composer.|A tribute to the late composer was performed by the orchestra.,Text Similarity,Sentence Pair,High similarity (paraphrase),Intermediate
940,See below: The startup secured additional funding to scale its operations abroad.,Text Classification,Single Sentence,Business,Beginner
941,Please review: Photosynthesis allows plants to convert sunlight into energy.|What does photosynthesis allow plants to do?,Question Answering,Context + Question,convert sunlight into energy,Intermediate
942,Input sample: Victor Young was appointed as the new director at Golden Gate Retailers.,Named Entity Recognition,Single Sentence,"PERSON: Victor Young, ORG: Golden Gate Retailers",Intermediate
943,Sample input: The professor's research focuses on renewable energy storage.|What does the professor's research focus on?,Question Answering,Context + Question,renewable energy storage,Intermediate
944,"Task input: Overall, the delivery was disappointing based on my recent experience.",Sentiment Analysis,Single Sentence,Negative,Intermediate
945,"Consider the following: The hospital opened a new pediatric wing this week, funded largely through community donations, aiming to reduce wait times and improve care for young patients across the region.",Text Summarization,Paragraph,Hospital opens community-funded pediatric wing to improve care.,Intermediate
946,Please review: Continue the story: The scientist stared at the readings in disbelief because...,Text Generation,Prompt,...the numbers suggested something no experiment had ever recorded before.,Intermediate
947,See below: The satellite was launched into orbit in early 2021.|When was the satellite launched into orbit?,Question Answering,Context + Question,early 2021,Beginner
948,Case in point: The professor's research focuses on renewable energy storage.|What does the professor's research focus on?,Question Answering,Context + Question,renewable energy storage,Intermediate
949,Take the following text: Write an opening sentence for a cooking blog post about seasonal produce.,Text Generation,Prompt,"Nothing captures the flavor of the season quite like fresh, locally grown produce.",Advanced
950,Input sample: Continue the story: The old bookstore had one rule that no customer ever questioned...,Text Generation,Prompt,...every book had to be returned to the exact shelf it came from.,Beginner
951,"Input sample: Overall, the new laptop was poor based on my recent experience.",Sentiment Analysis,Single Sentence,Negative,Intermediate
952,"For instance, Write a tagline for a new fitness app.",Text Generation,Prompt,"Track your progress, build your habits, and reach your goals every day.",Advanced
953,Sample input: The hospital expanded its emergency department.|Doctors recommended more sleep for better memory.,Text Similarity,Sentence Pair,Low similarity (unrelated),Beginner
954,Example: The airline canceled several flights due to weather.|The library added new titles to its collection.,Text Similarity,Sentence Pair,Low similarity (unrelated),Intermediate
955,Here is a case to review: Nadia Wright joined NextGen Software Labs in Cairo last year.,Named Entity Recognition,Single Sentence,"PERSON: Nadia Wright, ORG: NextGen Software Labs, GPE: Cairo",Intermediate
956,"As an example, The marathon route passed through the old town center.",Text Classification,Single Sentence,Sports,Intermediate
957,Please review: The novel was translated into twelve languages after its release.|Into how many languages was the novel translated?,Question Answering,Context + Question,twelve,Intermediate
958,"Input sample: The startup's latest app allows users to track their carbon footprint by analyzing daily habits such as transportation, diet, and energy use, offering personalized suggestions for reducing emissions.",Text Summarization,Paragraph,New app helps users track and reduce their carbon footprint.,Intermediate
959,Case in point: Falcon Logistics announced a new office opening in Bangkok.,Named Entity Recognition,Single Sentence,"ORG: Falcon Logistics, GPE: Bangkok",Advanced
960,Input sample: The film's soundtrack topped the charts within a week of release.,Text Classification,Single Sentence,Entertainment,Beginner
961,Here is a case to review: Ahmed Johansson was appointed as the new director at Summit Robotics Inc..,Named Entity Recognition,Single Sentence,"PERSON: Ahmed Johansson, ORG: Summit Robotics Inc.",Beginner
962,Example: A new study found that students who participated in peer tutoring programs showed measurable improvement in both grades and confidence over a single semester.,Text Summarization,Paragraph,Study links peer tutoring to improved grades and confidence.,Intermediate
963,See below: The professor's research focuses on renewable energy storage.|What does the professor's research focus on?,Question Answering,Context + Question,renewable energy storage,Advanced
964,Input sample: The pilot announced a delay because of the [MASK].,Masked Language Modeling,Masked Sentence,weather,Intermediate
965,"As an example, The city's new bike-sharing program has already logged tens of thousands of rides in its first month, with officials crediting expanded lanes and lower fares for the early success.",Text Summarization,Paragraph,City's new bike-sharing program sees strong early adoption.,Advanced
966,Task input: The tourism board launched a campaign promoting off-season visits.,Text Classification,Single Sentence,Travel,Intermediate
967,Task input: Adaeze Scott joined Global Trade Partners in Zurich last year.,Named Entity Recognition,Single Sentence,"PERSON: Adaeze Scott, ORG: Global Trade Partners, GPE: Zurich",Intermediate
968,Review this input: The bike-sharing program was launched to ease congestion.|The novelist postponed her sequel's release indefinitely.,Text Similarity,Sentence Pair,Low similarity (unrelated),Beginner
969,"As an example, She bought a ticket to catch the early morning [MASK].",Masked Language Modeling,Masked Sentence,train,Intermediate
970,"Take the following text: Volunteers spent the weekend restoring a historic trail damaged by recent storms, clearing debris and repairing several washed-out sections.",Text Summarization,Paragraph,Volunteers restore storm-damaged historic trail over the weekend.,Intermediate
971,Here is a case to review: Peter Johansson joined Quantum Innovations in Dublin last year.,Named Entity Recognition,Single Sentence,"PERSON: Peter Johansson, ORG: Quantum Innovations, GPE: Dublin",Intermediate
972,Review this input: The Eiffel Tower was completed in 1889 and stands in Paris.|What year was the Eiffel Tower completed?,Question Answering,Context + Question,1889,Beginner
973,Please review: The gardener watered the plants every [MASK] morning.,Masked Language Modeling,Masked Sentence,single,Intermediate
974,Take the following text: The festival attracts more than fifty thousand visitors each year.|How many visitors does the festival attract each year?,Question Answering,Context + Question,more than fifty thousand,Beginner
975,Take the following text: The startup raised a new round of funding.|The startup's funding round was widely reported as unsuccessful.,Text Similarity,Sentence Pair,Low similarity (contradiction),Intermediate
976,Please review: The library was renovated using funds from a private donor.|How was the library's renovation funded?,Question Answering,Context + Question,funds from a private donor,Intermediate
977,"Take the following text: After years of research, scientists announced a new method for recycling plastic that uses significantly less energy than traditional processes, potentially transforming the recycling industry.",Text Summarization,Paragraph,Scientists develop energy-efficient plastic recycling method.,Beginner
978,Reference text: Mateus Taylor joined Harborview College in Seoul last year.,Named Entity Recognition,Single Sentence,"PERSON: Mateus Taylor, ORG: Harborview College, GPE: Seoul",Intermediate
979,Review this input: The library was renovated using funds from a private donor.|How was the library's renovation funded?,Question Answering,Context + Question,funds from a private donor,Advanced
980,Reference text: Draft a short welcome message for new employees.,Text Generation,Prompt,Welcome to the team; we're excited to have you join us on this journey.,Advanced
981,The orchestra performed a tribute to the late composer.|A tribute to the late composer was performed by the orchestra.,Text Similarity,Sentence Pair,High similarity (paraphrase),Beginner
982,"Review this input: The scientists' research was widely criticized as flawed.|The scientists published groundbreaking, well-received research.",Text Similarity,Sentence Pair,Low similarity (contradiction),Beginner
983,Task input: The orchestra rehearsed for weeks before the [MASK].,Masked Language Modeling,Masked Sentence,concert,Beginner
984,"Here is a case to review: Overall, the delivery was slow based on my recent experience.",Sentiment Analysis,Single Sentence,Negative,Beginner
985,"Task input: Overall, the fitness tracker was satisfying based on my recent experience.",Sentiment Analysis,Single Sentence,Positive,Intermediate
986,See below: Coaches emphasized endurance training ahead of the tournament.,Text Classification,Single Sentence,Sports,Intermediate
987,Consider the following: Photosynthesis allows plants to convert sunlight into energy.|What does photosynthesis allow plants to do?,Question Answering,Context + Question,convert sunlight into energy,Advanced
988,Sample input: The tourists took photos of the historic [MASK].,Masked Language Modeling,Masked Sentence,landmark,Intermediate
989,Task input: The hikers reached the summit just before sunset.|The group of hikers made it to the top right before sunset.,Text Similarity,Sentence Pair,High similarity (paraphrase),Intermediate
990,Case in point: The engineer reviewed the blueprint before the [MASK].,Masked Language Modeling,Masked Sentence,construction,Advanced
991,"Note the following: Overall, the flight was poor based on my recent experience.",Sentiment Analysis,Single Sentence,Negative,Intermediate
992,"Take the following text: Overall, the restaurant was efficient based on my recent experience.",Sentiment Analysis,Single Sentence,Positive,Beginner
993,"For instance, The scientist conducted an experiment in the [MASK].",Masked Language Modeling,Masked Sentence,laboratory,Intermediate
994,Please review: BrightFuture Foundation announced a new office opening in Edinburgh.,Named Entity Recognition,Single Sentence,"ORG: BrightFuture Foundation, GPE: Edinburgh",Intermediate
995,"For instance, The airline unveiled a redesigned cabin layout intended to improve passenger comfort on long-haul flights, including wider seats and more legroom.",Text Summarization,Paragraph,Airline redesigns cabin layout to improve long-haul passenger comfort.,Beginner
996,"Here is a case to review: The hospital opened a new pediatric wing this week, funded largely through community donations, aiming to reduce wait times and improve care for young patients across the region.",Text Summarization,Paragraph,Hospital opens community-funded pediatric wing to improve care.,Intermediate
997,"As an example, Leila Suzuki was appointed as the new director at Harborview College.",Named Entity Recognition,Single Sentence,"PERSON: Leila Suzuki, ORG: Harborview College",Intermediate
998,Sample input: Developers released an open-source library for data analysis.,Text Classification,Single Sentence,Technology,Intermediate
999,"Reference text: Overall, the fitness tracker was outstanding based on my recent experience.",Sentiment Analysis,Single Sentence,Positive,Beginner
1000,"For instance, Overall, the mobile app was slow based on my recent experience.",Sentiment Analysis,Single Sentence,Negative,Beginner
1001,Consider the following: Northfield University announced a new office opening in Dublin.,Named Entity Recognition,Single Sentence,"ORG: Northfield University, GPE: Dublin",Intermediate
1002,Task input: Write an opening line for a memoir about growing up near the coast.,Text Generation,Prompt,"The ocean was the first sound I remember, and it never really left me.",Intermediate
1003,"Sample input: Overall, the hotel stay was acceptable based on my recent experience.",Sentiment Analysis,Single Sentence,Neutral,Beginner
1004,Note the following: The streaming series became a global sensation within weeks.,Text Classification,Single Sentence,Entertainment,Beginner
1005,"Please review: Overall, the software update was slow based on my recent experience.",Sentiment Analysis,Single Sentence,Negative,Advanced
1006,Consider the following: The bike-sharing program was launched to ease congestion.|The novelist postponed her sequel's release indefinitely.,Text Similarity,Sentence Pair,Low similarity (unrelated),Intermediate
1007,Case in point: The librarian organized the books by [MASK].,Masked Language Modeling,Masked Sentence,genre,Beginner
1008,Review this input: Generate a short caption for a photo of an autumn forest trail.,Text Generation,Prompt,Crisp air and golden leaves make this trail impossible to resist in autumn.,Intermediate
1009,"As an example, The committee reviewed each [MASK] before making a decision.",Masked Language Modeling,Masked Sentence,proposal,Advanced
1010,Case in point: The team celebrated their championship victory.|The team lost the championship final.,Text Similarity,Sentence Pair,Low similarity (contradiction),Advanced
1011,Note the following: The orchestra performed a piece composed specifically for the occasion.|What kind of piece did the orchestra perform?,Question Answering,Context + Question,a piece composed specifically for the occasion,Intermediate
1012,See below: Lucas Anderson was appointed as the new director at Quantum Innovations.,Named Entity Recognition,Single Sentence,"PERSON: Lucas Anderson, ORG: Quantum Innovations",Beginner
1013,Here is a case to review: Travelers shared tips for finding affordable flights this year.,Text Classification,Single Sentence,Travel,Intermediate
1014,Sample input: The team celebrated their championship victory.|The team lost the championship final.,Text Similarity,Sentence Pair,Low similarity (contradiction),Beginner
1015,"Case in point: Overall, the hotel stay was outstanding based on my recent experience.",Sentiment Analysis,Single Sentence,Positive,Advanced
1016,Here is a case to review: The volunteers cleaned up litter along the riverbank.|Litter along the riverbank was cleared by volunteers.,Text Similarity,Sentence Pair,High similarity (paraphrase),Intermediate
1017,Task input: Draft a short welcome message for new employees.,Text Generation,Prompt,Welcome to the team; we're excited to have you join us on this journey.,Advanced
1018,Write a tagline for a new fitness app.,Text Generation,Prompt,"Track your progress, build your habits, and reach your goals every day.",Beginner
1019,"Overall, the hotel stay was subpar based on my recent experience.",Sentiment Analysis,Single Sentence,Negative,Intermediate
1020,Note the following: Mateus Silva joined Redstone Consulting in Vancouver last year.,Named Entity Recognition,Single Sentence,"PERSON: Mateus Silva, ORG: Redstone Consulting, GPE: Vancouver",Intermediate
1021,Review this input: The video game studio revealed footage for its upcoming release.,Text Classification,Single Sentence,Entertainment,Beginner
1022,Case in point: The airline canceled several flights due to weather.|The library added new titles to its collection.,Text Similarity,Sentence Pair,Low similarity (unrelated),Beginner
1023,Sample input: Write a short pitch for a language-learning app.,Text Generation,Prompt,Learn a new language in minutes a day with lessons built around real conversations.,Advanced
1024,"Case in point: Overall, the delivery was poor based on my recent experience.",Sentiment Analysis,Single Sentence,Negative,Intermediate
1025,The tech firm rolled out a privacy update giving users more control over how their data is shared with third-party advertisers.,Text Summarization,Paragraph,Tech firm gives users more control over data sharing with new update.,Advanced
1026,"Overall, the customer service team was satisfying based on my recent experience.",Sentiment Analysis,Single Sentence,Positive,Beginner
1027,Task input: Teachers attended a workshop on integrating technology into lessons.,Text Classification,Single Sentence,Education,Intermediate
1028,Case in point: The university launched a mentorship program for graduates.,Text Classification,Single Sentence,Education,Intermediate
1029,"For instance, Overall, the software update was average based on my recent experience.",Sentiment Analysis,Single Sentence,Neutral,Advanced
1030,The observatory captured detailed images of a distant galaxy.,Text Classification,Single Sentence,Science,Intermediate
1031,"Note the following: The scientists' research was widely criticized as flawed.|The scientists published groundbreaking, well-received research.",Text Similarity,Sentence Pair,Low similarity (contradiction),Beginner
1032,Note the following: Write an opening line for a travel guide about a mountain village.,Text Generation,Prompt,"Tucked between two peaks, this quiet mountain village feels frozen in time.",Beginner
1033,Example: The students submitted their assignments before the [MASK].,Masked Language Modeling,Masked Sentence,deadline,Beginner
1034,Reference text: The vaccine trial included over five thousand volunteers worldwide.|How many volunteers were included in the vaccine trial?,Question Answering,Context + Question,over five thousand,Beginner
1035,"Please review: The airline unveiled a redesigned cabin layout intended to improve passenger comfort on long-haul flights, including wider seats and more legroom.",Text Summarization,Paragraph,Airline redesigns cabin layout to improve long-haul passenger comfort.,Advanced
1036,Take the following text: The novel was translated into twelve languages after its release.|Into how many languages was the novel translated?,Question Answering,Context + Question,twelve,Advanced
1037,Reference text: The athlete stretched carefully before the [MASK].,Masked Language Modeling,Masked Sentence,race,Intermediate
1038,Reference text: Wei Wright joined Blue Horizon Airlines in Buenos Aires last year.,Named Entity Recognition,Single Sentence,"PERSON: Wei Wright, ORG: Blue Horizon Airlines, GPE: Buenos Aires",Advanced
1039,"As an example, Write an opening line for a mystery novel set in a small coastal town.",Text Generation,Prompt,No one in the small coastal town expected the tide to bring back more than driftwood.,Advanced
1040,Reference text: The university launched a mentorship program for graduates.,Text Classification,Single Sentence,Education,Advanced
1041,Here is a case to review: The tourists took photos of the historic [MASK].,Masked Language Modeling,Masked Sentence,landmark,Intermediate
1042,"As an example, Continue the story: The archivist found a letter that had never been opened...",Text Generation,Prompt,...its wax seal was still intact after more than a century.,Beginner
1043,"Overall, the restaurant was typical based on my recent experience.",Sentiment Analysis,Single Sentence,Neutral,Intermediate
1044,"Input sample: Overall, the customer service team was disappointing based on my recent experience.",Sentiment Analysis,Single Sentence,Negative,Beginner
1045,Here is a case to review: The streaming series became a global sensation within weeks.,Text Classification,Single Sentence,Entertainment,Beginner
1046,"Overall, the restaurant was reliable based on my recent experience.",Sentiment Analysis,Single Sentence,Positive,Intermediate
1047,Case in point: She bought a ticket to catch the early morning [MASK].,Masked Language Modeling,Masked Sentence,train,Advanced
1048,"Take the following text: A local nonprofit distributed thousands of winter coats to families in need, relying entirely on community donations and volunteer coordination.",Text Summarization,Paragraph,Nonprofit distributes winter coats to families through community donations.,Intermediate
1049,Here is a case to review: Write a short pitch for a new budgeting app.,Text Generation,Prompt,Take control of your spending with an app that makes budgeting simple and stress-free.,Intermediate
1050,"For instance, Write an opening line for a mystery novel set in a small coastal town.",Text Generation,Prompt,No one in the small coastal town expected the tide to bring back more than driftwood.,Beginner
1051,Take the following text: The satellite was launched into orbit in early 2021.|When was the satellite launched into orbit?,Question Answering,Context + Question,early 2021,Intermediate
1052,Take the following text: The museum closed its ancient exhibit permanently.|The startup's app is available in over forty countries.,Text Similarity,Sentence Pair,Low similarity (unrelated),Intermediate
1053,Input sample: The committee reviewed each [MASK] before making a decision.,Masked Language Modeling,Masked Sentence,proposal,Beginner
1054,Case in point: The barista prepared a fresh cup of [MASK] for the customer.,Masked Language Modeling,Masked Sentence,coffee,Advanced
1055,See below: The nurse recorded the patient's [MASK] every hour.,Masked Language Modeling,Masked Sentence,temperature,Intermediate
1056,"Consider the following: A regional theater group staged a modern retelling of a classic play, drawing praise for its inventive set design and a diverse young cast.",Text Summarization,Paragraph,Theater group praised for modern retelling of a classic play.,Intermediate
1057,Union Manufacturing Corp. announced a new office opening in Berlin.,Named Entity Recognition,Single Sentence,"ORG: Union Manufacturing Corp., GPE: Berlin",Advanced
1058,Review this input: The orchestra performed a tribute to the late composer.|A tribute to the late composer was performed by the orchestra.,Text Similarity,Sentence Pair,High similarity (paraphrase),Advanced
1059,Reference text: Continue the story: The old lighthouse had been abandoned for decades until...,Text Generation,Prompt,...a young sailor discovered a hidden journal inside its rusted walls.,Advanced
1060,Generate a product description for a reusable water bottle.,Text Generation,Prompt,"This durable, eco-friendly water bottle keeps drinks cold for hours at a time.",Beginner
1061,See below: Continue the story: The archivist found a letter that had never been opened...,Text Generation,Prompt,...its wax seal was still intact after more than a century.,Intermediate
1062,Please review: The teacher handed out the [MASK] at the start of class.,Masked Language Modeling,Masked Sentence,worksheet,Intermediate
1063,Task input: Zenith Pharmaceuticals announced a new office opening in Edinburgh.,Named Entity Recognition,Single Sentence,"ORG: Zenith Pharmaceuticals, GPE: Edinburgh",Intermediate
1064,Note the following: The museum closed its ancient exhibit permanently.|The startup's app is available in over forty countries.,Text Similarity,Sentence Pair,Low similarity (unrelated),Advanced
1065,Task input: The vaccine trial included over five thousand volunteers worldwide.|How many volunteers were included in the vaccine trial?,Question Answering,Context + Question,over five thousand,Intermediate
1066,"Reference text: Overall, the mobile app was slow based on my recent experience.",Sentiment Analysis,Single Sentence,Negative,Advanced
1067,Consider the following: Vertex Analytics announced a new office opening in Warsaw.,Named Entity Recognition,Single Sentence,"ORG: Vertex Analytics, GPE: Warsaw",Beginner
1068,"As an example, The satellite was launched into orbit in early 2021.|When was the satellite launched into orbit?",Question Answering,Context + Question,early 2021,Beginner
1069,Input sample: Mount Everest is the tallest mountain above sea level on Earth.|What is the tallest mountain above sea level?,Question Answering,Context + Question,Mount Everest,Intermediate
1070,See below: The startup's app is available in over forty countries.|In how many countries is the startup's app available?,Question Answering,Context + Question,over forty,Advanced
1071,"For instance, Overall, the software update was unreliable based on my recent experience.",Sentiment Analysis,Single Sentence,Negative,Intermediate
1072,"As an example, Overall, the delivery was frustrating based on my recent experience.",Sentiment Analysis,Single Sentence,Negative,Beginner
1073,"Sample input: Overall, the fitness tracker was standard based on my recent experience.",Sentiment Analysis,Single Sentence,Neutral,Beginner
1074,Mount Everest is the tallest mountain above sea level on Earth.|What is the tallest mountain above sea level?,Question Answering,Context + Question,Mount Everest,Beginner
1075,Please review: Hana Costa joined Summit Robotics Inc. in Osaka last year.,Named Entity Recognition,Single Sentence,"PERSON: Hana Costa, ORG: Summit Robotics Inc., GPE: Osaka",Intermediate
1076,Task input: The orchestra performed a piece composed specifically for the occasion.|What kind of piece did the orchestra perform?,Question Answering,Context + Question,a piece composed specifically for the occasion,Beginner
1077,"Task input: The film studio confirmed that production on the long-awaited sequel will begin next spring, with much of the original cast expected to return for the project.",Text Summarization,Paragraph,Studio confirms sequel production will begin next spring.,Intermediate
1078,The scientist conducted an experiment in the [MASK].,Masked Language Modeling,Masked Sentence,laboratory,Intermediate
1079,Sample input: Nina Kim was appointed as the new director at Summit Robotics Inc..,Named Entity Recognition,Single Sentence,"PERSON: Nina Kim, ORG: Summit Robotics Inc.",Beginner
1080,"Example: The city's new bike-sharing program has already logged tens of thousands of rides in its first month, with officials crediting expanded lanes and lower fares for the early success.",Text Summarization,Paragraph,City's new bike-sharing program sees strong early adoption.,Beginner
1081,Reference text: Zenith Pharmaceuticals announced a new office opening in Edinburgh.,Named Entity Recognition,Single Sentence,"ORG: Zenith Pharmaceuticals, GPE: Edinburgh",Beginner
1082,"As an example, The athlete stretched carefully before the [MASK].",Masked Language Modeling,Masked Sentence,race,Intermediate
1083,"As an example, After years of research, scientists announced a new method for recycling plastic that uses significantly less energy than traditional processes, potentially transforming the recycling industry.",Text Summarization,Paragraph,Scientists develop energy-efficient plastic recycling method.,Advanced
1084,Reference text: The young athlete broke the regional record in the sprint.,Text Classification,Single Sentence,Sports,Beginner
1085,"For instance, The library was renovated using funds from a private donor.|How was the library's renovation funded?",Question Answering,Context + Question,funds from a private donor,Advanced
1086,See below: The district approved funding for updated classroom technology.,Text Classification,Single Sentence,Education,Intermediate
1087,"Reference text: Overall, the hotel stay was efficient based on my recent experience.",Sentiment Analysis,Single Sentence,Positive,Advanced
1088,Case in point: Researchers published new findings about deep-sea ecosystems.,Text Classification,Single Sentence,Science,Beginner
1089,"As an example, Mount Everest is the tallest mountain above sea level on Earth.|What is the tallest mountain above sea level?",Question Answering,Context + Question,Mount Everest,Beginner
1090,"As an example, The gardener watered the plants every [MASK] morning.",Masked Language Modeling,Masked Sentence,single,Beginner
1091,"Consider the following: Overall, the software update was unreliable based on my recent experience.",Sentiment Analysis,Single Sentence,Negative,Advanced
1092,"Note the following: Volunteers spent the weekend restoring a historic trail damaged by recent storms, clearing debris and repairing several washed-out sections.",Text Summarization,Paragraph,Volunteers restore storm-damaged historic trail over the weekend.,Intermediate
1093,"Case in point: Overall, the fitness tracker was efficient based on my recent experience.",Sentiment Analysis,Single Sentence,Positive,Beginner
1094,"As an example, Developers released an open-source library for data analysis.",Text Classification,Single Sentence,Technology,Advanced
1095,Take the following text: Victor Petrov joined Blue Horizon Airlines in Austin last year.,Named Entity Recognition,Single Sentence,"PERSON: Victor Petrov, ORG: Blue Horizon Airlines, GPE: Austin",Intermediate
1096,Review this input: She bought a ticket to catch the early morning [MASK].,Masked Language Modeling,Masked Sentence,train,Intermediate
1097,Reference text: The hikers packed extra water before reaching the [MASK].,Masked Language Modeling,Masked Sentence,summit,Intermediate
1098,Consider the following: The tech firm rolled out a privacy update giving users more control over how their data is shared with third-party advertisers.,Text Summarization,Paragraph,Tech firm gives users more control over data sharing with new update.,Intermediate
1099,"For instance, The observatory captured unprecedented images of a distant nebula after upgrading its imaging equipment, giving astronomers new insight into star formation.",Text Summarization,Paragraph,Observatory captures new images of nebula after equipment upgrade.,Beginner
1100,"For instance, The mechanic inspected the car's [MASK] before the road trip.",Masked Language Modeling,Masked Sentence,engine,Intermediate
1101,Case in point: The college expanded its online course catalog significantly.,Text Classification,Single Sentence,Education,Advanced
1102,"Take the following text: Researchers at the university tracked bird migration patterns for over a decade, finding that changing climate conditions have shifted the timing of seasonal movement significantly.",Text Summarization,Paragraph,Decade-long study finds climate change shifting bird migration timing.,Beginner
1103,Take the following text: Zainab Wright joined Falcon Logistics in Cape Town last year.,Named Entity Recognition,Single Sentence,"PERSON: Zainab Wright, ORG: Falcon Logistics, GPE: Cape Town",Beginner
1104,Task input: The museum's newest exhibit focuses on ancient trade routes.|What does the museum's newest exhibit focus on?,Question Answering,Context + Question,ancient trade routes,Beginner
1105,Consider the following: Chen Wright was appointed as the new director at Zenith Pharmaceuticals.,Named Entity Recognition,Single Sentence,"PERSON: Chen Wright, ORG: Zenith Pharmaceuticals",Beginner
1106,Example: The company was founded by two engineers in a small garage.|Who founded the company?,Question Answering,Context + Question,two engineers,Advanced
1107,Case in point: Quantum Innovations announced a new office opening in Denver.,Named Entity Recognition,Single Sentence,"ORG: Quantum Innovations, GPE: Denver",Beginner
1108,Sample input: Scientists discovered a new species in the rainforest canopy.,Text Classification,Single Sentence,Science,Beginner
1109,Case in point: Researchers discovered a new species in the rainforest.|A new species was discovered in the rainforest by researchers.,Text Similarity,Sentence Pair,High similarity (paraphrase),Beginner
1110,"For instance, The ancient ruins were discovered by a team of archaeologists in 1974.|Who discovered the ancient ruins?",Question Answering,Context + Question,a team of archaeologists,Beginner
1111,"See below: Overall, the customer support agent was outstanding based on my recent experience.",Sentiment Analysis,Single Sentence,Positive,Advanced
1112,Review this input: Skyline Real Estate announced a new office opening in Wellington.,Named Entity Recognition,Single Sentence,"ORG: Skyline Real Estate, GPE: Wellington",Advanced
1113,"Take the following text: Overall, the online course was outstanding based on my recent experience.",Sentiment Analysis,Single Sentence,Positive,Advanced
1114,"Here is a case to review: The scientists' research was widely criticized as flawed.|The scientists published groundbreaking, well-received research.",Text Similarity,Sentence Pair,Low similarity (contradiction),Beginner
1115,Please review: Researchers published new findings about deep-sea ecosystems.,Text Classification,Single Sentence,Science,Intermediate
1116,"Review this input: Overall, the delivery was impressive based on my recent experience.",Sentiment Analysis,Single Sentence,Positive,Intermediate
1117,Input sample: The athlete stretched carefully before the [MASK].,Masked Language Modeling,Masked Sentence,race,Beginner
1118,The mechanic inspected the car's [MASK] before the road trip.,Masked Language Modeling,Masked Sentence,engine,Beginner
1119,The hospital expanded its emergency department.|Doctors recommended more sleep for better memory.,Text Similarity,Sentence Pair,Low similarity (unrelated),Intermediate
1120,Note the following: Generate a short caption for a photo of an autumn forest trail.,Text Generation,Prompt,Crisp air and golden leaves make this trail impossible to resist in autumn.,Beginner
1121,See below: The vaccine trial included over five thousand volunteers worldwide.|How many volunteers were included in the vaccine trial?,Question Answering,Context + Question,over five thousand,Advanced
1122,She bought a ticket to catch the early morning [MASK].,Masked Language Modeling,Masked Sentence,train,Beginner
1123,Example: Teachers attended a workshop on integrating technology into lessons.,Text Classification,Single Sentence,Education,Intermediate
1124,Task input: Generate a short caption for a photo of a bustling night market.,Text Generation,Prompt,"Lights, aromas, and laughter fill the air at the city's favorite night market.",Intermediate
1125,"Note the following: Overall, the new laptop was acceptable based on my recent experience.",Sentiment Analysis,Single Sentence,Neutral,Beginner
1126,Note the following: Julia Larsen was appointed as the new director at Aurora Data Systems.,Named Entity Recognition,Single Sentence,"PERSON: Julia Larsen, ORG: Aurora Data Systems",Advanced
1127,Example: The marathon route passes through five historic neighborhoods.|How many historic neighborhoods does the marathon route pass through?,Question Answering,Context + Question,five,Intermediate
1128,Sample input: The Eiffel Tower was completed in 1889 and stands in Paris.|What year was the Eiffel Tower completed?,Question Answering,Context + Question,1889,Beginner
1129,Take the following text: Felix Wilson was appointed as the new director at Aurora Data Systems.,Named Entity Recognition,Single Sentence,"PERSON: Felix Wilson, ORG: Aurora Data Systems",Intermediate
1130,Task input: The novel was translated into twelve languages after its release.|Into how many languages was the novel translated?,Question Answering,Context + Question,twelve,Beginner
1131,"Please review: Overall, the printer was efficient based on my recent experience.",Sentiment Analysis,Single Sentence,Positive,Intermediate
1132,Here is a case to review: Jack Brown was appointed as the new director at NextGen Software Labs.,Named Entity Recognition,Single Sentence,"PERSON: Jack Brown, ORG: NextGen Software Labs",Beginner
1133,"For instance, The hospital opened a new pediatric wing this week, funded largely through community donations, aiming to reduce wait times and improve care for young patients across the region.",Text Summarization,Paragraph,Hospital opens community-funded pediatric wing to improve care.,Advanced
1134,Please review: Hassan Khan was appointed as the new director at Crescent Media Group.,Named Entity Recognition,Single Sentence,"PERSON: Hassan Khan, ORG: Crescent Media Group",Beginner
1135,Reference text: Continue the story: The archivist found a letter that had never been opened...,Text Generation,Prompt,...its wax seal was still intact after more than a century.,Beginner
1136,Take the following text: The team celebrated their championship victory.|The team lost the championship final.,Text Similarity,Sentence Pair,Low similarity (contradiction),Intermediate
1137,Generate a short caption for a photo of a mountain sunrise.,Text Generation,Prompt,Golden light spills over the peaks as another day begins in the highlands.,Advanced
1138,"Here is a case to review: Overall, the software update was poor based on my recent experience.",Sentiment Analysis,Single Sentence,Negative,Beginner
1139,"The university announced a new scholarship program aimed at supporting first-generation college students, covering tuition, housing, and textbook costs for qualifying applicants.",Text Summarization,Paragraph,University launches scholarship for first-generation students.,Intermediate
1140,"Please review: Overall, the printer was frustrating based on my recent experience.",Sentiment Analysis,Single Sentence,Negative,Intermediate
1141,"Overall, the software update was efficient based on my recent experience.",Sentiment Analysis,Single Sentence,Positive,Intermediate
1142,See below: Nutritionists recommended simple changes to daily eating habits.,Text Classification,Single Sentence,Health,Intermediate
1143,"Input sample: The observatory captured unprecedented images of a distant nebula after upgrading its imaging equipment, giving astronomers new insight into star formation.",Text Summarization,Paragraph,Observatory captures new images of nebula after equipment upgrade.,Beginner
1144,Task input: The chef added a pinch of salt to the [MASK].,Masked Language Modeling,Masked Sentence,soup,Beginner
1145,Example: The farmer checked the soil before planting the [MASK].,Masked Language Modeling,Masked Sentence,seeds,Beginner
1146,Here is a case to review: Continue the story: The scientist stared at the readings in disbelief because...,Text Generation,Prompt,...the numbers suggested something no experiment had ever recorded before.,Advanced
1147,Please review: The factory upgraded its equipment to save energy.|The factory's energy use increased after equipment failed.,Text Similarity,Sentence Pair,Low similarity (contradiction),Beginner
1148,See below: The novelist released her long-awaited sequel.|The bakery introduced gluten-free pastries.,Text Similarity,Sentence Pair,Low similarity (unrelated),Intermediate
1149,Note the following: The Eiffel Tower was completed in 1889 and stands in Paris.|What year was the Eiffel Tower completed?,Question Answering,Context + Question,1889,Advanced
1150,Take the following text: Olivia Ivanov joined Cedar Grove Hospital in Seoul last year.,Named Entity Recognition,Single Sentence,"PERSON: Olivia Ivanov, ORG: Cedar Grove Hospital, GPE: Seoul",Beginner
1151,Input sample: The orchestra rehearsed for weeks before the [MASK].,Masked Language Modeling,Masked Sentence,concert,Intermediate
1152,Input sample: The orchestra performed a piece composed specifically for the occasion.|What kind of piece did the orchestra perform?,Question Answering,Context + Question,a piece composed specifically for the occasion,Intermediate
1153,Take the following text: Felix Smith was appointed as the new director at NextGen Software Labs.,Named Entity Recognition,Single Sentence,"PERSON: Felix Smith, ORG: NextGen Software Labs",Beginner
1154,"As an example, The festival attracts more than fifty thousand visitors each year.|How many visitors does the festival attract each year?",Question Answering,Context + Question,more than fifty thousand,Beginner
1155,"Review this input: The observatory captured unprecedented images of a distant nebula after upgrading its imaging equipment, giving astronomers new insight into star formation.",Text Summarization,Paragraph,Observatory captures new images of nebula after equipment upgrade.,Intermediate
1156,Example: The team celebrated their championship victory.|The team lost the championship final.,Text Similarity,Sentence Pair,Low similarity (contradiction),Intermediate
1157,Input sample: The Eiffel Tower was completed in 1889 and stands in Paris.|What year was the Eiffel Tower completed?,Question Answering,Context + Question,1889,Advanced
1158,"Case in point: Overall, the mobile app was impressive based on my recent experience.",Sentiment Analysis,Single Sentence,Positive,Intermediate
1159,Sample input: Continue the story: The scientist stared at the readings in disbelief because...,Text Generation,Prompt,...the numbers suggested something no experiment had ever recorded before.,Intermediate
1160,"As an example, Researchers discovered a new species in the rainforest.|A new species was discovered in the rainforest by researchers.",Text Similarity,Sentence Pair,High similarity (paraphrase),Intermediate
1161,Here is a case to review: Silverline Motors announced a new office opening in Seoul.,Named Entity Recognition,Single Sentence,"ORG: Silverline Motors, GPE: Seoul",Advanced
1162,See below: Donors contributed generously to the hospital's expansion.|The hospital's expansion was funded by generous donors.,Text Similarity,Sentence Pair,High similarity (paraphrase),Beginner
1163,"For instance, Overall, the mobile app was average based on my recent experience.",Sentiment Analysis,Single Sentence,Neutral,Advanced
1164,Input sample: The doctor recommended more rest and a balanced [MASK].,Masked Language Modeling,Masked Sentence,diet,Beginner
1165,"Sample input: A regional theater group staged a modern retelling of a classic play, drawing praise for its inventive set design and a diverse young cast.",Text Summarization,Paragraph,Theater group praised for modern retelling of a classic play.,Intermediate
1166,Reference text: The startup raised a new round of funding.|The startup's funding round was widely reported as unsuccessful.,Text Similarity,Sentence Pair,Low similarity (contradiction),Intermediate
1167,Consider the following: Researchers published new findings about deep-sea ecosystems.,Text Classification,Single Sentence,Science,Advanced
1168,Review this input: The hospital expanded its emergency department.|Doctors recommended more sleep for better memory.,Text Similarity,Sentence Pair,Low similarity (unrelated),Advanced
1169,"Here is a case to review: Overall, the new laptop was excellent based on my recent experience.",Sentiment Analysis,Single Sentence,Positive,Beginner
1170,"Note the following: Overall, the customer support agent was frustrating based on my recent experience.",Sentiment Analysis,Single Sentence,Negative,Beginner
1171,Note the following: The hikers packed extra water before reaching the [MASK].,Masked Language Modeling,Masked Sentence,summit,Intermediate
1172,Please review: Donors contributed generously to the hospital's expansion.|The hospital's expansion was funded by generous donors.,Text Similarity,Sentence Pair,High similarity (paraphrase),Beginner
1173,Here is a case to review: The vaccination campaign reached thousands of families this month.,Text Classification,Single Sentence,Health,Advanced
1174,"As an example, Teachers attended a workshop on integrating technology into lessons.",Text Classification,Single Sentence,Education,Intermediate
1175,"Consider the following: The city council held a lengthy meeting to discuss the proposed transit expansion, hearing feedback from dozens of residents before ultimately postponing the vote until next month.",Text Summarization,Paragraph,City council postpones vote on transit expansion after resident feedback.,Beginner
1176,"Take the following text: Overall, the customer service team was poor based on my recent experience.",Sentiment Analysis,Single Sentence,Negative,Intermediate
1177,Input sample: Ingrid Smith was appointed as the new director at Zenith Pharmaceuticals.,Named Entity Recognition,Single Sentence,"PERSON: Ingrid Smith, ORG: Zenith Pharmaceuticals",Beginner
1178,"As an example, Jack Kowalski joined Evergreen Energy Co. in Dublin last year.",Named Entity Recognition,Single Sentence,"PERSON: Jack Kowalski, ORG: Evergreen Energy Co., GPE: Dublin",Intermediate
1179,"As an example, Overall, the online course was ordinary based on my recent experience.",Sentiment Analysis,Single Sentence,Neutral,Beginner
1180,Example: Write an opening line for a travel guide about a mountain village.,Text Generation,Prompt,"Tucked between two peaks, this quiet mountain village feels frozen in time.",Advanced
1181,"As an example, Julia Patel was appointed as the new director at Zenith Pharmaceuticals.",Named Entity Recognition,Single Sentence,"PERSON: Julia Patel, ORG: Zenith Pharmaceuticals",Intermediate
1182,Task input: The startup's app is available in over forty countries.|In how many countries is the startup's app available?,Question Answering,Context + Question,over forty,Intermediate
1183,"Reference text: Overall, the printer was satisfying based on my recent experience.",Sentiment Analysis,Single Sentence,Positive,Advanced
1184,Take the following text: Engineers unveiled a chip that doubles processing speed.,Text Classification,Single Sentence,Technology,Beginner
1185,The students submitted their assignments before the [MASK].,Masked Language Modeling,Masked Sentence,deadline,Beginner
1186,"Take the following text: Following months of negotiation, the two companies finalized a merger that industry analysts believe will reshape the competitive landscape of the logistics sector.",Text Summarization,Paragraph,Two companies finalize merger reshaping the logistics industry.,Beginner
1187,"As an example, Overall, the software update was efficient based on my recent experience.",Sentiment Analysis,Single Sentence,Positive,Beginner
1188,"Task input: Volunteers spent the weekend restoring a historic trail damaged by recent storms, clearing debris and repairing several washed-out sections.",Text Summarization,Paragraph,Volunteers restore storm-damaged historic trail over the weekend.,Beginner
1189,"Take the following text: Overall, the customer support agent was outstanding based on my recent experience.",Sentiment Analysis,Single Sentence,Positive,Beginner
1190,Here is a case to review: Draft a short thank-you message for event volunteers.,Text Generation,Prompt,Thank you to every volunteer who made this year's event possible.,Advanced
1191,Task input: Continue the story: The old bookstore had one rule that no customer ever questioned...,Text Generation,Prompt,...every book had to be returned to the exact shelf it came from.,Advanced
1192,Please review: Victor Patel was appointed as the new director at Northfield University.,Named Entity Recognition,Single Sentence,"PERSON: Victor Patel, ORG: Northfield University",Beginner
1193,Please review: Write an opening line for a mystery novel set in a small coastal town.,Text Generation,Prompt,No one in the small coastal town expected the tide to bring back more than driftwood.,Intermediate
1194,Reference text: Donors contributed generously to the hospital's expansion.|The hospital's expansion was funded by generous donors.,Text Similarity,Sentence Pair,High similarity (paraphrase),Intermediate
1195,Take the following text: The Eiffel Tower was completed in 1889 and stands in Paris.|What year was the Eiffel Tower completed?,Question Answering,Context + Question,1889,Intermediate
1196,Here is a case to review: Aisha Yamamoto was appointed as the new director at Golden Gate Retailers.,Named Entity Recognition,Single Sentence,"PERSON: Aisha Yamamoto, ORG: Golden Gate Retailers",Beginner
1197,"As an example, Overall, the delivery was typical based on my recent experience.",Sentiment Analysis,Single Sentence,Neutral,Beginner
1198,"Reference text: Overall, the customer service team was standard based on my recent experience.",Sentiment Analysis,Single Sentence,Neutral,Beginner
1199,Note the following: The tech firm rolled out a privacy update giving users more control over how their data is shared with third-party advertisers.,Text Summarization,Paragraph,Tech firm gives users more control over data sharing with new update.,Intermediate
1200,Please review: The school introduced a new coding elective for ninth graders.,Text Classification,Single Sentence,Education,Beginner
1201,Case in point: Generate a short caption for a photo of a mountain sunrise.,Text Generation,Prompt,Golden light spills over the peaks as another day begins in the highlands.,Advanced
1202,Example: The bike-sharing program was launched to ease congestion.|The novelist postponed her sequel's release indefinitely.,Text Similarity,Sentence Pair,Low similarity (unrelated),Intermediate
1203,Nina Moore joined Northfield University in Stockholm last year.,Named Entity Recognition,Single Sentence,"PERSON: Nina Moore, ORG: Northfield University, GPE: Stockholm",Intermediate
1204,"Review this input: Overall, the mobile app was subpar based on my recent experience.",Sentiment Analysis,Single Sentence,Negative,Intermediate
1205,Example: Mount Everest is the tallest mountain above sea level on Earth.|What is the tallest mountain above sea level?,Question Answering,Context + Question,Mount Everest,Beginner
1206,Review this input: Draft a short welcome message for new employees.,Text Generation,Prompt,Welcome to the team; we're excited to have you join us on this journey.,Advanced
1207,Input sample: Continue the story: The archivist found a letter that had never been opened...,Text Generation,Prompt,...its wax seal was still intact after more than a century.,Beginner
1208,Note the following: The recipe requires two cups of flour and a teaspoon of salt.|How much flour does the recipe require?,Question Answering,Context + Question,two cups,Advanced
1209,"Input sample: The university announced a new scholarship program aimed at supporting first-generation college students, covering tuition, housing, and textbook costs for qualifying applicants.",Text Summarization,Paragraph,University launches scholarship for first-generation students.,Advanced
1210,Input sample: The bike-sharing program was launched to ease congestion.|The novelist postponed her sequel's release indefinitely.,Text Similarity,Sentence Pair,Low similarity (unrelated),Beginner
1211,Please review: The company reported strong quarterly earnings.|Quarterly earnings for the company were strong.,Text Similarity,Sentence Pair,High similarity (paraphrase),Intermediate
1212,"As an example, The nurse recorded the patient's [MASK] every hour.",Masked Language Modeling,Masked Sentence,temperature,Beginner
1213,Sample input: A new study found that students who participated in peer tutoring programs showed measurable improvement in both grades and confidence over a single semester.,Text Summarization,Paragraph,Study links peer tutoring to improved grades and confidence.,Beginner
1214,Reference text: The photographer waited for the perfect [MASK] to take the shot.,Masked Language Modeling,Masked Sentence,light,Beginner
1215,Review this input: Ibrahim Dubois was appointed as the new director at Harborview College.,Named Entity Recognition,Single Sentence,"PERSON: Ibrahim Dubois, ORG: Harborview College",Intermediate
1216,"For instance, Zenith Pharmaceuticals announced a new office opening in Helsinki.",Named Entity Recognition,Single Sentence,"ORG: Zenith Pharmaceuticals, GPE: Helsinki",Intermediate
1217,"For instance, The librarian organized the books by [MASK].",Masked Language Modeling,Masked Sentence,genre,Beginner
1218,Example: Aurora Data Systems announced a new office opening in Edinburgh.,Named Entity Recognition,Single Sentence,"ORG: Aurora Data Systems, GPE: Edinburgh",Beginner
1219,Example: Researchers published new findings about deep-sea ecosystems.,Text Classification,Single Sentence,Science,Advanced
1220,"For instance, The train journey between the two cities takes about four hours.|How long does the train journey take?",Question Answering,Context + Question,about four hours,Intermediate
1221,"Example: Overall, the customer service team was slow based on my recent experience.",Sentiment Analysis,Single Sentence,Negative,Beginner
1222,Please review: Write a short pitch for a new budgeting app.,Text Generation,Prompt,Take control of your spending with an app that makes budgeting simple and stress-free.,Intermediate
1223,The hikers reached the summit just before sunset.|The group of hikers made it to the top right before sunset.,Text Similarity,Sentence Pair,High similarity (paraphrase),Beginner
1224,Case in point: The farmer checked the soil before planting the [MASK].,Masked Language Modeling,Masked Sentence,seeds,Intermediate
1225,Case in point: Mount Everest is the tallest mountain above sea level on Earth.|What is the tallest mountain above sea level?,Question Answering,Context + Question,Mount Everest,Advanced
1226,Review this input: The bridge took nearly six years to construct.|How long did the bridge take to construct?,Question Answering,Context + Question,nearly six years,Intermediate
1227,Review this input: The novelist released her long-awaited sequel.|The bakery introduced gluten-free pastries.,Text Similarity,Sentence Pair,Low similarity (unrelated),Beginner
1228,Task input: The bike-sharing program was launched to ease congestion.|The novelist postponed her sequel's release indefinitely.,Text Similarity,Sentence Pair,Low similarity (unrelated),Intermediate
1229,Review this input: The satellite was launched into orbit in early 2021.|When was the satellite launched into orbit?,Question Answering,Context + Question,early 2021,Intermediate
1230,Please review: Redstone Consulting announced a new office opening in Austin.,Named Entity Recognition,Single Sentence,"ORG: Redstone Consulting, GPE: Austin",Beginner
1231,Amara Silva joined Vertex Analytics in Dublin last year.,Named Entity Recognition,Single Sentence,"PERSON: Amara Silva, ORG: Vertex Analytics, GPE: Dublin",Intermediate
1232,"Example: After years of research, scientists announced a new method for recycling plastic that uses significantly less energy than traditional processes, potentially transforming the recycling industry.",Text Summarization,Paragraph,Scientists develop energy-efficient plastic recycling method.,Advanced
1233,The wearable device tracks sleep patterns and syncs with an app.,Text Classification,Single Sentence,Technology,Advanced
1234,See below: The team celebrated their championship victory.|The team lost the championship final.,Text Similarity,Sentence Pair,Low similarity (contradiction),Advanced
1235,Review this input: The city approved funding for a new park.|Funding for a new park was approved by the city.,Text Similarity,Sentence Pair,High similarity (paraphrase),Advanced
1236,Here is a case to review: Researchers discovered a new species in the rainforest.|A new species was discovered in the rainforest by researchers.,Text Similarity,Sentence Pair,High similarity (paraphrase),Beginner
1237,Reference text: The orchestra performed a piece composed specifically for the occasion.|What kind of piece did the orchestra perform?,Question Answering,Context + Question,a piece composed specifically for the occasion,Advanced
1238,Sample input: Liam Haddad joined Delta Cloud Services in Edinburgh last year.,Named Entity Recognition,Single Sentence,"PERSON: Liam Haddad, ORG: Delta Cloud Services, GPE: Edinburgh",Intermediate
1239,"For instance, The concert featured a surprise duet that thrilled the crowd.",Text Classification,Single Sentence,Entertainment,Beginner
1240,Here is a case to review: The hospital expanded its emergency department.|Doctors recommended more sleep for better memory.,Text Similarity,Sentence Pair,Low similarity (unrelated),Advanced
1241,Sample input: Write a short introduction for a blog post about sustainable travel.,Text Generation,Prompt,Sustainable travel focuses on exploring the world while minimizing environmental impact.,Advanced
1242,"Note the following: Overall, the restaurant was average based on my recent experience.",Sentiment Analysis,Single Sentence,Neutral,Intermediate
1243,Reference text: The startup's app is available in over forty countries.|In how many countries is the startup's app available?,Question Answering,Context + Question,over forty,Beginner
1244,Take the following text: Scientists discovered a new species in the rainforest canopy.,Text Classification,Single Sentence,Science,Beginner
1245,The chef prepared a delicious meal.|The weather was sunny all week.,Text Similarity,Sentence Pair,Low similarity (unrelated),Beginner
1246,Reference text: Scientists discovered a new species in the rainforest canopy.,Text Classification,Single Sentence,Science,Intermediate
1247,Task input: Write an opening line for a travel guide about a mountain village.,Text Generation,Prompt,"Tucked between two peaks, this quiet mountain village feels frozen in time.",Beginner
1248,Please review: The comet will not be visible again for another seventy years.|When will the comet be visible again?,Question Answering,Context + Question,in another seventy years,Intermediate
1249,Example: Write an opening line for a memoir about growing up near the coast.,Text Generation,Prompt,"The ocean was the first sound I remember, and it never really left me.",Intermediate
1250,See below: Mount Everest is the tallest mountain above sea level on Earth.|What is the tallest mountain above sea level?,Question Answering,Context + Question,Mount Everest,Beginner
1251,"As an example, Meridian Financial Group announced a new office opening in Copenhagen.",Named Entity Recognition,Single Sentence,"ORG: Meridian Financial Group, GPE: Copenhagen",Beginner
1252,Here is a case to review: The photographer waited for the perfect [MASK] to take the shot.,Masked Language Modeling,Masked Sentence,light,Intermediate
1253,"Consider the following: Overall, the new laptop was frustrating based on my recent experience.",Sentiment Analysis,Single Sentence,Negative,Intermediate
1254,See below: The hikers packed extra water before reaching the [MASK].,Masked Language Modeling,Masked Sentence,summit,Intermediate
1255,"As an example, The tourists took photos of the historic [MASK].",Masked Language Modeling,Masked Sentence,landmark,Advanced
1256,"As an example, Overall, the customer service team was reliable based on my recent experience.",Sentiment Analysis,Single Sentence,Positive,Intermediate
1257,Input sample: Harborview College announced a new office opening in Mumbai.,Named Entity Recognition,Single Sentence,"ORG: Harborview College, GPE: Mumbai",Intermediate
1258,"Review this input: Overall, the fitness tracker was outstanding based on my recent experience.",Sentiment Analysis,Single Sentence,Positive,Intermediate
1259,Reference text: Redstone Consulting announced a new office opening in Copenhagen.,Named Entity Recognition,Single Sentence,"ORG: Redstone Consulting, GPE: Copenhagen",Intermediate
1260,See below: The gardener watered the plants every [MASK] morning.,Masked Language Modeling,Masked Sentence,single,Intermediate
1261,"Take the following text: The observatory captured unprecedented images of a distant nebula after upgrading its imaging equipment, giving astronomers new insight into star formation.",Text Summarization,Paragraph,Observatory captures new images of nebula after equipment upgrade.,Beginner
1262,"For instance, The company reduced its carbon emissions by thirty percent last year.|By how much did the company reduce its carbon emissions?",Question Answering,Context + Question,thirty percent,Intermediate
1263,Case in point: Chen Dubois joined Evergreen Energy Co. in Vancouver last year.,Named Entity Recognition,Single Sentence,"PERSON: Chen Dubois, ORG: Evergreen Energy Co., GPE: Vancouver",Beginner
1264,Case in point: The orchestra rehearsed for weeks before the [MASK].,Masked Language Modeling,Masked Sentence,concert,Intermediate
1265,Reference text: The company launched a new [MASK] to attract younger customers.,Masked Language Modeling,Masked Sentence,campaign,Advanced
1266,"As an example, Write an opening sentence for a cooking blog post about seasonal produce.",Text Generation,Prompt,"Nothing captures the flavor of the season quite like fresh, locally grown produce.",Intermediate
1267,Write an opening sentence for a cooking blog post about seasonal produce.,Text Generation,Prompt,"Nothing captures the flavor of the season quite like fresh, locally grown produce.",Intermediate
1268,Reference text: Generate a short caption for a photo of a bustling night market.,Text Generation,Prompt,"Lights, aromas, and laughter fill the air at the city's favorite night market.",Beginner
1269,Input sample: Researchers published findings on the link between sleep and memory.,Text Classification,Single Sentence,Health,Beginner
1270,"Note the following: Overall, the fitness tracker was reliable based on my recent experience.",Sentiment Analysis,Single Sentence,Positive,Intermediate
1271,"As an example, The city council held a lengthy meeting to discuss the proposed transit expansion, hearing feedback from dozens of residents before ultimately postponing the vote until next month.",Text Summarization,Paragraph,City council postpones vote on transit expansion after resident feedback.,Intermediate
1272,Please review: Brightline Technologies announced a new office opening in Wellington.,Named Entity Recognition,Single Sentence,"ORG: Brightline Technologies, GPE: Wellington",Intermediate
1273,"Reference text: Overall, the printer was unreliable based on my recent experience.",Sentiment Analysis,Single Sentence,Negative,Intermediate
1274,Reference text: The hikers reached the summit just before sunset.|The group of hikers made it to the top right before sunset.,Text Similarity,Sentence Pair,High similarity (paraphrase),Beginner
1275,Please review: Write a short introduction for a blog post about sustainable travel.,Text Generation,Prompt,Sustainable travel focuses on exploring the world while minimizing environmental impact.,Advanced
1276,Please review: Write a tagline for a new fitness app.,Text Generation,Prompt,"Track your progress, build your habits, and reach your goals every day.",Intermediate
1277,Consider the following: Engineers unveiled a chip that doubles processing speed.,Text Classification,Single Sentence,Technology,Beginner
1278,Reference text: Chloe Wilson joined Coastal Insurance Co. in Kuala Lumpur last year.,Named Entity Recognition,Single Sentence,"PERSON: Chloe Wilson, ORG: Coastal Insurance Co., GPE: Kuala Lumpur",Intermediate
1279,See below: The tourists took photos of the historic [MASK].,Masked Language Modeling,Masked Sentence,landmark,Advanced
1280,Input sample: Draft a short thank-you message for event volunteers.,Text Generation,Prompt,Thank you to every volunteer who made this year's event possible.,Advanced
1281,"Task input: Overall, the printer was disappointing based on my recent experience.",Sentiment Analysis,Single Sentence,Negative,Advanced
1282,Take the following text: The pilot announced a delay because of the [MASK].,Masked Language Modeling,Masked Sentence,weather,Intermediate
1283,"Please review: The startup's latest app allows users to track their carbon footprint by analyzing daily habits such as transportation, diet, and energy use, offering personalized suggestions for reducing emissions.",Text Summarization,Paragraph,New app helps users track and reduce their carbon footprint.,Beginner
1284,Example: Write a short pitch for a language-learning app.,Text Generation,Prompt,Learn a new language in minutes a day with lessons built around real conversations.,Beginner
1285,Please review: The marathon route passes through five historic neighborhoods.|How many historic neighborhoods does the marathon route pass through?,Question Answering,Context + Question,five,Beginner
1286,Note the following: The orchestra rehearsed for weeks before the [MASK].,Masked Language Modeling,Masked Sentence,concert,Intermediate
1287,Note the following: The startup raised a new round of funding.|The startup's funding round was widely reported as unsuccessful.,Text Similarity,Sentence Pair,Low similarity (contradiction),Advanced
1288,Skyline Real Estate announced a new office opening in Manila.,Named Entity Recognition,Single Sentence,"ORG: Skyline Real Estate, GPE: Manila",Intermediate
1289,See below: The recipe requires two cups of flour and a teaspoon of salt.|How much flour does the recipe require?,Question Answering,Context + Question,two cups,Advanced
1290,"As an example, Silverline Motors announced a new office opening in Wellington.",Named Entity Recognition,Single Sentence,"ORG: Silverline Motors, GPE: Wellington",Intermediate
1291,Sample input: Write an opening line for a memoir about growing up near the coast.,Text Generation,Prompt,"The ocean was the first sound I remember, and it never really left me.",Beginner
1292,"For instance, Mount Everest is the tallest mountain above sea level on Earth.|What is the tallest mountain above sea level?",Question Answering,Context + Question,Mount Everest,Beginner
1293,"For instance, Continue the story: The archivist found a letter that had never been opened...",Text Generation,Prompt,...its wax seal was still intact after more than a century.,Intermediate
1294,"As an example, The volunteers cleaned up litter along the riverbank.|Litter along the riverbank was cleared by volunteers.",Text Similarity,Sentence Pair,High similarity (paraphrase),Intermediate
1295,Reference text: Researchers published findings on the link between sleep and memory.,Text Classification,Single Sentence,Health,Advanced
1296,Sample input: The students submitted their assignments before the [MASK].,Masked Language Modeling,Masked Sentence,deadline,Beginner
1297,Take the following text: Amara Ivanov joined Silverline Motors in Seoul last year.,Named Entity Recognition,Single Sentence,"PERSON: Amara Ivanov, ORG: Silverline Motors, GPE: Seoul",Intermediate
1298,"Take the following text: Overall, the fitness tracker was standard based on my recent experience.",Sentiment Analysis,Single Sentence,Neutral,Intermediate
1299,"Task input: A regional theater group staged a modern retelling of a classic play, drawing praise for its inventive set design and a diverse young cast.",Text Summarization,Paragraph,Theater group praised for modern retelling of a classic play.,Beginner
1300,"Example: The startup's latest app allows users to track their carbon footprint by analyzing daily habits such as transportation, diet, and energy use, offering personalized suggestions for reducing emissions.",Text Summarization,Paragraph,New app helps users track and reduce their carbon footprint.,Intermediate
1301,"Sample input: The observatory captured unprecedented images of a distant nebula after upgrading its imaging equipment, giving astronomers new insight into star formation.",Text Summarization,Paragraph,Observatory captures new images of nebula after equipment upgrade.,Intermediate
1302,Sample input: Critics praised the director's bold approach to the classic story.,Text Classification,Single Sentence,Entertainment,Beginner
1303,Take the following text: She bought a ticket to catch the early morning [MASK].,Masked Language Modeling,Masked Sentence,train,Beginner
1304,Reference text: Peter Wilson joined Delta Cloud Services in Stockholm last year.,Named Entity Recognition,Single Sentence,"PERSON: Peter Wilson, ORG: Delta Cloud Services, GPE: Stockholm",Beginner
1305,"For instance, The athlete stretched carefully before the [MASK].",Masked Language Modeling,Masked Sentence,race,Beginner
1306,The district approved funding for updated classroom technology.,Text Classification,Single Sentence,Education,Advanced
1307,Example: Ahmed Taylor was appointed as the new director at Redstone Consulting.,Named Entity Recognition,Single Sentence,"PERSON: Ahmed Taylor, ORG: Redstone Consulting",Advanced
1308,"For instance, Overall, the software update was satisfying based on my recent experience.",Sentiment Analysis,Single Sentence,Positive,Beginner
1309,Please review: The chef prepared a delicious meal.|The weather was sunny all week.,Text Similarity,Sentence Pair,Low similarity (unrelated),Beginner
1310,"As an example, The boutique hotel chain expanded into three coastal destinations.",Text Classification,Single Sentence,Travel,Beginner
1311,"As an example, The startup released an app that tracks personal energy usage.",Text Classification,Single Sentence,Technology,Beginner
1312,Example: A critical vulnerability was patched in the latest software update.,Text Classification,Single Sentence,Technology,Advanced
1313,Example: Quantum Innovations announced a new office opening in Berlin.,Named Entity Recognition,Single Sentence,"ORG: Quantum Innovations, GPE: Berlin",Intermediate
1314,Take the following text: The school introduced a new coding elective for ninth graders.,Text Classification,Single Sentence,Education,Advanced
1315,Here is a case to review: The marathon route passes through five historic neighborhoods.|How many historic neighborhoods does the marathon route pass through?,Question Answering,Context + Question,five,Beginner
1316,"As an example, The recipe requires two cups of flour and a teaspoon of salt.|How much flour does the recipe require?",Question Answering,Context + Question,two cups,Beginner
1317,"Example: A regional theater group staged a modern retelling of a classic play, drawing praise for its inventive set design and a diverse young cast.",Text Summarization,Paragraph,Theater group praised for modern retelling of a classic play.,Beginner
1318,Task input: The clinic expanded telehealth services for rural communities.,Text Classification,Single Sentence,Health,Intermediate
1319,Example: Chloe Novak joined Crescent Media Group in Stockholm last year.,Named Entity Recognition,Single Sentence,"PERSON: Chloe Novak, ORG: Crescent Media Group, GPE: Stockholm",Intermediate
1320,Here is a case to review: The library was renovated using funds from a private donor.|How was the library's renovation funded?,Question Answering,Context + Question,funds from a private donor,Beginner
1321,"As an example, Victor Walker joined NextGen Software Labs in Wellington last year.",Named Entity Recognition,Single Sentence,"PERSON: Victor Walker, ORG: NextGen Software Labs, GPE: Wellington",Beginner
1322,Please review: The tech firm rolled out a privacy update giving users more control over how their data is shared with third-party advertisers.,Text Summarization,Paragraph,Tech firm gives users more control over data sharing with new update.,Advanced
1323,"For instance, The soccer team won the championship after a dramatic final.|The soccer team lost the championship in a disappointing final.",Text Similarity,Sentence Pair,Low similarity (contradiction),Intermediate
1324,Consider the following: The startup's app is available in over forty countries.|In how many countries is the startup's app available?,Question Answering,Context + Question,over forty,Intermediate
1325,Review this input: George Silva joined Ironwood Steel Works in Lisbon last year.,Named Entity Recognition,Single Sentence,"PERSON: George Silva, ORG: Ironwood Steel Works, GPE: Lisbon",Intermediate
1326,Example: The ancient ruins were discovered by a team of archaeologists in 1974.|Who discovered the ancient ruins?,Question Answering,Context + Question,a team of archaeologists,Intermediate
1327,Example: Golden Gate Retailers announced a new office opening in Manila.,Named Entity Recognition,Single Sentence,"ORG: Golden Gate Retailers, GPE: Manila",Advanced
1328,Task input: The city approved funding for a new park.|Funding for a new park was approved by the city.,Text Similarity,Sentence Pair,High similarity (paraphrase),Intermediate
1329,Task input: The recipe requires two cups of flour and a teaspoon of salt.|How much flour does the recipe require?,Question Answering,Context + Question,two cups,Intermediate
1330,"As an example, The students submitted their assignments before the [MASK].",Masked Language Modeling,Masked Sentence,deadline,Intermediate
1331,Example: The home team secured a narrow victory in the final minutes.,Text Classification,Single Sentence,Sports,Beginner
1332,Reference text: The observatory captured detailed images of a distant galaxy.,Text Classification,Single Sentence,Science,Beginner
1333,Task input: The observatory captured detailed images of a distant galaxy.,Text Classification,Single Sentence,Science,Intermediate
1334,Task input: Continue the story: The old lighthouse had been abandoned for decades until...,Text Generation,Prompt,...a young sailor discovered a hidden journal inside its rusted walls.,Intermediate
1335,Here is a case to review: The professor's research focuses on renewable energy storage.|What does the professor's research focus on?,Question Answering,Context + Question,renewable energy storage,Beginner
1336,"Here is a case to review: Overall, the online course was frustrating based on my recent experience.",Sentiment Analysis,Single Sentence,Negative,Advanced
1337,"For instance, Researchers discovered a new species in the rainforest.|A new species was discovered in the rainforest by researchers.",Text Similarity,Sentence Pair,High similarity (paraphrase),Beginner
1338,"As an example, Overall, the restaurant was efficient based on my recent experience.",Sentiment Analysis,Single Sentence,Positive,Intermediate
1339,Please review: Mount Everest is the tallest mountain above sea level on Earth.|What is the tallest mountain above sea level?,Question Answering,Context + Question,Mount Everest,Intermediate
1340,"As an example, Overall, the printer was poor based on my recent experience.",Sentiment Analysis,Single Sentence,Negative,Beginner
1341,Review this input: The recipe requires two cups of flour and a teaspoon of salt.|How much flour does the recipe require?,Question Answering,Context + Question,two cups,Intermediate
1342,Task input: Generate a short caption for a photo of a mountain sunrise.,Text Generation,Prompt,Golden light spills over the peaks as another day begins in the highlands.,Beginner
1343,Example: The library was renovated using funds from a private donor.|How was the library's renovation funded?,Question Answering,Context + Question,funds from a private donor,Advanced
1344,"Case in point: A regional theater group staged a modern retelling of a classic play, drawing praise for its inventive set design and a diverse young cast.",Text Summarization,Paragraph,Theater group praised for modern retelling of a classic play.,Intermediate
1345,Input sample: The photographer waited for the perfect [MASK] to take the shot.,Masked Language Modeling,Masked Sentence,light,Beginner
1346,Input sample: Write an opening line for a travel guide about a mountain village.,Text Generation,Prompt,"Tucked between two peaks, this quiet mountain village feels frozen in time.",Beginner
1347,Here is a case to review: The bike-sharing program was launched to ease congestion.|The novelist postponed her sequel's release indefinitely.,Text Similarity,Sentence Pair,Low similarity (unrelated),Beginner
1348,"For instance, Overall, the software update was disappointing based on my recent experience.",Sentiment Analysis,Single Sentence,Negative,Advanced
1349,"Task input: The university announced a new scholarship program aimed at supporting first-generation college students, covering tuition, housing, and textbook costs for qualifying applicants.",Text Summarization,Paragraph,University launches scholarship for first-generation students.,Beginner
1350,Please review: The train journey between the two cities takes about four hours.|How long does the train journey take?,Question Answering,Context + Question,about four hours,Intermediate
1351,"Reference text: Overall, the online course was excellent based on my recent experience.",Sentiment Analysis,Single Sentence,Positive,Intermediate
1352,Please review: The novelist released her long-awaited sequel.|The bakery introduced gluten-free pastries.,Text Similarity,Sentence Pair,Low similarity (unrelated),Intermediate
1353,"As an example, Overall, the customer support agent was reliable based on my recent experience.",Sentiment Analysis,Single Sentence,Positive,Beginner
1354,"As an example, Donors contributed generously to the hospital's expansion.|The hospital's expansion was funded by generous donors.",Text Similarity,Sentence Pair,High similarity (paraphrase),Intermediate
1355,Take the following text: Draft a short thank-you message for event volunteers.,Text Generation,Prompt,Thank you to every volunteer who made this year's event possible.,Beginner
1356,Review this input: The soccer team won the championship after a dramatic final.|The soccer team lost the championship in a disappointing final.,Text Similarity,Sentence Pair,Low similarity (contradiction),Beginner
1357,Please review: The orchestra performed a tribute to the late composer.|A tribute to the late composer was performed by the orchestra.,Text Similarity,Sentence Pair,High similarity (paraphrase),Advanced
1358,"For instance, The startup secured additional funding to scale its operations abroad.",Text Classification,Single Sentence,Business,Beginner
1359,Case in point: The bridge took nearly six years to construct.|How long did the bridge take to construct?,Question Answering,Context + Question,nearly six years,Beginner
1360,Case in point: Draft a short announcement about a community cleanup event.,Text Generation,Prompt,Join your neighbors this Saturday for a community cleanup event at the riverside park.,Advanced
1361,"For instance, The vaccination campaign reached thousands of families this month.",Text Classification,Single Sentence,Health,Intermediate
1362,Note the following: The mechanic inspected the car's [MASK] before the road trip.,Masked Language Modeling,Masked Sentence,engine,Intermediate
1363,Example: The marathon route passed through the old town center.,Text Classification,Single Sentence,Sports,Advanced
1364,Here is a case to review: The chef prepared a delicious meal.|The weather was sunny all week.,Text Similarity,Sentence Pair,Low similarity (unrelated),Beginner
1365,Task input: The home team secured a narrow victory in the final minutes.,Text Classification,Single Sentence,Sports,Intermediate
1366,Take the following text: Coaches emphasized endurance training ahead of the tournament.,Text Classification,Single Sentence,Sports,Beginner
1367,Note the following: The tourism board launched a campaign promoting off-season visits.,Text Classification,Single Sentence,Travel,Intermediate
1368,Researchers discovered a new species in the rainforest.|A new species was discovered in the rainforest by researchers.,Text Similarity,Sentence Pair,High similarity (paraphrase),Beginner
1369,Reference text: Researchers published new findings about deep-sea ecosystems.,Text Classification,Single Sentence,Science,Advanced
1370,Example: Skyline Real Estate announced a new office opening in Vancouver.,Named Entity Recognition,Single Sentence,"ORG: Skyline Real Estate, GPE: Vancouver",Advanced
1371,Input sample: Ibrahim Kim joined Blue Horizon Airlines in Marrakesh last year.,Named Entity Recognition,Single Sentence,"PERSON: Ibrahim Kim, ORG: Blue Horizon Airlines, GPE: Marrakesh",Beginner
1372,"As an example, Generate a short caption for a photo of a bustling night market.",Text Generation,Prompt,"Lights, aromas, and laughter fill the air at the city's favorite night market.",Intermediate
1373,"As an example, Write a tagline for a new fitness app.",Text Generation,Prompt,"Track your progress, build your habits, and reach your goals every day.",Beginner
1374,"Reference text: Overall, the software update was unreliable based on my recent experience.",Sentiment Analysis,Single Sentence,Negative,Advanced
1375,Case in point: Tom Green was appointed as the new director at Meridian Financial Group.,Named Entity Recognition,Single Sentence,"PERSON: Tom Green, ORG: Meridian Financial Group",Advanced
1376,Photosynthesis allows plants to convert sunlight into energy.|What does photosynthesis allow plants to do?,Question Answering,Context + Question,convert sunlight into energy,Intermediate
1377,Take the following text: The hikers reached the summit just before sunset.|The group of hikers made it to the top right before sunset.,Text Similarity,Sentence Pair,High similarity (paraphrase),Advanced
1378,"Reference text: The university announced a new scholarship program aimed at supporting first-generation college students, covering tuition, housing, and textbook costs for qualifying applicants.",Text Summarization,Paragraph,University launches scholarship for first-generation students.,Advanced
1379,Sample input: The orchestra performed a piece composed specifically for the occasion.|What kind of piece did the orchestra perform?,Question Answering,Context + Question,a piece composed specifically for the occasion,Intermediate
1380,"Input sample: Overall, the software update was ordinary based on my recent experience.",Sentiment Analysis,Single Sentence,Neutral,Advanced
1381,"For instance, The hospital expanded its emergency department.|Doctors recommended more sleep for better memory.",Text Similarity,Sentence Pair,Low similarity (unrelated),Beginner
1382,Take the following text: The train journey between the two cities takes about four hours.|How long does the train journey take?,Question Answering,Context + Question,about four hours,Advanced
1383,Input sample: Write a short introduction for a blog post about sustainable travel.,Text Generation,Prompt,Sustainable travel focuses on exploring the world while minimizing environmental impact.,Advanced
1384,Task input: The library was renovated using funds from a private donor.|How was the library's renovation funded?,Question Answering,Context + Question,funds from a private donor,Beginner
1385,Take the following text: The mechanic inspected the car's [MASK] before the road trip.,Masked Language Modeling,Masked Sentence,engine,Intermediate
1386,Input sample: Chen Nguyen joined Delta Cloud Services in Jakarta last year.,Named Entity Recognition,Single Sentence,"PERSON: Chen Nguyen, ORG: Delta Cloud Services, GPE: Jakarta",Intermediate
1387,Review this input: Olivia Green was appointed as the new director at Falcon Logistics.,Named Entity Recognition,Single Sentence,"PERSON: Olivia Green, ORG: Falcon Logistics",Intermediate
1388,See below: Write a short introduction for a blog post about sustainable travel.,Text Generation,Prompt,Sustainable travel focuses on exploring the world while minimizing environmental impact.,Beginner
1389,Consider the following: The Eiffel Tower was completed in 1889 and stands in Paris.|What year was the Eiffel Tower completed?,Question Answering,Context + Question,1889,Intermediate
1390,See below: The striker scored twice in the second half of the match.,Text Classification,Single Sentence,Sports,Beginner
1391,Reference text: Write a tagline for a new fitness app.,Text Generation,Prompt,"Track your progress, build your habits, and reach your goals every day.",Intermediate
1392,Consider the following: The hikers reached the summit just before sunset.|The group of hikers made it to the top right before sunset.,Text Similarity,Sentence Pair,High similarity (paraphrase),Intermediate
1393,"For instance, The company reported strong quarterly earnings.|Quarterly earnings for the company were strong.",Text Similarity,Sentence Pair,High similarity (paraphrase),Intermediate
1394,"See below: Overall, the delivery was disappointing based on my recent experience.",Sentiment Analysis,Single Sentence,Negative,Beginner
1395,"Sample input: Overall, the fitness tracker was slow based on my recent experience.",Sentiment Analysis,Single Sentence,Negative,Intermediate
1396,"See below: Overall, the fitness tracker was reliable based on my recent experience.",Sentiment Analysis,Single Sentence,Positive,Intermediate
1397,"Sample input: Following months of negotiation, the two companies finalized a merger that industry analysts believe will reshape the competitive landscape of the logistics sector.",Text Summarization,Paragraph,Two companies finalize merger reshaping the logistics industry.,Intermediate
1398,Task input: The ancient ruins were discovered by a team of archaeologists in 1974.|Who discovered the ancient ruins?,Question Answering,Context + Question,a team of archaeologists,Beginner
1399,"Reference text: The city's water utility completed a multi-year project to replace aging pipes, reducing leaks and improving water quality for thousands of households.",Text Summarization,Paragraph,"City completes pipe replacement project, improving water quality.",Intermediate
1400,Review this input: The ancient ruins were discovered by a team of archaeologists in 1974.|Who discovered the ancient ruins?,Question Answering,Context + Question,a team of archaeologists,Intermediate
1401,Input sample: Generate a short caption for a photo of a mountain sunrise.,Text Generation,Prompt,Golden light spills over the peaks as another day begins in the highlands.,Intermediate
1402,Reference text: Write an opening line for a mystery novel set in a small coastal town.,Text Generation,Prompt,No one in the small coastal town expected the tide to bring back more than driftwood.,Beginner
1403,"Take the following text: The film studio confirmed that production on the long-awaited sequel will begin next spring, with much of the original cast expected to return for the project.",Text Summarization,Paragraph,Studio confirms sequel production will begin next spring.,Intermediate
1404,Consider the following: The scientist conducted an experiment in the [MASK].,Masked Language Modeling,Masked Sentence,laboratory,Beginner
1405,Review this input: Continue the story: The old bookstore had one rule that no customer ever questioned...,Text Generation,Prompt,...every book had to be returned to the exact shelf it came from.,Beginner
1406,Example: The doctor recommended more rest and a balanced [MASK].,Masked Language Modeling,Masked Sentence,diet,Beginner
1407,Case in point: The novelist released her long-awaited sequel.|The bakery introduced gluten-free pastries.,Text Similarity,Sentence Pair,Low similarity (unrelated),Advanced
1408,Here is a case to review: The orchestra performed a piece composed specifically for the occasion.|What kind of piece did the orchestra perform?,Question Answering,Context + Question,a piece composed specifically for the occasion,Beginner
1409,"Sample input: The city council held a lengthy meeting to discuss the proposed transit expansion, hearing feedback from dozens of residents before ultimately postponing the vote until next month.",Text Summarization,Paragraph,City council postpones vote on transit expansion after resident feedback.,Intermediate
1410,Note the following: The library was renovated using funds from a private donor.|How was the library's renovation funded?,Question Answering,Context + Question,funds from a private donor,Intermediate
1411,Task input: The Eiffel Tower was completed in 1889 and stands in Paris.|What year was the Eiffel Tower completed?,Question Answering,Context + Question,1889,Beginner
1412,Input sample: Write a short pitch for a new budgeting app.,Text Generation,Prompt,Take control of your spending with an app that makes budgeting simple and stress-free.,Advanced
1413,"For instance, The chef prepared a delicious meal.|The weather was sunny all week.",Text Similarity,Sentence Pair,Low similarity (unrelated),Advanced
1414,"Consider the following: Overall, the customer support agent was efficient based on my recent experience.",Sentiment Analysis,Single Sentence,Positive,Beginner
1415,Case in point: Carlos Suzuki was appointed as the new director at Cedar Grove Hospital.,Named Entity Recognition,Single Sentence,"PERSON: Carlos Suzuki, ORG: Cedar Grove Hospital",Beginner
1416,"For instance, The city's water utility completed a multi-year project to replace aging pipes, reducing leaks and improving water quality for thousands of households.",Text Summarization,Paragraph,"City completes pipe replacement project, improving water quality.",Advanced
1417,"Consider the following: The city's water utility completed a multi-year project to replace aging pipes, reducing leaks and improving water quality for thousands of households.",Text Summarization,Paragraph,"City completes pipe replacement project, improving water quality.",Advanced
1418,"Task input: A local nonprofit distributed thousands of winter coats to families in need, relying entirely on community donations and volunteer coordination.",Text Summarization,Paragraph,Nonprofit distributes winter coats to families through community donations.,Intermediate
1419,"Take the following text: Overall, the fitness tracker was unreliable based on my recent experience.",Sentiment Analysis,Single Sentence,Negative,Intermediate
1420,"For instance, Overall, the customer support agent was poor based on my recent experience.",Sentiment Analysis,Single Sentence,Negative,Advanced
1421,Review this input: Travelers shared tips for finding affordable flights this year.,Text Classification,Single Sentence,Travel,Intermediate
1422,Reference text: The bike-sharing program was launched to ease congestion.|The novelist postponed her sequel's release indefinitely.,Text Similarity,Sentence Pair,Low similarity (unrelated),Intermediate
1423,Note the following: Generate a product description for a reusable water bottle.,Text Generation,Prompt,"This durable, eco-friendly water bottle keeps drinks cold for hours at a time.",Advanced
1424,Review this input: The committee reviewed each [MASK] before making a decision.,Masked Language Modeling,Masked Sentence,proposal,Beginner
1425,Reference text: Continue the story: The old bookstore had one rule that no customer ever questioned...,Text Generation,Prompt,...every book had to be returned to the exact shelf it came from.,Intermediate
1426,"Consider the following: After years of research, scientists announced a new method for recycling plastic that uses significantly less energy than traditional processes, potentially transforming the recycling industry.",Text Summarization,Paragraph,Scientists develop energy-efficient plastic recycling method.,Intermediate
1427,Review this input: The comet will not be visible again for another seventy years.|When will the comet be visible again?,Question Answering,Context + Question,in another seventy years,Beginner
1428,Task input: Write an opening line for a mystery novel set in a small coastal town.,Text Generation,Prompt,No one in the small coastal town expected the tide to bring back more than driftwood.,Intermediate
1429,Note the following: Travelers shared tips for finding affordable flights this year.,Text Classification,Single Sentence,Travel,Beginner
1430,"Review this input: Overall, the hotel stay was efficient based on my recent experience.",Sentiment Analysis,Single Sentence,Positive,Beginner
1431,"Consider the following: Overall, the online course was average based on my recent experience.",Sentiment Analysis,Single Sentence,Neutral,Beginner
1432,Sample input: Omar Rossi joined Summit Robotics Inc. in Santiago last year.,Named Entity Recognition,Single Sentence,"PERSON: Omar Rossi, ORG: Summit Robotics Inc., GPE: Santiago",Advanced
1433,Example: The festival attracts more than fifty thousand visitors each year.|How many visitors does the festival attract each year?,Question Answering,Context + Question,more than fifty thousand,Beginner
1434,Consider the following: Physicists confirmed a new particle interaction in the experiment.,Text Classification,Single Sentence,Science,Advanced
1435,Please review: Zenith Pharmaceuticals announced a new office opening in Manila.,Named Entity Recognition,Single Sentence,"ORG: Zenith Pharmaceuticals, GPE: Manila",Beginner
1436,Note the following: Scientists discovered a new species in the rainforest canopy.,Text Classification,Single Sentence,Science,Intermediate
1437,Take the following text: Donors contributed generously to the hospital's expansion.|The hospital's expansion was funded by generous donors.,Text Similarity,Sentence Pair,High similarity (paraphrase),Intermediate
1438,"As an example, Overall, the fitness tracker was ordinary based on my recent experience.",Sentiment Analysis,Single Sentence,Neutral,Intermediate
1439,Example: The company reported strong quarterly earnings.|Quarterly earnings for the company were strong.,Text Similarity,Sentence Pair,High similarity (paraphrase),Beginner
1440,"Review this input: The airline unveiled a redesigned cabin layout intended to improve passenger comfort on long-haul flights, including wider seats and more legroom.",Text Summarization,Paragraph,Airline redesigns cabin layout to improve long-haul passenger comfort.,Beginner
1441,Sample input: The company reduced its carbon emissions by thirty percent last year.|By how much did the company reduce its carbon emissions?,Question Answering,Context + Question,thirty percent,Intermediate
1442,"As an example, Following months of negotiation, the two companies finalized a merger that industry analysts believe will reshape the competitive landscape of the logistics sector.",Text Summarization,Paragraph,Two companies finalize merger reshaping the logistics industry.,Advanced
1443,Reference text: The Eiffel Tower was completed in 1889 and stands in Paris.|What year was the Eiffel Tower completed?,Question Answering,Context + Question,1889,Beginner
1444,"Note the following: The startup's latest app allows users to track their carbon footprint by analyzing daily habits such as transportation, diet, and energy use, offering personalized suggestions for reducing emissions.",Text Summarization,Paragraph,New app helps users track and reduce their carbon footprint.,Beginner
1445,Input sample: The novel was translated into twelve languages after its release.|Into how many languages was the novel translated?,Question Answering,Context + Question,twelve,Advanced
1446,Take the following text: The teacher handed out the [MASK] at the start of class.,Masked Language Modeling,Masked Sentence,worksheet,Intermediate
1447,"Review this input: Overall, the restaurant was typical based on my recent experience.",Sentiment Analysis,Single Sentence,Neutral,Intermediate
1448,Please review: Chemists developed a more efficient method for producing clean fuel.,Text Classification,Single Sentence,Science,Intermediate
1449,"See below: The university announced a new scholarship program aimed at supporting first-generation college students, covering tuition, housing, and textbook costs for qualifying applicants.",Text Summarization,Paragraph,University launches scholarship for first-generation students.,Intermediate
1450,"Note the following: Overall, the customer support agent was ordinary based on my recent experience.",Sentiment Analysis,Single Sentence,Neutral,Intermediate
1451,"Input sample: The city council held a lengthy meeting to discuss the proposed transit expansion, hearing feedback from dozens of residents before ultimately postponing the vote until next month.",Text Summarization,Paragraph,City council postpones vote on transit expansion after resident feedback.,Advanced
1452,"Input sample: The hospital opened a new pediatric wing this week, funded largely through community donations, aiming to reduce wait times and improve care for young patients across the region.",Text Summarization,Paragraph,Hospital opens community-funded pediatric wing to improve care.,Intermediate
1453,Note the following: The hospital expanded its emergency department.|Doctors recommended more sleep for better memory.,Text Similarity,Sentence Pair,Low similarity (unrelated),Beginner
1454,"Case in point: Overall, the online course was typical based on my recent experience.",Sentiment Analysis,Single Sentence,Neutral,Beginner
1455,Here is a case to review: The recipe requires two cups of flour and a teaspoon of salt.|How much flour does the recipe require?,Question Answering,Context + Question,two cups,Beginner
1456,Please review: The airline introduced a new nonstop route between major cities.,Text Classification,Single Sentence,Travel,Beginner
1457,"The city's water utility completed a multi-year project to replace aging pipes, reducing leaks and improving water quality for thousands of households.",Text Summarization,Paragraph,"City completes pipe replacement project, improving water quality.",Beginner
1458,Example: Continue the story: The scientist stared at the readings in disbelief because...,Text Generation,Prompt,...the numbers suggested something no experiment had ever recorded before.,Intermediate
1459,"Consider the following: Researchers at the university tracked bird migration patterns for over a decade, finding that changing climate conditions have shifted the timing of seasonal movement significantly.",Text Summarization,Paragraph,Decade-long study finds climate change shifting bird migration timing.,Intermediate
1460,Consider the following: Generate a short caption for a photo of an autumn forest trail.,Text Generation,Prompt,Crisp air and golden leaves make this trail impossible to resist in autumn.,Beginner
1461,"Case in point: The startup's latest app allows users to track their carbon footprint by analyzing daily habits such as transportation, diet, and energy use, offering personalized suggestions for reducing emissions.",Text Summarization,Paragraph,New app helps users track and reduce their carbon footprint.,Intermediate
1462,Task input: The museum closed its ancient exhibit permanently.|The startup's app is available in over forty countries.,Text Similarity,Sentence Pair,Low similarity (unrelated),Beginner
1463,"For instance, Write an opening sentence for a cooking blog post about seasonal produce.",Text Generation,Prompt,"Nothing captures the flavor of the season quite like fresh, locally grown produce.",Advanced
1464,Reference text: The marathon route passes through five historic neighborhoods.|How many historic neighborhoods does the marathon route pass through?,Question Answering,Context + Question,five,Intermediate
1465,Take the following text: Draft a short announcement about a community cleanup event.,Text Generation,Prompt,Join your neighbors this Saturday for a community cleanup event at the riverside park.,Beginner
1466,Example: The satellite was launched into orbit in early 2021.|When was the satellite launched into orbit?,Question Answering,Context + Question,early 2021,Intermediate
1467,Case in point: The hospital expanded its emergency department.|Doctors recommended more sleep for better memory.,Text Similarity,Sentence Pair,Low similarity (unrelated),Beginner
1468,"Reference text: A local nonprofit distributed thousands of winter coats to families in need, relying entirely on community donations and volunteer coordination.",Text Summarization,Paragraph,Nonprofit distributes winter coats to families through community donations.,Beginner
1469,Case in point: Zainab Moore joined Silverline Motors in Mumbai last year.,Named Entity Recognition,Single Sentence,"PERSON: Zainab Moore, ORG: Silverline Motors, GPE: Mumbai",Beginner
1470,Input sample: The museum's newest exhibit focuses on ancient trade routes.|What does the museum's newest exhibit focus on?,Question Answering,Context + Question,ancient trade routes,Beginner
1471,Example: Write a short pitch for a new budgeting app.,Text Generation,Prompt,Take control of your spending with an app that makes budgeting simple and stress-free.,Advanced
1472,Task input: Generate a product description for a reusable water bottle.,Text Generation,Prompt,"This durable, eco-friendly water bottle keeps drinks cold for hours at a time.",Advanced
1473,Take the following text: Physicists confirmed a new particle interaction in the experiment.,Text Classification,Single Sentence,Science,Advanced
1474,"As an example, The museum closed its ancient exhibit permanently.|The startup's app is available in over forty countries.",Text Similarity,Sentence Pair,Low similarity (unrelated),Intermediate
1475,"Consider the following: Overall, the hotel stay was satisfying based on my recent experience.",Sentiment Analysis,Single Sentence,Positive,Advanced
1476,Review this input: Global Trade Partners announced a new office opening in Manila.,Named Entity Recognition,Single Sentence,"ORG: Global Trade Partners, GPE: Manila",Beginner
1477,Riverside Bank announced a new office opening in Copenhagen.,Named Entity Recognition,Single Sentence,"ORG: Riverside Bank, GPE: Copenhagen",Advanced
1478,Sample input: George Hall was appointed as the new director at Brightline Technologies.,Named Entity Recognition,Single Sentence,"PERSON: George Hall, ORG: Brightline Technologies",Advanced
1479,"As an example, The tech firm rolled out a privacy update giving users more control over how their data is shared with third-party advertisers.",Text Summarization,Paragraph,Tech firm gives users more control over data sharing with new update.,Beginner
1480,Case in point: The museum closed its ancient exhibit permanently.|The startup's app is available in over forty countries.,Text Similarity,Sentence Pair,Low similarity (unrelated),Beginner
1481,Please review: The home team secured a narrow victory in the final minutes.,Text Classification,Single Sentence,Sports,Advanced
1482,Consider the following: The librarian organized the books by [MASK].,Masked Language Modeling,Masked Sentence,genre,Advanced
1483,Input sample: The startup released an app that tracks personal energy usage.,Text Classification,Single Sentence,Technology,Beginner
1484,Reference text: Physicists confirmed a new particle interaction in the experiment.,Text Classification,Single Sentence,Science,Beginner
1485,Note the following: Write a tagline for a new fitness app.,Text Generation,Prompt,"Track your progress, build your habits, and reach your goals every day.",Advanced
1486,Review this input: Write an opening line for a travel guide about a mountain village.,Text Generation,Prompt,"Tucked between two peaks, this quiet mountain village feels frozen in time.",Intermediate
1487,Take the following text: The city approved funding for a new park.|Funding for a new park was approved by the city.,Text Similarity,Sentence Pair,High similarity (paraphrase),Beginner
1488,"The observatory captured unprecedented images of a distant nebula after upgrading its imaging equipment, giving astronomers new insight into star formation.",Text Summarization,Paragraph,Observatory captures new images of nebula after equipment upgrade.,Beginner
1489,Here is a case to review: Donors contributed generously to the hospital's expansion.|The hospital's expansion was funded by generous donors.,Text Similarity,Sentence Pair,High similarity (paraphrase),Intermediate
1490,Reference text: The teacher handed out the [MASK] at the start of class.,Masked Language Modeling,Masked Sentence,worksheet,Beginner
1491,"Researchers at the university tracked bird migration patterns for over a decade, finding that changing climate conditions have shifted the timing of seasonal movement significantly.",Text Summarization,Paragraph,Decade-long study finds climate change shifting bird migration timing.,Intermediate
1492,"Review this input: Overall, the flight was ordinary based on my recent experience.",Sentiment Analysis,Single Sentence,Neutral,Beginner
1493,"As an example, Continue the story: The old bookstore had one rule that no customer ever questioned...",Text Generation,Prompt,...every book had to be returned to the exact shelf it came from.,Advanced
1494,Reference text: The company reduced its carbon emissions by thirty percent last year.|By how much did the company reduce its carbon emissions?,Question Answering,Context + Question,thirty percent,Beginner
1495,Reference text: The farmer checked the soil before planting the [MASK].,Masked Language Modeling,Masked Sentence,seeds,Intermediate
1496,Reference text: Photosynthesis allows plants to convert sunlight into energy.|What does photosynthesis allow plants to do?,Question Answering,Context + Question,convert sunlight into energy,Advanced
1497,"As an example, Overall, the hotel stay was efficient based on my recent experience.",Sentiment Analysis,Single Sentence,Positive,Intermediate
1498,"Sample input: Overall, the online course was reliable based on my recent experience.",Sentiment Analysis,Single Sentence,Positive,Beginner
1499,Task input: Julia Hall was appointed as the new director at Meridian Financial Group.,Named Entity Recognition,Single Sentence,"PERSON: Julia Hall, ORG: Meridian Financial Group",Intermediate
1500,"Sample input: The city's new bike-sharing program has already logged tens of thousands of rides in its first month, with officials crediting expanded lanes and lower fares for the early success.",Text Summarization,Paragraph,City's new bike-sharing program sees strong early adoption.,Intermediate
1501,Please review: The bridge took nearly six years to construct.|How long did the bridge take to construct?,Question Answering,Context + Question,nearly six years,Advanced
1502,"See below: Overall, the customer service team was poor based on my recent experience.",Sentiment Analysis,Single Sentence,Negative,Intermediate
1503,"Overall, the flight was acceptable based on my recent experience.",Sentiment Analysis,Single Sentence,Neutral,Intermediate
1504,Consider the following: A new study found that students who participated in peer tutoring programs showed measurable improvement in both grades and confidence over a single semester.,Text Summarization,Paragraph,Study links peer tutoring to improved grades and confidence.,Intermediate
1505,Please review: David Petrov joined Falcon Logistics in Lisbon last year.,Named Entity Recognition,Single Sentence,"PERSON: David Petrov, ORG: Falcon Logistics, GPE: Lisbon",Intermediate
1506,Reference text: Write an opening line for a travel guide about a mountain village.,Text Generation,Prompt,"Tucked between two peaks, this quiet mountain village feels frozen in time.",Advanced
1507,Take the following text: The vaccination campaign reached thousands of families this month.,Text Classification,Single Sentence,Health,Intermediate
1508,"Case in point: Overall, the customer support agent was poor based on my recent experience.",Sentiment Analysis,Single Sentence,Negative,Intermediate
1509,Task input: George Patel joined Crescent Media Group in Manila last year.,Named Entity Recognition,Single Sentence,"PERSON: George Patel, ORG: Crescent Media Group, GPE: Manila",Advanced
1510,"Take the following text: Overall, the delivery was slow based on my recent experience.",Sentiment Analysis,Single Sentence,Negative,Advanced
1511,Please review: The startup's app is available in over forty countries.|In how many countries is the startup's app available?,Question Answering,Context + Question,over forty,Intermediate
1512,Review this input: Generate a short caption for a photo of a bustling night market.,Text Generation,Prompt,"Lights, aromas, and laughter fill the air at the city's favorite night market.",Intermediate
1513,"For instance, The doctor recommended more rest and a balanced [MASK].",Masked Language Modeling,Masked Sentence,diet,Beginner
1514,"For instance, The orchestra rehearsed for weeks before the [MASK].",Masked Language Modeling,Masked Sentence,concert,Beginner
1515,Reference text: Investors reacted positively to the firm's expansion into new markets.,Text Classification,Single Sentence,Business,Beginner
1516,Reference text: The scientist conducted an experiment in the [MASK].,Masked Language Modeling,Masked Sentence,laboratory,Intermediate
1517,Consider the following: The airline canceled several flights due to weather.|The library added new titles to its collection.,Text Similarity,Sentence Pair,Low similarity (unrelated),Advanced
1518,"Example: Overall, the new laptop was standard based on my recent experience.",Sentiment Analysis,Single Sentence,Neutral,Beginner
1519,Reference text: The tourism board launched a campaign promoting off-season visits.,Text Classification,Single Sentence,Travel,Beginner
1520,Please review: The soccer team won the championship after a dramatic final.|The soccer team lost the championship in a disappointing final.,Text Similarity,Sentence Pair,Low similarity (contradiction),Intermediate
1521,Write a short pitch for a language-learning app.,Text Generation,Prompt,Learn a new language in minutes a day with lessons built around real conversations.,Intermediate
1522,Reference text: Elena Dubois was appointed as the new director at Lakeside Medical Center.,Named Entity Recognition,Single Sentence,"PERSON: Elena Dubois, ORG: Lakeside Medical Center",Advanced
1523,"As an example, Continue the story: The old lighthouse had been abandoned for decades until...",Text Generation,Prompt,...a young sailor discovered a hidden journal inside its rusted walls.,Advanced
1524,"Consider the following: Overall, the online course was typical based on my recent experience.",Sentiment Analysis,Single Sentence,Neutral,Beginner
1525,"Sample input: Overall, the software update was reliable based on my recent experience.",Sentiment Analysis,Single Sentence,Positive,Beginner
1526,Take the following text: The novelist released her long-awaited sequel.|The bakery introduced gluten-free pastries.,Text Similarity,Sentence Pair,Low similarity (unrelated),Intermediate
1527,"Consider the following: Overall, the flight was reliable based on my recent experience.",Sentiment Analysis,Single Sentence,Positive,Beginner
1528,Input sample: Ironwood Steel Works announced a new office opening in Jakarta.,Named Entity Recognition,Single Sentence,"ORG: Ironwood Steel Works, GPE: Jakarta",Intermediate
1529,Sample input: The film's soundtrack topped the charts within a week of release.,Text Classification,Single Sentence,Entertainment,Beginner
1530,"Take the following text: The airline unveiled a redesigned cabin layout intended to improve passenger comfort on long-haul flights, including wider seats and more legroom.",Text Summarization,Paragraph,Airline redesigns cabin layout to improve long-haul passenger comfort.,Beginner
1531,Here is a case to review: The novelist released her long-awaited sequel.|The bakery introduced gluten-free pastries.,Text Similarity,Sentence Pair,Low similarity (unrelated),Beginner
1532,Input sample: Continue the story: The scientist stared at the readings in disbelief because...,Text Generation,Prompt,...the numbers suggested something no experiment had ever recorded before.,Beginner
1533,"Example: The city's water utility completed a multi-year project to replace aging pipes, reducing leaks and improving water quality for thousands of households.",Text Summarization,Paragraph,"City completes pipe replacement project, improving water quality.",Beginner
1534,Sample input: The chef added a pinch of salt to the [MASK].,Masked Language Modeling,Masked Sentence,soup,Advanced
1535,"See below: Overall, the mobile app was excellent based on my recent experience.",Sentiment Analysis,Single Sentence,Positive,Advanced
1536,Review this input: Physicists confirmed a new particle interaction in the experiment.,Text Classification,Single Sentence,Science,Beginner
1537,Consider the following: The orchestra performed a piece composed specifically for the occasion.|What kind of piece did the orchestra perform?,Question Answering,Context + Question,a piece composed specifically for the occasion,Intermediate
1538,"Sample input: Overall, the mobile app was outstanding based on my recent experience.",Sentiment Analysis,Single Sentence,Positive,Advanced
1539,Sample input: George Garcia joined Redstone Consulting in Manila last year.,Named Entity Recognition,Single Sentence,"PERSON: George Garcia, ORG: Redstone Consulting, GPE: Manila",Intermediate
1540,Consider the following: Generate a short caption for a photo of a mountain sunrise.,Text Generation,Prompt,Golden light spills over the peaks as another day begins in the highlands.,Beginner
1541,See below: Felix Costa joined Oakwood Publishing House in Toronto last year.,Named Entity Recognition,Single Sentence,"PERSON: Felix Costa, ORG: Oakwood Publishing House, GPE: Toronto",Advanced
1542,"Case in point: Volunteers spent the weekend restoring a historic trail damaged by recent storms, clearing debris and repairing several washed-out sections.",Text Summarization,Paragraph,Volunteers restore storm-damaged historic trail over the weekend.,Intermediate
1543,"For instance, The festival attracts more than fifty thousand visitors each year.|How many visitors does the festival attract each year?",Question Answering,Context + Question,more than fifty thousand,Advanced
1544,Note the following: The barista prepared a fresh cup of [MASK] for the customer.,Masked Language Modeling,Masked Sentence,coffee,Intermediate
1545,Review this input: Chemists developed a more efficient method for producing clean fuel.,Text Classification,Single Sentence,Science,Intermediate
1546,Note the following: She bought a ticket to catch the early morning [MASK].,Masked Language Modeling,Masked Sentence,train,Intermediate
1547,"As an example, The startup's app is available in over forty countries.|In how many countries is the startup's app available?",Question Answering,Context + Question,over forty,Beginner
1548,"Review this input: Overall, the flight was standard based on my recent experience.",Sentiment Analysis,Single Sentence,Neutral,Intermediate
1549,Sample input: The library was renovated using funds from a private donor.|How was the library's renovation funded?,Question Answering,Context + Question,funds from a private donor,Beginner
1550,Take the following text: Continue the story: The scientist stared at the readings in disbelief because...,Text Generation,Prompt,...the numbers suggested something no experiment had ever recorded before.,Beginner
1551,Case in point: The ancient ruins were discovered by a team of archaeologists in 1974.|Who discovered the ancient ruins?,Question Answering,Context + Question,a team of archaeologists,Intermediate
1552,"For instance, The museum closed its ancient exhibit permanently.|The startup's app is available in over forty countries.",Text Similarity,Sentence Pair,Low similarity (unrelated),Intermediate
1553,"See below: Overall, the new laptop was efficient based on my recent experience.",Sentiment Analysis,Single Sentence,Positive,Beginner
1554,See below: Amara Rossi was appointed as the new director at Coastal Insurance Co..,Named Entity Recognition,Single Sentence,"PERSON: Amara Rossi, ORG: Coastal Insurance Co.",Beginner
1555,"Example: Overall, the software update was outstanding based on my recent experience.",Sentiment Analysis,Single Sentence,Positive,Intermediate
1556,"As an example, The soccer team won the championship after a dramatic final.|The soccer team lost the championship in a disappointing final.",Text Similarity,Sentence Pair,Low similarity (contradiction),Intermediate
1557,Note the following: The airline introduced a new nonstop route between major cities.,Text Classification,Single Sentence,Travel,Intermediate
1558,Reference text: The doctor recommended more rest and a balanced [MASK].,Masked Language Modeling,Masked Sentence,diet,Beginner
1559,See below: The hospital expanded its emergency department.|Doctors recommended more sleep for better memory.,Text Similarity,Sentence Pair,Low similarity (unrelated),Beginner
1560,Note the following: Donors contributed generously to the hospital's expansion.|The hospital's expansion was funded by generous donors.,Text Similarity,Sentence Pair,High similarity (paraphrase),Beginner
1561,Example: The airline introduced a new nonstop route between major cities.,Text Classification,Single Sentence,Travel,Advanced
1562,The librarian organized the books by [MASK].,Masked Language Modeling,Masked Sentence,genre,Intermediate
1563,Example: Write a tagline for a new fitness app.,Text Generation,Prompt,"Track your progress, build your habits, and reach your goals every day.",Advanced
1564,Note the following: Continue the story: The archivist found a letter that had never been opened...,Text Generation,Prompt,...its wax seal was still intact after more than a century.,Intermediate
1565,"Reference text: Overall, the restaurant was satisfying based on my recent experience.",Sentiment Analysis,Single Sentence,Positive,Intermediate
1566,Take the following text: The college expanded its online course catalog significantly.,Text Classification,Single Sentence,Education,Advanced
1567,Sample input: The tourism board launched a campaign promoting off-season visits.,Text Classification,Single Sentence,Travel,Beginner
1568,"See below: Overall, the mobile app was subpar based on my recent experience.",Sentiment Analysis,Single Sentence,Negative,Beginner
1569,Consider the following: Felix Müller was appointed as the new director at Ironwood Steel Works.,Named Entity Recognition,Single Sentence,"PERSON: Felix Müller, ORG: Ironwood Steel Works",Beginner
1570,"See below: Overall, the printer was excellent based on my recent experience.",Sentiment Analysis,Single Sentence,Positive,Intermediate
1571,Here is a case to review: The novel was translated into twelve languages after its release.|Into how many languages was the novel translated?,Question Answering,Context + Question,twelve,Intermediate
1572,Please review: Vertex Analytics announced a new office opening in Austin.,Named Entity Recognition,Single Sentence,"ORG: Vertex Analytics, GPE: Austin",Intermediate
1573,"Input sample: Researchers at the university tracked bird migration patterns for over a decade, finding that changing climate conditions have shifted the timing of seasonal movement significantly.",Text Summarization,Paragraph,Decade-long study finds climate change shifting bird migration timing.,Beginner
1574,"Here is a case to review: Overall, the customer support agent was poor based on my recent experience.",Sentiment Analysis,Single Sentence,Negative,Advanced
1575,"As an example, Draft a short thank-you message for event volunteers.",Text Generation,Prompt,Thank you to every volunteer who made this year's event possible.,Beginner
1576,Reference text: The museum's newest exhibit focuses on ancient trade routes.|What does the museum's newest exhibit focus on?,Question Answering,Context + Question,ancient trade routes,Advanced
1577,"Case in point: The airline unveiled a redesigned cabin layout intended to improve passenger comfort on long-haul flights, including wider seats and more legroom.",Text Summarization,Paragraph,Airline redesigns cabin layout to improve long-haul passenger comfort.,Beginner
1578,The museum unveiled a new exhibit on ancient history.|A new ancient history exhibit opened at the museum.,Text Similarity,Sentence Pair,High similarity (paraphrase),Intermediate
1579,See below: The scientist conducted an experiment in the [MASK].,Masked Language Modeling,Masked Sentence,laboratory,Beginner
1580,"Reference text: The city council held a lengthy meeting to discuss the proposed transit expansion, hearing feedback from dozens of residents before ultimately postponing the vote until next month.",Text Summarization,Paragraph,City council postpones vote on transit expansion after resident feedback.,Beginner
1581,"Reference text: Overall, the printer was excellent based on my recent experience.",Sentiment Analysis,Single Sentence,Positive,Beginner
1582,"Consider the following: Overall, the fitness tracker was outstanding based on my recent experience.",Sentiment Analysis,Single Sentence,Positive,Advanced
1583,Case in point: The train journey between the two cities takes about four hours.|How long does the train journey take?,Question Answering,Context + Question,about four hours,Advanced
1584,Please review: Sara Rossi joined Evergreen Energy Co. in Vancouver last year.,Named Entity Recognition,Single Sentence,"PERSON: Sara Rossi, ORG: Evergreen Energy Co., GPE: Vancouver",Intermediate
1585,Example: The volunteers cleaned up litter along the riverbank.|Litter along the riverbank was cleared by volunteers.,Text Similarity,Sentence Pair,High similarity (paraphrase),Intermediate
1586,"Please review: A local nonprofit distributed thousands of winter coats to families in need, relying entirely on community donations and volunteer coordination.",Text Summarization,Paragraph,Nonprofit distributes winter coats to families through community donations.,Advanced
1587,Consider the following: Coaches emphasized endurance training ahead of the tournament.,Text Classification,Single Sentence,Sports,Intermediate
1588,"Case in point: The university announced a new scholarship program aimed at supporting first-generation college students, covering tuition, housing, and textbook costs for qualifying applicants.",Text Summarization,Paragraph,University launches scholarship for first-generation students.,Beginner
1589,Consider the following: The hikers packed extra water before reaching the [MASK].,Masked Language Modeling,Masked Sentence,summit,Intermediate
1590,See below: The doctor recommended more rest and a balanced [MASK].,Masked Language Modeling,Masked Sentence,diet,Intermediate
1591,Note the following: The museum unveiled a new exhibit on ancient history.|A new ancient history exhibit opened at the museum.,Text Similarity,Sentence Pair,High similarity (paraphrase),Beginner
1592,Reference text: The soccer team won the championship after a dramatic final.|The soccer team lost the championship in a disappointing final.,Text Similarity,Sentence Pair,Low similarity (contradiction),Beginner
1593,Reference text: The festival attracts more than fifty thousand visitors each year.|How many visitors does the festival attract each year?,Question Answering,Context + Question,more than fifty thousand,Intermediate
1594,"Case in point: Overall, the mobile app was satisfying based on my recent experience.",Sentiment Analysis,Single Sentence,Positive,Beginner
1595,"Sample input: Overall, the new laptop was subpar based on my recent experience.",Sentiment Analysis,Single Sentence,Negative,Intermediate
1596,"For instance, Golden Gate Retailers announced a new office opening in Austin.",Named Entity Recognition,Single Sentence,"ORG: Golden Gate Retailers, GPE: Austin",Intermediate
1597,Review this input: The museum unveiled a new exhibit on ancient history.|A new ancient history exhibit opened at the museum.,Text Similarity,Sentence Pair,High similarity (paraphrase),Intermediate
1598,Take the following text: The committee reviewed each [MASK] before making a decision.,Masked Language Modeling,Masked Sentence,proposal,Advanced
1599,Please review: The professor's research focuses on renewable energy storage.|What does the professor's research focus on?,Question Answering,Context + Question,renewable energy storage,Intermediate
1600,Take the following text: Crescent Media Group announced a new office opening in Nairobi.,Named Entity Recognition,Single Sentence,"ORG: Crescent Media Group, GPE: Nairobi",Beginner
1601,Here is a case to review: The comet will not be visible again for another seventy years.|When will the comet be visible again?,Question Answering,Context + Question,in another seventy years,Advanced
1602,Sample input: The startup secured additional funding to scale its operations abroad.,Text Classification,Single Sentence,Business,Beginner
1603,Task input: The barista prepared a fresh cup of [MASK] for the customer.,Masked Language Modeling,Masked Sentence,coffee,Advanced
1604,"For instance, Following months of negotiation, the two companies finalized a merger that industry analysts believe will reshape the competitive landscape of the logistics sector.",Text Summarization,Paragraph,Two companies finalize merger reshaping the logistics industry.,Advanced
1605,Consider the following: Continue the story: The old lighthouse had been abandoned for decades until...,Text Generation,Prompt,...a young sailor discovered a hidden journal inside its rusted walls.,Intermediate
1606,"Here is a case to review: The university announced a new scholarship program aimed at supporting first-generation college students, covering tuition, housing, and textbook costs for qualifying applicants.",Text Summarization,Paragraph,University launches scholarship for first-generation students.,Intermediate
1607,Task input: The architect sketched the building's [MASK] on the whiteboard.,Masked Language Modeling,Masked Sentence,layout,Advanced
1608,Input sample: The chef prepared a delicious meal.|The weather was sunny all week.,Text Similarity,Sentence Pair,Low similarity (unrelated),Intermediate
1609,See below: The museum unveiled a new exhibit on ancient history.|A new ancient history exhibit opened at the museum.,Text Similarity,Sentence Pair,High similarity (paraphrase),Intermediate
1610,Review this input: The orchestra rehearsed for weeks before the [MASK].,Masked Language Modeling,Masked Sentence,concert,Beginner
1611,Take the following text: Mount Everest is the tallest mountain above sea level on Earth.|What is the tallest mountain above sea level?,Question Answering,Context + Question,Mount Everest,Advanced
1612,Example: Write an opening line for a mystery novel set in a small coastal town.,Text Generation,Prompt,No one in the small coastal town expected the tide to bring back more than driftwood.,Advanced
1613,Example: Ahmed Wright was appointed as the new director at Brightline Technologies.,Named Entity Recognition,Single Sentence,"PERSON: Ahmed Wright, ORG: Brightline Technologies",Intermediate
1614,The architect sketched the building's [MASK] on the whiteboard.,Masked Language Modeling,Masked Sentence,layout,Beginner
1615,Review this input: The tourists took photos of the historic [MASK].,Masked Language Modeling,Masked Sentence,landmark,Beginner
1616,"Note the following: Overall, the flight was typical based on my recent experience.",Sentiment Analysis,Single Sentence,Neutral,Beginner
1617,Case in point: The school introduced a new coding elective for ninth graders.,Text Classification,Single Sentence,Education,Beginner
1618,Case in point: Write an opening line for a memoir about growing up near the coast.,Text Generation,Prompt,"The ocean was the first sound I remember, and it never really left me.",Intermediate
1619,Reference text: The team celebrated their championship victory.|The team lost the championship final.,Text Similarity,Sentence Pair,Low similarity (contradiction),Advanced
1620,Here is a case to review: Developers released an open-source library for data analysis.,Text Classification,Single Sentence,Technology,Intermediate
1621,Take the following text: Felix Fernandez was appointed as the new director at Lakeside Medical Center.,Named Entity Recognition,Single Sentence,"PERSON: Felix Fernandez, ORG: Lakeside Medical Center",Beginner
1622,"Sample input: Overall, the customer service team was reliable based on my recent experience.",Sentiment Analysis,Single Sentence,Positive,Intermediate
1623,Sample input: The bike-sharing program was launched to ease congestion.|The novelist postponed her sequel's release indefinitely.,Text Similarity,Sentence Pair,Low similarity (unrelated),Intermediate
1624,"See below: Overall, the printer was average based on my recent experience.",Sentiment Analysis,Single Sentence,Neutral,Advanced
1625,"For instance, The home team secured a narrow victory in the final minutes.",Text Classification,Single Sentence,Sports,Beginner
1626,Task input: The company reduced its carbon emissions by thirty percent last year.|By how much did the company reduce its carbon emissions?,Question Answering,Context + Question,thirty percent,Beginner
1627,"See below: A regional theater group staged a modern retelling of a classic play, drawing praise for its inventive set design and a diverse young cast.",Text Summarization,Paragraph,Theater group praised for modern retelling of a classic play.,Intermediate
1628,"For instance, Volunteers spent the weekend restoring a historic trail damaged by recent storms, clearing debris and repairing several washed-out sections.",Text Summarization,Paragraph,Volunteers restore storm-damaged historic trail over the weekend.,Beginner
1629,"Sample input: Overall, the customer support agent was acceptable based on my recent experience.",Sentiment Analysis,Single Sentence,Neutral,Advanced
1630,See below: Continue the story: The scientist stared at the readings in disbelief because...,Text Generation,Prompt,...the numbers suggested something no experiment had ever recorded before.,Intermediate
1631,A new study found that students who participated in peer tutoring programs showed measurable improvement in both grades and confidence over a single semester.,Text Summarization,Paragraph,Study links peer tutoring to improved grades and confidence.,Intermediate
1632,"Overall, the hotel stay was typical based on my recent experience.",Sentiment Analysis,Single Sentence,Neutral,Beginner
1633,"For instance, Ravi Kowalski was appointed as the new director at Blue Horizon Airlines.",Named Entity Recognition,Single Sentence,"PERSON: Ravi Kowalski, ORG: Blue Horizon Airlines",Beginner
1634,Please review: Draft a short welcome message for new employees.,Text Generation,Prompt,Welcome to the team; we're excited to have you join us on this journey.,Beginner
1635,Task input: The city unveiled a new walking trail along the historic waterfront.,Text Classification,Single Sentence,Travel,Beginner
1636,"Review this input: A regional theater group staged a modern retelling of a classic play, drawing praise for its inventive set design and a diverse young cast.",Text Summarization,Paragraph,Theater group praised for modern retelling of a classic play.,Beginner
1637,Take the following text: Summit Robotics Inc. announced a new office opening in Kuala Lumpur.,Named Entity Recognition,Single Sentence,"ORG: Summit Robotics Inc., GPE: Kuala Lumpur",Intermediate
1638,Note the following: The engineer reviewed the blueprint before the [MASK].,Masked Language Modeling,Masked Sentence,construction,Intermediate
1639,Here is a case to review: Mount Everest is the tallest mountain above sea level on Earth.|What is the tallest mountain above sea level?,Question Answering,Context + Question,Mount Everest,Beginner
1640,Example: Engineers unveiled a chip that doubles processing speed.,Text Classification,Single Sentence,Technology,Beginner
1641,Reference text: The merger created one of the largest logistics providers in the region.,Text Classification,Single Sentence,Business,Intermediate
1642,Here is a case to review: Write a tagline for a new fitness app.,Text Generation,Prompt,"Track your progress, build your habits, and reach your goals every day.",Beginner
1643,Reference text: The startup released an app that tracks personal energy usage.,Text Classification,Single Sentence,Technology,Intermediate
1644,"As an example, The airline canceled several flights due to weather.|The library added new titles to its collection.",Text Similarity,Sentence Pair,Low similarity (unrelated),Advanced
1645,See below: The Eiffel Tower was completed in 1889 and stands in Paris.|What year was the Eiffel Tower completed?,Question Answering,Context + Question,1889,Beginner
1646,Draft a short welcome message for new employees.,Text Generation,Prompt,Welcome to the team; we're excited to have you join us on this journey.,Intermediate
1647,Note the following: Grace Silva joined Delta Cloud Services in Helsinki last year.,Named Entity Recognition,Single Sentence,"PERSON: Grace Silva, ORG: Delta Cloud Services, GPE: Helsinki",Beginner
1648,Case in point: Write an opening line for a mystery novel set in a small coastal town.,Text Generation,Prompt,No one in the small coastal town expected the tide to bring back more than driftwood.,Intermediate
1649,Here is a case to review: The airline introduced a new nonstop route between major cities.,Text Classification,Single Sentence,Travel,Intermediate
1650,Note the following: Write an opening line for a mystery novel set in a small coastal town.,Text Generation,Prompt,No one in the small coastal town expected the tide to bring back more than driftwood.,Advanced
1651,"Take the following text: The city's new bike-sharing program has already logged tens of thousands of rides in its first month, with officials crediting expanded lanes and lower fares for the early success.",Text Summarization,Paragraph,City's new bike-sharing program sees strong early adoption.,Beginner
1652,Task input: Zenith Pharmaceuticals announced a new office opening in Copenhagen.,Named Entity Recognition,Single Sentence,"ORG: Zenith Pharmaceuticals, GPE: Copenhagen",Intermediate
1653,"Following months of negotiation, the two companies finalized a merger that industry analysts believe will reshape the competitive landscape of the logistics sector.",Text Summarization,Paragraph,Two companies finalize merger reshaping the logistics industry.,Intermediate
1654,Case in point: The wearable device tracks sleep patterns and syncs with an app.,Text Classification,Single Sentence,Technology,Advanced
1655,Consider the following: The museum unveiled a new exhibit on ancient history.|A new ancient history exhibit opened at the museum.,Text Similarity,Sentence Pair,High similarity (paraphrase),Intermediate
1656,Case in point: Liam Clark joined Blue Horizon Airlines in Cape Town last year.,Named Entity Recognition,Single Sentence,"PERSON: Liam Clark, ORG: Blue Horizon Airlines, GPE: Cape Town",Intermediate
1657,Please review: She bought a ticket to catch the early morning [MASK].,Masked Language Modeling,Masked Sentence,train,Beginner
1658,Consider the following: The doctor recommended more rest and a balanced [MASK].,Masked Language Modeling,Masked Sentence,diet,Advanced
1659,"As an example, David Taylor was appointed as the new director at Global Trade Partners.",Named Entity Recognition,Single Sentence,"PERSON: David Taylor, ORG: Global Trade Partners",Intermediate
1660,Sample input: The airline canceled several flights due to weather.|The library added new titles to its collection.,Text Similarity,Sentence Pair,Low similarity (unrelated),Intermediate
1661,"Please review: Overall, the flight was ordinary based on my recent experience.",Sentiment Analysis,Single Sentence,Neutral,Advanced
1662,Reference text: The bridge took nearly six years to construct.|How long did the bridge take to construct?,Question Answering,Context + Question,nearly six years,Beginner
1663,"Note the following: Overall, the customer service team was ordinary based on my recent experience.",Sentiment Analysis,Single Sentence,Neutral,Beginner
1664,Note the following: The city approved funding for a new park.|Funding for a new park was approved by the city.,Text Similarity,Sentence Pair,High similarity (paraphrase),Advanced
1665,Case in point: The novel was translated into twelve languages after its release.|Into how many languages was the novel translated?,Question Answering,Context + Question,twelve,Intermediate
1666,Sample input: Write an opening line for a travel guide about a mountain village.,Text Generation,Prompt,"Tucked between two peaks, this quiet mountain village feels frozen in time.",Advanced
1667,Sample input: Generate a short caption for a photo of a bustling night market.,Text Generation,Prompt,"Lights, aromas, and laughter fill the air at the city's favorite night market.",Intermediate
1668,Consider the following: The ancient ruins were discovered by a team of archaeologists in 1974.|Who discovered the ancient ruins?,Question Answering,Context + Question,a team of archaeologists,Advanced
1669,"For instance, The university announced a new scholarship program aimed at supporting first-generation college students, covering tuition, housing, and textbook costs for qualifying applicants.",Text Summarization,Paragraph,University launches scholarship for first-generation students.,Intermediate
1670,Please review: Write an opening line for a memoir about growing up near the coast.,Text Generation,Prompt,"The ocean was the first sound I remember, and it never really left me.",Beginner
1671,See below: The startup raised a new round of funding.|The startup's funding round was widely reported as unsuccessful.,Text Similarity,Sentence Pair,Low similarity (contradiction),Intermediate
1672,Task input: The mechanic inspected the car's [MASK] before the road trip.,Masked Language Modeling,Masked Sentence,engine,Advanced
1673,"Note the following: The city council held a lengthy meeting to discuss the proposed transit expansion, hearing feedback from dozens of residents before ultimately postponing the vote until next month.",Text Summarization,Paragraph,City council postpones vote on transit expansion after resident feedback.,Beginner
1674,Review this input: The orchestra performed a piece composed specifically for the occasion.|What kind of piece did the orchestra perform?,Question Answering,Context + Question,a piece composed specifically for the occasion,Advanced
1675,"Take the following text: Overall, the flight was acceptable based on my recent experience.",Sentiment Analysis,Single Sentence,Neutral,Beginner
1676,"Sample input: The airline unveiled a redesigned cabin layout intended to improve passenger comfort on long-haul flights, including wider seats and more legroom.",Text Summarization,Paragraph,Airline redesigns cabin layout to improve long-haul passenger comfort.,Intermediate
1677,"For instance, Critics praised the director's bold approach to the classic story.",Text Classification,Single Sentence,Entertainment,Beginner
1678,Review this input: The startup secured additional funding to scale its operations abroad.,Text Classification,Single Sentence,Business,Beginner
1679,The recipe requires two cups of flour and a teaspoon of salt.|How much flour does the recipe require?,Question Answering,Context + Question,two cups,Beginner
1680,The startup raised a new round of funding.|The startup's funding round was widely reported as unsuccessful.,Text Similarity,Sentence Pair,Low similarity (contradiction),Beginner
1681,Here is a case to review: The chef added a pinch of salt to the [MASK].,Masked Language Modeling,Masked Sentence,soup,Advanced
1682,Input sample: Donors contributed generously to the hospital's expansion.|The hospital's expansion was funded by generous donors.,Text Similarity,Sentence Pair,High similarity (paraphrase),Intermediate
1683,"Take the following text: Overall, the customer service team was acceptable based on my recent experience.",Sentiment Analysis,Single Sentence,Neutral,Beginner
1684,Note the following: Evergreen Energy Co. announced a new office opening in Cape Town.,Named Entity Recognition,Single Sentence,"ORG: Evergreen Energy Co., GPE: Cape Town",Intermediate
1685,Here is a case to review: The architect sketched the building's [MASK] on the whiteboard.,Masked Language Modeling,Masked Sentence,layout,Advanced
1686,"For instance, Continue the story: The old lighthouse had been abandoned for decades until...",Text Generation,Prompt,...a young sailor discovered a hidden journal inside its rusted walls.,Intermediate
1687,"Sample input: Researchers at the university tracked bird migration patterns for over a decade, finding that changing climate conditions have shifted the timing of seasonal movement significantly.",Text Summarization,Paragraph,Decade-long study finds climate change shifting bird migration timing.,Advanced
1688,Consider the following: The team celebrated their championship victory.|The team lost the championship final.,Text Similarity,Sentence Pair,Low similarity (contradiction),Advanced
1689,"For instance, Nutritionists recommended simple changes to daily eating habits.",Text Classification,Single Sentence,Health,Intermediate
1690,See below: Investors reacted positively to the firm's expansion into new markets.,Text Classification,Single Sentence,Business,Intermediate
1691,Consider the following: Write a short pitch for a language-learning app.,Text Generation,Prompt,Learn a new language in minutes a day with lessons built around real conversations.,Beginner
1692,Here is a case to review: Write an opening line for a travel guide about a mountain village.,Text Generation,Prompt,"Tucked between two peaks, this quiet mountain village feels frozen in time.",Beginner
1693,Consider the following: The recipe requires two cups of flour and a teaspoon of salt.|How much flour does the recipe require?,Question Answering,Context + Question,two cups,Beginner
1694,"As an example, The novel was translated into twelve languages after its release.|Into how many languages was the novel translated?",Question Answering,Context + Question,twelve,Advanced
1695,"Please review: Overall, the customer service team was standard based on my recent experience.",Sentiment Analysis,Single Sentence,Neutral,Beginner
1696,Sample input: The gardener watered the plants every [MASK] morning.,Masked Language Modeling,Masked Sentence,single,Beginner
1697,The orchestra performed a piece composed specifically for the occasion.|What kind of piece did the orchestra perform?,Question Answering,Context + Question,a piece composed specifically for the occasion,Intermediate
1698,Take the following text: The hospital adopted new technology to speed up emergency triage.,Text Classification,Single Sentence,Health,Intermediate
1699,Case in point: The pilot announced a delay because of the [MASK].,Masked Language Modeling,Masked Sentence,weather,Advanced
1700,Consider the following: The city approved funding for a new park.|Funding for a new park was approved by the city.,Text Similarity,Sentence Pair,High similarity (paraphrase),Beginner
1701,"Reference text: The film studio confirmed that production on the long-awaited sequel will begin next spring, with much of the original cast expected to return for the project.",Text Summarization,Paragraph,Studio confirms sequel production will begin next spring.,Beginner
1702,See below: She bought a ticket to catch the early morning [MASK].,Masked Language Modeling,Masked Sentence,train,Beginner
1703,"Review this input: After years of research, scientists announced a new method for recycling plastic that uses significantly less energy than traditional processes, potentially transforming the recycling industry.",Text Summarization,Paragraph,Scientists develop energy-efficient plastic recycling method.,Beginner
1704,"Case in point: Overall, the customer service team was satisfying based on my recent experience.",Sentiment Analysis,Single Sentence,Positive,Advanced
1705,"For instance, Write a short pitch for a new budgeting app.",Text Generation,Prompt,Take control of your spending with an app that makes budgeting simple and stress-free.,Advanced
1706,"As an example, The university launched a mentorship program for graduates.",Text Classification,Single Sentence,Education,Advanced
1707,The chef added a pinch of salt to the [MASK].,Masked Language Modeling,Masked Sentence,soup,Advanced
1708,"For instance, Overall, the printer was efficient based on my recent experience.",Sentiment Analysis,Single Sentence,Positive,Advanced
1709,Take the following text: Write a short pitch for a language-learning app.,Text Generation,Prompt,Learn a new language in minutes a day with lessons built around real conversations.,Intermediate
1710,Here is a case to review: The company reduced its carbon emissions by thirty percent last year.|By how much did the company reduce its carbon emissions?,Question Answering,Context + Question,thirty percent,Advanced
1711,Review this input: Continue the story: The scientist stared at the readings in disbelief because...,Text Generation,Prompt,...the numbers suggested something no experiment had ever recorded before.,Advanced
1712,"Reference text: The city's new bike-sharing program has already logged tens of thousands of rides in its first month, with officials crediting expanded lanes and lower fares for the early success.",Text Summarization,Paragraph,City's new bike-sharing program sees strong early adoption.,Intermediate
1713,Case in point: Priya Wright was appointed as the new director at BrightFuture Foundation.,Named Entity Recognition,Single Sentence,"PERSON: Priya Wright, ORG: BrightFuture Foundation",Advanced
1714,Sample input: Redstone Consulting announced a new office opening in Amsterdam.,Named Entity Recognition,Single Sentence,"ORG: Redstone Consulting, GPE: Amsterdam",Beginner
1715,Note the following: Victor Clark joined Quantum Innovations in Cairo last year.,Named Entity Recognition,Single Sentence,"PERSON: Victor Clark, ORG: Quantum Innovations, GPE: Cairo",Intermediate
1716,Sample input: She bought a ticket to catch the early morning [MASK].,Masked Language Modeling,Masked Sentence,train,Beginner
1717,Here is a case to review: The school introduced a new coding elective for ninth graders.,Text Classification,Single Sentence,Education,Intermediate
1718,Case in point: The recipe requires two cups of flour and a teaspoon of salt.|How much flour does the recipe require?,Question Answering,Context + Question,two cups,Advanced
1719,"As an example, Carlos Lewis joined Silverline Motors in Lisbon last year.",Named Entity Recognition,Single Sentence,"PERSON: Carlos Lewis, ORG: Silverline Motors, GPE: Lisbon",Intermediate
1720,"For instance, The comet will not be visible again for another seventy years.|When will the comet be visible again?",Question Answering,Context + Question,in another seventy years,Beginner
1721,Review this input: The vaccine trial included over five thousand volunteers worldwide.|How many volunteers were included in the vaccine trial?,Question Answering,Context + Question,over five thousand,Beginner
1722,"For instance, Overall, the customer support agent was efficient based on my recent experience.",Sentiment Analysis,Single Sentence,Positive,Intermediate
1723,"Reference text: Overall, the software update was subpar based on my recent experience.",Sentiment Analysis,Single Sentence,Negative,Intermediate
1724,Case in point: Aisha Kim was appointed as the new director at Union Manufacturing Corp..,Named Entity Recognition,Single Sentence,"PERSON: Aisha Kim, ORG: Union Manufacturing Corp.",Intermediate
1725,Note the following: Union Manufacturing Corp. announced a new office opening in Cairo.,Named Entity Recognition,Single Sentence,"ORG: Union Manufacturing Corp., GPE: Cairo",Advanced
1726,"As an example, The city approved funding for a new park.|Funding for a new park was approved by the city.",Text Similarity,Sentence Pair,High similarity (paraphrase),Beginner
1727,Reference text: Teachers attended a workshop on integrating technology into lessons.,Text Classification,Single Sentence,Education,Beginner
1728,Write an opening line for a travel guide about a mountain village.,Text Generation,Prompt,"Tucked between two peaks, this quiet mountain village feels frozen in time.",Advanced
1729,Note the following: The librarian organized the books by [MASK].,Masked Language Modeling,Masked Sentence,genre,Beginner
1730,Take the following text: Draft a short welcome message for new employees.,Text Generation,Prompt,Welcome to the team; we're excited to have you join us on this journey.,Beginner
1731,Reference text: Generate a product description for a reusable water bottle.,Text Generation,Prompt,"This durable, eco-friendly water bottle keeps drinks cold for hours at a time.",Intermediate
1732,Note the following: Draft a short announcement about a community cleanup event.,Text Generation,Prompt,Join your neighbors this Saturday for a community cleanup event at the riverside park.,Intermediate
1733,Consider the following: Continue the story: The scientist stared at the readings in disbelief because...,Text Generation,Prompt,...the numbers suggested something no experiment had ever recorded before.,Intermediate
1734,Take the following text: Developers released an open-source library for data analysis.,Text Classification,Single Sentence,Technology,Intermediate
1735,"For instance, Write an opening line for a travel guide about a mountain village.",Text Generation,Prompt,"Tucked between two peaks, this quiet mountain village feels frozen in time.",Advanced
1736,Take the following text: The observatory captured detailed images of a distant galaxy.,Text Classification,Single Sentence,Science,Intermediate
1737,"Example: Overall, the customer support agent was efficient based on my recent experience.",Sentiment Analysis,Single Sentence,Positive,Beginner
1738,Example: Executives outlined a plan to reduce costs without cutting jobs.,Text Classification,Single Sentence,Business,Beginner
1739,"Please review: Overall, the software update was typical based on my recent experience.",Sentiment Analysis,Single Sentence,Neutral,Beginner
1740,"Example: Overall, the restaurant was frustrating based on my recent experience.",Sentiment Analysis,Single Sentence,Negative,Advanced
1741,"Please review: The hospital opened a new pediatric wing this week, funded largely through community donations, aiming to reduce wait times and improve care for young patients across the region.",Text Summarization,Paragraph,Hospital opens community-funded pediatric wing to improve care.,Beginner
1742,See below: Photosynthesis allows plants to convert sunlight into energy.|What does photosynthesis allow plants to do?,Question Answering,Context + Question,convert sunlight into energy,Advanced
1743,"Reference text: Overall, the customer service team was outstanding based on my recent experience.",Sentiment Analysis,Single Sentence,Positive,Intermediate
1744,See below: Write an opening sentence for a cooking blog post about seasonal produce.,Text Generation,Prompt,"Nothing captures the flavor of the season quite like fresh, locally grown produce.",Intermediate
1745,Task input: The novelist released her long-awaited sequel.|The bakery introduced gluten-free pastries.,Text Similarity,Sentence Pair,Low similarity (unrelated),Beginner
1746,Case in point: The video game studio revealed footage for its upcoming release.,Text Classification,Single Sentence,Entertainment,Beginner
1747,Here is a case to review: The satellite was launched into orbit in early 2021.|When was the satellite launched into orbit?,Question Answering,Context + Question,early 2021,Intermediate
1748,"For instance, A critical vulnerability was patched in the latest software update.",Text Classification,Single Sentence,Technology,Advanced
1749,Here is a case to review: The museum's newest exhibit focuses on ancient trade routes.|What does the museum's newest exhibit focus on?,Question Answering,Context + Question,ancient trade routes,Beginner
1750,Consider the following: The chef added a pinch of salt to the [MASK].,Masked Language Modeling,Masked Sentence,soup,Intermediate
1751,The gardener watered the plants every [MASK] morning.,Masked Language Modeling,Masked Sentence,single,Advanced
1752,Task input: The striker scored twice in the second half of the match.,Text Classification,Single Sentence,Sports,Advanced
1753,See below: Kevin Clark joined Union Manufacturing Corp. in Lisbon last year.,Named Entity Recognition,Single Sentence,"PERSON: Kevin Clark, ORG: Union Manufacturing Corp., GPE: Lisbon",Intermediate
1754,"For instance, The marathon route passes through five historic neighborhoods.|How many historic neighborhoods does the marathon route pass through?",Question Answering,Context + Question,five,Beginner
1755,Please review: Write an opening line for a travel guide about a mountain village.,Text Generation,Prompt,"Tucked between two peaks, this quiet mountain village feels frozen in time.",Intermediate
1756,"For instance, The teacher handed out the [MASK] at the start of class.",Masked Language Modeling,Masked Sentence,worksheet,Beginner
1757,Review this input: The volunteers cleaned up litter along the riverbank.|Litter along the riverbank was cleared by volunteers.,Text Similarity,Sentence Pair,High similarity (paraphrase),Intermediate
1758,Take the following text: The startup secured additional funding to scale its operations abroad.,Text Classification,Single Sentence,Business,Advanced
1759,Here is a case to review: Generate a short caption for a photo of a bustling night market.,Text Generation,Prompt,"Lights, aromas, and laughter fill the air at the city's favorite night market.",Advanced
1760,"Reference text: The observatory captured unprecedented images of a distant nebula after upgrading its imaging equipment, giving astronomers new insight into star formation.",Text Summarization,Paragraph,Observatory captures new images of nebula after equipment upgrade.,Intermediate
1761,See below: A new study found that students who participated in peer tutoring programs showed measurable improvement in both grades and confidence over a single semester.,Text Summarization,Paragraph,Study links peer tutoring to improved grades and confidence.,Beginner
1762,Draft a short announcement about a community cleanup event.,Text Generation,Prompt,Join your neighbors this Saturday for a community cleanup event at the riverside park.,Beginner
1763,"Review this input: Overall, the mobile app was excellent based on my recent experience.",Sentiment Analysis,Single Sentence,Positive,Intermediate
1764,Please review: The airline canceled several flights due to weather.|The library added new titles to its collection.,Text Similarity,Sentence Pair,Low similarity (unrelated),Beginner
1765,"For instance, Overall, the hotel stay was subpar based on my recent experience.",Sentiment Analysis,Single Sentence,Negative,Beginner
1766,Reference text: Write an opening sentence for a cooking blog post about seasonal produce.,Text Generation,Prompt,"Nothing captures the flavor of the season quite like fresh, locally grown produce.",Beginner
1767,Reference text: Continue the story: The scientist stared at the readings in disbelief because...,Text Generation,Prompt,...the numbers suggested something no experiment had ever recorded before.,Beginner
1768,Take the following text: The tech firm rolled out a privacy update giving users more control over how their data is shared with third-party advertisers.,Text Summarization,Paragraph,Tech firm gives users more control over data sharing with new update.,Beginner
1769,"Review this input: Overall, the customer service team was outstanding based on my recent experience.",Sentiment Analysis,Single Sentence,Positive,Intermediate
1770,"As an example, The bike-sharing program was launched to ease congestion.|The novelist postponed her sequel's release indefinitely.",Text Similarity,Sentence Pair,Low similarity (unrelated),Intermediate
1771,Input sample: The architect sketched the building's [MASK] on the whiteboard.,Masked Language Modeling,Masked Sentence,layout,Beginner
1772,See below: Continue the story: The old bookstore had one rule that no customer ever questioned...,Text Generation,Prompt,...every book had to be returned to the exact shelf it came from.,Intermediate
1773,"Consider the following: A local nonprofit distributed thousands of winter coats to families in need, relying entirely on community donations and volunteer coordination.",Text Summarization,Paragraph,Nonprofit distributes winter coats to families through community donations.,Advanced
1774,Case in point: Nina Scott joined Quantum Innovations in Edinburgh last year.,Named Entity Recognition,Single Sentence,"PERSON: Nina Scott, ORG: Quantum Innovations, GPE: Edinburgh",Beginner
1775,Reference text: Coaches emphasized endurance training ahead of the tournament.,Text Classification,Single Sentence,Sports,Beginner
1776,Case in point: The Eiffel Tower was completed in 1889 and stands in Paris.|What year was the Eiffel Tower completed?,Question Answering,Context + Question,1889,Intermediate
1777,"Please review: Overall, the customer service team was disappointing based on my recent experience.",Sentiment Analysis,Single Sentence,Negative,Advanced
1778,Case in point: The chef prepared a delicious meal.|The weather was sunny all week.,Text Similarity,Sentence Pair,Low similarity (unrelated),Intermediate
1779,"See below: The scientists' research was widely criticized as flawed.|The scientists published groundbreaking, well-received research.",Text Similarity,Sentence Pair,Low similarity (contradiction),Intermediate
1780,"Please review: Overall, the customer support agent was excellent based on my recent experience.",Sentiment Analysis,Single Sentence,Positive,Intermediate
1781,"Review this input: Overall, the printer was unreliable based on my recent experience.",Sentiment Analysis,Single Sentence,Negative,Intermediate
1782,"Review this input: The film studio confirmed that production on the long-awaited sequel will begin next spring, with much of the original cast expected to return for the project.",Text Summarization,Paragraph,Studio confirms sequel production will begin next spring.,Beginner
1783,Case in point: A new study found that students who participated in peer tutoring programs showed measurable improvement in both grades and confidence over a single semester.,Text Summarization,Paragraph,Study links peer tutoring to improved grades and confidence.,Intermediate
1784,"Please review: Overall, the mobile app was reliable based on my recent experience.",Sentiment Analysis,Single Sentence,Positive,Advanced
1785,"Note the following: A local nonprofit distributed thousands of winter coats to families in need, relying entirely on community donations and volunteer coordination.",Text Summarization,Paragraph,Nonprofit distributes winter coats to families through community donations.,Advanced
1786,Here is a case to review: The company reported quarterly earnings above analyst expectations.,Text Classification,Single Sentence,Business,Advanced
1787,Review this input: The architect sketched the building's [MASK] on the whiteboard.,Masked Language Modeling,Masked Sentence,layout,Intermediate
1788,"For instance, The startup's latest app allows users to track their carbon footprint by analyzing daily habits such as transportation, diet, and energy use, offering personalized suggestions for reducing emissions.",Text Summarization,Paragraph,New app helps users track and reduce their carbon footprint.,Beginner
1789,Sample input: The school introduced a new coding elective for ninth graders.,Text Classification,Single Sentence,Education,Beginner
1790,Note the following: The marathon route passes through five historic neighborhoods.|How many historic neighborhoods does the marathon route pass through?,Question Answering,Context + Question,five,Intermediate
1791,Consider the following: The soccer team won the championship after a dramatic final.|The soccer team lost the championship in a disappointing final.,Text Similarity,Sentence Pair,Low similarity (contradiction),Intermediate
1792,Consider the following: The library was renovated using funds from a private donor.|How was the library's renovation funded?,Question Answering,Context + Question,funds from a private donor,Advanced
1793,See below: Generate a product description for a reusable water bottle.,Text Generation,Prompt,"This durable, eco-friendly water bottle keeps drinks cold for hours at a time.",Beginner
1794,"Note the following: Overall, the online course was subpar based on my recent experience.",Sentiment Analysis,Single Sentence,Negative,Intermediate
1795,Review this input: Write an opening sentence for a cooking blog post about seasonal produce.,Text Generation,Prompt,"Nothing captures the flavor of the season quite like fresh, locally grown produce.",Advanced
1796,Reference text: Researchers discovered a new species in the rainforest.|A new species was discovered in the rainforest by researchers.,Text Similarity,Sentence Pair,High similarity (paraphrase),Beginner
1797,Task input: Leila Wright joined Pioneer Research Institute in Denver last year.,Named Entity Recognition,Single Sentence,"PERSON: Leila Wright, ORG: Pioneer Research Institute, GPE: Denver",Intermediate
1798,"For instance, Researchers published new findings about deep-sea ecosystems.",Text Classification,Single Sentence,Science,Intermediate
1799,See below: Write an opening line for a mystery novel set in a small coastal town.,Text Generation,Prompt,No one in the small coastal town expected the tide to bring back more than driftwood.,Intermediate
1800,Here is a case to review: Write an opening line for a mystery novel set in a small coastal town.,Text Generation,Prompt,No one in the small coastal town expected the tide to bring back more than driftwood.,Intermediate
1801,Input sample: The museum closed its ancient exhibit permanently.|The startup's app is available in over forty countries.,Text Similarity,Sentence Pair,Low similarity (unrelated),Intermediate
1802,"Sample input: Overall, the software update was unreliable based on my recent experience.",Sentiment Analysis,Single Sentence,Negative,Beginner
1803,The city approved funding for a new park.|Funding for a new park was approved by the city.,Text Similarity,Sentence Pair,High similarity (paraphrase),Intermediate
1804,"Sample input: The city's water utility completed a multi-year project to replace aging pipes, reducing leaks and improving water quality for thousands of households.",Text Summarization,Paragraph,"City completes pipe replacement project, improving water quality.",Intermediate
1805,"Example: The city council held a lengthy meeting to discuss the proposed transit expansion, hearing feedback from dozens of residents before ultimately postponing the vote until next month.",Text Summarization,Paragraph,City council postpones vote on transit expansion after resident feedback.,Intermediate
1806,"As an example, The museum's newest exhibit focuses on ancient trade routes.|What does the museum's newest exhibit focus on?",Question Answering,Context + Question,ancient trade routes,Advanced
1807,Example: Continue the story: The archivist found a letter that had never been opened...,Text Generation,Prompt,...its wax seal was still intact after more than a century.,Intermediate
1808,Case in point: The city approved funding for a new park.|Funding for a new park was approved by the city.,Text Similarity,Sentence Pair,High similarity (paraphrase),Advanced
1809,Consider the following: Researchers discovered a new species in the rainforest.|A new species was discovered in the rainforest by researchers.,Text Similarity,Sentence Pair,High similarity (paraphrase),Intermediate
1810,Mateus Kowalski was appointed as the new director at Northfield University.,Named Entity Recognition,Single Sentence,"PERSON: Mateus Kowalski, ORG: Northfield University",Advanced
1811,"Note the following: A regional theater group staged a modern retelling of a classic play, drawing praise for its inventive set design and a diverse young cast.",Text Summarization,Paragraph,Theater group praised for modern retelling of a classic play.,Intermediate
1812,"For instance, After years of research, scientists announced a new method for recycling plastic that uses significantly less energy than traditional processes, potentially transforming the recycling industry.",Text Summarization,Paragraph,Scientists develop energy-efficient plastic recycling method.,Beginner
1813,Consider the following: Investors reacted positively to the firm's expansion into new markets.,Text Classification,Single Sentence,Business,Intermediate
1814,Here is a case to review: The gardener watered the plants every [MASK] morning.,Masked Language Modeling,Masked Sentence,single,Beginner
1815,"As an example, Executives outlined a plan to reduce costs without cutting jobs.",Text Classification,Single Sentence,Business,Intermediate
1816,Take the following text: The photographer waited for the perfect [MASK] to take the shot.,Masked Language Modeling,Masked Sentence,light,Intermediate
1817,Review this input: The home team secured a narrow victory in the final minutes.,Text Classification,Single Sentence,Sports,Intermediate
1818,Note the following: Draft a short welcome message for new employees.,Text Generation,Prompt,Welcome to the team; we're excited to have you join us on this journey.,Beginner
1819,Task input: The factory upgraded its equipment to save energy.|The factory's energy use increased after equipment failed.,Text Similarity,Sentence Pair,Low similarity (contradiction),Intermediate
1820,Task input: The marathon route passes through five historic neighborhoods.|How many historic neighborhoods does the marathon route pass through?,Question Answering,Context + Question,five,Intermediate
1821,Take the following text: The airline introduced a new nonstop route between major cities.,Text Classification,Single Sentence,Travel,Advanced
1822,Please review: Ethan Clark was appointed as the new director at Coastal Insurance Co..,Named Entity Recognition,Single Sentence,"PERSON: Ethan Clark, ORG: Coastal Insurance Co.",Beginner
1823,"Example: Overall, the software update was typical based on my recent experience.",Sentiment Analysis,Single Sentence,Neutral,Beginner
1824,"Sample input: Overall, the online course was frustrating based on my recent experience.",Sentiment Analysis,Single Sentence,Negative,Intermediate
1825,Note the following: Write a short pitch for a new budgeting app.,Text Generation,Prompt,Take control of your spending with an app that makes budgeting simple and stress-free.,Beginner
1826,Please review: Write an opening sentence for a cooking blog post about seasonal produce.,Text Generation,Prompt,"Nothing captures the flavor of the season quite like fresh, locally grown produce.",Beginner
1827,"See below: Overall, the printer was standard based on my recent experience.",Sentiment Analysis,Single Sentence,Neutral,Beginner
1828,"As an example, The startup's latest app allows users to track their carbon footprint by analyzing daily habits such as transportation, diet, and energy use, offering personalized suggestions for reducing emissions.",Text Summarization,Paragraph,New app helps users track and reduce their carbon footprint.,Beginner
1829,Take the following text: Generate a product description for a reusable water bottle.,Text Generation,Prompt,"This durable, eco-friendly water bottle keeps drinks cold for hours at a time.",Intermediate
1830,Please review: The Eiffel Tower was completed in 1889 and stands in Paris.|What year was the Eiffel Tower completed?,Question Answering,Context + Question,1889,Intermediate
1831,"Case in point: Overall, the flight was impressive based on my recent experience.",Sentiment Analysis,Single Sentence,Positive,Intermediate
1832,"Consider the following: The film studio confirmed that production on the long-awaited sequel will begin next spring, with much of the original cast expected to return for the project.",Text Summarization,Paragraph,Studio confirms sequel production will begin next spring.,Advanced
1833,Example: Redstone Consulting announced a new office opening in Helsinki.,Named Entity Recognition,Single Sentence,"ORG: Redstone Consulting, GPE: Helsinki",Intermediate
1834,"Sample input: The startup's latest app allows users to track their carbon footprint by analyzing daily habits such as transportation, diet, and energy use, offering personalized suggestions for reducing emissions.",Text Summarization,Paragraph,New app helps users track and reduce their carbon footprint.,Intermediate
1835,"Case in point: The observatory captured unprecedented images of a distant nebula after upgrading its imaging equipment, giving astronomers new insight into star formation.",Text Summarization,Paragraph,Observatory captures new images of nebula after equipment upgrade.,Advanced
1836,Input sample: The city approved funding for a new park.|Funding for a new park was approved by the city.,Text Similarity,Sentence Pair,High similarity (paraphrase),Beginner
1837,Sample input: The orchestra performed a tribute to the late composer.|A tribute to the late composer was performed by the orchestra.,Text Similarity,Sentence Pair,High similarity (paraphrase),Beginner
1838,Task input: The professor's research focuses on renewable energy storage.|What does the professor's research focus on?,Question Answering,Context + Question,renewable energy storage,Intermediate
1839,Consider the following: Scientists discovered a new species in the rainforest canopy.,Text Classification,Single Sentence,Science,Intermediate
1840,Sample input: Draft a short thank-you message for event volunteers.,Text Generation,Prompt,Thank you to every volunteer who made this year's event possible.,Beginner
1841,"For instance, The satellite was launched into orbit in early 2021.|When was the satellite launched into orbit?",Question Answering,Context + Question,early 2021,Advanced
1842,"Task input: Overall, the new laptop was reliable based on my recent experience.",Sentiment Analysis,Single Sentence,Positive,Intermediate
1843,Sample input: Amara Green joined Riverside Bank in Nairobi last year.,Named Entity Recognition,Single Sentence,"PERSON: Amara Green, ORG: Riverside Bank, GPE: Nairobi",Intermediate
1844,"For instance, Continue the story: The scientist stared at the readings in disbelief because...",Text Generation,Prompt,...the numbers suggested something no experiment had ever recorded before.,Intermediate
1845,"As an example, Researchers at the university tracked bird migration patterns for over a decade, finding that changing climate conditions have shifted the timing of seasonal movement significantly.",Text Summarization,Paragraph,Decade-long study finds climate change shifting bird migration timing.,Advanced
1846,"For instance, Researchers at the university tracked bird migration patterns for over a decade, finding that changing climate conditions have shifted the timing of seasonal movement significantly.",Text Summarization,Paragraph,Decade-long study finds climate change shifting bird migration timing.,Beginner
1847,"As an example, Overall, the flight was reliable based on my recent experience.",Sentiment Analysis,Single Sentence,Positive,Intermediate
1848,Here is a case to review: The observatory captured detailed images of a distant galaxy.,Text Classification,Single Sentence,Science,Intermediate
1849,"Overall, the software update was ordinary based on my recent experience.",Sentiment Analysis,Single Sentence,Neutral,Beginner
1850,"Consider the following: Overall, the customer support agent was satisfying based on my recent experience.",Sentiment Analysis,Single Sentence,Positive,Intermediate
1851,Here is a case to review: The bridge took nearly six years to construct.|How long did the bridge take to construct?,Question Answering,Context + Question,nearly six years,Beginner
1852,See below: The hospital adopted new technology to speed up emergency triage.,Text Classification,Single Sentence,Health,Intermediate
1853,Take the following text: The comet will not be visible again for another seventy years.|When will the comet be visible again?,Question Answering,Context + Question,in another seventy years,Intermediate
1854,Here is a case to review: Investors reacted positively to the firm's expansion into new markets.,Text Classification,Single Sentence,Business,Beginner
1855,Case in point: The tourism board launched a campaign promoting off-season visits.,Text Classification,Single Sentence,Travel,Beginner
1856,Reference text: Hana Walker was appointed as the new director at Falcon Logistics.,Named Entity Recognition,Single Sentence,"PERSON: Hana Walker, ORG: Falcon Logistics",Intermediate
1857,See below: The museum's newest exhibit focuses on ancient trade routes.|What does the museum's newest exhibit focus on?,Question Answering,Context + Question,ancient trade routes,Advanced
1858,Note the following: The company was founded by two engineers in a small garage.|Who founded the company?,Question Answering,Context + Question,two engineers,Beginner
1859,"Here is a case to review: Following months of negotiation, the two companies finalized a merger that industry analysts believe will reshape the competitive landscape of the logistics sector.",Text Summarization,Paragraph,Two companies finalize merger reshaping the logistics industry.,Intermediate
1860,Review this input: Draft a short announcement about a community cleanup event.,Text Generation,Prompt,Join your neighbors this Saturday for a community cleanup event at the riverside park.,Advanced
1861,"Here is a case to review: A local nonprofit distributed thousands of winter coats to families in need, relying entirely on community donations and volunteer coordination.",Text Summarization,Paragraph,Nonprofit distributes winter coats to families through community donations.,Intermediate
1862,Sample input: The photographer waited for the perfect [MASK] to take the shot.,Masked Language Modeling,Masked Sentence,light,Advanced
1863,"Review this input: Overall, the flight was impressive based on my recent experience.",Sentiment Analysis,Single Sentence,Positive,Intermediate
1864,Task input: Write a tagline for a new fitness app.,Text Generation,Prompt,"Track your progress, build your habits, and reach your goals every day.",Intermediate
1865,Input sample: The comet will not be visible again for another seventy years.|When will the comet be visible again?,Question Answering,Context + Question,in another seventy years,Beginner
1866,Input sample: Draft a short welcome message for new employees.,Text Generation,Prompt,Welcome to the team; we're excited to have you join us on this journey.,Beginner
1867,Input sample: Redstone Consulting announced a new office opening in Zurich.,Named Entity Recognition,Single Sentence,"ORG: Redstone Consulting, GPE: Zurich",Intermediate
1868,Please review: The photographer waited for the perfect [MASK] to take the shot.,Masked Language Modeling,Masked Sentence,light,Beginner
1869,"Example: Overall, the hotel stay was acceptable based on my recent experience.",Sentiment Analysis,Single Sentence,Neutral,Intermediate
1870,Here is a case to review: The pilot announced a delay because of the [MASK].,Masked Language Modeling,Masked Sentence,weather,Intermediate
1871,Review this input: The museum closed its ancient exhibit permanently.|The startup's app is available in over forty countries.,Text Similarity,Sentence Pair,Low similarity (unrelated),Intermediate
1872,Here is a case to review: The soccer team won the championship after a dramatic final.|The soccer team lost the championship in a disappointing final.,Text Similarity,Sentence Pair,Low similarity (contradiction),Beginner
1873,Input sample: The hikers reached the summit just before sunset.|The group of hikers made it to the top right before sunset.,Text Similarity,Sentence Pair,High similarity (paraphrase),Advanced
1874,Example: Redstone Consulting announced a new office opening in Manila.,Named Entity Recognition,Single Sentence,"ORG: Redstone Consulting, GPE: Manila",Beginner
1875,Review this input: Continue the story: The archivist found a letter that had never been opened...,Text Generation,Prompt,...its wax seal was still intact after more than a century.,Intermediate
1876,"As an example, The airline unveiled a redesigned cabin layout intended to improve passenger comfort on long-haul flights, including wider seats and more legroom.",Text Summarization,Paragraph,Airline redesigns cabin layout to improve long-haul passenger comfort.,Beginner
1877,Case in point: Jack Müller was appointed as the new director at Skyline Real Estate.,Named Entity Recognition,Single Sentence,"PERSON: Jack Müller, ORG: Skyline Real Estate",Advanced
1878,Case in point: The startup raised a new round of funding.|The startup's funding round was widely reported as unsuccessful.,Text Similarity,Sentence Pair,Low similarity (contradiction),Advanced
1879,Example: Donors contributed generously to the hospital's expansion.|The hospital's expansion was funded by generous donors.,Text Similarity,Sentence Pair,High similarity (paraphrase),Beginner
1880,Reference text: Falcon Logistics announced a new office opening in Kuala Lumpur.,Named Entity Recognition,Single Sentence,"ORG: Falcon Logistics, GPE: Kuala Lumpur",Beginner
1881,Take the following text: Generate a short caption for a photo of a bustling night market.,Text Generation,Prompt,"Lights, aromas, and laughter fill the air at the city's favorite night market.",Beginner
1882,Task input: The company reported quarterly earnings above analyst expectations.,Text Classification,Single Sentence,Business,Intermediate
1883,"As an example, The doctor recommended more rest and a balanced [MASK].",Masked Language Modeling,Masked Sentence,diet,Beginner
1884,"Please review: Overall, the software update was reliable based on my recent experience.",Sentiment Analysis,Single Sentence,Positive,Beginner
1885,"Overall, the delivery was ordinary based on my recent experience.",Sentiment Analysis,Single Sentence,Neutral,Intermediate
1886,"Please review: Overall, the hotel stay was typical based on my recent experience.",Sentiment Analysis,Single Sentence,Neutral,Beginner
1887,Take the following text: James Baker joined Global Trade Partners in Helsinki last year.,Named Entity Recognition,Single Sentence,"PERSON: James Baker, ORG: Global Trade Partners, GPE: Helsinki",Beginner
1888,Reference text: The airline canceled several flights due to weather.|The library added new titles to its collection.,Text Similarity,Sentence Pair,Low similarity (unrelated),Advanced
1889,Here is a case to review: The company launched a new [MASK] to attract younger customers.,Masked Language Modeling,Masked Sentence,campaign,Advanced
1890,"For instance, Overall, the customer service team was standard based on my recent experience.",Sentiment Analysis,Single Sentence,Neutral,Beginner
1891,"See below: Volunteers spent the weekend restoring a historic trail damaged by recent storms, clearing debris and repairing several washed-out sections.",Text Summarization,Paragraph,Volunteers restore storm-damaged historic trail over the weekend.,Advanced
1892,Note the following: The company launched a new [MASK] to attract younger customers.,Masked Language Modeling,Masked Sentence,campaign,Beginner
1893,Reference text: The tourists took photos of the historic [MASK].,Masked Language Modeling,Masked Sentence,landmark,Beginner
1894,"Review this input: Overall, the online course was slow based on my recent experience.",Sentiment Analysis,Single Sentence,Negative,Advanced
1895,Sample input: The company launched a new [MASK] to attract younger customers.,Masked Language Modeling,Masked Sentence,campaign,Beginner
1896,Note the following: Carlos Petrov joined Blue Horizon Airlines in Melbourne last year.,Named Entity Recognition,Single Sentence,"PERSON: Carlos Petrov, ORG: Blue Horizon Airlines, GPE: Melbourne",Advanced
1897,Consider the following: Write an opening line for a travel guide about a mountain village.,Text Generation,Prompt,"Tucked between two peaks, this quiet mountain village feels frozen in time.",Beginner
1898,The comet will not be visible again for another seventy years.|When will the comet be visible again?,Question Answering,Context + Question,in another seventy years,Intermediate
1899,See below: Hana Suzuki was appointed as the new director at Aurora Data Systems.,Named Entity Recognition,Single Sentence,"PERSON: Hana Suzuki, ORG: Aurora Data Systems",Advanced
1900,"As an example, Chemists developed a more efficient method for producing clean fuel.",Text Classification,Single Sentence,Science,Advanced
1901,Please review: The merger created one of the largest logistics providers in the region.,Text Classification,Single Sentence,Business,Intermediate
1902,Consider the following: The factory upgraded its equipment to save energy.|The factory's energy use increased after equipment failed.,Text Similarity,Sentence Pair,Low similarity (contradiction),Intermediate
1903,Sample input: The farmer checked the soil before planting the [MASK].,Masked Language Modeling,Masked Sentence,seeds,Intermediate
1904,Case in point: The home team secured a narrow victory in the final minutes.,Text Classification,Single Sentence,Sports,Advanced
1905,"Task input: The airline unveiled a redesigned cabin layout intended to improve passenger comfort on long-haul flights, including wider seats and more legroom.",Text Summarization,Paragraph,Airline redesigns cabin layout to improve long-haul passenger comfort.,Advanced
1906,Note the following: Quantum Innovations announced a new office opening in Bangkok.,Named Entity Recognition,Single Sentence,"ORG: Quantum Innovations, GPE: Bangkok",Advanced
1907,Reference text: The comet will not be visible again for another seventy years.|When will the comet be visible again?,Question Answering,Context + Question,in another seventy years,Intermediate
1908,Consider the following: The bridge took nearly six years to construct.|How long did the bridge take to construct?,Question Answering,Context + Question,nearly six years,Intermediate
1909,Example: Continue the story: The old lighthouse had been abandoned for decades until...,Text Generation,Prompt,...a young sailor discovered a hidden journal inside its rusted walls.,Advanced
1910,Reference text: She bought a ticket to catch the early morning [MASK].,Masked Language Modeling,Masked Sentence,train,Intermediate
1911,Review this input: Write a short pitch for a new budgeting app.,Text Generation,Prompt,Take control of your spending with an app that makes budgeting simple and stress-free.,Advanced
1912,Task input: The librarian organized the books by [MASK].,Masked Language Modeling,Masked Sentence,genre,Intermediate
1913,"Case in point: Overall, the printer was ordinary based on my recent experience.",Sentiment Analysis,Single Sentence,Neutral,Intermediate
1914,Task input: The company launched a new [MASK] to attract younger customers.,Masked Language Modeling,Masked Sentence,campaign,Advanced
1915,"As an example, The observatory captured detailed images of a distant galaxy.",Text Classification,Single Sentence,Science,Intermediate
1916,"For instance, A regional theater group staged a modern retelling of a classic play, drawing praise for its inventive set design and a diverse young cast.",Text Summarization,Paragraph,Theater group praised for modern retelling of a classic play.,Intermediate
1917,The teacher handed out the [MASK] at the start of class.,Masked Language Modeling,Masked Sentence,worksheet,Beginner
1918,"As an example, The vaccine trial included over five thousand volunteers worldwide.|How many volunteers were included in the vaccine trial?",Question Answering,Context + Question,over five thousand,Intermediate
1919,Here is a case to review: She bought a ticket to catch the early morning [MASK].,Masked Language Modeling,Masked Sentence,train,Beginner
1920,Take the following text: Write a short introduction for a blog post about sustainable travel.,Text Generation,Prompt,Sustainable travel focuses on exploring the world while minimizing environmental impact.,Beginner
1921,Please review: The scientist conducted an experiment in the [MASK].,Masked Language Modeling,Masked Sentence,laboratory,Intermediate
1922,Task input: The airline canceled several flights due to weather.|The library added new titles to its collection.,Text Similarity,Sentence Pair,Low similarity (unrelated),Intermediate
1923,"Task input: The observatory captured unprecedented images of a distant nebula after upgrading its imaging equipment, giving astronomers new insight into star formation.",Text Summarization,Paragraph,Observatory captures new images of nebula after equipment upgrade.,Intermediate
1924,"Input sample: Overall, the mobile app was satisfying based on my recent experience.",Sentiment Analysis,Single Sentence,Positive,Advanced
1925,"As an example, The orchestra rehearsed for weeks before the [MASK].",Masked Language Modeling,Masked Sentence,concert,Intermediate
1926,Please review: The team celebrated their championship victory.|The team lost the championship final.,Text Similarity,Sentence Pair,Low similarity (contradiction),Intermediate
1927,Reference text: A new study found that students who participated in peer tutoring programs showed measurable improvement in both grades and confidence over a single semester.,Text Summarization,Paragraph,Study links peer tutoring to improved grades and confidence.,Intermediate
1928,Take the following text: David Anderson was appointed as the new director at Summit Robotics Inc..,Named Entity Recognition,Single Sentence,"PERSON: David Anderson, ORG: Summit Robotics Inc.",Intermediate
1929,Sample input: Continue the story: The old bookstore had one rule that no customer ever questioned...,Text Generation,Prompt,...every book had to be returned to the exact shelf it came from.,Intermediate
1930,Consider the following: The novelist released her long-awaited sequel.|The bakery introduced gluten-free pastries.,Text Similarity,Sentence Pair,Low similarity (unrelated),Intermediate
1931,Amara Larsen joined Brightline Technologies in Prague last year.,Named Entity Recognition,Single Sentence,"PERSON: Amara Larsen, ORG: Brightline Technologies, GPE: Prague",Intermediate
1932,Input sample: The train journey between the two cities takes about four hours.|How long does the train journey take?,Question Answering,Context + Question,about four hours,Advanced
1933,"As an example, Overall, the fitness tracker was outstanding based on my recent experience.",Sentiment Analysis,Single Sentence,Positive,Advanced
1934,"Task input: The hospital opened a new pediatric wing this week, funded largely through community donations, aiming to reduce wait times and improve care for young patients across the region.",Text Summarization,Paragraph,Hospital opens community-funded pediatric wing to improve care.,Intermediate
1935,See below: The farmer checked the soil before planting the [MASK].,Masked Language Modeling,Masked Sentence,seeds,Intermediate
1936,"For instance, Overall, the customer support agent was typical based on my recent experience.",Sentiment Analysis,Single Sentence,Neutral,Intermediate
1937,"Input sample: Overall, the mobile app was efficient based on my recent experience.",Sentiment Analysis,Single Sentence,Positive,Intermediate
1938,Here is a case to review: Continue the story: The archivist found a letter that had never been opened...,Text Generation,Prompt,...its wax seal was still intact after more than a century.,Advanced
1939,Task input: Write a short pitch for a new budgeting app.,Text Generation,Prompt,Take control of your spending with an app that makes budgeting simple and stress-free.,Beginner
1940,Please review: The company reduced its carbon emissions by thirty percent last year.|By how much did the company reduce its carbon emissions?,Question Answering,Context + Question,thirty percent,Advanced
1941,Input sample: The bridge took nearly six years to construct.|How long did the bridge take to construct?,Question Answering,Context + Question,nearly six years,Beginner
1942,Input sample: The soccer team won the championship after a dramatic final.|The soccer team lost the championship in a disappointing final.,Text Similarity,Sentence Pair,Low similarity (contradiction),Advanced
1943,See below: Write a tagline for a new fitness app.,Text Generation,Prompt,"Track your progress, build your habits, and reach your goals every day.",Intermediate
1944,Please review: The orchestra performed a piece composed specifically for the occasion.|What kind of piece did the orchestra perform?,Question Answering,Context + Question,a piece composed specifically for the occasion,Intermediate
1945,Case in point: Ingrid Lewis joined Delta Cloud Services in Lisbon last year.,Named Entity Recognition,Single Sentence,"PERSON: Ingrid Lewis, ORG: Delta Cloud Services, GPE: Lisbon",Advanced
1946,Reference text: The novel was translated into twelve languages after its release.|Into how many languages was the novel translated?,Question Answering,Context + Question,twelve,Intermediate
1947,Case in point: Executives outlined a plan to reduce costs without cutting jobs.,Text Classification,Single Sentence,Business,Intermediate
1948,The hospital adopted new technology to speed up emergency triage.,Text Classification,Single Sentence,Health,Advanced
1949,"Here is a case to review: The film studio confirmed that production on the long-awaited sequel will begin next spring, with much of the original cast expected to return for the project.",Text Summarization,Paragraph,Studio confirms sequel production will begin next spring.,Advanced
1950,"Note the following: The film studio confirmed that production on the long-awaited sequel will begin next spring, with much of the original cast expected to return for the project.",Text Summarization,Paragraph,Studio confirms sequel production will begin next spring.,Intermediate
1951,Take the following text: The startup's app is available in over forty countries.|In how many countries is the startup's app available?,Question Answering,Context + Question,over forty,Advanced
1952,Note the following: The school introduced a new coding elective for ninth graders.,Text Classification,Single Sentence,Education,Advanced
1953,Input sample: The vaccine trial included over five thousand volunteers worldwide.|How many volunteers were included in the vaccine trial?,Question Answering,Context + Question,over five thousand,Beginner
1954,"Case in point: The city's new bike-sharing program has already logged tens of thousands of rides in its first month, with officials crediting expanded lanes and lower fares for the early success.",Text Summarization,Paragraph,City's new bike-sharing program sees strong early adoption.,Beginner
1955,Review this input: The city unveiled a new walking trail along the historic waterfront.,Text Classification,Single Sentence,Travel,Intermediate
1956,"Review this input: The university announced a new scholarship program aimed at supporting first-generation college students, covering tuition, housing, and textbook costs for qualifying applicants.",Text Summarization,Paragraph,University launches scholarship for first-generation students.,Intermediate
1957,Take the following text: The scientist conducted an experiment in the [MASK].,Masked Language Modeling,Masked Sentence,laboratory,Beginner
1958,"Example: The film studio confirmed that production on the long-awaited sequel will begin next spring, with much of the original cast expected to return for the project.",Text Summarization,Paragraph,Studio confirms sequel production will begin next spring.,Intermediate
1959,Task input: The photographer waited for the perfect [MASK] to take the shot.,Masked Language Modeling,Masked Sentence,light,Advanced
1960,Note the following: Chemists developed a more efficient method for producing clean fuel.,Text Classification,Single Sentence,Science,Advanced
1961,"As an example, The company reported quarterly earnings above analyst expectations.",Text Classification,Single Sentence,Business,Intermediate
1962,See below: Maria Haddad was appointed as the new director at Pioneer Research Institute.,Named Entity Recognition,Single Sentence,"PERSON: Maria Haddad, ORG: Pioneer Research Institute",Advanced
1963,Example: The startup released an app that tracks personal energy usage.,Text Classification,Single Sentence,Technology,Advanced
1964,Take the following text: Write an opening line for a memoir about growing up near the coast.,Text Generation,Prompt,"The ocean was the first sound I remember, and it never really left me.",Advanced
1965,"Review this input: Overall, the online course was subpar based on my recent experience.",Sentiment Analysis,Single Sentence,Negative,Beginner
1966,"Consider the following: The airline unveiled a redesigned cabin layout intended to improve passenger comfort on long-haul flights, including wider seats and more legroom.",Text Summarization,Paragraph,Airline redesigns cabin layout to improve long-haul passenger comfort.,Advanced
1967,Consider the following: The marathon route passes through five historic neighborhoods.|How many historic neighborhoods does the marathon route pass through?,Question Answering,Context + Question,five,Intermediate
1968,Task input: The farmer checked the soil before planting the [MASK].,Masked Language Modeling,Masked Sentence,seeds,Advanced
1969,Consider the following: The satellite was launched into orbit in early 2021.|When was the satellite launched into orbit?,Question Answering,Context + Question,early 2021,Intermediate
1970,"Example: Following months of negotiation, the two companies finalized a merger that industry analysts believe will reshape the competitive landscape of the logistics sector.",Text Summarization,Paragraph,Two companies finalize merger reshaping the logistics industry.,Intermediate
1971,Consider the following: The startup raised a new round of funding.|The startup's funding round was widely reported as unsuccessful.,Text Similarity,Sentence Pair,Low similarity (contradiction),Beginner
1972,"Input sample: Overall, the mobile app was standard based on my recent experience.",Sentiment Analysis,Single Sentence,Neutral,Beginner
1973,Please review: The startup secured additional funding to scale its operations abroad.,Text Classification,Single Sentence,Business,Intermediate
1974,"Here is a case to review: Overall, the customer service team was ordinary based on my recent experience.",Sentiment Analysis,Single Sentence,Neutral,Advanced
1975,See below: The chef prepared a delicious meal.|The weather was sunny all week.,Text Similarity,Sentence Pair,Low similarity (unrelated),Intermediate
1976,Note the following: A new study found that students who participated in peer tutoring programs showed measurable improvement in both grades and confidence over a single semester.,Text Summarization,Paragraph,Study links peer tutoring to improved grades and confidence.,Advanced
1977,Here is a case to review: The merger created one of the largest logistics providers in the region.,Text Classification,Single Sentence,Business,Advanced
1978,"For instance, Draft a short welcome message for new employees.",Text Generation,Prompt,Welcome to the team; we're excited to have you join us on this journey.,Intermediate
1979,Example: Priya Clark joined Maple Street School District in Prague last year.,Named Entity Recognition,Single Sentence,"PERSON: Priya Clark, ORG: Maple Street School District, GPE: Prague",Intermediate
1980,Here is a case to review: The college expanded its online course catalog significantly.,Text Classification,Single Sentence,Education,Beginner
1981,"Consider the following: Overall, the fitness tracker was frustrating based on my recent experience.",Sentiment Analysis,Single Sentence,Negative,Intermediate
1982,Input sample: The ancient ruins were discovered by a team of archaeologists in 1974.|Who discovered the ancient ruins?,Question Answering,Context + Question,a team of archaeologists,Beginner
1983,"Case in point: The film studio confirmed that production on the long-awaited sequel will begin next spring, with much of the original cast expected to return for the project.",Text Summarization,Paragraph,Studio confirms sequel production will begin next spring.,Beginner
1984,"Example: The scientists' research was widely criticized as flawed.|The scientists published groundbreaking, well-received research.",Text Similarity,Sentence Pair,Low similarity (contradiction),Intermediate
1985,"As an example, Overall, the online course was excellent based on my recent experience.",Sentiment Analysis,Single Sentence,Positive,Beginner
1986,Take the following text: The gardener watered the plants every [MASK] morning.,Masked Language Modeling,Masked Sentence,single,Beginner
1987,"Here is a case to review: Overall, the new laptop was subpar based on my recent experience.",Sentiment Analysis,Single Sentence,Negative,Beginner
1988,Please review: The committee reviewed each [MASK] before making a decision.,Masked Language Modeling,Masked Sentence,proposal,Intermediate
1989,Please review: Olivia Johansson joined NextGen Software Labs in Osaka last year.,Named Entity Recognition,Single Sentence,"PERSON: Olivia Johansson, ORG: NextGen Software Labs, GPE: Osaka",Intermediate
1990,Reference text: The satellite was launched into orbit in early 2021.|When was the satellite launched into orbit?,Question Answering,Context + Question,early 2021,Advanced
1991,"Case in point: The scientists' research was widely criticized as flawed.|The scientists published groundbreaking, well-received research.",Text Similarity,Sentence Pair,Low similarity (contradiction),Intermediate
1992,Take the following text: The company was founded by two engineers in a small garage.|Who founded the company?,Question Answering,Context + Question,two engineers,Beginner
1993,Case in point: Generate a short caption for a photo of a bustling night market.,Text Generation,Prompt,"Lights, aromas, and laughter fill the air at the city's favorite night market.",Beginner
1994,Please review: The volunteers cleaned up litter along the riverbank.|Litter along the riverbank was cleared by volunteers.,Text Similarity,Sentence Pair,High similarity (paraphrase),Beginner
1995,The company was founded by two engineers in a small garage.|Who founded the company?,Question Answering,Context + Question,two engineers,Beginner
1996,Researchers published new findings about deep-sea ecosystems.,Text Classification,Single Sentence,Science,Beginner
1997,Review this input: Mateus Novak joined Crescent Media Group in Austin last year.,Named Entity Recognition,Single Sentence,"PERSON: Mateus Novak, ORG: Crescent Media Group, GPE: Austin",Advanced
1998,Take the following text: The nurse recorded the patient's [MASK] every hour.,Masked Language Modeling,Masked Sentence,temperature,Advanced
1999,"For instance, The tourism board launched a campaign promoting off-season visits.",Text Classification,Single Sentence,Travel,Advanced
2000,"Consider the following: The university announced a new scholarship program aimed at supporting first-generation college students, covering tuition, housing, and textbook costs for qualifying applicants.",Text Summarization,Paragraph,University launches scholarship for first-generation students.,Intermediate
